turn_idx,format,state_kind,codec,block_tokens,units,raw_bytes,payload_bytes,table_bytes,header_bytes,compressed_total_bytes,entropy_lane_bytes,entropy_raw_bytes
0,bf16,key,ans_lane,16,224,7340032,4943548,229376,6048,5178972,4936910.484005429,5748665.312924917
0,bf16,key,ans_lane,256,16,7340032,4947456,16384,432,4964272,4942551.906095445,5753806.196648688
0,bf16,key,ans_lane,64,56,7340032,4946484,57344,1512,5005340,4941236.604321487,5752622.651163234
0,bf16,key,ans_lane_shared,16,224,7340032,4951012,0,6048,4957060,4936910.484005429,5748665.312924917
0,bf16,key,ans_lane_shared,256,16,7340032,4949272,0,432,4949704,4942551.906095445,5753806.196648688
0,bf16,key,ans_lane_shared,64,56,7340032,4949592,0,1512,4951104,4941236.604321487,5752622.651163234
0,bf16,key,ans_raw,64,56,7340032,5752912,28672,1064,5782648,4941236.604321487,5752622.651163234
0,bf16,key,zstd,64,56,7340032,5776058,0,1064,5777122,4941236.604321487,5752622.651163234
0,bf16,value,ans_lane,16,224,7340032,4944100,229376,6048,5179524,4937390.687153249,5749262.274314585
0,bf16,value,ans_lane,256,16,7340032,4948476,16384,432,4965292,4943550.463532367,5754922.983193469
0,bf16,value,ans_lane,64,56,7340032,4947612,57344,1512,5006468,4942305.411063179,5753788.801273273
0,bf16,value,ans_lane_shared,16,224,7340032,4953408,0,6048,4959456,4937390.687153249,5749262.274314585
0,bf16,value,ans_lane_shared,256,16,7340032,4951664,0,432,4952096,4943550.463532367,5754922.983193469
0,bf16,value,ans_lane_shared,64,56,7340032,4951992,0,1512,4953504,4942305.411063179,5753788.801273273
0,bf16,value,ans_raw,64,56,7340032,5754084,28672,1064,5783820,4942305.411063179,5753788.801273273
0,bf16,value,zstd,64,56,7340032,5784330,0,1064,5785394,4942305.411063179,5753788.801273273
0,fp8_e4m3_sat,key,ans_lane,16,224,3670016,3042356,114688,4256,3161300,3039567.8974881633,3039567.8974881633
0,fp8_e4m3_sat,key,ans_lane,256,16,3670016,3045288,8192,304,3053784,3043380.6458116197,3043380.6458116197
0,fp8_e4m3_sat,key,ans_lane,64,56,3670016,3044404,28672,1064,3074140,3042295.6897932272,3042295.6897932272
0,fp8_e4m3_sat,key,ans_lane_shared,16,224,3670016,3048032,0,4256,3052288,3039567.8974881633,3039567.8974881633
0,fp8_e4m3_sat,key,ans_lane_shared,256,16,3670016,3047184,0,304,3047488,3043380.6458116197,3043380.6458116197
0,fp8_e4m3_sat,key,ans_lane_shared,64,56,3670016,3047340,0,1064,3048404,3042295.6897932272,3042295.6897932272
0,fp8_e4m3_sat,key,zstd,64,56,3670016,3062792,0,1064,3063856,3042295.6897932272,3042295.6897932272
0,fp8_e4m3_sat,value,ans_lane,16,224,3670016,3043960,114688,4256,3162904,3041124.5447692685,3041124.5447692685
0,fp8_e4m3_sat,value,ans_lane,256,16,3670016,3047540,8192,304,3056036,3045688.284459012,3045688.284459012
0,fp8_e4m3_sat,value,ans_lane,64,56,3670016,3046772,28672,1064,3076508,3044684.053210411,3044684.053210411
0,fp8_e4m3_sat,value,ans_lane_shared,16,224,3670016,3052336,0,4256,3056592,3041124.5447692685,3041124.5447692685
0,fp8_e4m3_sat,value,ans_lane_shared,256,16,3670016,3051484,0,304,3051788,3045688.284459012,3045688.284459012
0,fp8_e4m3_sat,value,ans_lane_shared,64,56,3670016,3051652,0,1064,3052716,3044684.053210411,3044684.053210411
0,fp8_e4m3_sat,value,zstd,64,56,3670016,3066673,0,1064,3067737,3044684.053210411,3044684.053210411
0,native,convolution,ans_lane,,24,1572864,1062340,24576,648,1087564,1061106.9862743157,1234757.9153497452
0,native,convolution,ans_lane_shared,,24,1572864,1063716,0,648,1064364,1061106.9862743157,1234757.9153497452
0,native,convolution,zstd,,24,1572864,1241692,0,456,1242148,1061106.9862743157,1234757.9153497452
0,native,recurrent,ans_lane,,24,50331648,42902312,49152,1032,42952496,42885924.04080951,47068902.1989324
0,native,recurrent,ans_lane_shared,,24,50331648,42914284,0,1032,42915316,42885924.04080951,47068902.1989324
0,native,recurrent,zstd,,24,50331648,47225717,0,456,47226173,42885924.04080951,47068902.1989324
1,bf16,key,ans_lane,16,32320,1059061760,712312240,33095680,872640,746280560,711348741.7146316,828529675.9967923
1,bf16,key,ans_lane,256,2024,1059061760,712863984,2072576,54648,714991208,712157793.3566861,829266895.0857545
1,bf16,key,ans_lane,64,8080,1059061760,712739192,8273920,218160,721231272,711979377.6961907,829107046.7382183
1,bf16,key,ans_lane_shared,16,32320,1059061760,713188760,0,872640,714061400,711348741.7146316,828529675.9967923
1,bf16,key,ans_lane_shared,256,2024,1059061760,712938400,0,54648,712993048,712157793.3566861,829266895.0857545
1,bf16,key,ans_lane_shared,64,8080,1059061760,712988440,0,218160,713206600,711979377.6961907,829107046.7382183
1,bf16,key,ans_raw,64,8080,1059061760,829149324,4136960,153520,833439804,711979377.6961907,829107046.7382183
1,bf16,key,zstd,64,8080,1059061760,832670776,0,153520,832824296,711979377.6961907,829107046.7382183
1,bf16,value,ans_lane,16,32320,1059061760,714086964,33095680,872640,748055284,713120874.3736519,830283517.0260844
1,bf16,value,ans_lane,256,2024,1059061760,714762808,2072576,54648,716890032,714055025.0640181,831141216.8101351
1,bf16,value,ans_lane,64,8080,1059061760,714586204,8273920,218160,723078284,713824335.2541761,830931428.5929959
1,bf16,value,ans_lane_shared,16,32320,1059061760,715113532,0,872640,715986172,713120874.3736519,830283517.0260844
1,bf16,value,ans_lane_shared,256,2024,1059061760,714862844,0,54648,714917492,714055025.0640181,831141216.8101351
1,bf16,value,ans_lane_shared,64,8080,1059061760,714913112,0,218160,715131272,713824335.2541761,830931428.5929959
1,bf16,value,ans_raw,64,8080,1059061760,830973884,4136960,153520,835264364,713824335.2541761,830931428.5929959
1,bf16,value,zstd,64,8080,1059061760,835379910,0,153520,835533430,713824335.2541761,830931428.5929959
1,fp8_e4m3_sat,key,ans_lane,16,32320,529530880,437353548,16547840,614080,454515468,436944771.4605941,436944771.4605941
1,fp8_e4m3_sat,key,ans_lane,256,2024,529530880,437762264,1036288,38456,438837008,437484863.7526477,437484863.7526477
1,fp8_e4m3_sat,key,ans_lane,64,8080,529530880,437656156,4136960,153520,441946636,437349731.7228384,437349731.7228384
1,fp8_e4m3_sat,key,ans_lane_shared,16,32320,529530880,437950740,0,614080,438564820,436944771.4605941,436944771.4605941
1,fp8_e4m3_sat,key,ans_lane_shared,256,2024,529530880,437829604,0,38456,437868060,437484863.7526477,437484863.7526477
1,fp8_e4m3_sat,key,ans_lane_shared,64,8080,529530880,437853912,0,153520,438007432,437349731.7228384,437349731.7228384
1,fp8_e4m3_sat,key,zstd,64,8080,529530880,440172026,0,153520,440325546,437349731.7228384,437349731.7228384
1,fp8_e4m3_sat,value,ans_lane,16,32320,529530880,439674584,16547840,614080,456836504,439265632.306244,439265632.306244
1,fp8_e4m3_sat,value,ans_lane,256,2024,529530880,440241396,1036288,38456,441316140,439972755.9389913,439972755.9389913
1,fp8_e4m3_sat,value,ans_lane,64,8080,529530880,440072092,4136960,153520,444362572,439771086.29221356,439771086.29221356
1,fp8_e4m3_sat,value,ans_lane_shared,16,32320,529530880,440462856,0,614080,441076936,439265632.306244,439265632.306244
1,fp8_e4m3_sat,value,ans_lane_shared,256,2024,529530880,440341524,0,38456,440379980,439972755.9389913,439972755.9389913
1,fp8_e4m3_sat,value,ans_lane_shared,64,8080,529530880,440365684,0,153520,440519204,439771086.29221356,439771086.29221356
1,fp8_e4m3_sat,value,zstd,64,8080,529530880,443171901,0,153520,443325421,439771086.29221356,439771086.29221356
1,native,convolution,ans_lane,,24,1572864,1066340,24576,648,1091564,1065103.4196364235,1238289.7919386541
1,native,convolution,ans_lane_shared,,24,1572864,1071152,0,648,1071800,1065103.4196364235,1238289.7919386541
1,native,convolution,zstd,,24,1572864,1245371,0,456,1245827,1065103.4196364235,1238289.7919386541
1,native,recurrent,ans_lane,,24,50331648,43005464,49152,1032,43055648,42989119.71085785,47145172.8969765
1,native,recurrent,ans_lane_shared,,24,50331648,43018800,0,1032,43019832,42989119.71085785,47145172.8969765
1,native,recurrent,zstd,,24,50331648,47244601,0,456,47245057,42989119.71085785,47145172.8969765
10,bf16,key,ans_lane,16,64,2097152,1410264,65536,1728,1477528,1408362.6197954337,1640563.0525630568
10,bf16,key,ans_lane,256,8,2097152,1411248,8192,216,1419656,1409810.1128712385,1641895.7117539246
10,bf16,key,ans_lane,64,16,2097152,1411096,16384,432,1427912,1409586.7258165572,1641693.9173448924
10,bf16,key,ans_lane_shared,16,64,2097152,1411956,0,1728,1413684,1408362.6197954337,1640563.0525630568
10,bf16,key,ans_lane_shared,256,8,2097152,1411512,0,216,1411728,1409810.1128712385,1641895.7117539246
10,bf16,key,ans_lane_shared,64,16,2097152,1411580,0,432,1412012,1409586.7258165572,1641693.9173448924
10,bf16,key,ans_raw,64,16,2097152,1641780,8192,304,1650276,1409586.7258165572,1641693.9173448924
10,bf16,key,zstd,64,16,2097152,1648720,0,304,1649024,1409586.7258165572,1641693.9173448924
10,bf16,value,ans_lane,16,64,2097152,1412404,65536,1728,1479668,1410481.2690580455,1642411.6234014903
10,bf16,value,ans_lane,256,8,2097152,1413752,8192,216,1422160,1412309.5516612919,1644091.8116613051
10,bf16,value,ans_lane,64,16,2097152,1413292,16384,432,1430108,1411775.5953160834,1643608.9173209078
10,bf16,value,ans_lane_shared,16,64,2097152,1417676,0,1728,1419404,1410481.2690580455,1642411.6234014903
10,bf16,value,ans_lane_shared,256,8,2097152,1417216,0,216,1417432,1412309.5516612919,1644091.8116613051
10,bf16,value,ans_lane_shared,64,16,2097152,1417280,0,432,1417712,1411775.5953160834,1643608.9173209078
10,bf16,value,ans_raw,64,16,2097152,1643692,8192,304,1652188,1411775.5953160834,1643608.9173209078
10,bf16,value,zstd,64,16,2097152,1652549,0,304,1652853,1411775.5953160834,1643608.9173209078
10,fp8_e4m3_sat,key,ans_lane,16,64,1048576,865512,32768,1216,899496,864682.434828942,864682.434828942
10,fp8_e4m3_sat,key,ans_lane,256,8,1048576,866208,4096,152,870456,865640.7984396837,865640.7984396837
10,fp8_e4m3_sat,key,ans_lane,64,16,1048576,866084,8192,304,874580,865471.5444834187,865471.5444834187
10,fp8_e4m3_sat,key,ans_lane_shared,16,64,1048576,866652,0,1216,867868,864682.434828942,864682.434828942
10,fp8_e4m3_sat,key,ans_lane_shared,256,8,1048576,866420,0,152,866572,865640.7984396837,865640.7984396837
10,fp8_e4m3_sat,key,ans_lane_shared,64,16,1048576,866456,0,304,866760,865471.5444834187,865471.5444834187
10,fp8_e4m3_sat,key,zstd,64,16,1048576,871099,0,304,871403,865471.5444834187,865471.5444834187
10,fp8_e4m3_sat,value,ans_lane,16,64,1048576,872052,32768,1216,906036,871241.7963636591,871241.7963636591
10,fp8_e4m3_sat,value,ans_lane,256,8,1048576,873232,4096,152,877480,872690.210490647,872690.210490647
10,fp8_e4m3_sat,value,ans_lane,64,16,1048576,872736,8192,304,881232,872141.1258970617,872141.1258970617
10,fp8_e4m3_sat,value,ans_lane_shared,16,64,1048576,873768,0,1216,874984,871241.7963636591,871241.7963636591
10,fp8_e4m3_sat,value,ans_lane_shared,256,8,1048576,873552,0,152,873704,872690.210490647,872690.210490647
10,fp8_e4m3_sat,value,ans_lane_shared,64,16,1048576,873580,0,304,873884,872141.1258970617,872141.1258970617
10,fp8_e4m3_sat,value,zstd,64,16,1048576,878761,0,304,879065,872141.1258970617,872141.1258970617
10,native,convolution,ans_lane,,24,1572864,1063268,24576,648,1088492,1062053.2831026064,1235697.9605388618
10,native,convolution,ans_lane_shared,,24,1572864,1064964,0,648,1065612,1062053.2831026064,1235697.9605388618
10,native,convolution,zstd,,24,1572864,1242851,0,456,1243307,1062053.2831026064,1235697.9605388618
10,native,recurrent,ans_lane,,24,50331648,42974244,49152,1032,43024428,42957875.75731449,47122428.09936317
10,native,recurrent,ans_lane_shared,,24,50331648,42981320,0,1032,42982352,42957875.75731449,47122428.09936317
10,native,recurrent,zstd,,24,50331648,47237804,0,456,47238260,42957875.75731449,47122428.09936317
11,bf16,key,ans_lane,16,256,8388608,5636560,262144,6912,5905616,5628944.061266162,6557923.939590781
11,bf16,key,ans_lane,256,16,8388608,5640868,16384,432,5657684,5635275.255446872,6563697.353890222
11,bf16,key,ans_lane,64,64,8388608,5639892,65536,1728,5707156,5633874.349812364,6562448.022387286
11,bf16,key,ans_lane_shared,16,256,8388608,5643472,0,6912,5650384,5628944.061266162,6557923.939590781
11,bf16,key,ans_lane_shared,256,16,8388608,5641512,0,432,5641944,5635275.255446872,6563697.353890222
11,bf16,key,ans_lane_shared,64,64,8388608,5641876,0,1728,5643604,5633874.349812364,6562448.022387286
11,bf16,key,ans_raw,64,64,8388608,6562768,32768,1216,6596752,5633874.349812364,6562448.022387286
11,bf16,key,zstd,64,64,8388608,6590976,0,1216,6592192,5633874.349812364,6562448.022387286
11,bf16,value,ans_lane,16,256,8388608,5657380,262144,6912,5926436,5649750.171886362,6577416.834818553
11,bf16,value,ans_lane,256,16,8388608,5662804,16384,432,5679620,5657200.529808705,6584279.239405154
11,bf16,value,ans_lane,64,64,8388608,5661468,65536,1728,5728732,5655441.514550525,6582672.887797549
11,bf16,value,ans_lane_shared,16,256,8388608,5665288,0,6912,5672200,5649750.171886362,6577416.834818553
11,bf16,value,ans_lane_shared,256,16,8388608,5663292,0,432,5663724,5657200.529808705,6584279.239405154
11,bf16,value,ans_lane_shared,64,64,8388608,5663676,0,1728,5665404,5655441.514550525,6582672.887797549
11,bf16,value,ans_raw,64,64,8388608,6583020,32768,1216,6617004,5655441.514550525,6582672.887797549
11,bf16,value,zstd,64,64,8388608,6617829,0,1216,6619045,5655441.514550525,6582672.887797549
11,fp8_e4m3_sat,key,ans_lane,16,256,4194304,3457792,131072,4864,3593728,3454553.497424217,3454553.497424217
11,fp8_e4m3_sat,key,ans_lane,256,16,4194304,3460936,8192,304,3469432,3458713.5612413688,3458713.5612413688
11,fp8_e4m3_sat,key,ans_lane,64,64,4194304,3460116,32768,1216,3494100,3457663.2510902584,3457663.2510902584
11,fp8_e4m3_sat,key,ans_lane_shared,16,256,4194304,3462576,0,4864,3467440,3454553.497424217,3454553.497424217
11,fp8_e4m3_sat,key,ans_lane_shared,256,16,4194304,3461592,0,304,3461896,3458713.5612413688,3458713.5612413688
11,fp8_e4m3_sat,key,ans_lane_shared,64,64,4194304,3461784,0,1216,3463000,3457663.2510902584,3457663.2510902584
11,fp8_e4m3_sat,key,zstd,64,64,4194304,3479497,0,1216,3480713,3457663.2510902584,3457663.2510902584
11,fp8_e4m3_sat,value,ans_lane,16,256,4194304,3484016,131072,4864,3619952,3480794.2174368957,3480794.2174368957
11,fp8_e4m3_sat,value,ans_lane,256,16,4194304,3488528,8192,304,3497024,3486395.5673242686,3486395.5673242686
11,fp8_e4m3_sat,value,ans_lane,64,64,4194304,3487264,32768,1216,3521248,3484881.1372486167,3484881.1372486167
11,fp8_e4m3_sat,value,ans_lane_shared,16,256,4194304,3489852,0,4864,3494716,3480794.2174368957,3480794.2174368957
11,fp8_e4m3_sat,value,ans_lane_shared,256,16,4194304,3488908,0,304,3489212,3486395.5673242686,3486395.5673242686
11,fp8_e4m3_sat,value,ans_lane_shared,64,64,4194304,3489080,0,1216,3490296,3484881.1372486167,3484881.1372486167
11,fp8_e4m3_sat,value,zstd,64,64,4194304,3511729,0,1216,3512945,3484881.1372486167,3484881.1372486167
11,native,convolution,ans_lane,,24,1572864,1064768,24576,648,1089992,1063550.5389449385,1237122.3297301289
11,native,convolution,ans_lane_shared,,24,1572864,1066872,0,648,1067520,1063550.5389449385,1237122.3297301289
11,native,convolution,zstd,,24,1572864,1244385,0,456,1244841,1063550.5389449385,1237122.3297301289
11,native,recurrent,ans_lane,,24,50331648,42987456,49152,1032,43037640,42971104.78209381,47130762.29573617
11,native,recurrent,ans_lane_shared,,24,50331648,42998168,0,1032,42999200,42971104.78209381,47130762.29573617
11,native,recurrent,zstd,,24,50331648,47245152,0,456,47245608,42971104.78209381,47130762.29573617
12,bf16,key,ans_lane,16,1120,36700160,24673240,1146880,30240,25850360,24639899.025789473,28702178.236334465
12,bf16,key,ans_lane,256,72,36700160,24692204,73728,1944,24767876,24667701.94458917,28727528.044061493
12,bf16,key,ans_lane,64,280,36700160,24688004,286720,7560,24982284,24661610.280149885,28722047.84564038
12,bf16,key,ans_lane_shared,16,1120,36700160,24703592,0,30240,24733832,24639899.025789473,28702178.236334465
12,bf16,key,ans_lane_shared,256,72,36700160,24695000,0,1944,24696944,24667701.94458917,28727528.044061493
12,bf16,key,ans_lane_shared,64,280,36700160,24696696,0,7560,24704256,24661610.280149885,28722047.84564038
12,bf16,key,ans_raw,64,280,36700160,28723488,143360,5320,28872168,24661610.280149885,28722047.84564038
12,bf16,key,zstd,64,280,36700160,28845688,0,5320,28851008,24661610.280149885,28722047.84564038
12,bf16,value,ans_lane,16,1120,36700160,24768596,1146880,30240,25945716,24735172.603083,28793384.711732633
12,bf16,value,ans_lane,256,72,36700160,24792192,73728,1944,24867864,24767645.84057193,28823207.564634558
12,bf16,value,ans_lane,64,280,36700160,24786004,286720,7560,25080284,24759608.617532566,28815884.358156037
12,bf16,value,ans_lane_shared,16,1120,36700160,24804860,0,30240,24835100,24735172.603083,28793384.711732633
12,bf16,value,ans_lane_shared,256,72,36700160,24796252,0,1944,24798196,24767645.84057193,28823207.564634558
12,bf16,value,ans_lane_shared,64,280,36700160,24797960,0,7560,24805520,24759608.617532566,28815884.358156037
12,bf16,value,ans_raw,64,280,36700160,28817372,143360,5320,28966052,24759608.617532566,28815884.358156037
12,bf16,value,zstd,64,280,36700160,28968267,0,5320,28973587,24759608.617532566,28815884.358156037
12,fp8_e4m3_sat,key,ans_lane,16,1120,18350080,15140200,573440,21280,15734920,15125998.248681417,15125998.248681417
12,fp8_e4m3_sat,key,ans_lane,256,72,18350080,15154228,36864,1368,15192460,15144514.502235511,15144514.502235511
12,fp8_e4m3_sat,key,ans_lane,64,280,18350080,15150552,143360,5320,15299232,15139846.8327912,15139846.8327912
12,fp8_e4m3_sat,key,ans_lane_shared,16,1120,18350080,15161316,0,21280,15182596,15125998.248681417,15125998.248681417
12,fp8_e4m3_sat,key,ans_lane_shared,256,72,18350080,15157056,0,1368,15158424,15144514.502235511,15144514.502235511
12,fp8_e4m3_sat,key,ans_lane_shared,64,280,18350080,15157888,0,5320,15163208,15139846.8327912,15139846.8327912
12,fp8_e4m3_sat,key,zstd,64,280,18350080,15236184,0,5320,15241504,15139846.8327912,15139846.8327912
12,fp8_e4m3_sat,value,ans_lane,16,1120,18350080,15258300,573440,21280,15853020,15244139.364281824,15244139.364281824
12,fp8_e4m3_sat,value,ans_lane,256,72,18350080,15278056,36864,1368,15316288,15268706.649663616,15268706.649663616
12,fp8_e4m3_sat,value,ans_lane,64,280,18350080,15272080,143360,5320,15420760,15261632.0425283,15261632.0425283
12,fp8_e4m3_sat,value,ans_lane_shared,16,1120,18350080,15286320,0,21280,15307600,15244139.364281824,15244139.364281824
12,fp8_e4m3_sat,value,ans_lane_shared,256,72,18350080,15282164,0,1368,15283532,15268706.649663616,15268706.649663616
12,fp8_e4m3_sat,value,ans_lane_shared,64,280,18350080,15283032,0,5320,15288352,15261632.0425283,15261632.0425283
12,fp8_e4m3_sat,value,zstd,64,280,18350080,15379425,0,5320,15384745,15261632.0425283,15261632.0425283
12,native,convolution,ans_lane,,24,1572864,1064904,24576,648,1090128,1063697.4905954467,1237000.4919661167
12,native,convolution,ans_lane_shared,,24,1572864,1068028,0,648,1068676,1063697.4905954467,1237000.4919661167
12,native,convolution,zstd,,24,1572864,1244099,0,456,1244555,1063697.4905954467,1237000.4919661167
12,native,recurrent,ans_lane,,24,50331648,43029588,49152,1032,43079772,43013244.20740529,47163624.07661088
12,native,recurrent,ans_lane_shared,,24,50331648,43049416,0,1032,43050448,43013244.20740529,47163624.07661088
12,native,recurrent,zstd,,24,50331648,47239742,0,456,47240198,43013244.20740529,47163624.07661088
13,bf16,key,ans_lane,16,800,26214400,17624480,819200,21600,18465280,17600614.702363852,20502425.298385944
13,bf16,key,ans_lane,256,56,26214400,17638056,57344,1512,17696912,17620521.00809316,20520525.98540493
13,bf16,key,ans_lane,64,200,26214400,17635016,204800,5400,17845216,17616203.749769263,20516664.545983538
13,bf16,key,ans_lane_shared,16,800,26214400,17646416,0,21600,17668016,17600614.702363852,20502425.298385944
13,bf16,key,ans_lane_shared,256,56,26214400,17640244,0,1512,17641756,17620521.00809316,20520525.98540493
13,bf16,key,ans_lane_shared,64,200,26214400,17641444,0,5400,17646844,17616203.749769263,20516664.545983538
13,bf16,key,ans_raw,64,200,26214400,20517720,102400,3800,20623920,17616203.749769263,20516664.545983538
13,bf16,key,zstd,64,200,26214400,20604777,0,3800,20608577,17616203.749769263,20516664.545983538
13,bf16,value,ans_lane,16,800,26214400,17687876,819200,21600,18528676,17663939.524074312,20563020.666570995
13,bf16,value,ans_lane,256,56,26214400,17704732,57344,1512,17763588,17687156.900576673,20584389.493385784
13,bf16,value,ans_lane,64,200,26214400,17700420,204800,5400,17910620,17681565.253668863,20579281.24922949
13,bf16,value,ans_lane_shared,16,800,26214400,17713400,0,21600,17735000,17663939.524074312,20563020.666570995
13,bf16,value,ans_lane_shared,256,56,26214400,17707272,0,1512,17708784,17687156.900576673,20584389.493385784
13,bf16,value,ans_lane_shared,64,200,26214400,17708436,0,5400,17713836,17681565.253668863,20579281.24922949
13,bf16,value,ans_raw,64,200,26214400,20580324,102400,3800,20686524,17681565.253668863,20579281.24922949
13,bf16,value,zstd,64,200,26214400,20689189,0,3800,20692989,17681565.253668863,20579281.24922949
13,fp8_e4m3_sat,key,ans_lane,16,800,13107200,10815576,409600,15200,11240376,10805434.33790571,10805434.33790571
13,fp8_e4m3_sat,key,ans_lane,256,56,13107200,10825752,28672,1064,10855488,10818805.515732063,10818805.515732063
13,fp8_e4m3_sat,key,ans_lane,64,200,13107200,10823184,102400,3800,10929384,10815535.153493207,10815535.153493207
13,fp8_e4m3_sat,key,ans_lane_shared,16,800,13107200,10831000,0,15200,10846200,10805434.33790571,10805434.33790571
13,fp8_e4m3_sat,key,ans_lane_shared,256,56,13107200,10827948,0,1064,10829012,10818805.515732063,10818805.515732063
13,fp8_e4m3_sat,key,ans_lane_shared,64,200,13107200,10828516,0,3800,10832316,10815535.153493207,10815535.153493207
13,fp8_e4m3_sat,key,zstd,64,200,13107200,10884541,0,3800,10888341,10815535.153493207,10815535.153493207
13,fp8_e4m3_sat,value,ans_lane,16,800,13107200,10893756,409600,15200,11318556,10883661.224588012,10883661.224588012
13,fp8_e4m3_sat,value,ans_lane,256,56,13107200,10908076,28672,1064,10937812,10901364.570345566,10901364.570345566
13,fp8_e4m3_sat,value,ans_lane,64,200,13107200,10903880,102400,3800,11010080,10896437.709954081,10896437.709954081
13,fp8_e4m3_sat,value,ans_lane_shared,16,800,13107200,10913492,0,15200,10928692,10883661.224588012,10883661.224588012
13,fp8_e4m3_sat,value,ans_lane_shared,256,56,13107200,10910544,0,1064,10911608,10901364.570345566,10901364.570345566
13,fp8_e4m3_sat,value,ans_lane_shared,64,200,13107200,10911092,0,3800,10914892,10896437.709954081,10896437.709954081
13,fp8_e4m3_sat,value,zstd,64,200,13107200,10980730,0,3800,10984530,10896437.709954081,10896437.709954081
13,native,convolution,ans_lane,,24,1572864,1063596,24576,648,1088820,1062367.730821063,1235914.8049854166
13,native,convolution,ans_lane_shared,,24,1572864,1065584,0,648,1066232,1062367.730821063,1235914.8049854166
13,native,convolution,zstd,,24,1572864,1243066,0,456,1243522,1062367.730821063,1235914.8049854166
13,native,recurrent,ans_lane,,24,50331648,43008328,49152,1032,43058512,42991971.4011537,47144892.471785605
13,native,recurrent,ans_lane_shared,,24,50331648,43019552,0,1032,43020584,42991971.4011537,47144892.471785605
13,native,recurrent,zstd,,24,50331648,47246794,0,456,47247250,42991971.4011537,47144892.471785605
14,bf16,key,ans_lane,16,1824,59768832,40184660,1867776,49248,42101684,40130328.373998165,46745923.99166404
14,bf16,key,ans_lane,256,120,59768832,40215932,122880,3240,40342052,40176009.41594206,46787468.25096658
14,bf16,key,ans_lane,64,456,59768832,40208892,466944,12312,40688148,40166013.75072882,46778527.333460286
14,bf16,key,ans_lane_shared,16,1824,59768832,40234632,0,49248,40283880,40130328.373998165,46745923.99166404
14,bf16,key,ans_lane_shared,256,120,59768832,40220536,0,3240,40223776,40176009.41594206,46787468.25096658
14,bf16,key,ans_lane_shared,64,456,59768832,40223372,0,12312,40235684,40166013.75072882,46778527.333460286
14,bf16,key,ans_raw,64,456,59768832,46780888,233472,8664,47023024,40166013.75072882,46778527.333460286
14,bf16,key,zstd,64,456,59768832,46981183,0,8664,46989847,40166013.75072882,46778527.333460286
14,bf16,value,ans_lane,16,1824,59768832,40334652,1867776,49248,42251676,40280152.49064954,46889279.99342583
14,bf16,value,ans_lane,256,120,59768832,40372272,122880,3240,40498392,40332254.22033385,46937182.40012406
14,bf16,value,ans_lane,64,456,59768832,40363480,466944,12312,40842736,40320465.206145704,46926439.334669136
14,bf16,value,ans_lane_shared,16,1824,59768832,40392624,0,49248,40441872,40280152.49064954,46889279.99342583
14,bf16,value,ans_lane_shared,256,120,59768832,40378500,0,3240,40381740,40332254.22033385,46937182.40012406
14,bf16,value,ans_lane_shared,64,456,59768832,40381312,0,12312,40393624,40320465.206145704,46926439.334669136
14,bf16,value,ans_raw,64,456,59768832,46928836,233472,8664,47170972,40320465.206145704,46926439.334669136
14,bf16,value,zstd,64,456,59768832,47175593,0,8664,47184257,40320465.206145704,46926439.334669136
14,fp8_e4m3_sat,key,ans_lane,16,1824,29884416,24658400,933888,34656,25626944,24635290.6820153,24635290.6820153
14,fp8_e4m3_sat,key,ans_lane,256,120,29884416,24681864,61440,2280,24745584,24666083.625817094,24666083.625817094
14,fp8_e4m3_sat,key,ans_lane,64,456,29884416,24675796,233472,8664,24917932,24658385.396037668,24658385.396037668
14,fp8_e4m3_sat,key,ans_lane_shared,16,1824,29884416,24693184,0,34656,24727840,24635290.6820153,24635290.6820153
14,fp8_e4m3_sat,key,ans_lane_shared,256,120,29884416,24686436,0,2280,24688716,24666083.625817094,24666083.625817094
14,fp8_e4m3_sat,key,ans_lane_shared,64,456,29884416,24687784,0,8664,24696448,24658385.396037668,24658385.396037668
14,fp8_e4m3_sat,key,zstd,64,456,29884416,24816307,0,8664,24824971,24658385.396037668,24658385.396037668
14,fp8_e4m3_sat,value,ans_lane,16,1824,29884416,24845048,933888,34656,25813592,24821934.739407387,24821934.739407387
14,fp8_e4m3_sat,value,ans_lane,256,120,29884416,24876456,61440,2280,24940176,24861179.22960054,24861179.22960054
14,fp8_e4m3_sat,value,ans_lane,64,456,29884416,24868244,233472,8664,25110380,24851252.441229638,24851252.441229638
14,fp8_e4m3_sat,value,ans_lane_shared,16,1824,29884416,24889668,0,34656,24924324,24821934.739407387,24821934.739407387
14,fp8_e4m3_sat,value,ans_lane_shared,256,120,29884416,24882820,0,2280,24885100,24861179.22960054,24861179.22960054
14,fp8_e4m3_sat,value,ans_lane_shared,64,456,29884416,24884220,0,8664,24892884,24851252.441229638,24851252.441229638
14,fp8_e4m3_sat,value,zstd,64,456,29884416,25043272,0,8664,25051936,24851252.441229638,24851252.441229638
14,native,convolution,ans_lane,,24,1572864,1065632,24576,648,1090856,1064430.5207502104,1237873.5261793893
14,native,convolution,ans_lane_shared,,24,1572864,1068172,0,648,1068820,1064430.5207502104,1237873.5261793893
14,native,convolution,zstd,,24,1572864,1245114,0,456,1245570,1064430.5207502104,1237873.5261793893
14,native,recurrent,ans_lane,,24,50331648,43071620,49152,1032,43121804,43055283.93330826,47191595.42812935
14,native,recurrent,ans_lane_shared,,24,50331648,43109248,0,1032,43110280,43055283.93330826,47191595.42812935
14,native,recurrent,zstd,,24,50331648,47274717,0,456,47275173,43055283.93330826,47191595.42812935
15,bf16,key,ans_lane,16,1760,57671680,38781092,1802240,47520,40630852,38728465.210789725,45110963.67577502
15,bf16,key,ans_lane,256,112,57671680,38810872,114688,3024,38928584,38772372.648748785,45151014.876396544
15,bf16,key,ans_lane,64,440,57671680,38804112,450560,11880,39266552,38762732.03473177,45142353.09955757
15,bf16,key,ans_lane_shared,16,1760,57671680,38829148,0,47520,38876668,38728465.210789725,45110963.67577502
15,bf16,key,ans_lane_shared,256,112,57671680,38815476,0,3024,38818500,38772372.648748785,45151014.876396544
15,bf16,key,ans_lane_shared,64,440,57671680,38818192,0,11880,38830072,38762732.03473177,45142353.09955757
15,bf16,key,ans_raw,64,440,57671680,45144656,225280,8360,45378296,38762732.03473177,45142353.09955757
15,bf16,key,zstd,64,440,57671680,45337349,0,8360,45345709,38762732.03473177,45142353.09955757
15,bf16,value,ans_lane,16,1760,57671680,38913068,1802240,47520,40762828,38860497.40801921,45238359.153309256
15,bf16,value,ans_lane,256,112,57671680,38949688,114688,3024,39067400,38911102.30305251,45284909.75452637
15,bf16,value,ans_lane,64,440,57671680,38940616,450560,11880,39403056,38899150.430131994,45274016.226395495
15,bf16,value,ans_lane_shared,16,1760,57671680,38968744,0,47520,39016264,38860497.40801921,45238359.153309256
15,bf16,value,ans_lane_shared,256,112,57671680,38955072,0,3024,38958096,38911102.30305251,45284909.75452637
15,bf16,value,ans_lane_shared,64,440,57671680,38957776,0,11880,38969656,38899150.430131994,45274016.226395495
15,bf16,value,ans_raw,64,440,57671680,45276296,225280,8360,45509936,38899150.430131994,45274016.226395495
15,bf16,value,zstd,64,440,57671680,45515005,0,8360,45523365,38899150.430131994,45274016.226395495
15,fp8_e4m3_sat,key,ans_lane,16,1760,28835840,23797584,901120,33440,24732144,23775212.61044796,23775212.61044796
15,fp8_e4m3_sat,key,ans_lane,256,112,28835840,23819664,57344,2128,23879136,23804438.629376046,23804438.629376046
15,fp8_e4m3_sat,key,ans_lane,64,440,28835840,23814092,225280,8360,24047732,23797247.853996336,23797247.853996336
15,fp8_e4m3_sat,key,ans_lane_shared,16,1760,28835840,23831232,0,33440,23864672,23775212.61044796,23775212.61044796
15,fp8_e4m3_sat,key,ans_lane_shared,256,112,28835840,23824652,0,2128,23826780,23804438.629376046,23804438.629376046
15,fp8_e4m3_sat,key,ans_lane_shared,64,440,28835840,23825972,0,8360,23834332,23797247.853996336,23797247.853996336
15,fp8_e4m3_sat,key,zstd,64,440,28835840,23949170,0,8360,23957530,23797247.853996336,23797247.853996336
15,fp8_e4m3_sat,value,ans_lane,16,1760,28835840,23967196,901120,33440,24901756,23945020.61172463,23945020.61172463
15,fp8_e4m3_sat,value,ans_lane,256,112,28835840,23997996,57344,2128,24057468,23983285.214535136,23983285.214535136
15,fp8_e4m3_sat,value,ans_lane,64,440,28835840,23989412,225280,8360,24223052,23973031.59055751,23973031.59055751
15,fp8_e4m3_sat,value,ans_lane_shared,16,1760,28835840,24010200,0,33440,24043640,23945020.61172463,23945020.61172463
15,fp8_e4m3_sat,value,ans_lane_shared,256,112,28835840,24003564,0,2128,24005692,23983285.214535136,23983285.214535136
15,fp8_e4m3_sat,value,ans_lane_shared,64,440,28835840,24004860,0,8360,24013220,23973031.59055751,23973031.59055751
15,fp8_e4m3_sat,value,zstd,64,440,28835840,24158696,0,8360,24167056,23973031.59055751,23973031.59055751
15,native,convolution,ans_lane,,24,1572864,1063964,24576,648,1089188,1062737.8158097172,1236356.5536813573
15,native,convolution,ans_lane_shared,,24,1572864,1066356,0,648,1067004,1062737.8158097172,1236356.5536813573
15,native,convolution,zstd,,24,1572864,1243576,0,456,1244032,1062737.8158097172,1236356.5536813573
15,native,recurrent,ans_lane,,24,50331648,43035576,49152,1032,43085760,43019233.58796545,47165374.39890255
15,native,recurrent,ans_lane_shared,,24,50331648,43055920,0,1032,43056952,43019233.58796545,47165374.39890255
15,native,recurrent,zstd,,24,50331648,47253754,0,456,47254210,43019233.58796545,47165374.39890255
16,bf16,key,ans_lane,16,1280,41943040,28206592,1310720,34560,29551872,28168431.44202991,32809641.869402673
16,bf16,key,ans_lane,256,80,41943040,28228736,81920,2160,28312816,28200804.018442743,32839079.634886038
16,bf16,key,ans_lane,64,320,41943040,28223516,327680,8640,28559836,28193397.110673934,32832498.443752676
16,bf16,key,ans_lane_shared,16,1280,41943040,28241908,0,34560,28276468,28168431.44202991,32809641.869402673
16,bf16,key,ans_lane_shared,256,80,41943040,28232100,0,2160,28234260,28200804.018442743,32839079.634886038
16,bf16,key,ans_lane_shared,64,320,41943040,28234060,0,8640,28242700,28193397.110673934,32832498.443752676
16,bf16,key,ans_raw,64,320,41943040,32834180,163840,6080,33004100,28193397.110673934,32832498.443752676
16,bf16,key,zstd,64,320,41943040,32973517,0,6080,32979597,28193397.110673934,32832498.443752676
16,bf16,value,ans_lane,16,1280,41943040,28307872,1310720,34560,29653152,28269726.902696595,32907565.414345015
16,bf16,value,ans_lane,256,80,41943040,28335492,81920,2160,28419572,28307436.408192042,32942229.446401827
16,bf16,value,ans_lane,64,320,41943040,28327964,327680,8640,28664284,28297868.923977707,32933513.8969562
16,bf16,value,ans_lane_shared,16,1280,41943040,28350320,0,34560,28384880,28269726.902696595,32907565.414345015
16,bf16,value,ans_lane_shared,256,80,41943040,28340420,0,2160,28342580,28307436.408192042,32942229.446401827
16,bf16,value,ans_lane_shared,64,320,41943040,28342396,0,8640,28351036,28297868.923977707,32933513.8969562
16,bf16,value,ans_raw,64,320,41943040,32935196,163840,6080,33105116,28297868.923977707,32933513.8969562
16,bf16,value,zstd,64,320,41943040,33107192,0,6080,33113272,28297868.923977707,32933513.8969562
16,fp8_e4m3_sat,key,ans_lane,16,1280,20971520,17313192,655360,24320,17992872,17296943.15250647,17296943.15250647
16,fp8_e4m3_sat,key,ans_lane,256,80,20971520,17329904,40960,1520,17372384,17318854.633134812,17318854.633134812
16,fp8_e4m3_sat,key,ans_lane,64,320,20971520,17325192,163840,6080,17495112,17313010.24792646,17313010.24792646
16,fp8_e4m3_sat,key,ans_lane_shared,16,1280,20971520,17338244,0,24320,17362564,17296943.15250647,17296943.15250647
16,fp8_e4m3_sat,key,ans_lane_shared,256,80,20971520,17333468,0,1520,17334988,17318854.633134812,17318854.633134812
16,fp8_e4m3_sat,key,ans_lane_shared,64,320,20971520,17334420,0,6080,17340500,17313010.24792646,17313010.24792646
16,fp8_e4m3_sat,key,zstd,64,320,20971520,17424286,0,6080,17430366,17313010.24792646,17313010.24792646
16,fp8_e4m3_sat,value,ans_lane,16,1280,20971520,17437072,655360,24320,18116752,17420903.739856016,17420903.739856016
16,fp8_e4m3_sat,value,ans_lane,256,80,20971520,17460404,40960,1520,17502884,17449731.024062123,17449731.024062123
16,fp8_e4m3_sat,value,ans_lane,64,320,20971520,17453084,163840,6080,17623004,17441165.171846233,17441165.171846233
16,fp8_e4m3_sat,value,ans_lane_shared,16,1280,20971520,17470688,0,24320,17495008,17420903.739856016,17420903.739856016
16,fp8_e4m3_sat,value,ans_lane_shared,256,80,20971520,17465900,0,1520,17467420,17449731.024062123,17449731.024062123
16,fp8_e4m3_sat,value,ans_lane_shared,64,320,20971520,17466852,0,6080,17472932,17441165.171846233,17441165.171846233
16,fp8_e4m3_sat,value,zstd,64,320,20971520,17575731,0,6080,17581811,17441165.171846233,17441165.171846233
16,native,convolution,ans_lane,,24,1572864,1066228,24576,648,1091452,1065009.0803934839,1238149.2378476358
16,native,convolution,ans_lane_shared,,24,1572864,1072380,0,648,1073028,1065009.0803934839,1238149.2378476358
16,native,convolution,zstd,,24,1572864,1245174,0,456,1245630,1065009.0803934839,1238149.2378476358
16,native,recurrent,ans_lane,,24,50331648,43036928,49152,1032,43087112,43020588.34187312,47166294.88506106
16,native,recurrent,ans_lane_shared,,24,50331648,43073040,0,1032,43074072,43020588.34187312,47166294.88506106
16,native,recurrent,zstd,,24,50331648,47245109,0,456,47245565,43020588.34187312,47166294.88506106
17,bf16,key,ans_lane,16,5888,192937984,129741156,6029312,158976,135929444,129565450.32820857,150918916.93206772
17,bf16,key,ans_lane,256,368,192937984,129841236,376832,9936,130228004,129712524.92535134,151052878.99029148
17,bf16,key,ans_lane,64,1472,192937984,129818632,1507328,39744,131365704,129680154.52034578,151023869.19412765
17,bf16,key,ans_lane_shared,16,5888,192937984,129902604,0,158976,130061580,129565450.32820857,150918916.93206772
17,bf16,key,ans_lane_shared,256,368,192937984,129857036,0,9936,129866972,129712524.92535134,151052878.99029148
17,bf16,key,ans_lane_shared,64,1472,192937984,129866100,0,39744,129905844,129680154.52034578,151023869.19412765
17,bf16,key,ans_raw,64,1472,192937984,151031552,753664,27968,151813184,129680154.52034578,151023869.19412765
17,bf16,key,zstd,64,1472,192937984,151681027,0,27968,151708995,129680154.52034578,151023869.19412765
17,bf16,value,ans_lane,16,5888,192937984,130232752,6029312,158976,136421040,130056694.60032512,151388948.90786728
17,bf16,value,ans_lane,256,368,192937984,130355880,376832,9936,130742648,130226944.35331824,151545423.3460834
17,bf16,value,ans_lane,64,1472,192937984,130323928,1507328,39744,131871000,130185168.13642588,151507376.41329747
17,bf16,value,ans_lane_shared,16,5888,192937984,130423596,0,158976,130582572,130056694.60032512,151388948.90786728
17,bf16,value,ans_lane_shared,256,368,192937984,130377784,0,9936,130387720,130226944.35331824,151545423.3460834
17,bf16,value,ans_lane_shared,64,1472,192937984,130387012,0,39744,130426756,130185168.13642588,151507376.41329747
17,bf16,value,ans_raw,64,1472,192937984,151515020,753664,27968,152296652,130185168.13642588,151507376.41329747
17,bf16,value,zstd,64,1472,192937984,152311227,0,27968,152339195,130185168.13642588,151507376.41329747
17,fp8_e4m3_sat,key,ans_lane,16,5888,96468992,79609004,3014656,111872,82735532,79534168.21376443,79534168.21376443
17,fp8_e4m3_sat,key,ans_lane,256,368,96468992,79683416,188416,6992,79878824,79632409.42819358,79632409.42819358
17,fp8_e4m3_sat,key,ans_lane,64,1472,96468992,79664088,753664,27968,80445720,79607901.273057,79607901.273057
17,fp8_e4m3_sat,key,ans_lane_shared,16,5888,96468992,79722820,0,111872,79834692,79534168.21376443,79534168.21376443
17,fp8_e4m3_sat,key,ans_lane_shared,256,368,96468992,79700860,0,6992,79707852,79632409.42819358,79632409.42819358
17,fp8_e4m3_sat,key,ans_lane_shared,64,1472,96468992,79705268,0,27968,79733236,79607901.273057,79607901.273057
17,fp8_e4m3_sat,key,zstd,64,1472,96468992,80116772,0,27968,80144740,79607901.273057,79607901.273057
17,fp8_e4m3_sat,value,ans_lane,16,5888,96468992,80234916,3014656,111872,83361444,80160531.36888167,80160531.36888167
17,fp8_e4m3_sat,value,ans_lane,256,368,96468992,80338864,188416,6992,80534272,80289856.58250941,80289856.58250941
17,fp8_e4m3_sat,value,ans_lane,64,1472,96468992,80307892,753664,27968,81089524,80253106.00492594,80253106.00492594
17,fp8_e4m3_sat,value,ans_lane_shared,16,5888,96468992,80385656,0,111872,80497528,80160531.36888167,80160531.36888167
17,fp8_e4m3_sat,value,ans_lane_shared,256,368,96468992,80363428,0,6992,80370420,80289856.58250941,80289856.58250941
17,fp8_e4m3_sat,value,ans_lane_shared,64,1472,96468992,80367852,0,27968,80395820,80253106.00492594,80253106.00492594
17,fp8_e4m3_sat,value,zstd,64,1472,96468992,80872498,0,27968,80900466,80253106.00492594,80253106.00492594
17,native,convolution,ans_lane,,24,1572864,1063940,24576,648,1089164,1062711.7819287009,1236233.385453385
17,native,convolution,ans_lane_shared,,24,1572864,1065984,0,648,1066632,1062711.7819287009,1236233.385453385
17,native,convolution,zstd,,24,1572864,1243342,0,456,1243798,1062711.7819287009,1236233.385453385
17,native,recurrent,ans_lane,,24,50331648,43026596,49152,1032,43076780,43010257.63127488,47159803.69594814
17,native,recurrent,ans_lane_shared,,24,50331648,43041000,0,1032,43042032,43010257.63127488,47159803.69594814
17,native,recurrent,zstd,,24,50331648,47245270,0,456,47245726,43010257.63127488,47159803.69594814
18,bf16,key,ans_lane,16,800,26214400,17629868,819200,21600,18470668,17605978.762236904,20506737.85587288
18,bf16,key,ans_lane,256,56,26214400,17643400,57344,1512,17702256,17625854.683977883,20524842.48002583
18,bf16,key,ans_lane,64,200,26214400,17640456,204800,5400,17850656,17621621.67882037,20521050.769455235
18,bf16,key,ans_lane_shared,16,800,26214400,17651772,0,21600,17673372,17605978.762236904,20506737.85587288
18,bf16,key,ans_lane_shared,256,56,26214400,17645560,0,1512,17647072,17625854.683977883,20524842.48002583
18,bf16,key,ans_lane_shared,64,200,26214400,17646752,0,5400,17652152,17621621.67882037,20521050.769455235
18,bf16,key,ans_raw,64,200,26214400,20522132,102400,3800,20628332,17621621.67882037,20521050.769455235
18,bf16,key,zstd,64,200,26214400,20610353,0,3800,20614153,17621621.67882037,20521050.769455235
18,bf16,value,ans_lane,16,800,26214400,17692732,819200,21600,18533532,17668875.96056931,20567021.786998272
18,bf16,value,ans_lane,256,56,26214400,17708952,57344,1512,17767808,17691379.211063147,20587723.73348626
18,bf16,value,ans_lane,64,200,26214400,17705148,204800,5400,17915348,17686269.16212638,20583078.017523192
18,bf16,value,ans_lane_shared,16,800,26214400,17717696,0,21600,17739296,17668875.96056931,20567021.786998272
18,bf16,value,ans_lane_shared,256,56,26214400,17711564,0,1512,17713076,17691379.211063147,20587723.73348626
18,bf16,value,ans_lane_shared,64,200,26214400,17712740,0,5400,17718140,17686269.16212638,20583078.017523192
18,bf16,value,ans_raw,64,200,26214400,20584116,102400,3800,20690316,17686269.16212638,20583078.017523192
18,bf16,value,zstd,64,200,26214400,20692181,0,3800,20695981,17686269.16212638,20583078.017523192
18,fp8_e4m3_sat,key,ans_lane,16,800,13107200,10819700,409600,15200,11244500,10809521.58255444,10809521.58255444
18,fp8_e4m3_sat,key,ans_lane,256,56,13107200,10829780,28672,1064,10859516,10822829.789831925,10822829.789831925
18,fp8_e4m3_sat,key,ans_lane,64,200,13107200,10827208,102400,3800,10933408,10819562.872107875,10819562.872107875
18,fp8_e4m3_sat,key,ans_lane_shared,16,800,13107200,10835128,0,15200,10850328,10809521.58255444,10809521.58255444
18,fp8_e4m3_sat,key,ans_lane_shared,256,56,13107200,10832156,0,1064,10833220,10822829.789831925,10822829.789831925
18,fp8_e4m3_sat,key,ans_lane_shared,64,200,13107200,10832752,0,3800,10836552,10819562.872107875,10819562.872107875
18,fp8_e4m3_sat,key,zstd,64,200,13107200,10888751,0,3800,10892551,10819562.872107875,10819562.872107875
18,fp8_e4m3_sat,value,ans_lane,16,800,13107200,10900564,409600,15200,11325364,10890520.171114922,10890520.171114922
18,fp8_e4m3_sat,value,ans_lane,256,56,13107200,10914152,28672,1064,10943888,10907489.065946791,10907489.065946791
18,fp8_e4m3_sat,value,ans_lane,64,200,13107200,10910544,102400,3800,11016744,10903109.916715138,10903109.916715138
18,fp8_e4m3_sat,value,ans_lane_shared,16,800,13107200,10919972,0,15200,10935172,10890520.171114922,10890520.171114922
18,fp8_e4m3_sat,value,ans_lane_shared,256,56,13107200,10916940,0,1064,10918004,10907489.065946791,10907489.065946791
18,fp8_e4m3_sat,value,ans_lane_shared,64,200,13107200,10917544,0,3800,10921344,10903109.916715138,10903109.916715138
18,fp8_e4m3_sat,value,zstd,64,200,13107200,10987637,0,3800,10991437,10903109.916715138,10903109.916715138
18,native,convolution,ans_lane,,24,1572864,1064524,24576,648,1089748,1063314.286979423,1236688.7277392354
18,native,convolution,ans_lane_shared,,24,1572864,1066516,0,648,1067164,1063314.286979423,1236688.7277392354
18,native,convolution,zstd,,24,1572864,1243909,0,456,1244365,1063314.286979423,1236688.7277392354
18,native,recurrent,ans_lane,,24,50331648,42998716,49152,1032,43048900,42982357.9975761,47140097.45683584
18,native,recurrent,ans_lane_shared,,24,50331648,43012288,0,1032,43013320,42982357.9975761,47140097.45683584
18,native,recurrent,zstd,,24,50331648,47236521,0,456,47236977,42982357.9975761,47140097.45683584
19,bf16,key,ans_lane,16,1792,58720256,39476848,1835008,48384,41360240,39423441.4798829,45923327.40754652
19,bf16,key,ans_lane,256,112,58720256,39507496,114688,3024,39625208,39468338.458859324,45964250.164659955
19,bf16,key,ans_lane,64,448,58720256,39500448,458752,12096,39971296,39458286.51020136,45955244.95640507
19,bf16,key,ans_lane_shared,16,1792,58720256,39526132,0,48384,39574516,39423441.4798829,45923327.40754652
19,bf16,key,ans_lane_shared,256,112,58720256,39512200,0,3024,39515224,39468338.458859324,45964250.164659955
19,bf16,key,ans_lane_shared,64,448,58720256,39514976,0,12096,39527072,39458286.51020136,45955244.95640507
19,bf16,key,ans_raw,64,448,58720256,45957620,229376,8512,46195508,39458286.51020136,45955244.95640507
19,bf16,key,zstd,64,448,58720256,46156823,0,8512,46165335,39458286.51020136,45955244.95640507
19,bf16,value,ans_lane,16,1792,58720256,39635620,1835008,48384,41519012,39582145.23334246,46074024.80172813
19,bf16,value,ans_lane,256,112,58720256,39673168,114688,3024,39790880,39633927.08637792,46121631.19047107
19,bf16,value,ans_lane,64,448,58720256,39663292,458752,12096,40134140,39621036.56213246,46109906.16823814
19,bf16,value,ans_lane_shared,16,1792,58720256,39693992,0,48384,39742376,39582145.23334246,46074024.80172813
19,bf16,value,ans_lane_shared,256,112,58720256,39680044,0,3024,39683068,39633927.08637792,46121631.19047107
19,bf16,value,ans_lane_shared,64,448,58720256,39682824,0,12096,39694920,39621036.56213246,46109906.16823814
19,bf16,value,ans_raw,64,448,58720256,46112272,229376,8512,46350160,39621036.56213246,46109906.16823814
19,bf16,value,zstd,64,448,58720256,46354835,0,8512,46363347,39621036.56213246,46109906.16823814
19,fp8_e4m3_sat,key,ans_lane,16,1792,29360128,24218884,917504,34048,25170436,24196163.920460615,24196163.920460615
19,fp8_e4m3_sat,key,ans_lane,256,112,29360128,24241796,57344,2128,24301268,24226256.848581135,24226256.848581135
19,fp8_e4m3_sat,key,ans_lane,64,448,29360128,24235692,229376,8512,24473580,24218586.343325064,24218586.343325064
19,fp8_e4m3_sat,key,ans_lane_shared,16,1792,29360128,24253876,0,34048,24287924,24196163.920460615,24196163.920460615
19,fp8_e4m3_sat,key,ans_lane_shared,256,112,29360128,24247092,0,2128,24249220,24226256.848581135,24226256.848581135
19,fp8_e4m3_sat,key,ans_lane_shared,64,448,29360128,24248428,0,8512,24256940,24218586.343325064,24218586.343325064
19,fp8_e4m3_sat,key,zstd,64,448,29360128,24372748,0,8512,24381260,24218586.343325064,24218586.343325064
19,fp8_e4m3_sat,value,ans_lane,16,1792,29360128,24420880,917504,34048,25372432,24398233.064755507,24398233.064755507
19,fp8_e4m3_sat,value,ans_lane,256,112,29360128,24452356,57344,2128,24511828,24437413.849538177,24437413.849538177
19,fp8_e4m3_sat,value,ans_lane,64,448,29360128,24442704,229376,8512,24680592,24425990.160618074,24425990.160618074
19,fp8_e4m3_sat,value,ans_lane_shared,16,1792,29360128,24467012,0,34048,24501060,24398233.064755507,24398233.064755507
19,fp8_e4m3_sat,value,ans_lane_shared,256,112,29360128,24460288,0,2128,24462416,24437413.849538177,24437413.849538177
19,fp8_e4m3_sat,value,ans_lane_shared,64,448,29360128,24461680,0,8512,24470192,24425990.160618074,24425990.160618074
19,fp8_e4m3_sat,value,zstd,64,448,29360128,24613976,0,8512,24622488,24425990.160618074,24425990.160618074
19,native,convolution,ans_lane,,24,1572864,1065600,24576,648,1090824,1064374.5573704324,1237747.3725845083
19,native,convolution,ans_lane_shared,,24,1572864,1068496,0,648,1069144,1064374.5573704324,1237747.3725845083
19,native,convolution,zstd,,24,1572864,1244836,0,456,1245292,1064374.5573704324,1237747.3725845083
19,native,recurrent,ans_lane,,24,50331648,43039904,49152,1032,43090088,43023563.56757208,47170807.76516967
19,native,recurrent,ans_lane_shared,,24,50331648,43065900,0,1032,43066932,43023563.56757208,47170807.76516967
19,native,recurrent,zstd,,24,50331648,47249641,0,456,47250097,43023563.56757208,47170807.76516967
2,bf16,key,ans_lane,16,160,5242880,3525928,163840,4320,3694088,3521188.104848049,4101649.147115925
2,bf16,key,ans_lane,256,16,5242880,3528564,16384,432,3545380,3525009.9383418653,4105139.2489663446
2,bf16,key,ans_lane,64,40,5242880,3528056,40960,1080,3570096,3524292.5814098725,4104497.193448661
2,bf16,key,ans_lane_shared,16,160,5242880,3530224,0,4320,3534544,3521188.104848049,4101649.147115925
2,bf16,key,ans_lane_shared,256,16,5242880,3529048,0,432,3529480,3525009.9383418653,4105139.2489663446
2,bf16,key,ans_lane_shared,64,40,5242880,3529244,0,1080,3530324,3524292.5814098725,4104497.193448661
2,bf16,key,ans_raw,64,40,5242880,4104712,20480,760,4125952,3524292.5814098725,4104497.193448661
2,bf16,key,zstd,64,40,5242880,4122220,0,760,4122980,3524292.5814098725,4104497.193448661
2,bf16,value,ans_lane,16,160,5242880,3535684,163840,4320,3703844,3530903.001297171,4110664.399014701
2,bf16,value,ans_lane,256,16,5242880,3539184,16384,432,3556000,3535621.091127895,4115001.836879808
2,bf16,value,ans_lane,64,40,5242880,3538180,40960,1080,3580220,3534416.114891701,4113889.792645056
2,bf16,value,ans_lane_shared,16,160,5242880,3541048,0,4320,3545368,3530903.001297171,4110664.399014701
2,bf16,value,ans_lane_shared,256,16,5242880,3539896,0,432,3540328,3535621.091127895,4115001.836879808
2,bf16,value,ans_lane_shared,64,40,5242880,3540104,0,1080,3541184,3534416.114891701,4113889.792645056
2,bf16,value,ans_raw,64,40,5242880,4114088,20480,760,4135328,3534416.114891701,4113889.792645056
2,bf16,value,zstd,64,40,5242880,4135831,0,760,4136591,3534416.114891701,4113889.792645056
2,fp8_e4m3_sat,key,ans_lane,16,160,2621440,2165000,81920,3040,2249960,2162948.6793180937,2162948.6793180937
2,fp8_e4m3_sat,key,ans_lane,256,16,2621440,2166880,8192,304,2175376,2165461.8496775227,2165461.8496775227
2,fp8_e4m3_sat,key,ans_lane,64,40,2621440,2166436,20480,760,2187676,2164912.837919828,2164912.837919828
2,fp8_e4m3_sat,key,ans_lane_shared,16,160,2621440,2167824,0,3040,2170864,2162948.6793180937,2162948.6793180937
2,fp8_e4m3_sat,key,ans_lane_shared,256,16,2621440,2167268,0,304,2167572,2165461.8496775227,2165461.8496775227
2,fp8_e4m3_sat,key,ans_lane_shared,64,40,2621440,2167368,0,760,2168128,2164912.837919828,2164912.837919828
2,fp8_e4m3_sat,key,zstd,64,40,2621440,2178811,0,760,2179571,2164912.837919828,2164912.837919828
2,fp8_e4m3_sat,value,ans_lane,16,160,2621440,2176980,81920,3040,2261940,2174967.1474548643,2174967.1474548643
2,fp8_e4m3_sat,value,ans_lane,256,16,2621440,2180016,8192,304,2188512,2178644.474400528,2178644.474400528
2,fp8_e4m3_sat,value,ans_lane,64,40,2621440,2178988,20480,760,2200228,2177493.942356058,2177493.942356058
2,fp8_e4m3_sat,value,ans_lane_shared,16,160,2621440,2181244,0,3040,2184284,2174967.1474548643,2174967.1474548643
2,fp8_e4m3_sat,value,ans_lane_shared,256,16,2621440,2180656,0,304,2180960,2178644.474400528,2178644.474400528
2,fp8_e4m3_sat,value,ans_lane_shared,64,40,2621440,2180752,0,760,2181512,2177493.942356058,2177493.942356058
2,fp8_e4m3_sat,value,zstd,64,40,2621440,2194265,0,760,2195025,2177493.942356058,2177493.942356058
2,native,convolution,ans_lane,,24,1572864,1062460,24576,648,1087684,1061218.959690926,1234949.740359286
2,native,convolution,ans_lane_shared,,24,1572864,1064440,0,648,1065088,1061218.959690926,1234949.740359286
2,native,convolution,zstd,,24,1572864,1242095,0,456,1242551,1061218.959690926,1234949.740359286
2,native,recurrent,ans_lane,,24,50331648,42984008,49152,1032,43034192,42967640.23747742,47125113.88526429
2,native,recurrent,ans_lane_shared,,24,50331648,42993656,0,1032,42994688,42967640.23747742,47125113.88526429
2,native,recurrent,zstd,,24,50331648,47250611,0,456,47251067,42967640.23747742,47125113.88526429
20,bf16,key,ans_lane,16,128,4194304,2818424,131072,3456,2952952,2814633.40661138,3279073.825767421
20,bf16,key,ans_lane,256,8,4194304,2820688,8192,216,2829096,2817875.7822092394,3282044.67322002
20,bf16,key,ans_lane,64,32,4194304,2820180,32768,864,2853812,2817168.4558234704,3281400.1282146974
20,bf16,key,ans_lane_shared,16,128,4194304,2822112,0,3456,2825568,2814633.40661138,3279073.825767421
20,bf16,key,ans_lane_shared,256,8,4194304,2821136,0,216,2821352,2817875.7822092394,3282044.67322002
20,bf16,key,ans_lane_shared,64,32,4194304,2821332,0,864,2822196,2817168.4558234704,3281400.1282146974
20,bf16,key,ans_raw,64,32,4194304,3281580,16384,608,3298572,2817168.4558234704,3281400.1282146974
20,bf16,key,zstd,64,32,4194304,3295847,0,608,3296455,2817168.4558234704,3281400.1282146974
20,bf16,value,ans_lane,16,128,4194304,2822784,131072,3456,2957312,2818945.182167851,3282437.48948178
20,bf16,value,ans_lane,256,8,4194304,2825436,8192,216,2833844,2822621.262509136,3285826.821417666
20,bf16,value,ans_lane,64,32,4194304,2824752,32768,864,2858384,2821706.1019476824,3284991.438272722
20,bf16,value,ans_lane_shared,16,128,4194304,2833528,0,3456,2836984,2818945.182167851,3282437.48948178
20,bf16,value,ans_lane_shared,256,8,4194304,2832524,0,216,2832740,2822621.262509136,3285826.821417666
20,bf16,value,ans_lane_shared,64,32,4194304,2832720,0,864,2833584,2821706.1019476824,3284991.438272722
20,bf16,value,ans_raw,64,32,4194304,3285164,16384,608,3302156,2821706.1019476824,3284991.438272722
20,bf16,value,zstd,64,32,4194304,3302784,0,608,3303392,2821706.1019476824,3284991.438272722
20,fp8_e4m3_sat,key,ans_lane,16,128,2097152,1727708,65536,2432,1795676,1726082.28547362,1726082.28547362
20,fp8_e4m3_sat,key,ans_lane,256,8,2097152,1729348,4096,152,1733596,1728236.0085023958,1728236.0085023958
20,fp8_e4m3_sat,key,ans_lane,64,32,2097152,1728932,16384,608,1745924,1727704.5481433135,1727704.5481433135
20,fp8_e4m3_sat,key,ans_lane_shared,16,128,2097152,1730324,0,2432,1732756,1726082.28547362,1726082.28547362
20,fp8_e4m3_sat,key,ans_lane_shared,256,8,2097152,1729852,0,152,1730004,1728236.0085023958,1728236.0085023958
20,fp8_e4m3_sat,key,ans_lane_shared,64,32,2097152,1729952,0,608,1730560,1727704.5481433135,1727704.5481433135
20,fp8_e4m3_sat,key,zstd,64,32,2097152,1738683,0,608,1739291,1727704.5481433135,1727704.5481433135
20,fp8_e4m3_sat,value,ans_lane,16,128,2097152,1742364,65536,2432,1810332,1740754.9517935852,1740754.9517935852
20,fp8_e4m3_sat,value,ans_lane,256,8,2097152,1744628,4096,152,1748876,1743566.1078095627,1743566.1078095627
20,fp8_e4m3_sat,value,ans_lane,64,32,2097152,1743940,16384,608,1760932,1742737.5196399055,1742737.5196399055
20,fp8_e4m3_sat,value,ans_lane_shared,16,128,2097152,1745940,0,2432,1748372,1740754.9517935852,1740754.9517935852
20,fp8_e4m3_sat,value,ans_lane_shared,256,8,2097152,1745428,0,152,1745580,1743566.1078095627,1743566.1078095627
20,fp8_e4m3_sat,value,ans_lane_shared,64,32,2097152,1745540,0,608,1746148,1742737.5196399055,1742737.5196399055
20,fp8_e4m3_sat,value,zstd,64,32,2097152,1756205,0,608,1756813,1742737.5196399055,1742737.5196399055
20,native,convolution,ans_lane,,24,1572864,1065008,24576,648,1090232,1063783.944263193,1237087.5231679853
20,native,convolution,ans_lane_shared,,24,1572864,1067224,0,648,1067872,1063783.944263193,1237087.5231679853
20,native,convolution,zstd,,24,1572864,1244244,0,456,1244700,1063783.944263193,1237087.5231679853
20,native,recurrent,ans_lane,,24,50331648,43013736,49152,1032,43063920,42997388.500400744,47147734.70281002
20,native,recurrent,ans_lane_shared,,24,50331648,43030396,0,1032,43031428,42997388.500400744,47147734.70281002
20,native,recurrent,zstd,,24,50331648,47248866,0,456,47249322,42997388.500400744,47147734.70281002
21,bf16,key,ans_lane,16,1248,40894464,27495824,1277952,33696,28807472,27458510.149869848,31985316.062739186
21,bf16,key,ans_lane,256,80,40894464,27516932,81920,2160,27601012,27489643.75644912,32013638.81007929
21,bf16,key,ans_lane,64,312,40894464,27512164,319488,8424,27840076,27482823.150527667,32007546.45931557
21,bf16,key,ans_lane_shared,16,1248,40894464,27530016,0,33696,27563712,27458510.149869848,31985316.062739186
21,bf16,key,ans_lane_shared,256,80,40894464,27520268,0,2160,27522428,27489643.75644912,32013638.81007929
21,bf16,key,ans_lane_shared,64,312,40894464,27522144,0,8424,27530568,27482823.150527667,32007546.45931557
21,bf16,key,ans_raw,64,312,40894464,32009172,159744,5928,32174844,27482823.150527667,32007546.45931557
21,bf16,key,zstd,64,312,40894464,32147185,0,5928,32153113,27482823.150527667,32007546.45931557
21,bf16,value,ans_lane,16,1248,40894464,27601996,1277952,33696,28913644,27564788.08579205,32085965.520328585
21,bf16,value,ans_lane,256,80,40894464,27628312,81920,2160,27712392,27600936.524880968,32119214.831200767
21,bf16,value,ans_lane,64,312,40894464,27621404,319488,8424,27949316,27591963.890481353,32110980.551033646
21,bf16,value,ans_lane_shared,16,1248,40894464,27642232,0,33696,27675928,27564788.08579205,32085965.520328585
21,bf16,value,ans_lane_shared,256,80,40894464,27632628,0,2160,27634788,27600936.524880968,32119214.831200767
21,bf16,value,ans_lane_shared,64,312,40894464,27634564,0,8424,27642988,27591963.890481353,32110980.551033646
21,bf16,value,ans_raw,64,312,40894464,32112616,159744,5928,32278288,27591963.890481353,32110980.551033646
21,bf16,value,zstd,64,312,40894464,32282322,0,5928,32288250,27591963.890481353,32110980.551033646
21,fp8_e4m3_sat,key,ans_lane,16,1248,20447232,16874308,638976,23712,17536996,16858386.7816289,16858386.7816289
21,fp8_e4m3_sat,key,ans_lane,256,80,20447232,16890184,40960,1520,16932664,16879321.486350093,16879321.486350093
21,fp8_e4m3_sat,key,ans_lane,64,312,20447232,16886008,159744,5928,17051680,16874076.402272407,16874076.402272407
21,fp8_e4m3_sat,key,ans_lane_shared,16,1248,20447232,16898692,0,23712,16922404,16858386.7816289,16858386.7816289
21,fp8_e4m3_sat,key,ans_lane_shared,256,80,20447232,16893960,0,1520,16895480,16879321.486350093,16879321.486350093
21,fp8_e4m3_sat,key,ans_lane_shared,64,312,20447232,16894916,0,5928,16900844,16874076.402272407,16874076.402272407
21,fp8_e4m3_sat,key,zstd,64,312,20447232,16981519,0,5928,16987447,16874076.402272407,16874076.402272407
21,fp8_e4m3_sat,value,ans_lane,16,1248,20447232,17004800,638976,23712,17667488,16989004.88685838,16989004.88685838
21,fp8_e4m3_sat,value,ans_lane,256,80,20447232,17026872,40960,1520,17069352,17016479.852142405,17016479.852142405
21,fp8_e4m3_sat,value,ans_lane,64,312,20447232,17020216,159744,5928,17185888,17008590.929468382,17008590.929468382
21,fp8_e4m3_sat,value,ans_lane_shared,16,1248,20447232,17036488,0,23712,17060200,16989004.88685838,16989004.88685838
21,fp8_e4m3_sat,value,ans_lane_shared,256,80,20447232,17031900,0,1520,17033420,17016479.852142405,17016479.852142405
21,fp8_e4m3_sat,value,ans_lane_shared,64,312,20447232,17032816,0,5928,17038744,17008590.929468382,17008590.929468382
21,fp8_e4m3_sat,value,zstd,64,312,20447232,17140080,0,5928,17146008,17008590.929468382,17008590.929468382
21,native,convolution,ans_lane,,24,1572864,1066616,24576,648,1091840,1065391.3497273517,1238667.3250469205
21,native,convolution,ans_lane_shared,,24,1572864,1073444,0,648,1074092,1065391.3497273517,1238667.3250469205
21,native,convolution,zstd,,24,1572864,1245778,0,456,1246234,1065391.3497273517,1238667.3250469205
21,native,recurrent,ans_lane,,24,50331648,42992312,49152,1032,43042496,42975954.57715761,47134534.72223381
21,native,recurrent,ans_lane_shared,,24,50331648,43010124,0,1032,43011156,42975954.57715761,47134534.72223381
21,native,recurrent,zstd,,24,50331648,47230627,0,456,47231083,42975954.57715761,47134534.72223381
22,bf16,key,ans_lane,16,832,27262976,18332400,851968,22464,19206832,18307647.049656898,21324338.275451872
22,bf16,key,ans_lane,256,56,27262976,18346384,57344,1512,18405240,18328178.373885155,21343053.594988868
22,bf16,key,ans_lane,64,208,27262976,18343260,212992,5616,18561868,18323720.205627553,21339046.007265933
22,bf16,key,ans_lane_shared,16,832,27262976,18355032,0,22464,18377496,18307647.049656898,21324338.275451872
22,bf16,key,ans_lane_shared,256,56,27262976,18348644,0,1512,18350156,18328178.373885155,21343053.594988868
22,bf16,key,ans_lane_shared,64,208,27262976,18349896,0,5616,18355512,18323720.205627553,21339046.007265933
22,bf16,key,ans_raw,64,208,27262976,21340132,106496,3952,21450580,18323720.205627553,21339046.007265933
22,bf16,key,zstd,64,208,27262976,21432082,0,3952,21436034,18323720.205627553,21339046.007265933
22,bf16,value,ans_lane,16,832,27262976,18402108,851968,22464,19276540,18377286.75663758,21391646.368941218
22,bf16,value,ans_lane,256,56,27262976,18418816,57344,1512,18477672,18400571.15095646,21413028.76613258
22,bf16,value,ans_lane,64,208,27262976,18414752,212992,5616,18633360,18395112.342489827,21408057.797221553
22,bf16,value,ans_lane_shared,16,832,27262976,18428124,0,22464,18450588,18377286.75663758,21391646.368941218
22,bf16,value,ans_lane_shared,256,56,27262976,18421748,0,1512,18423260,18400571.15095646,21413028.76613258
22,bf16,value,ans_lane_shared,64,208,27262976,18422972,0,5616,18428588,18395112.342489827,21408057.797221553
22,bf16,value,ans_raw,64,208,27262976,21409140,106496,3952,21519588,18395112.342489827,21408057.797221553
22,bf16,value,zstd,64,208,27262976,21521463,0,3952,21525415,18395112.342489827,21408057.797221553
22,fp8_e4m3_sat,key,ans_lane,16,832,13631488,11253624,425984,15808,11695416,11243006.340969613,11243006.340969613
22,fp8_e4m3_sat,key,ans_lane,256,56,13631488,11263900,28672,1064,11293636,11256640.70644981,11256640.70644981
22,fp8_e4m3_sat,key,ans_lane,64,208,13631488,11261316,106496,3952,11371764,11253329.024269762,11253329.024269762
22,fp8_e4m3_sat,key,ans_lane_shared,16,832,13631488,11269516,0,15808,11285324,11243006.340969613,11243006.340969613
22,fp8_e4m3_sat,key,ans_lane_shared,256,56,13631488,11266412,0,1064,11267476,11256640.70644981,11256640.70644981
22,fp8_e4m3_sat,key,ans_lane_shared,64,208,13631488,11267036,0,3952,11270988,11253329.024269762,11253329.024269762
22,fp8_e4m3_sat,key,zstd,64,208,13631488,11325411,0,3952,11329363,11253329.024269762,11253329.024269762
22,fp8_e4m3_sat,value,ans_lane,16,832,13631488,11338256,425984,15808,11780048,11327760.980370414,11327760.980370414
22,fp8_e4m3_sat,value,ans_lane,256,56,13631488,11352048,28672,1064,11381784,11345090.559680538,11345090.559680538
22,fp8_e4m3_sat,value,ans_lane,64,208,13631488,11348228,106496,3952,11458676,11340470.16813174,11340470.16813174
22,fp8_e4m3_sat,value,ans_lane_shared,16,832,13631488,11358540,0,15808,11374348,11327760.980370414,11327760.980370414
22,fp8_e4m3_sat,value,ans_lane_shared,256,56,13631488,11355448,0,1064,11356512,11345090.559680538,11345090.559680538
22,fp8_e4m3_sat,value,ans_lane_shared,64,208,13631488,11356068,0,3952,11360020,11340470.16813174,11340470.16813174
22,fp8_e4m3_sat,value,zstd,64,208,13631488,11427772,0,3952,11431724,11340470.16813174,11340470.16813174
22,native,convolution,ans_lane,,24,1572864,1066984,24576,648,1092208,1065750.9157244137,1238840.3243405083
22,native,convolution,ans_lane_shared,,24,1572864,1070824,0,648,1071472,1065750.9157244137,1238840.3243405083
22,native,convolution,zstd,,24,1572864,1245824,0,456,1246280,1065750.9157244137,1238840.3243405083
22,native,recurrent,ans_lane,,24,50331648,43089260,49152,1032,43139444,43072960.64820881,47207371.996524215
22,native,recurrent,ans_lane_shared,,24,50331648,43156488,0,1032,43157520,43072960.64820881,47207371.996524215
22,native,recurrent,zstd,,24,50331648,47263904,0,456,47264360,43072960.64820881,47207371.996524215
23,bf16,key,ans_lane,16,1440,47185920,31737924,1474560,38880,33251364,31694897.168323938,36916533.197761804
23,bf16,key,ans_lane,256,96,47185920,31762148,98304,2592,31863044,31730633.543673184,36949119.024142355
23,bf16,key,ans_lane,64,360,47185920,31756760,368640,9720,32135120,31722911.492711775,36942180.76413535
23,bf16,key,ans_lane_shared,16,1440,47185920,31777016,0,38880,31815896,31694897.168323938,36916533.197761804
23,bf16,key,ans_lane_shared,256,96,47185920,31765856,0,2592,31768448,31730633.543673184,36949119.024142355
23,bf16,key,ans_lane_shared,64,360,47185920,31768012,0,9720,31777732,31722911.492711775,36942180.76413535
23,bf16,key,ans_raw,64,360,47185920,36944068,184320,6840,37135228,31722911.492711775,36942180.76413535
23,bf16,key,zstd,64,360,47185920,37101804,0,6840,37108644,31722911.492711775,36942180.76413535
23,bf16,value,ans_lane,16,1440,47185920,31845824,1474560,38880,33359264,31802807.26549283,37019822.314280845
23,bf16,value,ans_lane,256,96,47185920,31875488,98304,2592,31976384,31843897.088426426,37057641.97315825
23,bf16,value,ans_lane,64,360,47185920,31867776,368640,9720,32246136,31833843.869466547,37048465.86473556
23,bf16,value,ans_lane_shared,16,1440,47185920,31892028,0,38880,31930908,31802807.26549283,37019822.314280845
23,bf16,value,ans_lane_shared,256,96,47185920,31880844,0,2592,31883436,31843897.088426426,37057641.97315825
23,bf16,value,ans_lane_shared,64,360,47185920,31883020,0,9720,31892740,31833843.869466547,37048465.86473556
23,bf16,value,ans_raw,64,360,47185920,37050304,184320,6840,37241464,31833843.869466547,37048465.86473556
23,bf16,value,zstd,64,360,47185920,37245641,0,6840,37252481,31833843.869466547,37048465.86473556
23,fp8_e4m3_sat,key,ans_lane,16,1440,23592960,19491196,737280,27360,20255836,19472891.66281697,19472891.66281697
23,fp8_e4m3_sat,key,ans_lane,256,96,23592960,19509128,49152,1824,19560104,19496593.85053255,19496593.85053255
23,fp8_e4m3_sat,key,ans_lane,64,360,23592960,19504452,184320,6840,19695612,19490688.27694411,19490688.27694411
23,fp8_e4m3_sat,key,ans_lane_shared,16,1440,23592960,19518864,0,27360,19546224,19472891.66281697,19472891.66281697
23,fp8_e4m3_sat,key,ans_lane_shared,256,96,23592960,19513412,0,1824,19515236,19496593.85053255,19496593.85053255
23,fp8_e4m3_sat,key,ans_lane_shared,64,360,23592960,19514484,0,6840,19521324,19490688.27694411,19490688.27694411
23,fp8_e4m3_sat,key,zstd,64,360,23592960,19615922,0,6840,19622762,19490688.27694411,19490688.27694411
23,fp8_e4m3_sat,value,ans_lane,16,1440,23592960,19617064,737280,27360,20381704,19598955.43832059,19598955.43832059
23,fp8_e4m3_sat,value,ans_lane,256,96,23592960,19642132,49152,1824,19693108,19630110.404976267,19630110.404976267
23,fp8_e4m3_sat,value,ans_lane,64,360,23592960,19634552,184320,6840,19825712,19621150.631891705,19621150.631891705
23,fp8_e4m3_sat,value,ans_lane_shared,16,1440,23592960,19653936,0,27360,19681296,19598955.43832059,19598955.43832059
23,fp8_e4m3_sat,value,ans_lane_shared,256,96,23592960,19648556,0,1824,19650380,19630110.404976267,19630110.404976267
23,fp8_e4m3_sat,value,ans_lane_shared,64,360,23592960,19649604,0,6840,19656444,19621150.631891705,19621150.631891705
23,fp8_e4m3_sat,value,zstd,64,360,23592960,19772348,0,6840,19779188,19621150.631891705,19621150.631891705
23,native,convolution,ans_lane,,24,1572864,1063484,24576,648,1088708,1062262.139637331,1235726.1271737968
23,native,convolution,ans_lane_shared,,24,1572864,1066124,0,648,1066772,1062262.139637331,1235726.1271737968
23,native,convolution,zstd,,24,1572864,1242708,0,456,1243164,1062262.139637331,1235726.1271737968
23,native,recurrent,ans_lane,,24,50331648,43028276,49152,1032,43078460,43011934.423730984,47161883.73451341
23,native,recurrent,ans_lane_shared,,24,50331648,43046860,0,1032,43047892,43011934.423730984,47161883.73451341
23,native,recurrent,zstd,,24,50331648,47242251,0,456,47242707,43011934.423730984,47161883.73451341
24,bf16,key,ans_lane,16,672,22020096,14809468,688128,18144,15515740,14789381.118240051,17226563.941044945
24,bf16,key,ans_lane,256,48,22020096,14820660,49152,1296,14871108,14805932.41599151,17241627.526051417
24,bf16,key,ans_lane,64,168,22020096,14818192,172032,4536,14994760,14802368.289228791,17238448.92506759
24,bf16,key,ans_lane_shared,16,672,22020096,14827692,0,18144,14845836,14789381.118240051,17226563.941044945
24,bf16,key,ans_lane_shared,256,48,22020096,14822596,0,1296,14823892,14805932.41599151,17241627.526051417
24,bf16,key,ans_lane_shared,64,168,22020096,14823556,0,4536,14828092,14802368.289228791,17238448.92506759
24,bf16,key,ans_raw,64,168,22020096,17239324,86016,3192,17328532,14802368.289228791,17238448.92506759
24,bf16,key,zstd,64,168,22020096,17312996,0,3192,17316188,14802368.289228791,17238448.92506759
24,bf16,value,ans_lane,16,672,22020096,14868756,688128,18144,15575028,14848667.331510013,17282975.102025907
24,bf16,value,ans_lane,256,48,22020096,14882596,49152,1296,14933044,14867834.310983283,17300605.01539612
24,bf16,value,ans_lane,64,168,22020096,14879288,172032,4536,15055856,14863432.369158268,17296588.369778298
24,bf16,value,ans_lane_shared,16,672,22020096,14891136,0,18144,14909280,14848667.331510013,17282975.102025907
24,bf16,value,ans_lane_shared,256,48,22020096,14885976,0,1296,14887272,14867834.310983283,17300605.01539612
24,bf16,value,ans_lane_shared,64,168,22020096,14886956,0,4536,14891492,14863432.369158268,17296588.369778298
24,bf16,value,ans_raw,64,168,22020096,17297460,86016,3192,17386668,14863432.369158268,17296588.369778298
24,bf16,value,zstd,64,168,22020096,17387845,0,3192,17391037,14863432.369158268,17296588.369778298
24,fp8_e4m3_sat,key,ans_lane,16,672,11010048,9093920,344064,12768,9450752,9085416.323289627,9085416.323289627
24,fp8_e4m3_sat,key,ans_lane,256,48,11010048,9102336,24576,912,9127824,9096493.022689747,9096493.022689747
24,fp8_e4m3_sat,key,ans_lane,64,168,11010048,9100184,86016,3192,9189392,9093736.319552407,9093736.319552407
24,fp8_e4m3_sat,key,ans_lane_shared,16,672,11010048,9107148,0,12768,9119916,9085416.323289627,9085416.323289627
24,fp8_e4m3_sat,key,ans_lane_shared,256,48,11010048,9104696,0,912,9105608,9096493.022689747,9096493.022689747
24,fp8_e4m3_sat,key,ans_lane_shared,64,168,11010048,9105184,0,3192,9108376,9093736.319552407,9093736.319552407
24,fp8_e4m3_sat,key,zstd,64,168,11010048,9151944,0,3192,9155136,9093736.319552407,9093736.319552407
24,fp8_e4m3_sat,value,ans_lane,16,672,11010048,9162244,344064,12768,9519076,9153723.813200668,9153723.813200668
24,fp8_e4m3_sat,value,ans_lane,256,48,11010048,9173832,24576,912,9199320,9168232.744553952,9168232.744553952
24,fp8_e4m3_sat,value,ans_lane,64,168,11010048,9170680,86016,3192,9259888,9164417.509034615,9164417.509034615
24,fp8_e4m3_sat,value,ans_lane_shared,16,672,11010048,9180388,0,12768,9193156,9153723.813200668,9153723.813200668
24,fp8_e4m3_sat,value,ans_lane_shared,256,48,11010048,9177952,0,912,9178864,9168232.744553952,9168232.744553952
24,fp8_e4m3_sat,value,ans_lane_shared,64,168,11010048,9178404,0,3192,9181596,9164417.509034615,9164417.509034615
24,fp8_e4m3_sat,value,zstd,64,168,11010048,9234820,0,3192,9238012,9164417.509034615,9164417.509034615
24,native,convolution,ans_lane,,24,1572864,1067020,24576,648,1092244,1065788.0647594081,1238849.2385800264
24,native,convolution,ans_lane_shared,,24,1572864,1073768,0,648,1074416,1065788.0647594081,1238849.2385800264
24,native,convolution,zstd,,24,1572864,1230798,0,456,1231254,1065788.0647594081,1238849.2385800264
24,native,recurrent,ans_lane,,24,50331648,42999792,49152,1032,43049976,42983438.56384269,47139214.2838448
24,native,recurrent,ans_lane_shared,,24,50331648,43021008,0,1032,43022040,42983438.56384269,47139214.2838448
24,native,recurrent,zstd,,24,50331648,47237945,0,456,47238401,42983438.56384269,47139214.2838448
25,bf16,key,ans_lane,16,256,8388608,5641008,262144,6912,5910064,5633383.725684545,6562191.897309219
25,bf16,key,ans_lane,256,16,8388608,5645432,16384,432,5662248,5639835.057007879,6568075.551492029
25,bf16,key,ans_lane,64,64,8388608,5644388,65536,1728,5711652,5638362.338374185,6566759.772720507
25,bf16,key,ans_lane_shared,16,256,8388608,5648092,0,6912,5655004,5633383.725684545,6562191.897309219
25,bf16,key,ans_lane_shared,256,16,8388608,5646076,0,432,5646508,5639835.057007879,6568075.551492029
25,bf16,key,ans_lane_shared,64,64,8388608,5646476,0,1728,5648204,5638362.338374185,6566759.772720507
25,bf16,key,ans_raw,64,64,8388608,6567092,32768,1216,6601076,5638362.338374185,6566759.772720507
25,bf16,key,zstd,64,64,8388608,6595514,0,1216,6596730,5638362.338374185,6566759.772720507
25,bf16,value,ans_lane,16,256,8388608,5659520,262144,6912,5928576,5651870.088091386,6579689.661568167
25,bf16,value,ans_lane,256,16,8388608,5664872,16384,432,5681688,5659265.450896015,6586477.194987904
25,bf16,value,ans_lane,64,64,8388608,5663580,65536,1728,5730844,5657521.789348583,6584888.170635276
25,bf16,value,ans_lane_shared,16,256,8388608,5667764,0,6912,5674676,5651870.088091386,6579689.661568167
25,bf16,value,ans_lane_shared,256,16,8388608,5665796,0,432,5666228,5659265.450896015,6586477.194987904
25,bf16,value,ans_lane_shared,64,64,8388608,5666196,0,1728,5667924,5657521.789348583,6584888.170635276
25,bf16,value,ans_raw,64,64,8388608,6585236,32768,1216,6619220,5657521.789348583,6584888.170635276
25,bf16,value,zstd,64,64,8388608,6620288,0,1216,6621504,5657521.789348583,6584888.170635276
25,fp8_e4m3_sat,key,ans_lane,16,256,4194304,3464060,131072,4864,3599996,3460769.9107302204,3460769.9107302204
25,fp8_e4m3_sat,key,ans_lane,256,16,4194304,3467336,8192,304,3475832,3465121.7514129328,3465121.7514129328
25,fp8_e4m3_sat,key,ans_lane,64,64,4194304,3466416,32768,1216,3500400,3463972.6668128036,3463972.6668128036
25,fp8_e4m3_sat,key,ans_lane_shared,16,256,4194304,3469096,0,4864,3473960,3460769.9107302204,3460769.9107302204
25,fp8_e4m3_sat,key,ans_lane_shared,256,16,4194304,3468140,0,304,3468444,3465121.7514129328,3465121.7514129328
25,fp8_e4m3_sat,key,ans_lane_shared,64,64,4194304,3468324,0,1216,3469540,3463972.6668128036,3463972.6668128036
25,fp8_e4m3_sat,key,zstd,64,64,4194304,3486016,0,1216,3487232,3463972.6668128036,3463972.6668128036
25,fp8_e4m3_sat,value,ans_lane,16,256,4194304,3485664,131072,4864,3621600,3482444.4766469407,3482444.4766469407
25,fp8_e4m3_sat,value,ans_lane,256,16,4194304,3490176,8192,304,3498672,3488079.765289492,3488079.765289492
25,fp8_e4m3_sat,value,ans_lane,64,64,4194304,3488924,32768,1216,3522908,3486566.1414385727,3486566.1414385727
25,fp8_e4m3_sat,value,ans_lane_shared,16,256,4194304,3492252,0,4864,3497116,3482444.4766469407,3482444.4766469407
25,fp8_e4m3_sat,value,ans_lane_shared,256,16,4194304,3491288,0,304,3491592,3488079.765289492,3488079.765289492
25,fp8_e4m3_sat,value,ans_lane_shared,64,64,4194304,3491500,0,1216,3492716,3486566.1414385727,3486566.1414385727
25,fp8_e4m3_sat,value,zstd,64,64,4194304,3513683,0,1216,3514899,3486566.1414385727,3486566.1414385727
25,native,convolution,ans_lane,,24,1572864,1066008,24576,648,1091232,1064785.2029170685,1237970.5279240622
25,native,convolution,ans_lane_shared,,24,1572864,1070636,0,648,1071284,1064785.2029170685,1237970.5279240622
25,native,convolution,zstd,,24,1572864,1244822,0,456,1245278,1064785.2029170685,1237970.5279240622
25,native,recurrent,ans_lane,,24,50331648,42978820,49152,1032,43029004,42962453.43762469,47124476.73719286
25,native,recurrent,ans_lane_shared,,24,50331648,42998344,0,1032,42999376,42962453.43762469,47124476.73719286
25,native,recurrent,zstd,,24,50331648,47240875,0,456,47241331,42962453.43762469,47124476.73719286
26,bf16,key,ans_lane,16,320,10485760,7049616,327680,8640,7385936,7040067.686412328,8200565.109376394
26,bf16,key,ans_lane,256,24,10485760,7054848,24576,648,7080072,7047819.333424399,8207624.898374571
26,bf16,key,ans_lane,64,80,10485760,7053772,81920,2160,7137852,7046239.1676760055,8206208.120644821
26,bf16,key,ans_lane_shared,16,320,10485760,7058180,0,8640,7066820,7040067.686412328,8200565.109376394
26,bf16,key,ans_lane_shared,256,24,10485760,7055744,0,648,7056392,7047819.333424399,8207624.898374571
26,bf16,key,ans_lane_shared,64,80,10485760,7056208,0,2160,7058368,7046239.1676760055,8206208.120644821
26,bf16,key,ans_raw,64,80,10485760,8206620,40960,1520,8249100,7046239.1676760055,8206208.120644821
26,bf16,key,zstd,64,80,10485760,8241906,0,1520,8243426,7046239.1676760055,8206208.120644821
26,bf16,value,ans_lane,16,320,10485760,7075856,327680,8640,7412176,7066283.360576929,8225955.328780258
26,bf16,value,ans_lane,256,24,10485760,7082076,24576,648,7107300,7075032.470074504,8233981.8732228195
26,bf16,value,ans_lane,64,80,10485760,7080504,81920,2160,7164584,7072955.031638315,8232101.121566133
26,bf16,value,ans_lane_shared,16,320,10485760,7085676,0,8640,7094316,7066283.360576929,8225955.328780258
26,bf16,value,ans_lane_shared,256,24,10485760,7083228,0,648,7083876,7075032.470074504,8233981.8732228195
26,bf16,value,ans_lane_shared,64,80,10485760,7083708,0,2160,7085868,7072955.031638315,8232101.121566133
26,bf16,value,ans_raw,64,80,10485760,8232508,40960,1520,8274988,7072955.031638315,8232101.121566133
26,bf16,value,zstd,64,80,10485760,8275998,0,1520,8277518,7072955.031638315,8232101.121566133
26,fp8_e4m3_sat,key,ans_lane,16,320,5242880,4326880,163840,6080,4496800,4322774.158644889,4322774.158644889
26,fp8_e4m3_sat,key,ans_lane,256,24,5242880,4330668,12288,456,4343412,4327863.807772849,4327863.807772849
26,fp8_e4m3_sat,key,ans_lane,64,80,5242880,4329772,40960,1520,4372252,4326702.798691921,4326702.798691921
26,fp8_e4m3_sat,key,ans_lane_shared,16,320,5242880,4332964,0,6080,4339044,4322774.158644889,4322774.158644889
26,fp8_e4m3_sat,key,ans_lane_shared,256,24,5242880,4331748,0,456,4332204,4327863.807772849,4327863.807772849
26,fp8_e4m3_sat,key,ans_lane_shared,64,80,5242880,4331976,0,1520,4333496,4326702.798691921,4326702.798691921
26,fp8_e4m3_sat,key,zstd,64,80,5242880,4354046,0,1520,4355566,4326702.798691921,4326702.798691921
26,fp8_e4m3_sat,value,ans_lane,16,320,5242880,4358844,163840,6080,4528764,4354787.603504238,4354787.603504238
26,fp8_e4m3_sat,value,ans_lane,256,24,5242880,4364096,12288,456,4376840,4361392.008865933,4361392.008865933
26,fp8_e4m3_sat,value,ans_lane,64,80,5242880,4362540,40960,1520,4405020,4359561.976524448,4359561.976524448
26,fp8_e4m3_sat,value,ans_lane_shared,16,320,5242880,4366628,0,6080,4372708,4354787.603504238,4354787.603504238
26,fp8_e4m3_sat,value,ans_lane_shared,256,24,5242880,4365444,0,456,4365900,4361392.008865933,4361392.008865933
26,fp8_e4m3_sat,value,ans_lane_shared,64,80,5242880,4365656,0,1520,4367176,4359561.976524448,4359561.976524448
26,fp8_e4m3_sat,value,zstd,64,80,5242880,4392886,0,1520,4394406,4359561.976524448,4359561.976524448
26,native,convolution,ans_lane,,24,1572864,1064336,24576,648,1089560,1063101.392508809,1236510.980246221
26,native,convolution,ans_lane_shared,,24,1572864,1066948,0,648,1067596,1063101.392508809,1236510.980246221
26,native,convolution,zstd,,24,1572864,1243686,0,456,1244142,1063101.392508809,1236510.980246221
26,native,recurrent,ans_lane,,24,50331648,43017820,49152,1032,43068004,43001482.25773524,47151225.72787339
26,native,recurrent,ans_lane_shared,,24,50331648,43031704,0,1032,43032736,43001482.25773524,47151225.72787339
26,native,recurrent,zstd,,24,50331648,47249357,0,456,47249813,43001482.25773524,47151225.72787339
27,bf16,key,ans_lane,16,1152,37748736,25387124,1179648,31104,26597876,25352806.088973172,29530294.64378563
27,bf16,key,ans_lane,256,72,37748736,25406720,73728,1944,25482392,25381538.78890102,29556466.793439154
27,bf16,key,ans_lane,64,288,37748736,25402340,294912,7776,25705028,25375266.417662416,29550828.81026005
27,bf16,key,ans_lane_shared,16,1152,37748736,25418444,0,31104,25449548,25352806.088973172,29530294.64378563
27,bf16,key,ans_lane_shared,256,72,37748736,25409556,0,1944,25411500,25381538.78890102,29556466.793439154
27,bf16,key,ans_lane_shared,64,288,37748736,25411316,0,7776,25419092,25375266.417662416,29550828.81026005
27,bf16,key,ans_raw,64,288,37748736,29552364,147456,5472,29705292,25375266.417662416,29550828.81026005
27,bf16,key,zstd,64,288,37748736,29678733,0,5472,29684205,25375266.417662416,29550828.81026005
27,bf16,value,ans_lane,16,1152,37748736,25479920,1179648,31104,26690672,25445513.65981708,29618354.903538276
27,bf16,value,ans_lane,256,72,37748736,25503100,73728,1944,25578772,25477873.78113462,29648110.491887704
27,bf16,value,ans_lane,64,288,37748736,25497892,294912,7776,25800580,25470746.394186508,29641624.612917416
27,bf16,value,ans_lane_shared,16,1152,37748736,25517284,0,31104,25548388,25445513.65981708,29618354.903538276
27,bf16,value,ans_lane_shared,256,72,37748736,25508392,0,1944,25510336,25477873.78113462,29648110.491887704
27,bf16,value,ans_lane_shared,64,288,37748736,25510148,0,7776,25517924,25470746.394186508,29641624.612917416
27,bf16,value,ans_raw,64,288,37748736,29643148,147456,5472,29796076,25470746.394186508,29641624.612917416
27,bf16,value,zstd,64,288,37748736,29798145,0,5472,29803617,25470746.394186508,29641624.612917416
27,fp8_e4m3_sat,key,ans_lane,16,1152,18874368,15590812,589824,21888,16202524,15576090.854146114,15576090.854146114
27,fp8_e4m3_sat,key,ans_lane,256,72,18874368,15605280,36864,1368,15643512,15595290.585002962,15595290.585002962
27,fp8_e4m3_sat,key,ans_lane,64,288,18874368,15601580,147456,5472,15754508,15590553.931323146,15590553.931323146
27,fp8_e4m3_sat,key,ans_lane_shared,16,1152,18874368,15613140,0,21888,15635028,15576090.854146114,15576090.854146114
27,fp8_e4m3_sat,key,ans_lane_shared,256,72,18874368,15608796,0,1368,15610164,15595290.585002962,15595290.585002962
27,fp8_e4m3_sat,key,ans_lane_shared,64,288,18874368,15609672,0,5472,15615144,15590553.931323146,15590553.931323146
27,fp8_e4m3_sat,key,zstd,64,288,18874368,15690588,0,5472,15696060,15590553.931323146,15590553.931323146
27,fp8_e4m3_sat,value,ans_lane,16,1152,18874368,15697112,589824,21888,16308824,15682548.362356279,15682548.362356279
27,fp8_e4m3_sat,value,ans_lane,256,72,18874368,15716248,36864,1368,15754480,15706649.12930393,15706649.12930393
27,fp8_e4m3_sat,value,ans_lane,64,288,18874368,15711484,147456,5472,15864412,15700757.00299618,15700757.00299618
27,fp8_e4m3_sat,value,ans_lane_shared,16,1152,18874368,15727080,0,21888,15748968,15682548.362356279,15682548.362356279
27,fp8_e4m3_sat,value,ans_lane_shared,256,72,18874368,15722744,0,1368,15724112,15706649.12930393,15706649.12930393
27,fp8_e4m3_sat,value,ans_lane_shared,64,288,18874368,15723644,0,5472,15729116,15700757.00299618,15700757.00299618
27,fp8_e4m3_sat,value,zstd,64,288,18874368,15821506,0,5472,15826978,15700757.00299618,15700757.00299618
27,native,convolution,ans_lane,,24,1572864,1064048,24576,648,1089272,1062821.3634527382,1236357.9711035362
27,native,convolution,ans_lane_shared,,24,1572864,1067064,0,648,1067712,1062821.3634527382,1236357.9711035362
27,native,convolution,zstd,,24,1572864,1243383,0,456,1243839,1062821.3634527382,1236357.9711035362
27,native,recurrent,ans_lane,,24,50331648,43050824,49152,1032,43101008,43034472.79689073,47179340.64707524
27,native,recurrent,ans_lane_shared,,24,50331648,43085264,0,1032,43086296,43034472.79689073,47179340.64707524
27,native,recurrent,zstd,,24,50331648,47255376,0,456,47255832,43034472.79689073,47179340.64707524
28,bf16,key,ans_lane,16,1440,47185920,31725848,1474560,38880,33239288,31682996.03109669,36905673.27544468
28,bf16,key,ans_lane,256,96,47185920,31750124,98304,2592,31851020,31718591.390346248,36938114.004999265
28,bf16,key,ans_lane,64,360,47185920,31744760,368640,9720,32123120,31710904.56858518,36931237.301857315
28,bf16,key,ans_lane_shared,16,1440,47185920,31765140,0,38880,31804020,31682996.03109669,36905673.27544468
28,bf16,key,ans_lane_shared,256,96,47185920,31754020,0,2592,31756612,31718591.390346248,36938114.004999265
28,bf16,key,ans_lane_shared,64,360,47185920,31756184,0,9720,31765904,31710904.56858518,36931237.301857315
28,bf16,key,ans_raw,64,360,47185920,36933088,184320,6840,37124248,31710904.56858518,36931237.301857315
28,bf16,key,zstd,64,360,47185920,37091976,0,6840,37098816,31710904.56858518,36931237.301857315
28,bf16,value,ans_lane,16,1440,47185920,31860420,1474560,38880,33373860,31817294.08939089,37033205.58972614
28,bf16,value,ans_lane,256,96,47185920,31890708,98304,2592,31991604,31859107.694397528,37071643.8030799
28,bf16,value,ans_lane,64,360,47185920,31882420,368640,9720,32260780,31848442.388918687,37061908.77305405
28,bf16,value,ans_lane_shared,16,1440,47185920,31908816,0,38880,31947696,31817294.08939089,37033205.58972614
28,bf16,value,ans_lane_shared,256,96,47185920,31897636,0,2592,31900228,31859107.694397528,37071643.8030799
28,bf16,value,ans_lane_shared,64,360,47185920,31899796,0,9720,31909516,31848442.388918687,37061908.77305405
28,bf16,value,ans_raw,64,360,47185920,37063828,184320,6840,37254988,31848442.388918687,37061908.77305405
28,bf16,value,zstd,64,360,47185920,37257133,0,6840,37263973,31848442.388918687,37061908.77305405
28,fp8_e4m3_sat,key,ans_lane,16,1440,23592960,19473700,737280,27360,20238340,19455376.248265788,19455376.248265788
28,fp8_e4m3_sat,key,ans_lane,256,96,23592960,19491680,49152,1824,19542656,19479160.983034994,19479160.983034994
28,fp8_e4m3_sat,key,ans_lane,64,360,23592960,19486984,184320,6840,19678144,19473170.600024194,19473170.600024194
28,fp8_e4m3_sat,key,ans_lane_shared,16,1440,23592960,19501504,0,27360,19528864,19455376.248265788,19455376.248265788
28,fp8_e4m3_sat,key,ans_lane_shared,256,96,23592960,19496172,0,1824,19497996,19479160.983034994,19479160.983034994
28,fp8_e4m3_sat,key,ans_lane_shared,64,360,23592960,19497252,0,6840,19504092,19473170.600024194,19473170.600024194
28,fp8_e4m3_sat,key,zstd,64,360,23592960,19597696,0,6840,19604536,19473170.600024194,19473170.600024194
28,fp8_e4m3_sat,value,ans_lane,16,1440,23592960,19633648,737280,27360,20398288,19615379.782998342,19615379.782998342
28,fp8_e4m3_sat,value,ans_lane,256,96,23592960,19659492,49152,1824,19710468,19647397.54205841,19647397.54205841
28,fp8_e4m3_sat,value,ans_lane,64,360,23592960,19651128,184320,6840,19842288,19637722.716646794,19637722.716646794
28,fp8_e4m3_sat,value,ans_lane_shared,16,1440,23592960,19673364,0,27360,19700724,19615379.782998342,19615379.782998342
28,fp8_e4m3_sat,value,ans_lane_shared,256,96,23592960,19667984,0,1824,19669808,19647397.54205841,19647397.54205841
28,fp8_e4m3_sat,value,ans_lane_shared,64,360,23592960,19669004,0,6840,19675844,19637722.716646794,19637722.716646794
28,fp8_e4m3_sat,value,zstd,64,360,23592960,19787307,0,6840,19794147,19637722.716646794,19637722.716646794
28,native,convolution,ans_lane,,24,1572864,1063756,24576,648,1088980,1062513.5076993753,1236236.0365995509
28,native,convolution,ans_lane_shared,,24,1572864,1067104,0,648,1067752,1062513.5076993753,1236236.0365995509
28,native,convolution,zstd,,24,1572864,1243401,0,456,1243857,1062513.5076993753,1236236.0365995509
28,native,recurrent,ans_lane,,24,50331648,42955464,49152,1032,43005648,42939111.36550586,47106501.02518114
28,native,recurrent,ans_lane_shared,,24,50331648,42966480,0,1032,42967512,42939111.36550586,47106501.02518114
28,native,recurrent,zstd,,24,50331648,47244366,0,456,47244822,42939111.36550586,47106501.02518114
29,bf16,key,ans_lane,16,320,10485760,7051272,327680,8640,7387592,7041657.349122693,8202349.075432682
29,bf16,key,ans_lane,256,24,10485760,7056524,24576,648,7081748,7049480.833638987,8209484.730953888
29,bf16,key,ans_lane,64,80,10485760,7055404,81920,2160,7139484,7047871.918883764,8208046.98006825
29,bf16,key,ans_lane_shared,16,320,10485760,7059916,0,8640,7068556,7041657.349122693,8202349.075432682
29,bf16,key,ans_lane_shared,256,24,10485760,7057488,0,648,7058136,7049480.833638987,8209484.730953888
29,bf16,key,ans_lane_shared,64,80,10485760,7057968,0,2160,7060128,7047871.918883764,8208046.98006825
29,bf16,key,ans_raw,64,80,10485760,8208476,40960,1520,8250956,7047871.918883764,8208046.98006825
29,bf16,key,zstd,64,80,10485760,8243596,0,1520,8245116,7047871.918883764,8208046.98006825
29,bf16,value,ans_lane,16,320,10485760,7077840,327680,8640,7414160,7068296.8332881555,8227541.455605296
29,bf16,value,ans_lane,256,24,10485760,7084480,24576,648,7109704,7077440.195237065,8235922.09732278
29,bf16,value,ans_lane,64,80,10485760,7082772,81920,2160,7166852,7075243.093973253,8233938.251605868
29,bf16,value,ans_lane_shared,16,320,10485760,7088256,0,8640,7096896,7068296.8332881555,8227541.455605296
29,bf16,value,ans_lane_shared,256,24,10485760,7085812,0,648,7086460,7077440.195237065,8235922.09732278
29,bf16,value,ans_lane_shared,64,80,10485760,7086276,0,2160,7088436,7075243.093973253,8233938.251605868
29,bf16,value,ans_raw,64,80,10485760,8234352,40960,1520,8276832,7075243.093973253,8233938.251605868
29,bf16,value,zstd,64,80,10485760,8277630,0,1520,8279150,7075243.093973253,8233938.251605868
29,fp8_e4m3_sat,key,ans_lane,16,320,5242880,4329448,163840,6080,4499368,4325378.600252706,4325378.600252706
29,fp8_e4m3_sat,key,ans_lane,256,24,5242880,4333432,12288,456,4346176,4330641.54638311,4330641.54638311
29,fp8_e4m3_sat,key,ans_lane,64,80,5242880,4332500,40960,1520,4374980,4329427.972995443,4329427.972995443
29,fp8_e4m3_sat,key,ans_lane_shared,16,320,5242880,4335656,0,6080,4341736,4325378.600252706,4325378.600252706
29,fp8_e4m3_sat,key,ans_lane_shared,256,24,5242880,4334488,0,456,4334944,4330641.54638311,4330641.54638311
29,fp8_e4m3_sat,key,ans_lane_shared,64,80,5242880,4334724,0,1520,4336244,4329427.972995443,4329427.972995443
29,fp8_e4m3_sat,key,zstd,64,80,5242880,4357391,0,1520,4358911,4329427.972995443,4329427.972995443
29,fp8_e4m3_sat,value,ans_lane,16,320,5242880,4360272,163840,6080,4530192,4356261.928397466,4356261.928397466
29,fp8_e4m3_sat,value,ans_lane,256,24,5242880,4365964,12288,456,4378708,4363276.676450021,4363276.676450021
29,fp8_e4m3_sat,value,ans_lane,64,80,5242880,4364208,40960,1520,4406688,4361230.411359287,4361230.411359287
29,fp8_e4m3_sat,value,ans_lane_shared,16,320,5242880,4368784,0,6080,4374864,4356261.928397466,4356261.928397466
29,fp8_e4m3_sat,value,ans_lane_shared,256,24,5242880,4367628,0,456,4368084,4363276.676450021,4363276.676450021
29,fp8_e4m3_sat,value,ans_lane_shared,64,80,5242880,4367876,0,1520,4369396,4361230.411359287,4361230.411359287
29,fp8_e4m3_sat,value,zstd,64,80,5242880,4394865,0,1520,4396385,4361230.411359287,4361230.411359287
29,native,convolution,ans_lane,,24,1572864,1063856,24576,648,1089080,1062633.1969045924,1236219.7260961896
29,native,convolution,ans_lane_shared,,24,1572864,1065836,0,648,1066484,1062633.1969045924,1236219.7260961896
29,native,convolution,zstd,,24,1572864,1243401,0,456,1243857,1062633.1969045924,1236219.7260961896
29,native,recurrent,ans_lane,,24,50331648,42989604,49152,1032,43039788,42973257.60619397,47131128.15375668
29,native,recurrent,ans_lane_shared,,24,50331648,42999708,0,1032,43000740,42973257.60619397,47131128.15375668
29,native,recurrent,zstd,,24,50331648,47244009,0,456,47244465,42973257.60619397,47131128.15375668
3,bf16,key,ans_lane,16,224,7340032,4935608,229376,6048,5171032,4928944.071975346,5741520.976128352
3,bf16,key,ans_lane,256,16,7340032,4939368,16384,432,4956184,4934460.886293459,5746541.193708777
3,bf16,key,ans_lane,64,56,7340032,4938564,57344,1512,4997420,4933298.321274756,5745501.531253657
3,bf16,key,ans_lane_shared,16,224,7340032,4941660,0,6048,4947708,4928944.071975346,5741520.976128352
3,bf16,key,ans_lane_shared,256,16,7340032,4939936,0,432,4940368,4934460.886293459,5746541.193708777
3,bf16,key,ans_lane_shared,64,56,7340032,4940260,0,1512,4941772,4933298.321274756,5745501.531253657
3,bf16,key,ans_raw,64,56,7340032,5745784,28672,1064,5775520,4933298.321274756,5745501.531253657
3,bf16,key,zstd,64,56,7340032,5770287,0,1064,5771351,4933298.321274756,5745501.531253657
3,bf16,value,ans_lane,16,224,7340032,4952652,229376,6048,5188076,4945915.9682569,5757761.067848915
3,bf16,value,ans_lane,256,16,7340032,4957152,16384,432,4973968,4952238.637966188,5763580.478916224
3,bf16,value,ans_lane,64,56,7340032,4956052,57344,1512,5014908,4950782.768861364,5762255.458394584
3,bf16,value,ans_lane_shared,16,224,7340032,4959564,0,6048,4965612,4945915.9682569,5757761.067848915
3,bf16,value,ans_lane_shared,256,16,7340032,4957796,0,432,4958228,4952238.637966188,5763580.478916224
3,bf16,value,ans_lane_shared,64,56,7340032,4958120,0,1512,4959632,4950782.768861364,5762255.458394584
3,bf16,value,ans_raw,64,56,7340032,5762552,28672,1064,5792288,4950782.768861364,5762255.458394584
3,bf16,value,zstd,64,56,7340032,5793302,0,1064,5794366,4950782.768861364,5762255.458394584
3,fp8_e4m3_sat,key,ans_lane,16,224,3670016,3029188,114688,4256,3148132,3026397.9874962713,3026397.9874962713
3,fp8_e4m3_sat,key,ans_lane,256,16,3670016,3031968,8192,304,3040464,3030014.009981956,3030014.009981956
3,fp8_e4m3_sat,key,ans_lane,64,56,3670016,3031260,28672,1064,3060996,3029111.696213819,3029111.696213819
3,fp8_e4m3_sat,key,ans_lane_shared,16,224,3670016,3033328,0,4256,3037584,3026397.9874962713,3026397.9874962713
3,fp8_e4m3_sat,key,ans_lane_shared,256,16,3670016,3032504,0,304,3032808,3030014.009981956,3030014.009981956
3,fp8_e4m3_sat,key,ans_lane_shared,64,56,3670016,3032668,0,1064,3033732,3029111.696213819,3029111.696213819
3,fp8_e4m3_sat,key,zstd,64,56,3670016,3048386,0,1064,3049450,3029111.696213819,3029111.696213819
3,fp8_e4m3_sat,value,ans_lane,16,224,3670016,3050832,114688,4256,3169776,3047995.0956573,3047995.0956573
3,fp8_e4m3_sat,value,ans_lane,256,16,3670016,3054592,8192,304,3063088,3052723.145255063,3052723.145255063
3,fp8_e4m3_sat,value,ans_lane,64,56,3670016,3053576,28672,1064,3083312,3051496.8523967043,3051496.8523967043
3,fp8_e4m3_sat,value,ans_lane_shared,16,224,3670016,3055988,0,4256,3060244,3047995.0956573,3047995.0956573
3,fp8_e4m3_sat,value,ans_lane_shared,256,16,3670016,3055156,0,304,3055460,3052723.145255063,3052723.145255063
3,fp8_e4m3_sat,value,ans_lane_shared,64,56,3670016,3055324,0,1064,3056388,3051496.8523967043,3051496.8523967043
3,fp8_e4m3_sat,value,zstd,64,56,3670016,3075231,0,1064,3076295,3051496.8523967043,3051496.8523967043
3,native,convolution,ans_lane,,24,1572864,1066424,24576,648,1091648,1065216.393006843,1238521.7710603909
3,native,convolution,ans_lane_shared,,24,1572864,1071528,0,648,1072176,1065216.393006843,1238521.7710603909
3,native,convolution,zstd,,24,1572864,1245349,0,456,1245805,1065216.393006843,1238521.7710603909
3,native,recurrent,ans_lane,,24,50331648,43020032,49152,1032,43070216,43003649.06491054,47156272.079303645
3,native,recurrent,ans_lane_shared,,24,50331648,43039612,0,1032,43040644,43003649.06491054,47156272.079303645
3,native,recurrent,zstd,,24,50331648,47240667,0,456,47241123,43003649.06491054,47156272.079303645
30,bf16,key,ans_lane,16,768,25165824,16915144,786432,20736,17722312,16892264.261889048,19677431.233626977
30,bf16,key,ans_lane,256,48,25165824,16928292,49152,1296,16978740,16911515.68368229,19694983.143226676
30,bf16,key,ans_lane,64,192,25165824,16925352,196608,5184,17127144,16907287.54868918,19691184.056027655
30,bf16,key,ans_lane_shared,16,768,25165824,16936564,0,20736,16957300,16892264.261889048,19677431.233626977
30,bf16,key,ans_lane_shared,256,48,25165824,16930568,0,1296,16931864,16911515.68368229,19694983.143226676
30,bf16,key,ans_lane_shared,64,192,25165824,16931768,0,5184,16936952,16907287.54868918,19691184.056027655
30,bf16,key,ans_raw,64,192,25165824,19692228,98304,3648,19794180,16907287.54868918,19691184.056027655
30,bf16,key,zstd,64,192,25165824,19776971,0,3648,19780619,16907287.54868918,19691184.056027655
30,bf16,value,ans_lane,16,768,25165824,16984896,786432,20736,17792064,16962062.35302786,19744427.93377359
30,bf16,value,ans_lane,256,48,25165824,17000736,49152,1296,17051184,16983925.184548877,19764555.52244827
30,bf16,value,ans_lane,64,192,25165824,16996592,196608,5184,17198384,16978522.182640333,19759626.755508997
30,bf16,value,ans_lane_shared,16,768,25165824,17009340,0,20736,17030076,16962062.35302786,19744427.93377359
30,bf16,value,ans_lane_shared,256,48,25165824,17003400,0,1296,17004696,16983925.184548877,19764555.52244827
30,bf16,value,ans_lane_shared,64,192,25165824,17004588,0,5184,17009772,16978522.182640333,19759626.755508997
30,bf16,value,ans_raw,64,192,25165824,19760636,98304,3648,19862588,16978522.182640333,19759626.755508997
30,bf16,value,zstd,64,192,25165824,19864670,0,3648,19868318,16978522.182640333,19759626.755508997
30,fp8_e4m3_sat,key,ans_lane,16,768,12582912,10378512,393216,14592,10786320,10368703.857612362,10368703.857612362
30,fp8_e4m3_sat,key,ans_lane,256,48,12582912,10388232,24576,912,10413720,10381558.737985987,10381558.737985987
30,fp8_e4m3_sat,key,ans_lane,64,192,12582912,10385764,98304,3648,10487716,10378393.154044509,10378393.154044509
30,fp8_e4m3_sat,key,ans_lane_shared,16,768,12582912,10393880,0,14592,10408472,10368703.857612362,10368703.857612362
30,fp8_e4m3_sat,key,ans_lane_shared,256,48,12582912,10390948,0,912,10391860,10381558.737985987,10381558.737985987
30,fp8_e4m3_sat,key,ans_lane_shared,64,192,12582912,10391516,0,3648,10395164,10378393.154044509,10378393.154044509
30,fp8_e4m3_sat,key,zstd,64,192,12582912,10444321,0,3648,10447969,10378393.154044509,10378393.154044509
30,fp8_e4m3_sat,value,ans_lane,16,768,12582912,10463456,393216,14592,10871264,10453794.492337883,10453794.492337883
30,fp8_e4m3_sat,value,ans_lane,256,48,12582912,10476624,24576,912,10502112,10470250.060793012,10470250.060793012
30,fp8_e4m3_sat,value,ans_lane,64,192,12582912,10472672,98304,3648,10574624,10465542.844084892,10465542.844084892
30,fp8_e4m3_sat,value,ans_lane_shared,16,768,12582912,10482840,0,14592,10497432,10453794.492337883,10453794.492337883
30,fp8_e4m3_sat,value,ans_lane_shared,256,48,12582912,10479972,0,912,10480884,10470250.060793012,10470250.060793012
30,fp8_e4m3_sat,value,ans_lane_shared,64,192,12582912,10480560,0,3648,10484208,10465542.844084892,10465542.844084892
30,fp8_e4m3_sat,value,zstd,64,192,12582912,10546390,0,3648,10550038,10465542.844084892,10465542.844084892
30,native,convolution,ans_lane,,24,1572864,1066980,24576,648,1092204,1065765.8018471645,1238892.4415470853
30,native,convolution,ans_lane_shared,,24,1572864,1073392,0,648,1074040,1065765.8018471645,1238892.4415470853
30,native,convolution,zstd,,24,1572864,1241384,0,456,1241840,1065765.8018471645,1238892.4415470853
30,native,recurrent,ans_lane,,24,50331648,42998576,49152,1032,43048760,42982203.87101231,47140008.40214716
30,native,recurrent,ans_lane_shared,,24,50331648,43018692,0,1032,43019724,42982203.87101231,47140008.40214716
30,native,recurrent,zstd,,24,50331648,47248504,0,456,47248960,42982203.87101231,47140008.40214716
31,bf16,key,ans_lane,16,480,15728640,10576180,491520,12960,11080660,10561820.549612815,12302572.17890251
31,bf16,key,ans_lane,256,32,15728640,10584308,32768,864,10617940,10573795.605482195,12313483.450579185
31,bf16,key,ans_lane,64,120,15728640,10582496,122880,3240,10708616,10571223.015037604,12311190.050996814
31,bf16,key,ans_lane_shared,16,480,15728640,10589356,0,12960,10602316,10561820.549612815,12302572.17890251
31,bf16,key,ans_lane_shared,256,32,15728640,10585664,0,864,10586528,10573795.605482195,12313483.450579185
31,bf16,key,ans_lane_shared,64,120,15728640,10586432,0,3240,10589672,10571223.015037604,12311190.050996814
31,bf16,key,ans_raw,64,120,15728640,12311824,61440,2280,12375544,10571223.015037604,12311190.050996814
31,bf16,key,zstd,64,120,15728640,12364502,0,2280,12366782,10571223.015037604,12311190.050996814
31,bf16,value,ans_lane,16,480,15728640,10621116,491520,12960,11125596,10606767.984122632,12345152.210153623
31,bf16,value,ans_lane,256,32,15728640,10630856,32768,864,10664488,10620340.260654565,12357613.812800938
31,bf16,value,ans_lane,64,120,15728640,10628740,122880,3240,10754860,10617429.818803921,12354966.124054419
31,bf16,value,ans_lane_shared,16,480,15728640,10636928,0,12960,10649888,10606767.984122632,12345152.210153623
31,bf16,value,ans_lane_shared,256,32,15728640,10633188,0,864,10634052,10620340.260654565,12357613.812800938
31,bf16,value,ans_lane_shared,64,120,15728640,10633924,0,3240,10637164,10617429.818803921,12354966.124054419
31,bf16,value,ans_raw,64,120,15728640,12355592,61440,2280,12419312,10617429.818803921,12354966.124054419
31,bf16,value,zstd,64,120,15728640,12420361,0,2280,12422641,10617429.818803921,12354966.124054419
31,fp8_e4m3_sat,key,ans_lane,16,480,7864320,6491564,245760,9120,6746444,6485468.997696896,6485468.997696896
31,fp8_e4m3_sat,key,ans_lane,256,32,7864320,6497700,16384,608,6514692,6493521.413503279,6493521.413503279
31,fp8_e4m3_sat,key,ans_lane,64,120,7864320,6496160,61440,2280,6559880,6491539.472690089,6491539.472690089
31,fp8_e4m3_sat,key,ans_lane_shared,16,480,7864320,6501156,0,9120,6510276,6485468.997696896,6485468.997696896
31,fp8_e4m3_sat,key,ans_lane_shared,256,32,7864320,6499360,0,608,6499968,6493521.413503279,6493521.413503279
31,fp8_e4m3_sat,key,ans_lane_shared,64,120,7864320,6499696,0,2280,6501976,6491539.472690089,6491539.472690089
31,fp8_e4m3_sat,key,zstd,64,120,7864320,6533006,0,2280,6535286,6491539.472690089,6491539.472690089
31,fp8_e4m3_sat,value,ans_lane,16,480,7864320,6545340,245760,9120,6800220,6539282.583823528,6539282.583823528
31,fp8_e4m3_sat,value,ans_lane,256,32,7864320,6553480,16384,608,6570472,6549486.888474849,6549486.888474849
31,fp8_e4m3_sat,value,ans_lane,64,120,7864320,6551536,61440,2280,6615256,6547085.113037019,6547085.113037019
31,fp8_e4m3_sat,value,ans_lane_shared,16,480,7864320,6558208,0,9120,6567328,6539282.583823528,6539282.583823528
31,fp8_e4m3_sat,value,ans_lane_shared,256,32,7864320,6556416,0,608,6557024,6549486.888474849,6549486.888474849
31,fp8_e4m3_sat,value,ans_lane_shared,64,120,7864320,6556752,0,2280,6559032,6547085.113037019,6547085.113037019
31,fp8_e4m3_sat,value,zstd,64,120,7864320,6597272,0,2280,6599552,6547085.113037019,6547085.113037019
31,native,convolution,ans_lane,,24,1572864,1062320,24576,648,1087544,1061091.7876980521,1234727.39536777
31,native,convolution,ans_lane_shared,,24,1572864,1063792,0,648,1064440,1061091.7876980521,1234727.39536777
31,native,convolution,zstd,,24,1572864,1241965,0,456,1242421,1061091.7876980521,1234727.39536777
31,native,recurrent,ans_lane,,24,50331648,42987000,49152,1032,43037184,42970668.400260806,47127943.01731533
31,native,recurrent,ans_lane_shared,,24,50331648,42997192,0,1032,42998224,42970668.400260806,47127943.01731533
31,native,recurrent,zstd,,24,50331648,47255974,0,456,47256430,42970668.400260806,47127943.01731533
4,bf16,key,ans_lane,16,160,5242880,3526940,163840,4320,3695100,3522155.6085036104,4102358.12217676
4,bf16,key,ans_lane,256,16,5242880,3529468,16384,432,3546284,3525916.0244241306,4105779.6812945683
4,bf16,key,ans_lane,64,40,5242880,3529024,40960,1080,3571064,3525253.4334454197,4105187.8855913323
4,bf16,key,ans_lane_shared,16,160,5242880,3531152,0,4320,3535472,3522155.6085036104,4102358.12217676
4,bf16,key,ans_lane_shared,256,16,5242880,3529956,0,432,3530388,3525916.0244241306,4105779.6812945683
4,bf16,key,ans_lane_shared,64,40,5242880,3530144,0,1080,3531224,3525253.4334454197,4105187.8855913323
4,bf16,key,ans_raw,64,40,5242880,4105396,20480,760,4126636,3525253.4334454197,4105187.8855913323
4,bf16,key,zstd,64,40,5242880,4122760,0,760,4123520,3525253.4334454197,4105187.8855913323
4,bf16,value,ans_lane,16,160,5242880,3536068,163840,4320,3704228,3531266.0334250405,4111032.8967868616
4,bf16,value,ans_lane,256,16,5242880,3539416,16384,432,3556232,3535852.7737673027,4115258.433540765
4,bf16,value,ans_lane,64,40,5242880,3538636,40960,1080,3580676,3534861.4692651867,4114344.1677907407
4,bf16,value,ans_lane_shared,16,160,5242880,3541164,0,4320,3545484,3531266.0334250405,4111032.8967868616
4,bf16,value,ans_lane_shared,256,16,5242880,3539944,0,432,3540376,3535852.7737673027,4115258.433540765
4,bf16,value,ans_lane_shared,64,40,5242880,3540148,0,1080,3541228,3534861.4692651867,4114344.1677907407
4,bf16,value,ans_raw,64,40,5242880,4114564,20480,760,4135804,3534861.4692651867,4114344.1677907407
4,bf16,value,zstd,64,40,5242880,4136091,0,760,4136851,3534861.4692651867,4114344.1677907407
4,fp8_e4m3_sat,key,ans_lane,16,160,2621440,2166332,81920,3040,2251292,2164311.211168597,2164311.211168597
4,fp8_e4m3_sat,key,ans_lane,256,16,2621440,2168144,8192,304,2176640,2166728.617253343,2166728.617253343
4,fp8_e4m3_sat,key,ans_lane,64,40,2621440,2167800,20480,760,2189040,2166271.4216044554,2166271.4216044554
4,fp8_e4m3_sat,key,ans_lane_shared,16,160,2621440,2169144,0,3040,2172184,2164311.211168597,2164311.211168597
4,fp8_e4m3_sat,key,ans_lane_shared,256,16,2621440,2168584,0,304,2168888,2166728.617253343,2166728.617253343
4,fp8_e4m3_sat,key,ans_lane_shared,64,40,2621440,2168680,0,760,2169440,2166271.4216044554,2166271.4216044554
4,fp8_e4m3_sat,key,zstd,64,40,2621440,2180207,0,760,2180967,2166271.4216044554,2166271.4216044554
4,fp8_e4m3_sat,value,ans_lane,16,160,2621440,2177808,81920,3040,2262768,2175790.585239272,2175790.585239272
4,fp8_e4m3_sat,value,ans_lane,256,16,2621440,2180716,8192,304,2189212,2179354.024498858,2179354.024498858
4,fp8_e4m3_sat,value,ans_lane,64,40,2621440,2179980,20480,760,2201220,2178503.71348434,2178503.71348434
4,fp8_e4m3_sat,value,ans_lane_shared,16,160,2621440,2181760,0,3040,2184800,2175790.585239272,2175790.585239272
4,fp8_e4m3_sat,value,ans_lane_shared,256,16,2621440,2181196,0,304,2181500,2179354.024498858,2179354.024498858
4,fp8_e4m3_sat,value,ans_lane_shared,64,40,2621440,2181284,0,760,2182044,2178503.71348434,2178503.71348434
4,fp8_e4m3_sat,value,zstd,64,40,2621440,2195007,0,760,2195767,2178503.71348434,2178503.71348434
4,native,convolution,ans_lane,,24,1572864,1063280,24576,648,1088504,1062058.4764994886,1235695.3297446058
4,native,convolution,ans_lane_shared,,24,1572864,1065032,0,648,1065680,1062058.4764994886,1235695.3297446058
4,native,convolution,zstd,,24,1572864,1242939,0,456,1243395,1062058.4764994886,1235695.3297446058
4,native,recurrent,ans_lane,,24,50331648,43021808,49152,1032,43071992,43005472.29226334,47154937.082668185
4,native,recurrent,ans_lane_shared,,24,50331648,43036580,0,1032,43037612,43005472.29226334,47154937.082668185
4,native,recurrent,zstd,,24,50331648,47247328,0,456,47247784,43005472.29226334,47154937.082668185
6,bf16,key,ans_lane,16,800,26214400,17632868,819200,21600,18473668,17608984.565832064,20509317.583333414
6,bf16,key,ans_lane,256,56,26214400,17646400,57344,1512,17705256,17628860.322178125,20527429.192150533
6,bf16,key,ans_lane,64,200,26214400,17643404,204800,5400,17853604,17624571.016416907,20523584.398478497
6,bf16,key,ans_lane_shared,16,800,26214400,17654488,0,21600,17676088,17608984.565832064,20509317.583333414
6,bf16,key,ans_lane_shared,256,56,26214400,17648348,0,1512,17649860,17628860.322178125,20527429.192150533
6,bf16,key,ans_lane_shared,64,200,26214400,17649556,0,5400,17654956,17624571.016416907,20523584.398478497
6,bf16,key,ans_raw,64,200,26214400,20524668,102400,3800,20630868,17624571.016416907,20523584.398478497
6,bf16,key,zstd,64,200,26214400,20611341,0,3800,20615141,17624571.016416907,20523584.398478497
6,bf16,value,ans_lane,16,800,26214400,17692004,819200,21600,18532804,17668107.76083496,20566114.756444942
6,bf16,value,ans_lane,256,56,26214400,17708280,57344,1512,17767136,17690721.61694657,20586872.966455605
6,bf16,value,ans_lane,64,200,26214400,17704780,204800,5400,17914980,17685924.739482615,20582536.967419248
6,bf16,value,ans_lane_shared,16,800,26214400,17717016,0,21600,17738616,17668107.76083496,20566114.756444942
6,bf16,value,ans_lane_shared,256,56,26214400,17710888,0,1512,17712400,17690721.61694657,20586872.966455605
6,bf16,value,ans_lane_shared,64,200,26214400,17712080,0,5400,17717480,17685924.739482615,20582536.967419248
6,bf16,value,ans_raw,64,200,26214400,20583568,102400,3800,20689768,17685924.739482615,20582536.967419248
6,bf16,value,zstd,64,200,26214400,20691888,0,3800,20695688,17685924.739482615,20582536.967419248
6,fp8_e4m3_sat,key,ans_lane,16,800,13107200,10830000,409600,15200,11254800,10819856.384581331,10819856.384581331
6,fp8_e4m3_sat,key,ans_lane,256,56,13107200,10840120,28672,1064,10869856,10833197.958123941,10833197.958123941
6,fp8_e4m3_sat,key,ans_lane,64,200,13107200,10837524,102400,3800,10943724,10829901.175332664,10829901.175332664
6,fp8_e4m3_sat,key,ans_lane_shared,16,800,13107200,10844852,0,15200,10860052,10819856.384581331,10819856.384581331
6,fp8_e4m3_sat,key,ans_lane_shared,256,56,13107200,10841888,0,1064,10842952,10833197.958123941,10833197.958123941
6,fp8_e4m3_sat,key,ans_lane_shared,64,200,13107200,10842480,0,3800,10846280,10829901.175332664,10829901.175332664
6,fp8_e4m3_sat,key,zstd,64,200,13107200,10900018,0,3800,10903818,10829901.175332664,10829901.175332664
6,fp8_e4m3_sat,value,ans_lane,16,800,13107200,10899308,409600,15200,11324108,10889194.466391353,10889194.466391353
6,fp8_e4m3_sat,value,ans_lane,256,56,13107200,10913000,28672,1064,10942736,10906291.635118522,10906291.635118522
6,fp8_e4m3_sat,value,ans_lane,64,200,13107200,10909748,102400,3800,11015948,10902297.666797841,10902297.666797841
6,fp8_e4m3_sat,value,ans_lane_shared,16,800,13107200,10918432,0,15200,10933632,10889194.466391353,10889194.466391353
6,fp8_e4m3_sat,value,ans_lane_shared,256,56,13107200,10915448,0,1064,10916512,10906291.635118522,10906291.635118522
6,fp8_e4m3_sat,value,ans_lane_shared,64,200,13107200,10916032,0,3800,10919832,10902297.666797841,10902297.666797841
6,fp8_e4m3_sat,value,zstd,64,200,13107200,10987017,0,3800,10990817,10902297.666797841,10902297.666797841
6,native,convolution,ans_lane,,24,1572864,1065032,24576,648,1090256,1063794.8513901555,1237106.9221050034
6,native,convolution,ans_lane_shared,,24,1572864,1068652,0,648,1069300,1063794.8513901555,1237106.9221050034
6,native,convolution,zstd,,24,1572864,1240328,0,456,1240784,1063794.8513901555,1237106.9221050034
6,native,recurrent,ans_lane,,24,50331648,42977656,49152,1032,43027840,42961300.469133645,47123034.7041159
6,native,recurrent,ans_lane_shared,,24,50331648,42991220,0,1032,42992252,42961300.469133645,47123034.7041159
6,native,recurrent,zstd,,24,50331648,47235627,0,456,47236083,42961300.469133645,47123034.7041159
7,bf16,key,ans_lane,16,672,22020096,14804616,688128,18144,15510888,14784620.491125496,17222006.35752616
7,bf16,key,ans_lane,256,48,22020096,14816020,49152,1296,14866468,14801285.09466035,17237187.97920544
7,bf16,key,ans_lane,64,168,22020096,14813600,172032,4536,14990168,14797790.121335777,17234043.515913032
7,bf16,key,ans_lane_shared,16,672,22020096,14822856,0,18144,14841000,14784620.491125496,17222006.35752616
7,bf16,key,ans_lane_shared,256,48,22020096,14817692,0,1296,14818988,14801285.09466035,17237187.97920544
7,bf16,key,ans_lane_shared,64,168,22020096,14818660,0,4536,14823196,14797790.121335777,17234043.515913032
7,bf16,key,ans_raw,64,168,22020096,17234908,86016,3192,17324116,14797790.121335777,17234043.515913032
7,bf16,key,zstd,64,168,22020096,17309170,0,3192,17312362,14797790.121335777,17234043.515913032
7,bf16,value,ans_lane,16,672,22020096,14852424,688128,18144,15558696,14832372.978336731,17267099.72403419
7,bf16,value,ans_lane,256,48,22020096,14866108,49152,1296,14916556,14851338.624421274,17284559.800810456
7,bf16,value,ans_lane,64,168,22020096,14862972,172032,4536,15039540,14847089.596403005,17280678.550733697
7,bf16,value,ans_lane_shared,16,672,22020096,14873300,0,18144,14891444,14832372.978336731,17267099.72403419
7,bf16,value,ans_lane_shared,256,48,22020096,14868104,0,1296,14869400,14851338.624421274,17284559.800810456
7,bf16,value,ans_lane_shared,64,168,22020096,14869148,0,4536,14873684,14847089.596403005,17280678.550733697
7,bf16,value,ans_raw,64,168,22020096,17281564,86016,3192,17370772,14847089.596403005,17280678.550733697
7,bf16,value,zstd,64,168,22020096,17372384,0,3192,17375576,14847089.596403005,17280678.550733697
7,fp8_e4m3_sat,key,ans_lane,16,672,11010048,9086548,344064,12768,9443380,9077996.37349215,9077996.37349215
7,fp8_e4m3_sat,key,ans_lane,256,48,11010048,9094964,24576,912,9120452,9089118.843111996,9089118.843111996
7,fp8_e4m3_sat,key,ans_lane,64,168,11010048,9092868,86016,3192,9182076,9086478.637692554,9086478.637692554
7,fp8_e4m3_sat,key,ans_lane_shared,16,672,11010048,9099040,0,12768,9111808,9077996.37349215,9077996.37349215
7,fp8_e4m3_sat,key,ans_lane_shared,256,48,11010048,9096504,0,912,9097416,9089118.843111996,9089118.843111996
7,fp8_e4m3_sat,key,ans_lane_shared,64,168,11010048,9096976,0,3192,9100168,9086478.637692554,9086478.637692554
7,fp8_e4m3_sat,key,zstd,64,168,11010048,9144600,0,3192,9147792,9086478.637692554,9086478.637692554
7,fp8_e4m3_sat,value,ans_lane,16,672,11010048,9146208,344064,12768,9503040,9137734.433850646,9137734.433850646
7,fp8_e4m3_sat,value,ans_lane,256,48,11010048,9157636,24576,912,9183124,9152008.884678042,9152008.884678042
7,fp8_e4m3_sat,value,ans_lane,64,168,11010048,9154644,86016,3192,9243852,9148375.269071264,9148375.269071264
7,fp8_e4m3_sat,value,ans_lane_shared,16,672,11010048,9161992,0,12768,9174760,9137734.433850646,9137734.433850646
7,fp8_e4m3_sat,value,ans_lane_shared,256,48,11010048,9159500,0,912,9160412,9152008.884678042,9152008.884678042
7,fp8_e4m3_sat,value,ans_lane_shared,64,168,11010048,9159992,0,3192,9163184,9148375.269071264,9148375.269071264
7,fp8_e4m3_sat,value,zstd,64,168,11010048,9219592,0,3192,9222784,9148375.269071264,9148375.269071264
7,native,convolution,ans_lane,,24,1572864,1065824,24576,648,1091048,1064591.506174616,1237799.777089777
7,native,convolution,ans_lane_shared,,24,1572864,1068876,0,648,1069524,1064591.506174616,1237799.777089777
7,native,convolution,zstd,,24,1572864,1245087,0,456,1245543,1064591.506174616,1237799.777089777
7,native,recurrent,ans_lane,,24,50331648,42999212,49152,1032,43049396,42982841.23678838,47138360.203586884
7,native,recurrent,ans_lane_shared,,24,50331648,43008092,0,1032,43009124,42982841.23678838,47138360.203586884
7,native,recurrent,zstd,,24,50331648,47236142,0,456,47236598,42982841.23678838,47138360.203586884
8,bf16,key,ans_lane,16,960,31457280,21150440,983040,25920,22159400,21121753.886858717,24602850.101682626
8,bf16,key,ans_lane,256,64,31457280,21166496,65536,1728,21233760,21145472.05377785,24624463.911963478
8,bf16,key,ans_lane,64,240,31457280,21162928,245760,6480,21415168,21140346.745627947,24619863.600491066
8,bf16,key,ans_lane_shared,16,960,31457280,21176108,0,25920,21202028,21121753.886858717,24602850.101682626
8,bf16,key,ans_lane_shared,256,64,31457280,21168760,0,1728,21170488,21145472.05377785,24624463.911963478
8,bf16,key,ans_lane_shared,64,240,31457280,21170228,0,6480,21176708,21140346.745627947,24619863.600491066
8,bf16,key,ans_raw,64,240,31457280,24621124,122880,4560,24748564,21140346.745627947,24619863.600491066
8,bf16,key,zstd,64,240,31457280,24726222,0,4560,24730782,21140346.745627947,24619863.600491066
8,bf16,value,ans_lane,16,960,31457280,21220300,983040,25920,22229260,21191590.175181042,24670348.966821298
8,bf16,value,ans_lane,256,64,31457280,21239580,65536,1728,21306844,21218512.17783543,24695081.19527306
8,bf16,value,ans_lane,64,240,31457280,21234932,245760,6480,21487172,21212292.64305061,24689428.793654285
8,bf16,value,ans_lane_shared,16,960,31457280,21249244,0,25920,21275164,21191590.175181042,24670348.966821298
8,bf16,value,ans_lane_shared,256,64,31457280,21241856,0,1728,21243584,21218512.17783543,24695081.19527306
8,bf16,value,ans_lane_shared,64,240,31457280,21243336,0,6480,21249816,21212292.64305061,24689428.793654285
8,bf16,value,ans_raw,64,240,31457280,24690680,122880,4560,24818120,21212292.64305061,24689428.793654285
8,bf16,value,zstd,64,240,31457280,24821130,0,4560,24825690,21212292.64305061,24689428.793654285
8,fp8_e4m3_sat,key,ans_lane,16,960,15728640,12984316,491520,18240,13494076,12972180.805121988,12972180.805121988
8,fp8_e4m3_sat,key,ans_lane,256,64,15728640,12996416,32768,1216,13030400,12988106.303278642,12988106.303278642
8,fp8_e4m3_sat,key,ans_lane,64,240,15728640,12993372,122880,4560,13120812,12984198.58275277,12984198.58275277
8,fp8_e4m3_sat,key,ans_lane_shared,16,960,15728640,13002120,0,18240,13020360,12972180.805121988,12972180.805121988
8,fp8_e4m3_sat,key,ans_lane_shared,256,64,15728640,12998520,0,1216,12999736,12988106.303278642,12988106.303278642
8,fp8_e4m3_sat,key,ans_lane_shared,64,240,15728640,12999224,0,4560,13003784,12984198.58275277,12984198.58275277
8,fp8_e4m3_sat,key,zstd,64,240,15728640,13067055,0,4560,13071615,12984198.58275277,12984198.58275277
8,fp8_e4m3_sat,value,ans_lane,16,960,15728640,13068788,491520,18240,13578548,13056674.971037762,13056674.971037762
8,fp8_e4m3_sat,value,ans_lane,256,64,15728640,13084768,32768,1216,13118752,13076741.315523043,13076741.315523043
8,fp8_e4m3_sat,value,ans_lane,64,240,15728640,13080500,122880,4560,13207940,13071548.394472167,13071548.394472167
8,fp8_e4m3_sat,value,ans_lane_shared,16,960,15728640,13090344,0,18240,13108584,13056674.971037762,13056674.971037762
8,fp8_e4m3_sat,value,ans_lane_shared,256,64,15728640,13086812,0,1216,13088028,13076741.315523043,13076741.315523043
8,fp8_e4m3_sat,value,ans_lane_shared,64,240,15728640,13087528,0,4560,13092088,13071548.394472167,13071548.394472167
8,fp8_e4m3_sat,value,zstd,64,240,15728640,13172849,0,4560,13177409,13071548.394472167,13071548.394472167
8,native,convolution,ans_lane,,24,1572864,1064048,24576,648,1089272,1062829.354736173,1236427.0008025917
8,native,convolution,ans_lane_shared,,24,1572864,1066412,0,648,1067060,1062829.354736173,1236427.0008025917
8,native,convolution,zstd,,24,1572864,1243434,0,456,1243890,1062829.354736173,1236427.0008025917
8,native,recurrent,ans_lane,,24,50331648,43064240,49152,1032,43114424,43047907.44391613,47186168.02471399
8,native,recurrent,ans_lane_shared,,24,50331648,43092384,0,1032,43093416,43047907.44391613,47186168.02471399
8,native,recurrent,zstd,,24,50331648,47260475,0,456,47260931,43047907.44391613,47186168.02471399
9,bf16,key,ans_lane,16,256,8388608,5640832,262144,6912,5909888,5633227.218893143,6561506.141863191
9,bf16,key,ans_lane,256,16,8388608,5645288,16384,432,5662104,5639688.2083860105,6567389.01532124
9,bf16,key,ans_lane,64,64,8388608,5644216,65536,1728,5711480,5638206.628468225,6566073.646769507
9,bf16,key,ans_lane_shared,16,256,8388608,5647868,0,6912,5654780,5633227.218893143,6561506.141863191
9,bf16,key,ans_lane_shared,256,16,8388608,5645852,0,432,5646284,5639688.2083860105,6567389.01532124
9,bf16,key,ans_lane_shared,64,64,8388608,5646248,0,1728,5647976,5638206.628468225,6566073.646769507
9,bf16,key,ans_raw,64,64,8388608,6566412,32768,1216,6600396,5638206.628468225,6566073.646769507
9,bf16,key,zstd,64,64,8388608,6594394,0,1216,6595610,5638206.628468225,6566073.646769507
9,bf16,value,ans_lane,16,256,8388608,5661972,262144,6912,5931028,5654294.279832662,6581619.9219114715
9,bf16,value,ans_lane,256,16,8388608,5667492,16384,432,5684308,5661880.1779049225,6588560.114032175
9,bf16,value,ans_lane,64,64,8388608,5665980,65536,1728,5733244,5659956.087016435,6586815.912728984
9,bf16,value,ans_lane_shared,16,256,8388608,5670208,0,6912,5677120,5654294.279832662,6581619.9219114715
9,bf16,value,ans_lane_shared,256,16,8388608,5668196,0,432,5668628,5661880.1779049225,6588560.114032175
9,bf16,value,ans_lane_shared,64,64,8388608,5668576,0,1728,5670304,5659956.087016435,6586815.912728984
9,bf16,value,ans_raw,64,64,8388608,6587152,32768,1216,6621136,5659956.087016435,6586815.912728984
9,bf16,value,zstd,64,64,8388608,6621841,0,1216,6623057,5659956.087016435,6586815.912728984
9,fp8_e4m3_sat,key,ans_lane,16,256,4194304,3463296,131072,4864,3599232,3460089.28457292,3460089.28457292
9,fp8_e4m3_sat,key,ans_lane,256,16,4194304,3466724,8192,304,3475220,3464527.9163220483,3464527.9163220483
9,fp8_e4m3_sat,key,ans_lane,64,64,4194304,3465752,32768,1216,3499736,3463323.8342233705,3463323.8342233705
9,fp8_e4m3_sat,key,ans_lane_shared,16,256,4194304,3468244,0,4864,3473108,3460089.28457292,3460089.28457292
9,fp8_e4m3_sat,key,ans_lane_shared,256,16,4194304,3467248,0,304,3467552,3464527.9163220483,3464527.9163220483
9,fp8_e4m3_sat,key,ans_lane_shared,64,64,4194304,3467448,0,1216,3468664,3463323.8342233705,3463323.8342233705
9,fp8_e4m3_sat,key,zstd,64,64,4194304,3485730,0,1216,3486946,3463323.8342233705,3463323.8342233705
9,fp8_e4m3_sat,value,ans_lane,16,256,4194304,3487972,131072,4864,3623908,3484721.318834937,3484721.318834937
9,fp8_e4m3_sat,value,ans_lane,256,16,4194304,3492724,8192,304,3501220,3490607.3122302224,3490607.3122302224
9,fp8_e4m3_sat,value,ans_lane,64,64,4194304,3491220,32768,1216,3525204,3488831.006235358,3488831.006235358
9,fp8_e4m3_sat,value,ans_lane_shared,16,256,4194304,3494320,0,4864,3499184,3484721.318834937,3484721.318834937
9,fp8_e4m3_sat,value,ans_lane_shared,256,16,4194304,3493388,0,304,3493692,3490607.3122302224,3490607.3122302224
9,fp8_e4m3_sat,value,ans_lane_shared,64,64,4194304,3493576,0,1216,3494792,3488831.006235358,3488831.006235358
9,fp8_e4m3_sat,value,zstd,64,64,4194304,3515858,0,1216,3517074,3488831.006235358,3488831.006235358
9,native,convolution,ans_lane,,24,1572864,1065232,24576,648,1090456,1064003.1535918368,1237439.849040019
9,native,convolution,ans_lane_shared,,24,1572864,1067920,0,648,1068568,1064003.1535918368,1237439.849040019
9,native,convolution,zstd,,24,1572864,1244512,0,456,1244968,1064003.1535918368,1237439.849040019
9,native,recurrent,ans_lane,,24,50331648,43046988,49152,1032,43097172,43030644.89553727,47174138.96544335
9,native,recurrent,ans_lane_shared,,24,50331648,43075872,0,1032,43076904,43030644.89553727,47174138.96544335
9,native,recurrent,zstd,,24,50331648,47259328,0,456,47259784,43030644.89553727,47174138.96544335
