run_id,state_id,layer_idx,layer_type,state_kind,state_idx,dtype,element_size,block_size,block_index,tensor_byte_offset,raw_bytes,codec,payload_bytes,probability_table_bytes,header_bytes,required_padding_bytes,compressed_total_bytes,raw_sha256,decoded_sha256,bit_exact,artifact_path,artifact_frame_offset,artifact_container_bytes
20261004_m2b_qwen35_trace1_2k_ansraw,layer00.convolution.0,0,linear_attention,convolution,0,bfloat16,2,262144,0,0,65536,ans_raw,52132,1024,465,0,53621,319692d4c2ceef8e615f8834bb48eadaf618eb57f1bf882a04cc224d6f6c4f2e,319692d4c2ceef8e615f8834bb48eadaf618eb57f1bf882a04cc224d6f6c4f2e,true,/home/zhouziang/Workspace/compression/kv_compression/artifacts/raw/20261004_m2b_qwen35_trace1_2k_ansraw/ans_raw_262144.akvpack,0,53613
20261004_m2b_qwen35_trace1_2k_ansraw,layer00.recurrent.0,0,linear_attention,recurrent,0,float32,4,262144,0,0,262144,ans_raw,245580,1024,467,0,247071,2c7a4dcfc51bed7043a4d15f0c26dbc9dddc5b08028be1d84404450879c495d4,2c7a4dcfc51bed7043a4d15f0c26dbc9dddc5b08028be1d84404450879c495d4,true,/home/zhouziang/Workspace/compression/kv_compression/artifacts/raw/20261004_m2b_qwen35_trace1_2k_ansraw/ans_raw_262144.akvpack,53621,247063
20261004_m2b_qwen35_trace1_2k_ansraw,layer00.recurrent.0,0,linear_attention,recurrent,0,float32,4,262144,1,262144,262144,ans_raw,245632,1024,472,0,247128,169795fc4d8b86cdf4c171de3e00462a833c8ce7a18a25af4832d61879292cc5,169795fc4d8b86cdf4c171de3e00462a833c8ce7a18a25af4832d61879292cc5,true,/home/zhouziang/Workspace/compression/kv_compression/artifacts/raw/20261004_m2b_qwen35_trace1_2k_ansraw/ans_raw_262144.akvpack,300692,247120
20261004_m2b_qwen35_trace1_2k_ansraw,layer00.recurrent.0,0,linear_attention,recurrent,0,float32,4,262144,2,524288,262144,ans_raw,242608,1024,472,0,244104,5b7ba2aad85e1845c6e724550e257e1cc11eb425e28c87695a32efbd01a57f21,5b7ba2aad85e1845c6e724550e257e1cc11eb425e28c87695a32efbd01a57f21,true,/home/zhouziang/Workspace/compression/kv_compression/artifacts/raw/20261004_m2b_qwen35_trace1_2k_ansraw/ans_raw_262144.akvpack,547820,244096
20261004_m2b_qwen35_trace1_2k_ansraw,layer00.recurrent.0,0,linear_attention,recurrent,0,float32,4,262144,3,786432,262144,ans_raw,246188,1024,472,0,247684,b388efe93b138070d556f93661eb11fd55a8b984a1068cf6b546cf69f612cbf9,b388efe93b138070d556f93661eb11fd55a8b984a1068cf6b546cf69f612cbf9,true,/home/zhouziang/Workspace/compression/kv_compression/artifacts/raw/20261004_m2b_qwen35_trace1_2k_ansraw/ans_raw_262144.akvpack,791924,247676
20261004_m2b_qwen35_trace1_2k_ansraw,layer00.recurrent.0,0,linear_attention,recurrent,0,float32,4,262144,4,1048576,262144,ans_raw,242332,1024,473,0,243829,d0084d0d911495ab21cec7f937439120736b6d0222855a3f5b39b897f6af40ae,d0084d0d911495ab21cec7f937439120736b6d0222855a3f5b39b897f6af40ae,true,/home/zhouziang/Workspace/compression/kv_compression/artifacts/raw/20261004_m2b_qwen35_trace1_2k_ansraw/ans_raw_262144.akvpack,1039608,243821
20261004_m2b_qwen35_trace1_2k_ansraw,layer00.recurrent.0,0,linear_attention,recurrent,0,float32,4,262144,5,1310720,262144,ans_raw,247396,1024,473,0,248893,14d62116ef1113f80171994accd55f5a37c291f8a30a99cec38b0eaea21e0fbb,14d62116ef1113f80171994accd55f5a37c291f8a30a99cec38b0eaea21e0fbb,true,/home/zhouziang/Workspace/compression/kv_compression/artifacts/raw/20261004_m2b_qwen35_trace1_2k_ansraw/ans_raw_262144.akvpack,1283437,248885
20261004_m2b_qwen35_trace1_2k_ansraw,layer00.recurrent.0,0,linear_attention,recurrent,0,float32,4,262144,6,1572864,262144,ans_raw,246504,1024,473,0,248001,d1332e7d4eec475544c18ecf4ea54784f5369bafec232cccdfb077a6675acd54,d1332e7d4eec475544c18ecf4ea54784f5369bafec232cccdfb077a6675acd54,true,/home/zhouziang/Workspace/compression/kv_compression/artifacts/raw/20261004_m2b_qwen35_trace1_2k_ansraw/ans_raw_262144.akvpack,1532330,247993
20261004_m2b_qwen35_trace1_2k_ansraw,layer00.recurrent.0,0,linear_attention,recurrent,0,float32,4,262144,7,1835008,262144,ans_raw,246908,1024,473,0,248405,f4ff4b1777da088f59c30ab7cb2d0a18c0092ade64c976fc0810151c4519e5ef,f4ff4b1777da088f59c30ab7cb2d0a18c0092ade64c976fc0810151c4519e5ef,true,/home/zhouziang/Workspace/compression/kv_compression/artifacts/raw/20261004_m2b_qwen35_trace1_2k_ansraw/ans_raw_262144.akvpack,1780331,248397
20261004_m2b_qwen35_trace1_2k_ansraw,layer01.convolution.0,1,linear_attention,convolution,0,bfloat16,2,262144,0,0,65536,ans_raw,51504,1024,465,0,52993,66abf30793f07d4d7130bf6a79262b72f42a247db0879574959fe72b049bcbc9,66abf30793f07d4d7130bf6a79262b72f42a247db0879574959fe72b049bcbc9,true,/home/zhouziang/Workspace/compression/kv_compression/artifacts/raw/20261004_m2b_qwen35_trace1_2k_ansraw/ans_raw_262144.akvpack,2028736,52985
20261004_m2b_qwen35_trace1_2k_ansraw,layer01.recurrent.0,1,linear_attention,recurrent,0,float32,4,262144,0,0,262144,ans_raw,245348,1024,467,0,246839,4350e0b4ac08f056f79bc1b24582b0120d7760e40a9d66b6809c697c79a6a989,4350e0b4ac08f056f79bc1b24582b0120d7760e40a9d66b6809c697c79a6a989,true,/home/zhouziang/Workspace/compression/kv_compression/artifacts/raw/20261004_m2b_qwen35_trace1_2k_ansraw/ans_raw_262144.akvpack,2081729,246831
20261004_m2b_qwen35_trace1_2k_ansraw,layer01.recurrent.0,1,linear_attention,recurrent,0,float32,4,262144,1,262144,262144,ans_raw,243408,1024,472,0,244904,33739a9eacf16faf9bd4a261e3f52cf875355a4616d63751c1180bc7b3e50dcc,33739a9eacf16faf9bd4a261e3f52cf875355a4616d63751c1180bc7b3e50dcc,true,/home/zhouziang/Workspace/compression/kv_compression/artifacts/raw/20261004_m2b_qwen35_trace1_2k_ansraw/ans_raw_262144.akvpack,2328568,244896
20261004_m2b_qwen35_trace1_2k_ansraw,layer01.recurrent.0,1,linear_attention,recurrent,0,float32,4,262144,2,524288,262144,ans_raw,245908,1024,472,0,247404,f774d9d178f9dce21b153189e6caf0046a592b3bd5940d6ab71b24b9f1ac2580,f774d9d178f9dce21b153189e6caf0046a592b3bd5940d6ab71b24b9f1ac2580,true,/home/zhouziang/Workspace/compression/kv_compression/artifacts/raw/20261004_m2b_qwen35_trace1_2k_ansraw/ans_raw_262144.akvpack,2573472,247396
20261004_m2b_qwen35_trace1_2k_ansraw,layer01.recurrent.0,1,linear_attention,recurrent,0,float32,4,262144,3,786432,262144,ans_raw,244904,1024,472,0,246400,8e3476a982d0394324de1c7ce0fb4945ee7817c09c901a256a7d3879d8c83d35,8e3476a982d0394324de1c7ce0fb4945ee7817c09c901a256a7d3879d8c83d35,true,/home/zhouziang/Workspace/compression/kv_compression/artifacts/raw/20261004_m2b_qwen35_trace1_2k_ansraw/ans_raw_262144.akvpack,2820876,246392
20261004_m2b_qwen35_trace1_2k_ansraw,layer01.recurrent.0,1,linear_attention,recurrent,0,float32,4,262144,4,1048576,262144,ans_raw,244720,1024,473,0,246217,48dad9c0aad84acc73b17b4143c966d428f18834ec3ee481468fe351de99b793,48dad9c0aad84acc73b17b4143c966d428f18834ec3ee481468fe351de99b793,true,/home/zhouziang/Workspace/compression/kv_compression/artifacts/raw/20261004_m2b_qwen35_trace1_2k_ansraw/ans_raw_262144.akvpack,3067276,246209
20261004_m2b_qwen35_trace1_2k_ansraw,layer01.recurrent.0,1,linear_attention,recurrent,0,float32,4,262144,5,1310720,262144,ans_raw,244992,1024,473,0,246489,0234ac054a2c3903a4c8daf207a3cb9eea372b9c350c6588496ec74866d91b94,0234ac054a2c3903a4c8daf207a3cb9eea372b9c350c6588496ec74866d91b94,true,/home/zhouziang/Workspace/compression/kv_compression/artifacts/raw/20261004_m2b_qwen35_trace1_2k_ansraw/ans_raw_262144.akvpack,3313493,246481
20261004_m2b_qwen35_trace1_2k_ansraw,layer01.recurrent.0,1,linear_attention,recurrent,0,float32,4,262144,6,1572864,262144,ans_raw,244648,1024,473,0,246145,bf970e7198e6c729d5eaff00cc21a676561dbbcc0f35aa29dc4311e9973e99d0,bf970e7198e6c729d5eaff00cc21a676561dbbcc0f35aa29dc4311e9973e99d0,true,/home/zhouziang/Workspace/compression/kv_compression/artifacts/raw/20261004_m2b_qwen35_trace1_2k_ansraw/ans_raw_262144.akvpack,3559982,246137
20261004_m2b_qwen35_trace1_2k_ansraw,layer01.recurrent.0,1,linear_attention,recurrent,0,float32,4,262144,7,1835008,262144,ans_raw,245128,1024,473,0,246625,f4ceb1ebfadb92a1f1da82eabc4b395ec5e6221514644d22a5e94f4a92eb2918,f4ceb1ebfadb92a1f1da82eabc4b395ec5e6221514644d22a5e94f4a92eb2918,true,/home/zhouziang/Workspace/compression/kv_compression/artifacts/raw/20261004_m2b_qwen35_trace1_2k_ansraw/ans_raw_262144.akvpack,3806127,246617
20261004_m2b_qwen35_trace1_2k_ansraw,layer02.convolution.0,2,linear_attention,convolution,0,bfloat16,2,262144,0,0,65536,ans_raw,51412,1024,465,0,52901,65558fe063e68c3ae863bb44dedc93a18f1e535fb3a61c533d20ce02b0910663,65558fe063e68c3ae863bb44dedc93a18f1e535fb3a61c533d20ce02b0910663,true,/home/zhouziang/Workspace/compression/kv_compression/artifacts/raw/20261004_m2b_qwen35_trace1_2k_ansraw/ans_raw_262144.akvpack,4052752,52893
20261004_m2b_qwen35_trace1_2k_ansraw,layer02.recurrent.0,2,linear_attention,recurrent,0,float32,4,262144,0,0,262144,ans_raw,245424,1024,467,0,246915,c24796d60b086a4c0a901eef1054c7a6c42a8d8efb23809028c952437a77b529,c24796d60b086a4c0a901eef1054c7a6c42a8d8efb23809028c952437a77b529,true,/home/zhouziang/Workspace/compression/kv_compression/artifacts/raw/20261004_m2b_qwen35_trace1_2k_ansraw/ans_raw_262144.akvpack,4105653,246907
20261004_m2b_qwen35_trace1_2k_ansraw,layer02.recurrent.0,2,linear_attention,recurrent,0,float32,4,262144,1,262144,262144,ans_raw,244604,1024,472,0,246100,e1448c07ab50bd7e6b0e1d32767a971a7124ddd3a42aebc97af78aad51694ba0,e1448c07ab50bd7e6b0e1d32767a971a7124ddd3a42aebc97af78aad51694ba0,true,/home/zhouziang/Workspace/compression/kv_compression/artifacts/raw/20261004_m2b_qwen35_trace1_2k_ansraw/ans_raw_262144.akvpack,4352568,246092
20261004_m2b_qwen35_trace1_2k_ansraw,layer02.recurrent.0,2,linear_attention,recurrent,0,float32,4,262144,2,524288,262144,ans_raw,244812,1024,472,0,246308,5ba7c177308769849921a507c26869f21779810d85e3991002c34511e8c927e5,5ba7c177308769849921a507c26869f21779810d85e3991002c34511e8c927e5,true,/home/zhouziang/Workspace/compression/kv_compression/artifacts/raw/20261004_m2b_qwen35_trace1_2k_ansraw/ans_raw_262144.akvpack,4598668,246300
20261004_m2b_qwen35_trace1_2k_ansraw,layer02.recurrent.0,2,linear_attention,recurrent,0,float32,4,262144,3,786432,262144,ans_raw,244736,1024,472,0,246232,3d877d55c4a850fb325ec3b3fa1f28361a551e4b5550568a81d6ce2c885b67d8,3d877d55c4a850fb325ec3b3fa1f28361a551e4b5550568a81d6ce2c885b67d8,true,/home/zhouziang/Workspace/compression/kv_compression/artifacts/raw/20261004_m2b_qwen35_trace1_2k_ansraw/ans_raw_262144.akvpack,4844976,246224
20261004_m2b_qwen35_trace1_2k_ansraw,layer02.recurrent.0,2,linear_attention,recurrent,0,float32,4,262144,4,1048576,262144,ans_raw,244152,1024,473,0,245649,4b3d97d2d85232c3807ed954bb482bd6dfc0692c7d1a3d048d45b1ae9c9ea5e4,4b3d97d2d85232c3807ed954bb482bd6dfc0692c7d1a3d048d45b1ae9c9ea5e4,true,/home/zhouziang/Workspace/compression/kv_compression/artifacts/raw/20261004_m2b_qwen35_trace1_2k_ansraw/ans_raw_262144.akvpack,5091208,245641
20261004_m2b_qwen35_trace1_2k_ansraw,layer02.recurrent.0,2,linear_attention,recurrent,0,float32,4,262144,5,1310720,262144,ans_raw,245612,1024,473,0,247109,80a35e4f904ccb38258350d6815e5ed4337ab8d578efcaad09a587eed806881f,80a35e4f904ccb38258350d6815e5ed4337ab8d578efcaad09a587eed806881f,true,/home/zhouziang/Workspace/compression/kv_compression/artifacts/raw/20261004_m2b_qwen35_trace1_2k_ansraw/ans_raw_262144.akvpack,5336857,247101
20261004_m2b_qwen35_trace1_2k_ansraw,layer02.recurrent.0,2,linear_attention,recurrent,0,float32,4,262144,6,1572864,262144,ans_raw,245416,1024,473,0,246913,e6ad39bd7e06dd6d3409f24b57cc9915f1b81660ddb6740b63cd244fdade5239,e6ad39bd7e06dd6d3409f24b57cc9915f1b81660ddb6740b63cd244fdade5239,true,/home/zhouziang/Workspace/compression/kv_compression/artifacts/raw/20261004_m2b_qwen35_trace1_2k_ansraw/ans_raw_262144.akvpack,5583966,246905
20261004_m2b_qwen35_trace1_2k_ansraw,layer02.recurrent.0,2,linear_attention,recurrent,0,float32,4,262144,7,1835008,262144,ans_raw,245628,1024,473,0,247125,df2e76a667dc003a70ebe647b1c8275fc0977a345e106eae456a49f4b566e926,df2e76a667dc003a70ebe647b1c8275fc0977a345e106eae456a49f4b566e926,true,/home/zhouziang/Workspace/compression/kv_compression/artifacts/raw/20261004_m2b_qwen35_trace1_2k_ansraw/ans_raw_262144.akvpack,5830879,247117
20261004_m2b_qwen35_trace1_2k_ansraw,layer03.key.0,3,full_attention,key,0,bfloat16,2,262144,0,0,262144,ans_raw,204968,1024,454,0,206446,1d06f17a9065b2408a614a30d90d52d0f6d1dbb1bc91918b3326659c8983ddc5,1d06f17a9065b2408a614a30d90d52d0f6d1dbb1bc91918b3326659c8983ddc5,true,/home/zhouziang/Workspace/compression/kv_compression/artifacts/raw/20261004_m2b_qwen35_trace1_2k_ansraw/ans_raw_262144.akvpack,6078004,206438
20261004_m2b_qwen35_trace1_2k_ansraw,layer03.key.0,3,full_attention,key,0,bfloat16,2,262144,1,262144,262144,ans_raw,205460,1024,459,0,206943,30edae7f46a7f8c3cfa40732f3c44d9ea8b5a57ec235303e7db5e8402026a12d,30edae7f46a7f8c3cfa40732f3c44d9ea8b5a57ec235303e7db5e8402026a12d,true,/home/zhouziang/Workspace/compression/kv_compression/artifacts/raw/20261004_m2b_qwen35_trace1_2k_ansraw/ans_raw_262144.akvpack,6284450,206935
20261004_m2b_qwen35_trace1_2k_ansraw,layer03.key.0,3,full_attention,key,0,bfloat16,2,262144,2,524288,262144,ans_raw,205476,1024,459,0,206959,0ce38899f106febb16c32a16e7263b7c5b8cc279b7162403b0a771c127291fb8,0ce38899f106febb16c32a16e7263b7c5b8cc279b7162403b0a771c127291fb8,true,/home/zhouziang/Workspace/compression/kv_compression/artifacts/raw/20261004_m2b_qwen35_trace1_2k_ansraw/ans_raw_262144.akvpack,6491393,206951
20261004_m2b_qwen35_trace1_2k_ansraw,layer03.key.0,3,full_attention,key,0,bfloat16,2,262144,3,786432,262144,ans_raw,205360,1024,459,0,206843,b6eb6343a86ef0487bc56ad1b74357613abda4171107fdd28c0f27e20a458449,b6eb6343a86ef0487bc56ad1b74357613abda4171107fdd28c0f27e20a458449,true,/home/zhouziang/Workspace/compression/kv_compression/artifacts/raw/20261004_m2b_qwen35_trace1_2k_ansraw/ans_raw_262144.akvpack,6698352,206835
20261004_m2b_qwen35_trace1_2k_ansraw,layer03.key.0,3,full_attention,key,0,bfloat16,2,262144,4,1048576,262144,ans_raw,204644,1024,460,0,206128,7f7fdc51b99a7f9ab4ccd42603ad7d48fb88efc80bdcb15fac4b077b78151901,7f7fdc51b99a7f9ab4ccd42603ad7d48fb88efc80bdcb15fac4b077b78151901,true,/home/zhouziang/Workspace/compression/kv_compression/artifacts/raw/20261004_m2b_qwen35_trace1_2k_ansraw/ans_raw_262144.akvpack,6905195,206120
20261004_m2b_qwen35_trace1_2k_ansraw,layer03.key.0,3,full_attention,key,0,bfloat16,2,262144,5,1310720,262144,ans_raw,204884,1024,460,0,206368,f2b378911f7d736ce2c35dc36c62b23ffdb512a9038c175b77cc293586e54710,f2b378911f7d736ce2c35dc36c62b23ffdb512a9038c175b77cc293586e54710,true,/home/zhouziang/Workspace/compression/kv_compression/artifacts/raw/20261004_m2b_qwen35_trace1_2k_ansraw/ans_raw_262144.akvpack,7111323,206360
20261004_m2b_qwen35_trace1_2k_ansraw,layer03.key.0,3,full_attention,key,0,bfloat16,2,262144,6,1572864,262144,ans_raw,205160,1024,460,0,206644,96341ee3cd836894648346a0c1ed18aade97373a67247f1df73866ab13dea980,96341ee3cd836894648346a0c1ed18aade97373a67247f1df73866ab13dea980,true,/home/zhouziang/Workspace/compression/kv_compression/artifacts/raw/20261004_m2b_qwen35_trace1_2k_ansraw/ans_raw_262144.akvpack,7317691,206636
20261004_m2b_qwen35_trace1_2k_ansraw,layer03.key.0,3,full_attention,key,0,bfloat16,2,262144,7,1835008,262144,ans_raw,205136,1024,460,0,206620,e9c6ba562305a455afbb93c014b090b0e35c2c058c2eddb5f635fa25829459d3,e9c6ba562305a455afbb93c014b090b0e35c2c058c2eddb5f635fa25829459d3,true,/home/zhouziang/Workspace/compression/kv_compression/artifacts/raw/20261004_m2b_qwen35_trace1_2k_ansraw/ans_raw_262144.akvpack,7524335,206612
20261004_m2b_qwen35_trace1_2k_ansraw,layer03.key.0,3,full_attention,key,0,bfloat16,2,262144,8,2097152,262144,ans_raw,204476,1024,460,0,205960,bb24ff8e592e640e51a05b46fa8b662426ec37c70d1e57f6004ea6fcde557a95,bb24ff8e592e640e51a05b46fa8b662426ec37c70d1e57f6004ea6fcde557a95,true,/home/zhouziang/Workspace/compression/kv_compression/artifacts/raw/20261004_m2b_qwen35_trace1_2k_ansraw/ans_raw_262144.akvpack,7730955,205952
20261004_m2b_qwen35_trace1_2k_ansraw,layer03.key.0,3,full_attention,key,0,bfloat16,2,262144,9,2359296,262144,ans_raw,204236,1024,460,0,205720,d3e1bc2a5291af19651a1d179ef9ba99b789657160a3e509e0d794daaf4da9e5,d3e1bc2a5291af19651a1d179ef9ba99b789657160a3e509e0d794daaf4da9e5,true,/home/zhouziang/Workspace/compression/kv_compression/artifacts/raw/20261004_m2b_qwen35_trace1_2k_ansraw/ans_raw_262144.akvpack,7936915,205712
20261004_m2b_qwen35_trace1_2k_ansraw,layer03.key.0,3,full_attention,key,0,bfloat16,2,262144,10,2621440,262144,ans_raw,204572,1024,461,0,206057,2a403b1003c78517ba11853a9f6216d1c15b60d26a62652b09a1d15b29001863,2a403b1003c78517ba11853a9f6216d1c15b60d26a62652b09a1d15b29001863,true,/home/zhouziang/Workspace/compression/kv_compression/artifacts/raw/20261004_m2b_qwen35_trace1_2k_ansraw/ans_raw_262144.akvpack,8142635,206049
20261004_m2b_qwen35_trace1_2k_ansraw,layer03.key.0,3,full_attention,key,0,bfloat16,2,262144,11,2883584,262144,ans_raw,204548,1024,461,0,206033,66fbafb8e360b499771a296870c35d37a3bf4d9e05c06b37def4bcb4e43f6af6,66fbafb8e360b499771a296870c35d37a3bf4d9e05c06b37def4bcb4e43f6af6,true,/home/zhouziang/Workspace/compression/kv_compression/artifacts/raw/20261004_m2b_qwen35_trace1_2k_ansraw/ans_raw_262144.akvpack,8348692,206025
20261004_m2b_qwen35_trace1_2k_ansraw,layer03.key.0,3,full_attention,key,0,bfloat16,2,262144,12,3145728,262144,ans_raw,204280,1024,461,0,205765,27b1932327111410899e21a6b535689b158a65637b78ab0197b5bcf9ba83ddda,27b1932327111410899e21a6b535689b158a65637b78ab0197b5bcf9ba83ddda,true,/home/zhouziang/Workspace/compression/kv_compression/artifacts/raw/20261004_m2b_qwen35_trace1_2k_ansraw/ans_raw_262144.akvpack,8554725,205757
20261004_m2b_qwen35_trace1_2k_ansraw,layer03.key.0,3,full_attention,key,0,bfloat16,2,262144,13,3407872,262144,ans_raw,204120,1024,461,0,205605,0e3cc3ddc11485672ce415f02846ae2dc0d6b7af20c7eb6709f6a4088472603a,0e3cc3ddc11485672ce415f02846ae2dc0d6b7af20c7eb6709f6a4088472603a,true,/home/zhouziang/Workspace/compression/kv_compression/artifacts/raw/20261004_m2b_qwen35_trace1_2k_ansraw/ans_raw_262144.akvpack,8760490,205597
20261004_m2b_qwen35_trace1_2k_ansraw,layer03.key.0,3,full_attention,key,0,bfloat16,2,262144,14,3670016,262144,ans_raw,203936,1024,461,0,205421,05d2e6e58f3f38b0477db968ec9ece986ad4d1092a5b8577d3f6b08c66dbba29,05d2e6e58f3f38b0477db968ec9ece986ad4d1092a5b8577d3f6b08c66dbba29,true,/home/zhouziang/Workspace/compression/kv_compression/artifacts/raw/20261004_m2b_qwen35_trace1_2k_ansraw/ans_raw_262144.akvpack,8966095,205413
20261004_m2b_qwen35_trace1_2k_ansraw,layer03.key.0,3,full_attention,key,0,bfloat16,2,262144,15,3932160,262144,ans_raw,203756,1024,461,0,205241,46336b688679ac3e65038a2a8276965b8ff10b7bea741f13515959c9993179c8,46336b688679ac3e65038a2a8276965b8ff10b7bea741f13515959c9993179c8,true,/home/zhouziang/Workspace/compression/kv_compression/artifacts/raw/20261004_m2b_qwen35_trace1_2k_ansraw/ans_raw_262144.akvpack,9171516,205233
20261004_m2b_qwen35_trace1_2k_ansraw,layer03.value.0,3,full_attention,value,0,bfloat16,2,262144,0,0,262144,ans_raw,204648,1024,458,0,206130,cc15100eb907565b2750f4242869533b4a99f5503c03de2d487d7a9906106d6a,cc15100eb907565b2750f4242869533b4a99f5503c03de2d487d7a9906106d6a,true,/home/zhouziang/Workspace/compression/kv_compression/artifacts/raw/20261004_m2b_qwen35_trace1_2k_ansraw/ans_raw_262144.akvpack,9376757,206122
20261004_m2b_qwen35_trace1_2k_ansraw,layer03.value.0,3,full_attention,value,0,bfloat16,2,262144,1,262144,262144,ans_raw,204900,1024,463,0,206387,c9af65c9a1bd695862381da4c625fddf533db18dc5141547061baae42b186999,c9af65c9a1bd695862381da4c625fddf533db18dc5141547061baae42b186999,true,/home/zhouziang/Workspace/compression/kv_compression/artifacts/raw/20261004_m2b_qwen35_trace1_2k_ansraw/ans_raw_262144.akvpack,9582887,206379
20261004_m2b_qwen35_trace1_2k_ansraw,layer03.value.0,3,full_attention,value,0,bfloat16,2,262144,2,524288,262144,ans_raw,204872,1024,463,0,206359,efeaa79654065d291593876fb130271290bdd9f091bbcc9c4a68f6310ae40f79,efeaa79654065d291593876fb130271290bdd9f091bbcc9c4a68f6310ae40f79,true,/home/zhouziang/Workspace/compression/kv_compression/artifacts/raw/20261004_m2b_qwen35_trace1_2k_ansraw/ans_raw_262144.akvpack,9789274,206351
20261004_m2b_qwen35_trace1_2k_ansraw,layer03.value.0,3,full_attention,value,0,bfloat16,2,262144,3,786432,262144,ans_raw,204952,1024,463,0,206439,d82ab1387b8ad4bf7f3a96589f6ccdb14071953c01369b68aa0fb2b02a7c6f2f,d82ab1387b8ad4bf7f3a96589f6ccdb14071953c01369b68aa0fb2b02a7c6f2f,true,/home/zhouziang/Workspace/compression/kv_compression/artifacts/raw/20261004_m2b_qwen35_trace1_2k_ansraw/ans_raw_262144.akvpack,9995633,206431
20261004_m2b_qwen35_trace1_2k_ansraw,layer03.value.0,3,full_attention,value,0,bfloat16,2,262144,4,1048576,262144,ans_raw,204268,1024,464,0,205756,dba2d5c3505880148e3e55f25fad60cfa5d419847b0c2ffd67096cfff05f0ffb,dba2d5c3505880148e3e55f25fad60cfa5d419847b0c2ffd67096cfff05f0ffb,true,/home/zhouziang/Workspace/compression/kv_compression/artifacts/raw/20261004_m2b_qwen35_trace1_2k_ansraw/ans_raw_262144.akvpack,10202072,205748
20261004_m2b_qwen35_trace1_2k_ansraw,layer03.value.0,3,full_attention,value,0,bfloat16,2,262144,5,1310720,262144,ans_raw,204828,1024,464,0,206316,5c28fe3216fccc38ffa6feb68a471afa59ad55bb199d00682d9d97a873ad39fa,5c28fe3216fccc38ffa6feb68a471afa59ad55bb199d00682d9d97a873ad39fa,true,/home/zhouziang/Workspace/compression/kv_compression/artifacts/raw/20261004_m2b_qwen35_trace1_2k_ansraw/ans_raw_262144.akvpack,10407828,206308
20261004_m2b_qwen35_trace1_2k_ansraw,layer03.value.0,3,full_attention,value,0,bfloat16,2,262144,6,1572864,262144,ans_raw,204744,1024,464,0,206232,b38d4207f36d6361f7570f8a312f34de6b16839db2e321eaa881e4ec4e076241,b38d4207f36d6361f7570f8a312f34de6b16839db2e321eaa881e4ec4e076241,true,/home/zhouziang/Workspace/compression/kv_compression/artifacts/raw/20261004_m2b_qwen35_trace1_2k_ansraw/ans_raw_262144.akvpack,10614144,206224
20261004_m2b_qwen35_trace1_2k_ansraw,layer03.value.0,3,full_attention,value,0,bfloat16,2,262144,7,1835008,262144,ans_raw,204628,1024,464,0,206116,3b37a4a4feb856c25e48577e9a1f1359127c0025578269cc186ec8516ef69612,3b37a4a4feb856c25e48577e9a1f1359127c0025578269cc186ec8516ef69612,true,/home/zhouziang/Workspace/compression/kv_compression/artifacts/raw/20261004_m2b_qwen35_trace1_2k_ansraw/ans_raw_262144.akvpack,10820376,206108
20261004_m2b_qwen35_trace1_2k_ansraw,layer03.value.0,3,full_attention,value,0,bfloat16,2,262144,8,2097152,262144,ans_raw,204068,1024,464,0,205556,054623214658841f2683d78623d31e6015c5dcc5c23bd26da387687c4e529046,054623214658841f2683d78623d31e6015c5dcc5c23bd26da387687c4e529046,true,/home/zhouziang/Workspace/compression/kv_compression/artifacts/raw/20261004_m2b_qwen35_trace1_2k_ansraw/ans_raw_262144.akvpack,11026492,205548
20261004_m2b_qwen35_trace1_2k_ansraw,layer03.value.0,3,full_attention,value,0,bfloat16,2,262144,9,2359296,262144,ans_raw,204244,1024,464,0,205732,85f245d0bd85b0553405edbf81059ad9a40afbca9bd0343670a17957884f1e12,85f245d0bd85b0553405edbf81059ad9a40afbca9bd0343670a17957884f1e12,true,/home/zhouziang/Workspace/compression/kv_compression/artifacts/raw/20261004_m2b_qwen35_trace1_2k_ansraw/ans_raw_262144.akvpack,11232048,205724
20261004_m2b_qwen35_trace1_2k_ansraw,layer03.value.0,3,full_attention,value,0,bfloat16,2,262144,10,2621440,262144,ans_raw,204344,1024,465,0,205833,088288b68af5426b1083ab815aa5ab9cb8edc7b9c93008eeae7adcbc3497bc6a,088288b68af5426b1083ab815aa5ab9cb8edc7b9c93008eeae7adcbc3497bc6a,true,/home/zhouziang/Workspace/compression/kv_compression/artifacts/raw/20261004_m2b_qwen35_trace1_2k_ansraw/ans_raw_262144.akvpack,11437780,205825
20261004_m2b_qwen35_trace1_2k_ansraw,layer03.value.0,3,full_attention,value,0,bfloat16,2,262144,11,2883584,262144,ans_raw,204272,1024,465,0,205761,df7d841681da36913867fad8e13a14188b114f1bb776245a94d857920cf90c45,df7d841681da36913867fad8e13a14188b114f1bb776245a94d857920cf90c45,true,/home/zhouziang/Workspace/compression/kv_compression/artifacts/raw/20261004_m2b_qwen35_trace1_2k_ansraw/ans_raw_262144.akvpack,11643613,205753
20261004_m2b_qwen35_trace1_2k_ansraw,layer03.value.0,3,full_attention,value,0,bfloat16,2,262144,12,3145728,262144,ans_raw,203600,1024,465,0,205089,85bbd246ef0bf9cbae8a79987d0933bb40d50313c8fb3c83065fc20fe1771c53,85bbd246ef0bf9cbae8a79987d0933bb40d50313c8fb3c83065fc20fe1771c53,true,/home/zhouziang/Workspace/compression/kv_compression/artifacts/raw/20261004_m2b_qwen35_trace1_2k_ansraw/ans_raw_262144.akvpack,11849374,205081
20261004_m2b_qwen35_trace1_2k_ansraw,layer03.value.0,3,full_attention,value,0,bfloat16,2,262144,13,3407872,262144,ans_raw,203840,1024,465,0,205329,247afc9284296ddb39a2a481bfb33085700b2db05db8842fdd56d7fa3e12a054,247afc9284296ddb39a2a481bfb33085700b2db05db8842fdd56d7fa3e12a054,true,/home/zhouziang/Workspace/compression/kv_compression/artifacts/raw/20261004_m2b_qwen35_trace1_2k_ansraw/ans_raw_262144.akvpack,12054463,205321
20261004_m2b_qwen35_trace1_2k_ansraw,layer03.value.0,3,full_attention,value,0,bfloat16,2,262144,14,3670016,262144,ans_raw,203780,1024,465,0,205269,be97c40953275230fa6c19780dbe8f4fae7adb84b0ae14167d11134a734e52fd,be97c40953275230fa6c19780dbe8f4fae7adb84b0ae14167d11134a734e52fd,true,/home/zhouziang/Workspace/compression/kv_compression/artifacts/raw/20261004_m2b_qwen35_trace1_2k_ansraw/ans_raw_262144.akvpack,12259792,205261
20261004_m2b_qwen35_trace1_2k_ansraw,layer03.value.0,3,full_attention,value,0,bfloat16,2,262144,15,3932160,262144,ans_raw,203812,1024,465,0,205301,0a20a94af9bf0fcd9e3ca7ee6fa9fe59925f86a2e172c34697b7a378e1575ef7,0a20a94af9bf0fcd9e3ca7ee6fa9fe59925f86a2e172c34697b7a378e1575ef7,true,/home/zhouziang/Workspace/compression/kv_compression/artifacts/raw/20261004_m2b_qwen35_trace1_2k_ansraw/ans_raw_262144.akvpack,12465061,205293
20261004_m2b_qwen35_trace1_2k_ansraw,layer04.convolution.0,4,linear_attention,convolution,0,bfloat16,2,262144,0,0,65536,ans_raw,51388,1024,465,0,52877,9af0afbc461137e558b58330a6773186fe7e565bf4b2cf4111e1182589039bc6,9af0afbc461137e558b58330a6773186fe7e565bf4b2cf4111e1182589039bc6,true,/home/zhouziang/Workspace/compression/kv_compression/artifacts/raw/20261004_m2b_qwen35_trace1_2k_ansraw/ans_raw_262144.akvpack,12670362,52869
20261004_m2b_qwen35_trace1_2k_ansraw,layer04.recurrent.0,4,linear_attention,recurrent,0,float32,4,262144,0,0,262144,ans_raw,244656,1024,467,0,246147,171970153e88fdbcf5270cfe46b2786a99b6d6aa796c48f1beaee640a272ee74,171970153e88fdbcf5270cfe46b2786a99b6d6aa796c48f1beaee640a272ee74,true,/home/zhouziang/Workspace/compression/kv_compression/artifacts/raw/20261004_m2b_qwen35_trace1_2k_ansraw/ans_raw_262144.akvpack,12723239,246139
20261004_m2b_qwen35_trace1_2k_ansraw,layer04.recurrent.0,4,linear_attention,recurrent,0,float32,4,262144,1,262144,262144,ans_raw,245356,1024,472,0,246852,6f15bcd20f1aff598cb2f6b3f8870939310667acb280a7eb320b33c9424bd318,6f15bcd20f1aff598cb2f6b3f8870939310667acb280a7eb320b33c9424bd318,true,/home/zhouziang/Workspace/compression/kv_compression/artifacts/raw/20261004_m2b_qwen35_trace1_2k_ansraw/ans_raw_262144.akvpack,12969386,246844
20261004_m2b_qwen35_trace1_2k_ansraw,layer04.recurrent.0,4,linear_attention,recurrent,0,float32,4,262144,2,524288,262144,ans_raw,244736,1024,472,0,246232,fec1c1f03db0136b69301a182d8fda8f2cecfb9c53da5113eb240b460d32029b,fec1c1f03db0136b69301a182d8fda8f2cecfb9c53da5113eb240b460d32029b,true,/home/zhouziang/Workspace/compression/kv_compression/artifacts/raw/20261004_m2b_qwen35_trace1_2k_ansraw/ans_raw_262144.akvpack,13216238,246224
20261004_m2b_qwen35_trace1_2k_ansraw,layer04.recurrent.0,4,linear_attention,recurrent,0,float32,4,262144,3,786432,262144,ans_raw,245160,1024,472,0,246656,c24fcda5132049b0074b665661f63aaa9ac3fd439ccbf6becab910a24019f328,c24fcda5132049b0074b665661f63aaa9ac3fd439ccbf6becab910a24019f328,true,/home/zhouziang/Workspace/compression/kv_compression/artifacts/raw/20261004_m2b_qwen35_trace1_2k_ansraw/ans_raw_262144.akvpack,13462470,246648
20261004_m2b_qwen35_trace1_2k_ansraw,layer04.recurrent.0,4,linear_attention,recurrent,0,float32,4,262144,4,1048576,262144,ans_raw,244268,1024,473,0,245765,383846e2a471ca86a8a2c2f55245e67ca56cbac641fd36ba586cf16af04d3f81,383846e2a471ca86a8a2c2f55245e67ca56cbac641fd36ba586cf16af04d3f81,true,/home/zhouziang/Workspace/compression/kv_compression/artifacts/raw/20261004_m2b_qwen35_trace1_2k_ansraw/ans_raw_262144.akvpack,13709126,245757
20261004_m2b_qwen35_trace1_2k_ansraw,layer04.recurrent.0,4,linear_attention,recurrent,0,float32,4,262144,5,1310720,262144,ans_raw,244112,1024,473,0,245609,75d7025ff7aafea2dd01b6c4106402bac9e5b648fcc2f0acbceea80433e6c51f,75d7025ff7aafea2dd01b6c4106402bac9e5b648fcc2f0acbceea80433e6c51f,true,/home/zhouziang/Workspace/compression/kv_compression/artifacts/raw/20261004_m2b_qwen35_trace1_2k_ansraw/ans_raw_262144.akvpack,13954891,245601
20261004_m2b_qwen35_trace1_2k_ansraw,layer04.recurrent.0,4,linear_attention,recurrent,0,float32,4,262144,6,1572864,262144,ans_raw,244972,1024,473,0,246469,20460587f7c5b08d3ab290558a3cacf01f4d2dc3a4f1a915bd06a02323272d08,20460587f7c5b08d3ab290558a3cacf01f4d2dc3a4f1a915bd06a02323272d08,true,/home/zhouziang/Workspace/compression/kv_compression/artifacts/raw/20261004_m2b_qwen35_trace1_2k_ansraw/ans_raw_262144.akvpack,14200500,246461
20261004_m2b_qwen35_trace1_2k_ansraw,layer04.recurrent.0,4,linear_attention,recurrent,0,float32,4,262144,7,1835008,262144,ans_raw,245632,1024,473,0,247129,591f9f5bcd6d4bb98d0acb27fa223e0301465765015b764ae2122231555b3c31,591f9f5bcd6d4bb98d0acb27fa223e0301465765015b764ae2122231555b3c31,true,/home/zhouziang/Workspace/compression/kv_compression/artifacts/raw/20261004_m2b_qwen35_trace1_2k_ansraw/ans_raw_262144.akvpack,14446969,247121
20261004_m2b_qwen35_trace1_2k_ansraw,layer05.convolution.0,5,linear_attention,convolution,0,bfloat16,2,262144,0,0,65536,ans_raw,51296,1024,465,0,52785,5d94518cbe31fa34de817f1b3e60834e46547dd57250a0ff80a188350ea78344,5d94518cbe31fa34de817f1b3e60834e46547dd57250a0ff80a188350ea78344,true,/home/zhouziang/Workspace/compression/kv_compression/artifacts/raw/20261004_m2b_qwen35_trace1_2k_ansraw/ans_raw_262144.akvpack,14694098,52777
20261004_m2b_qwen35_trace1_2k_ansraw,layer05.recurrent.0,5,linear_attention,recurrent,0,float32,4,262144,0,0,262144,ans_raw,244676,1024,467,0,246167,ea1cb7c9ef018366d9e6c08020a958ae6262461e1c67cae5dae4c3eb8db311ed,ea1cb7c9ef018366d9e6c08020a958ae6262461e1c67cae5dae4c3eb8db311ed,true,/home/zhouziang/Workspace/compression/kv_compression/artifacts/raw/20261004_m2b_qwen35_trace1_2k_ansraw/ans_raw_262144.akvpack,14746883,246159
20261004_m2b_qwen35_trace1_2k_ansraw,layer05.recurrent.0,5,linear_attention,recurrent,0,float32,4,262144,1,262144,262144,ans_raw,245648,1024,472,0,247144,f8b768b929b162ce93f3800ccc47024fe6027bf48cee973de08ddae02ddcf827,f8b768b929b162ce93f3800ccc47024fe6027bf48cee973de08ddae02ddcf827,true,/home/zhouziang/Workspace/compression/kv_compression/artifacts/raw/20261004_m2b_qwen35_trace1_2k_ansraw/ans_raw_262144.akvpack,14993050,247136
20261004_m2b_qwen35_trace1_2k_ansraw,layer05.recurrent.0,5,linear_attention,recurrent,0,float32,4,262144,2,524288,262144,ans_raw,244840,1024,472,0,246336,7f5811bbc69df763fc3e8eb568be2e2b142287d61b653c30f47dd698f098380d,7f5811bbc69df763fc3e8eb568be2e2b142287d61b653c30f47dd698f098380d,true,/home/zhouziang/Workspace/compression/kv_compression/artifacts/raw/20261004_m2b_qwen35_trace1_2k_ansraw/ans_raw_262144.akvpack,15240194,246328
20261004_m2b_qwen35_trace1_2k_ansraw,layer05.recurrent.0,5,linear_attention,recurrent,0,float32,4,262144,3,786432,262144,ans_raw,244924,1024,472,0,246420,da61861f962c8a7da78defc2c0af4944b26023f0a259d316980873ad21315ac3,da61861f962c8a7da78defc2c0af4944b26023f0a259d316980873ad21315ac3,true,/home/zhouziang/Workspace/compression/kv_compression/artifacts/raw/20261004_m2b_qwen35_trace1_2k_ansraw/ans_raw_262144.akvpack,15486530,246412
20261004_m2b_qwen35_trace1_2k_ansraw,layer05.recurrent.0,5,linear_attention,recurrent,0,float32,4,262144,4,1048576,262144,ans_raw,244972,1024,473,0,246469,d594934f4fcecfa39bc19553b98b7111501557eea6bf28ff2c0ca252433bca14,d594934f4fcecfa39bc19553b98b7111501557eea6bf28ff2c0ca252433bca14,true,/home/zhouziang/Workspace/compression/kv_compression/artifacts/raw/20261004_m2b_qwen35_trace1_2k_ansraw/ans_raw_262144.akvpack,15732950,246461
20261004_m2b_qwen35_trace1_2k_ansraw,layer05.recurrent.0,5,linear_attention,recurrent,0,float32,4,262144,5,1310720,262144,ans_raw,244776,1024,473,0,246273,39ff65dfadfb554ae50cad14a3afea7190aba3086991e41f99f4129315a03ee3,39ff65dfadfb554ae50cad14a3afea7190aba3086991e41f99f4129315a03ee3,true,/home/zhouziang/Workspace/compression/kv_compression/artifacts/raw/20261004_m2b_qwen35_trace1_2k_ansraw/ans_raw_262144.akvpack,15979419,246265
20261004_m2b_qwen35_trace1_2k_ansraw,layer05.recurrent.0,5,linear_attention,recurrent,0,float32,4,262144,6,1572864,262144,ans_raw,244780,1024,473,0,246277,58eff0c7d87b142b038ef0cd701b2f2039bef0a7c19177f7067ef09a2a76d0c8,58eff0c7d87b142b038ef0cd701b2f2039bef0a7c19177f7067ef09a2a76d0c8,true,/home/zhouziang/Workspace/compression/kv_compression/artifacts/raw/20261004_m2b_qwen35_trace1_2k_ansraw/ans_raw_262144.akvpack,16225692,246269
20261004_m2b_qwen35_trace1_2k_ansraw,layer05.recurrent.0,5,linear_attention,recurrent,0,float32,4,262144,7,1835008,262144,ans_raw,245728,1024,473,0,247225,7f7e88806a4b07d69bba603fdb0447266b1043dce25ac0caef8bb928c31d519b,7f7e88806a4b07d69bba603fdb0447266b1043dce25ac0caef8bb928c31d519b,true,/home/zhouziang/Workspace/compression/kv_compression/artifacts/raw/20261004_m2b_qwen35_trace1_2k_ansraw/ans_raw_262144.akvpack,16471969,247217
20261004_m2b_qwen35_trace1_2k_ansraw,layer06.convolution.0,6,linear_attention,convolution,0,bfloat16,2,262144,0,0,65536,ans_raw,51420,1024,465,0,52909,0b5f53faefbf6a687c6ac6f3c321199fe24b4f2ff79496464c4c76111dc1cbc9,0b5f53faefbf6a687c6ac6f3c321199fe24b4f2ff79496464c4c76111dc1cbc9,true,/home/zhouziang/Workspace/compression/kv_compression/artifacts/raw/20261004_m2b_qwen35_trace1_2k_ansraw/ans_raw_262144.akvpack,16719194,52901
20261004_m2b_qwen35_trace1_2k_ansraw,layer06.recurrent.0,6,linear_attention,recurrent,0,float32,4,262144,0,0,262144,ans_raw,245416,1024,467,0,246907,c185b4f93359f6a27e604ce422b27c5d7e70445c7c49bed168a6c77b0506e3de,c185b4f93359f6a27e604ce422b27c5d7e70445c7c49bed168a6c77b0506e3de,true,/home/zhouziang/Workspace/compression/kv_compression/artifacts/raw/20261004_m2b_qwen35_trace1_2k_ansraw/ans_raw_262144.akvpack,16772103,246899
20261004_m2b_qwen35_trace1_2k_ansraw,layer06.recurrent.0,6,linear_attention,recurrent,0,float32,4,262144,1,262144,262144,ans_raw,245072,1024,472,0,246568,0a35190a9a4fbb77e4002cb24a3906ea6b174b10ddbf70c8b9cc55dd42594d97,0a35190a9a4fbb77e4002cb24a3906ea6b174b10ddbf70c8b9cc55dd42594d97,true,/home/zhouziang/Workspace/compression/kv_compression/artifacts/raw/20261004_m2b_qwen35_trace1_2k_ansraw/ans_raw_262144.akvpack,17019010,246560
20261004_m2b_qwen35_trace1_2k_ansraw,layer06.recurrent.0,6,linear_attention,recurrent,0,float32,4,262144,2,524288,262144,ans_raw,243908,1024,472,0,245404,91a5ecb545a4b95841969473be8ed6aedae0095dc1a7a7d41c7b1d84d982d704,91a5ecb545a4b95841969473be8ed6aedae0095dc1a7a7d41c7b1d84d982d704,true,/home/zhouziang/Workspace/compression/kv_compression/artifacts/raw/20261004_m2b_qwen35_trace1_2k_ansraw/ans_raw_262144.akvpack,17265578,245396
20261004_m2b_qwen35_trace1_2k_ansraw,layer06.recurrent.0,6,linear_attention,recurrent,0,float32,4,262144,3,786432,262144,ans_raw,245064,1024,472,0,246560,cf598a67742725a2c686f5a0bc63fc1e11494d8e457e347d19e83854276d2e7b,cf598a67742725a2c686f5a0bc63fc1e11494d8e457e347d19e83854276d2e7b,true,/home/zhouziang/Workspace/compression/kv_compression/artifacts/raw/20261004_m2b_qwen35_trace1_2k_ansraw/ans_raw_262144.akvpack,17510982,246552
20261004_m2b_qwen35_trace1_2k_ansraw,layer06.recurrent.0,6,linear_attention,recurrent,0,float32,4,262144,4,1048576,262144,ans_raw,245284,1024,473,0,246781,8fcabc1d2cbb4130529f4db1d8db34aa60c479c29c764a5d6dc8294995955539,8fcabc1d2cbb4130529f4db1d8db34aa60c479c29c764a5d6dc8294995955539,true,/home/zhouziang/Workspace/compression/kv_compression/artifacts/raw/20261004_m2b_qwen35_trace1_2k_ansraw/ans_raw_262144.akvpack,17757542,246773
20261004_m2b_qwen35_trace1_2k_ansraw,layer06.recurrent.0,6,linear_attention,recurrent,0,float32,4,262144,5,1310720,262144,ans_raw,245164,1024,473,0,246661,851090c8c457838636f898334e26449ae5bf642e7d21b6ea2edae6f97ec06e5a,851090c8c457838636f898334e26449ae5bf642e7d21b6ea2edae6f97ec06e5a,true,/home/zhouziang/Workspace/compression/kv_compression/artifacts/raw/20261004_m2b_qwen35_trace1_2k_ansraw/ans_raw_262144.akvpack,18004323,246653
20261004_m2b_qwen35_trace1_2k_ansraw,layer06.recurrent.0,6,linear_attention,recurrent,0,float32,4,262144,6,1572864,262144,ans_raw,244184,1024,473,0,245681,dbf7a8cea6ba85f6a69ec174401b0deccd6619710057eb8d7a96c920c017ddc1,dbf7a8cea6ba85f6a69ec174401b0deccd6619710057eb8d7a96c920c017ddc1,true,/home/zhouziang/Workspace/compression/kv_compression/artifacts/raw/20261004_m2b_qwen35_trace1_2k_ansraw/ans_raw_262144.akvpack,18250984,245673
20261004_m2b_qwen35_trace1_2k_ansraw,layer06.recurrent.0,6,linear_attention,recurrent,0,float32,4,262144,7,1835008,262144,ans_raw,245760,1024,473,0,247257,4830fc834f8a7777b65191ddb5b462f458bc9e39fb757f6e4965c8134db2dd9f,4830fc834f8a7777b65191ddb5b462f458bc9e39fb757f6e4965c8134db2dd9f,true,/home/zhouziang/Workspace/compression/kv_compression/artifacts/raw/20261004_m2b_qwen35_trace1_2k_ansraw/ans_raw_262144.akvpack,18496665,247249
20261004_m2b_qwen35_trace1_2k_ansraw,layer07.key.0,7,full_attention,key,0,bfloat16,2,262144,0,0,262144,ans_raw,204860,1024,454,0,206338,f0ed29f86e0c601daa9c197366631354e17e627769399c2d4dd2431b31b98de2,f0ed29f86e0c601daa9c197366631354e17e627769399c2d4dd2431b31b98de2,true,/home/zhouziang/Workspace/compression/kv_compression/artifacts/raw/20261004_m2b_qwen35_trace1_2k_ansraw/ans_raw_262144.akvpack,18743922,206330
20261004_m2b_qwen35_trace1_2k_ansraw,layer07.key.0,7,full_attention,key,0,bfloat16,2,262144,1,262144,262144,ans_raw,204896,1024,459,0,206379,1289d12631c63a9815a2bd795d84b62c6fe333a05017b6be7b1b12522dc09248,1289d12631c63a9815a2bd795d84b62c6fe333a05017b6be7b1b12522dc09248,true,/home/zhouziang/Workspace/compression/kv_compression/artifacts/raw/20261004_m2b_qwen35_trace1_2k_ansraw/ans_raw_262144.akvpack,18950260,206371
20261004_m2b_qwen35_trace1_2k_ansraw,layer07.key.0,7,full_attention,key,0,bfloat16,2,262144,2,524288,262144,ans_raw,205080,1024,459,0,206563,1193eddaae4733f1beaf015156fa0010954776fc0515c32447b12c8e59cacf61,1193eddaae4733f1beaf015156fa0010954776fc0515c32447b12c8e59cacf61,true,/home/zhouziang/Workspace/compression/kv_compression/artifacts/raw/20261004_m2b_qwen35_trace1_2k_ansraw/ans_raw_262144.akvpack,19156639,206555
20261004_m2b_qwen35_trace1_2k_ansraw,layer07.key.0,7,full_attention,key,0,bfloat16,2,262144,3,786432,262144,ans_raw,204796,1024,459,0,206279,b66b7abbfde0e7adddbe0a297e6d55e64d28f4edf0f0fc462a3f880546c04aa4,b66b7abbfde0e7adddbe0a297e6d55e64d28f4edf0f0fc462a3f880546c04aa4,true,/home/zhouziang/Workspace/compression/kv_compression/artifacts/raw/20261004_m2b_qwen35_trace1_2k_ansraw/ans_raw_262144.akvpack,19363202,206271
20261004_m2b_qwen35_trace1_2k_ansraw,layer07.key.0,7,full_attention,key,0,bfloat16,2,262144,4,1048576,262144,ans_raw,204664,1024,460,0,206148,c225e5ac977f08b83316e86fb53c795668596d307f11a7d92161c16dbe9f1766,c225e5ac977f08b83316e86fb53c795668596d307f11a7d92161c16dbe9f1766,true,/home/zhouziang/Workspace/compression/kv_compression/artifacts/raw/20261004_m2b_qwen35_trace1_2k_ansraw/ans_raw_262144.akvpack,19569481,206140
20261004_m2b_qwen35_trace1_2k_ansraw,layer07.key.0,7,full_attention,key,0,bfloat16,2,262144,5,1310720,262144,ans_raw,204580,1024,460,0,206064,50268fd8c30831910087ebb4230bacc62f682a2fa90b75e2a6cf6e34cb4087c4,50268fd8c30831910087ebb4230bacc62f682a2fa90b75e2a6cf6e34cb4087c4,true,/home/zhouziang/Workspace/compression/kv_compression/artifacts/raw/20261004_m2b_qwen35_trace1_2k_ansraw/ans_raw_262144.akvpack,19775629,206056
20261004_m2b_qwen35_trace1_2k_ansraw,layer07.key.0,7,full_attention,key,0,bfloat16,2,262144,6,1572864,262144,ans_raw,204636,1024,460,0,206120,0eaf9b69a9cbf623a891a65146f4090fcc2d2035e9beb87fa9a482e8f41001b0,0eaf9b69a9cbf623a891a65146f4090fcc2d2035e9beb87fa9a482e8f41001b0,true,/home/zhouziang/Workspace/compression/kv_compression/artifacts/raw/20261004_m2b_qwen35_trace1_2k_ansraw/ans_raw_262144.akvpack,19981693,206112
20261004_m2b_qwen35_trace1_2k_ansraw,layer07.key.0,7,full_attention,key,0,bfloat16,2,262144,7,1835008,262144,ans_raw,204648,1024,460,0,206132,7ea83bb6b3ae0f7c408078f3fa9add2d4cdad8d4e90ab0d30ec2f9873c3b9c4f,7ea83bb6b3ae0f7c408078f3fa9add2d4cdad8d4e90ab0d30ec2f9873c3b9c4f,true,/home/zhouziang/Workspace/compression/kv_compression/artifacts/raw/20261004_m2b_qwen35_trace1_2k_ansraw/ans_raw_262144.akvpack,20187813,206124
20261004_m2b_qwen35_trace1_2k_ansraw,layer07.key.0,7,full_attention,key,0,bfloat16,2,262144,8,2097152,262144,ans_raw,204828,1024,460,0,206312,eb87f9fcb6de0baad2bc13f5fdfba632e5b40208a33cc4c8907e11df11b03636,eb87f9fcb6de0baad2bc13f5fdfba632e5b40208a33cc4c8907e11df11b03636,true,/home/zhouziang/Workspace/compression/kv_compression/artifacts/raw/20261004_m2b_qwen35_trace1_2k_ansraw/ans_raw_262144.akvpack,20393945,206304
20261004_m2b_qwen35_trace1_2k_ansraw,layer07.key.0,7,full_attention,key,0,bfloat16,2,262144,9,2359296,262144,ans_raw,204564,1024,460,0,206048,34388670798d83b23ff320b4c83db117b6753d1023969e27bbb43c395c483300,34388670798d83b23ff320b4c83db117b6753d1023969e27bbb43c395c483300,true,/home/zhouziang/Workspace/compression/kv_compression/artifacts/raw/20261004_m2b_qwen35_trace1_2k_ansraw/ans_raw_262144.akvpack,20600257,206040
20261004_m2b_qwen35_trace1_2k_ansraw,layer07.key.0,7,full_attention,key,0,bfloat16,2,262144,10,2621440,262144,ans_raw,204568,1024,461,0,206053,726d82321491762f0500336f637037aacaabec34e735b1fdd0607e620e8b6d7d,726d82321491762f0500336f637037aacaabec34e735b1fdd0607e620e8b6d7d,true,/home/zhouziang/Workspace/compression/kv_compression/artifacts/raw/20261004_m2b_qwen35_trace1_2k_ansraw/ans_raw_262144.akvpack,20806305,206045
20261004_m2b_qwen35_trace1_2k_ansraw,layer07.key.0,7,full_attention,key,0,bfloat16,2,262144,11,2883584,262144,ans_raw,204480,1024,461,0,205965,6ec6bcaac92719eba0fa637dea6d47c2b111842e87fc210933ee5067217b58e4,6ec6bcaac92719eba0fa637dea6d47c2b111842e87fc210933ee5067217b58e4,true,/home/zhouziang/Workspace/compression/kv_compression/artifacts/raw/20261004_m2b_qwen35_trace1_2k_ansraw/ans_raw_262144.akvpack,21012358,205957
20261004_m2b_qwen35_trace1_2k_ansraw,layer07.key.0,7,full_attention,key,0,bfloat16,2,262144,12,3145728,262144,ans_raw,204800,1024,461,0,206285,a3a53ff34f70241979b1b3bfc97d33c84232629e2c7500896c68266e77eb4b4d,a3a53ff34f70241979b1b3bfc97d33c84232629e2c7500896c68266e77eb4b4d,true,/home/zhouziang/Workspace/compression/kv_compression/artifacts/raw/20261004_m2b_qwen35_trace1_2k_ansraw/ans_raw_262144.akvpack,21218323,206277
20261004_m2b_qwen35_trace1_2k_ansraw,layer07.key.0,7,full_attention,key,0,bfloat16,2,262144,13,3407872,262144,ans_raw,204868,1024,461,0,206353,543350a9ceb212efe68a2a087c3d0779c6be35134fd84e2cd537657cbc5b9e7a,543350a9ceb212efe68a2a087c3d0779c6be35134fd84e2cd537657cbc5b9e7a,true,/home/zhouziang/Workspace/compression/kv_compression/artifacts/raw/20261004_m2b_qwen35_trace1_2k_ansraw/ans_raw_262144.akvpack,21424608,206345
20261004_m2b_qwen35_trace1_2k_ansraw,layer07.key.0,7,full_attention,key,0,bfloat16,2,262144,14,3670016,262144,ans_raw,204636,1024,461,0,206121,640d41614d4099566f2d48a366a9acd350439a30397881fdbc53fc7deb55adcb,640d41614d4099566f2d48a366a9acd350439a30397881fdbc53fc7deb55adcb,true,/home/zhouziang/Workspace/compression/kv_compression/artifacts/raw/20261004_m2b_qwen35_trace1_2k_ansraw/ans_raw_262144.akvpack,21630961,206113
20261004_m2b_qwen35_trace1_2k_ansraw,layer07.key.0,7,full_attention,key,0,bfloat16,2,262144,15,3932160,262144,ans_raw,204812,1024,461,0,206297,bda100990818ec975e751ee3c424ce5d2302cc1ee44b8c35854ebde58ae85d0a,bda100990818ec975e751ee3c424ce5d2302cc1ee44b8c35854ebde58ae85d0a,true,/home/zhouziang/Workspace/compression/kv_compression/artifacts/raw/20261004_m2b_qwen35_trace1_2k_ansraw/ans_raw_262144.akvpack,21837082,206289
20261004_m2b_qwen35_trace1_2k_ansraw,layer07.value.0,7,full_attention,value,0,bfloat16,2,262144,0,0,262144,ans_raw,204700,1024,458,0,206182,acf3819c5cdab6ad3c6437b32179b9eb2ba19b0a3f3d78522d4607e0a2104f91,acf3819c5cdab6ad3c6437b32179b9eb2ba19b0a3f3d78522d4607e0a2104f91,true,/home/zhouziang/Workspace/compression/kv_compression/artifacts/raw/20261004_m2b_qwen35_trace1_2k_ansraw/ans_raw_262144.akvpack,22043379,206174
20261004_m2b_qwen35_trace1_2k_ansraw,layer07.value.0,7,full_attention,value,0,bfloat16,2,262144,1,262144,262144,ans_raw,204808,1024,463,0,206295,0b99489555e25d7204e749898268587d49c56daa2724e3fc126e6246ce7306df,0b99489555e25d7204e749898268587d49c56daa2724e3fc126e6246ce7306df,true,/home/zhouziang/Workspace/compression/kv_compression/artifacts/raw/20261004_m2b_qwen35_trace1_2k_ansraw/ans_raw_262144.akvpack,22249561,206287
20261004_m2b_qwen35_trace1_2k_ansraw,layer07.value.0,7,full_attention,value,0,bfloat16,2,262144,2,524288,262144,ans_raw,204800,1024,463,0,206287,a07d066c2be5282e3058349e671d4087b85262328e74a2826b0035ea8c55e4e4,a07d066c2be5282e3058349e671d4087b85262328e74a2826b0035ea8c55e4e4,true,/home/zhouziang/Workspace/compression/kv_compression/artifacts/raw/20261004_m2b_qwen35_trace1_2k_ansraw/ans_raw_262144.akvpack,22455856,206279
20261004_m2b_qwen35_trace1_2k_ansraw,layer07.value.0,7,full_attention,value,0,bfloat16,2,262144,3,786432,262144,ans_raw,204652,1024,463,0,206139,bb3e31e4a310540261c5fbe7c7e813de13a17430dfb726a067d68f42db099922,bb3e31e4a310540261c5fbe7c7e813de13a17430dfb726a067d68f42db099922,true,/home/zhouziang/Workspace/compression/kv_compression/artifacts/raw/20261004_m2b_qwen35_trace1_2k_ansraw/ans_raw_262144.akvpack,22662143,206131
20261004_m2b_qwen35_trace1_2k_ansraw,layer07.value.0,7,full_attention,value,0,bfloat16,2,262144,4,1048576,262144,ans_raw,204976,1024,464,0,206464,8519cbfe71e04eb5ec2ad568bdd5ef291bf570d42184c7116f2e2f5d6a52fabd,8519cbfe71e04eb5ec2ad568bdd5ef291bf570d42184c7116f2e2f5d6a52fabd,true,/home/zhouziang/Workspace/compression/kv_compression/artifacts/raw/20261004_m2b_qwen35_trace1_2k_ansraw/ans_raw_262144.akvpack,22868282,206456
20261004_m2b_qwen35_trace1_2k_ansraw,layer07.value.0,7,full_attention,value,0,bfloat16,2,262144,5,1310720,262144,ans_raw,204692,1024,464,0,206180,f1ba8d7410601baba14ec0ef2e4b9f7f31fce37c9bbd77eaaedac214e45f0430,f1ba8d7410601baba14ec0ef2e4b9f7f31fce37c9bbd77eaaedac214e45f0430,true,/home/zhouziang/Workspace/compression/kv_compression/artifacts/raw/20261004_m2b_qwen35_trace1_2k_ansraw/ans_raw_262144.akvpack,23074746,206172
20261004_m2b_qwen35_trace1_2k_ansraw,layer07.value.0,7,full_attention,value,0,bfloat16,2,262144,6,1572864,262144,ans_raw,204716,1024,464,0,206204,89c634adc4187b0fe8f3822b67792ead90f19b218ecb9e3e7333fbf90a4c4814,89c634adc4187b0fe8f3822b67792ead90f19b218ecb9e3e7333fbf90a4c4814,true,/home/zhouziang/Workspace/compression/kv_compression/artifacts/raw/20261004_m2b_qwen35_trace1_2k_ansraw/ans_raw_262144.akvpack,23280926,206196
20261004_m2b_qwen35_trace1_2k_ansraw,layer07.value.0,7,full_attention,value,0,bfloat16,2,262144,7,1835008,262144,ans_raw,204708,1024,464,0,206196,8353fa44f192aac081ad1e010b90ee0a294b6c3a9649b98c30e8111420193445,8353fa44f192aac081ad1e010b90ee0a294b6c3a9649b98c30e8111420193445,true,/home/zhouziang/Workspace/compression/kv_compression/artifacts/raw/20261004_m2b_qwen35_trace1_2k_ansraw/ans_raw_262144.akvpack,23487130,206188
20261004_m2b_qwen35_trace1_2k_ansraw,layer07.value.0,7,full_attention,value,0,bfloat16,2,262144,8,2097152,262144,ans_raw,204224,1024,464,0,205712,e32dc0af784127988dae2e82e37b8373eec53efdc46a41463cf7892efdd48c2b,e32dc0af784127988dae2e82e37b8373eec53efdc46a41463cf7892efdd48c2b,true,/home/zhouziang/Workspace/compression/kv_compression/artifacts/raw/20261004_m2b_qwen35_trace1_2k_ansraw/ans_raw_262144.akvpack,23693326,205704
20261004_m2b_qwen35_trace1_2k_ansraw,layer07.value.0,7,full_attention,value,0,bfloat16,2,262144,9,2359296,262144,ans_raw,204196,1024,464,0,205684,c81f65ed950b91253bb2a7704d642840c8a9c468a7989b073c247d2789f928de,c81f65ed950b91253bb2a7704d642840c8a9c468a7989b073c247d2789f928de,true,/home/zhouziang/Workspace/compression/kv_compression/artifacts/raw/20261004_m2b_qwen35_trace1_2k_ansraw/ans_raw_262144.akvpack,23899038,205676
20261004_m2b_qwen35_trace1_2k_ansraw,layer07.value.0,7,full_attention,value,0,bfloat16,2,262144,10,2621440,262144,ans_raw,204168,1024,465,0,205657,f8a0d5f93b845f32b37f87e8f3856ceaa4bb77557bce0d95ed20daacb8574647,f8a0d5f93b845f32b37f87e8f3856ceaa4bb77557bce0d95ed20daacb8574647,true,/home/zhouziang/Workspace/compression/kv_compression/artifacts/raw/20261004_m2b_qwen35_trace1_2k_ansraw/ans_raw_262144.akvpack,24104722,205649
20261004_m2b_qwen35_trace1_2k_ansraw,layer07.value.0,7,full_attention,value,0,bfloat16,2,262144,11,2883584,262144,ans_raw,204088,1024,465,0,205577,4d2d361da1eede49d9c0cb40851938bd48e0254384bf15cfe25a318e75e4ae77,4d2d361da1eede49d9c0cb40851938bd48e0254384bf15cfe25a318e75e4ae77,true,/home/zhouziang/Workspace/compression/kv_compression/artifacts/raw/20261004_m2b_qwen35_trace1_2k_ansraw/ans_raw_262144.akvpack,24310379,205569
20261004_m2b_qwen35_trace1_2k_ansraw,layer07.value.0,7,full_attention,value,0,bfloat16,2,262144,12,3145728,262144,ans_raw,204684,1024,465,0,206173,37245aa79371f88eb73fc34d62e05287c9449c8007675ae03189de7f9a1ec544,37245aa79371f88eb73fc34d62e05287c9449c8007675ae03189de7f9a1ec544,true,/home/zhouziang/Workspace/compression/kv_compression/artifacts/raw/20261004_m2b_qwen35_trace1_2k_ansraw/ans_raw_262144.akvpack,24515956,206165
20261004_m2b_qwen35_trace1_2k_ansraw,layer07.value.0,7,full_attention,value,0,bfloat16,2,262144,13,3407872,262144,ans_raw,204836,1024,465,0,206325,8331f9ded5b7e81e0d5bceb61ba687a053807519c02d38bfb947322d14441b26,8331f9ded5b7e81e0d5bceb61ba687a053807519c02d38bfb947322d14441b26,true,/home/zhouziang/Workspace/compression/kv_compression/artifacts/raw/20261004_m2b_qwen35_trace1_2k_ansraw/ans_raw_262144.akvpack,24722129,206317
20261004_m2b_qwen35_trace1_2k_ansraw,layer07.value.0,7,full_attention,value,0,bfloat16,2,262144,14,3670016,262144,ans_raw,204784,1024,465,0,206273,082cf3d959339bd53b59f90a2d12ae45c8418dbc2e1459c084f54444cc496568,082cf3d959339bd53b59f90a2d12ae45c8418dbc2e1459c084f54444cc496568,true,/home/zhouziang/Workspace/compression/kv_compression/artifacts/raw/20261004_m2b_qwen35_trace1_2k_ansraw/ans_raw_262144.akvpack,24928454,206265
20261004_m2b_qwen35_trace1_2k_ansraw,layer07.value.0,7,full_attention,value,0,bfloat16,2,262144,15,3932160,262144,ans_raw,204688,1024,465,0,206177,f57250d56ba128d52ab366c71a227f226a72428ecec69cb0a682bc796ccba311,f57250d56ba128d52ab366c71a227f226a72428ecec69cb0a682bc796ccba311,true,/home/zhouziang/Workspace/compression/kv_compression/artifacts/raw/20261004_m2b_qwen35_trace1_2k_ansraw/ans_raw_262144.akvpack,25134727,206169
20261004_m2b_qwen35_trace1_2k_ansraw,layer08.convolution.0,8,linear_attention,convolution,0,bfloat16,2,262144,0,0,65536,ans_raw,51284,1024,465,0,52773,a12bb6e1072e387269f582a5e83fa4745326bbe00a4f3b621377d3842e5b0a84,a12bb6e1072e387269f582a5e83fa4745326bbe00a4f3b621377d3842e5b0a84,true,/home/zhouziang/Workspace/compression/kv_compression/artifacts/raw/20261004_m2b_qwen35_trace1_2k_ansraw/ans_raw_262144.akvpack,25340904,52765
20261004_m2b_qwen35_trace1_2k_ansraw,layer08.recurrent.0,8,linear_attention,recurrent,0,float32,4,262144,0,0,262144,ans_raw,245316,1024,467,0,246807,d307928e56d1daabe8bdcd2868131525fb76a4540a4d35958acfb1fce3792497,d307928e56d1daabe8bdcd2868131525fb76a4540a4d35958acfb1fce3792497,true,/home/zhouziang/Workspace/compression/kv_compression/artifacts/raw/20261004_m2b_qwen35_trace1_2k_ansraw/ans_raw_262144.akvpack,25393677,246799
20261004_m2b_qwen35_trace1_2k_ansraw,layer08.recurrent.0,8,linear_attention,recurrent,0,float32,4,262144,1,262144,262144,ans_raw,245160,1024,472,0,246656,41802ca56d5a3134e69a669fd569ce03ffa57c9383cd739a12ee0aff934dae39,41802ca56d5a3134e69a669fd569ce03ffa57c9383cd739a12ee0aff934dae39,true,/home/zhouziang/Workspace/compression/kv_compression/artifacts/raw/20261004_m2b_qwen35_trace1_2k_ansraw/ans_raw_262144.akvpack,25640484,246648
20261004_m2b_qwen35_trace1_2k_ansraw,layer08.recurrent.0,8,linear_attention,recurrent,0,float32,4,262144,2,524288,262144,ans_raw,245020,1024,472,0,246516,06ea7f772528f2f4629419a71008ae4722abcffa22bc571df4c2b509d096b99e,06ea7f772528f2f4629419a71008ae4722abcffa22bc571df4c2b509d096b99e,true,/home/zhouziang/Workspace/compression/kv_compression/artifacts/raw/20261004_m2b_qwen35_trace1_2k_ansraw/ans_raw_262144.akvpack,25887140,246508
20261004_m2b_qwen35_trace1_2k_ansraw,layer08.recurrent.0,8,linear_attention,recurrent,0,float32,4,262144,3,786432,262144,ans_raw,245348,1024,472,0,246844,6329b7845fddbc6f6fa987ad34ab05ab0a890af9b9977a5453343da1b4943d6f,6329b7845fddbc6f6fa987ad34ab05ab0a890af9b9977a5453343da1b4943d6f,true,/home/zhouziang/Workspace/compression/kv_compression/artifacts/raw/20261004_m2b_qwen35_trace1_2k_ansraw/ans_raw_262144.akvpack,26133656,246836
20261004_m2b_qwen35_trace1_2k_ansraw,layer08.recurrent.0,8,linear_attention,recurrent,0,float32,4,262144,4,1048576,262144,ans_raw,244084,1024,473,0,245581,386676aa73b3eada653a9be77951f21d79ba5033d426e3f56b4ee9f9983e5a92,386676aa73b3eada653a9be77951f21d79ba5033d426e3f56b4ee9f9983e5a92,true,/home/zhouziang/Workspace/compression/kv_compression/artifacts/raw/20261004_m2b_qwen35_trace1_2k_ansraw/ans_raw_262144.akvpack,26380500,245573
20261004_m2b_qwen35_trace1_2k_ansraw,layer08.recurrent.0,8,linear_attention,recurrent,0,float32,4,262144,5,1310720,262144,ans_raw,247216,1024,473,0,248713,4dbc48357f3267227886e43a5c121ba4f2c0ed0e863fc5d805717fdee9c87352,4dbc48357f3267227886e43a5c121ba4f2c0ed0e863fc5d805717fdee9c87352,true,/home/zhouziang/Workspace/compression/kv_compression/artifacts/raw/20261004_m2b_qwen35_trace1_2k_ansraw/ans_raw_262144.akvpack,26626081,248705
20261004_m2b_qwen35_trace1_2k_ansraw,layer08.recurrent.0,8,linear_attention,recurrent,0,float32,4,262144,6,1572864,262144,ans_raw,244360,1024,473,0,245857,b5adfb5a7515db412a514d52b394088323e0574098c59c968b88117daaa56cf3,b5adfb5a7515db412a514d52b394088323e0574098c59c968b88117daaa56cf3,true,/home/zhouziang/Workspace/compression/kv_compression/artifacts/raw/20261004_m2b_qwen35_trace1_2k_ansraw/ans_raw_262144.akvpack,26874794,245849
20261004_m2b_qwen35_trace1_2k_ansraw,layer08.recurrent.0,8,linear_attention,recurrent,0,float32,4,262144,7,1835008,262144,ans_raw,245576,1024,473,0,247073,e786d97ba9f229f7394b57008f98932ea7380917a6cea8baa733f67422b2091c,e786d97ba9f229f7394b57008f98932ea7380917a6cea8baa733f67422b2091c,true,/home/zhouziang/Workspace/compression/kv_compression/artifacts/raw/20261004_m2b_qwen35_trace1_2k_ansraw/ans_raw_262144.akvpack,27120651,247065
20261004_m2b_qwen35_trace1_2k_ansraw,layer09.convolution.0,9,linear_attention,convolution,0,bfloat16,2,262144,0,0,65536,ans_raw,51352,1024,465,0,52841,c0f8b5dbe8cc5aebfb418ce20fbdff0708a86384857a014459c292c1d4048dda,c0f8b5dbe8cc5aebfb418ce20fbdff0708a86384857a014459c292c1d4048dda,true,/home/zhouziang/Workspace/compression/kv_compression/artifacts/raw/20261004_m2b_qwen35_trace1_2k_ansraw/ans_raw_262144.akvpack,27367724,52833
20261004_m2b_qwen35_trace1_2k_ansraw,layer09.recurrent.0,9,linear_attention,recurrent,0,float32,4,262144,0,0,262144,ans_raw,245132,1024,467,0,246623,424e1d7f7e89597f5a9f0f77eb40326005ad3a7ffc53adee49456ce2ff98a379,424e1d7f7e89597f5a9f0f77eb40326005ad3a7ffc53adee49456ce2ff98a379,true,/home/zhouziang/Workspace/compression/kv_compression/artifacts/raw/20261004_m2b_qwen35_trace1_2k_ansraw/ans_raw_262144.akvpack,27420565,246615
20261004_m2b_qwen35_trace1_2k_ansraw,layer09.recurrent.0,9,linear_attention,recurrent,0,float32,4,262144,1,262144,262144,ans_raw,244916,1024,472,0,246412,817195f72f7a71d0057891098dc670ed6ea762e1849856ba64b965f0bf0a43a4,817195f72f7a71d0057891098dc670ed6ea762e1849856ba64b965f0bf0a43a4,true,/home/zhouziang/Workspace/compression/kv_compression/artifacts/raw/20261004_m2b_qwen35_trace1_2k_ansraw/ans_raw_262144.akvpack,27667188,246404
20261004_m2b_qwen35_trace1_2k_ansraw,layer09.recurrent.0,9,linear_attention,recurrent,0,float32,4,262144,2,524288,262144,ans_raw,244820,1024,472,0,246316,4b079e93932db217357cf7b843b6b41c68018f5a8b1a6d7e2806f1884200855f,4b079e93932db217357cf7b843b6b41c68018f5a8b1a6d7e2806f1884200855f,true,/home/zhouziang/Workspace/compression/kv_compression/artifacts/raw/20261004_m2b_qwen35_trace1_2k_ansraw/ans_raw_262144.akvpack,27913600,246308
20261004_m2b_qwen35_trace1_2k_ansraw,layer09.recurrent.0,9,linear_attention,recurrent,0,float32,4,262144,3,786432,262144,ans_raw,244564,1024,472,0,246060,a563efa8ba85da8676b24d5f028638d91aba48e15427e8c4059e7cef61da9b5f,a563efa8ba85da8676b24d5f028638d91aba48e15427e8c4059e7cef61da9b5f,true,/home/zhouziang/Workspace/compression/kv_compression/artifacts/raw/20261004_m2b_qwen35_trace1_2k_ansraw/ans_raw_262144.akvpack,28159916,246052
20261004_m2b_qwen35_trace1_2k_ansraw,layer09.recurrent.0,9,linear_attention,recurrent,0,float32,4,262144,4,1048576,262144,ans_raw,244792,1024,473,0,246289,26afb79254614783f30ee7ff46d556bb64c42f3e3597deaf6b70a26c52f95cec,26afb79254614783f30ee7ff46d556bb64c42f3e3597deaf6b70a26c52f95cec,true,/home/zhouziang/Workspace/compression/kv_compression/artifacts/raw/20261004_m2b_qwen35_trace1_2k_ansraw/ans_raw_262144.akvpack,28405976,246281
20261004_m2b_qwen35_trace1_2k_ansraw,layer09.recurrent.0,9,linear_attention,recurrent,0,float32,4,262144,5,1310720,262144,ans_raw,244716,1024,473,0,246213,56a2e97c470f1339310073edad97494f8b25be01d2ac22339d3d2d337cf32897,56a2e97c470f1339310073edad97494f8b25be01d2ac22339d3d2d337cf32897,true,/home/zhouziang/Workspace/compression/kv_compression/artifacts/raw/20261004_m2b_qwen35_trace1_2k_ansraw/ans_raw_262144.akvpack,28652265,246205
20261004_m2b_qwen35_trace1_2k_ansraw,layer09.recurrent.0,9,linear_attention,recurrent,0,float32,4,262144,6,1572864,262144,ans_raw,243924,1024,473,0,245421,12c3e86b6cc59c8f5ded0c246528acaa78a2a7f8f954792bec03bc6b2e4ef335,12c3e86b6cc59c8f5ded0c246528acaa78a2a7f8f954792bec03bc6b2e4ef335,true,/home/zhouziang/Workspace/compression/kv_compression/artifacts/raw/20261004_m2b_qwen35_trace1_2k_ansraw/ans_raw_262144.akvpack,28898478,245413
20261004_m2b_qwen35_trace1_2k_ansraw,layer09.recurrent.0,9,linear_attention,recurrent,0,float32,4,262144,7,1835008,262144,ans_raw,244908,1024,473,0,246405,e95a1ecedb0853bb7e26b55f6b53b49cd9edb5002e8affff847c54b4b20c2d47,e95a1ecedb0853bb7e26b55f6b53b49cd9edb5002e8affff847c54b4b20c2d47,true,/home/zhouziang/Workspace/compression/kv_compression/artifacts/raw/20261004_m2b_qwen35_trace1_2k_ansraw/ans_raw_262144.akvpack,29143899,246397
20261004_m2b_qwen35_trace1_2k_ansraw,layer10.convolution.0,10,linear_attention,convolution,0,bfloat16,2,262144,0,0,65536,ans_raw,51212,1024,466,0,52702,0a7fab16dfd5979503d08a0cb890da54904f4dd318cf82c9f7b047b42c3c658c,0a7fab16dfd5979503d08a0cb890da54904f4dd318cf82c9f7b047b42c3c658c,true,/home/zhouziang/Workspace/compression/kv_compression/artifacts/raw/20261004_m2b_qwen35_trace1_2k_ansraw/ans_raw_262144.akvpack,29390304,52694
20261004_m2b_qwen35_trace1_2k_ansraw,layer10.recurrent.0,10,linear_attention,recurrent,0,float32,4,262144,0,0,262144,ans_raw,244216,1024,468,0,245708,6cf0b21b5bc262ebd3c34276537c7aaaac9308fa921ab5fc7fb69df3287b2292,6cf0b21b5bc262ebd3c34276537c7aaaac9308fa921ab5fc7fb69df3287b2292,true,/home/zhouziang/Workspace/compression/kv_compression/artifacts/raw/20261004_m2b_qwen35_trace1_2k_ansraw/ans_raw_262144.akvpack,29443006,245700
20261004_m2b_qwen35_trace1_2k_ansraw,layer10.recurrent.0,10,linear_attention,recurrent,0,float32,4,262144,1,262144,262144,ans_raw,244904,1024,473,0,246401,9e8912438ab54c45b2dc9c3c37b70da0be5865f39e3f116bccce6c3b9accc07d,9e8912438ab54c45b2dc9c3c37b70da0be5865f39e3f116bccce6c3b9accc07d,true,/home/zhouziang/Workspace/compression/kv_compression/artifacts/raw/20261004_m2b_qwen35_trace1_2k_ansraw/ans_raw_262144.akvpack,29688714,246393
20261004_m2b_qwen35_trace1_2k_ansraw,layer10.recurrent.0,10,linear_attention,recurrent,0,float32,4,262144,2,524288,262144,ans_raw,244616,1024,473,0,246113,4e7e39fad8dc98a862e3223991c972c655e4e987d41914a9cb23f60b36d1093a,4e7e39fad8dc98a862e3223991c972c655e4e987d41914a9cb23f60b36d1093a,true,/home/zhouziang/Workspace/compression/kv_compression/artifacts/raw/20261004_m2b_qwen35_trace1_2k_ansraw/ans_raw_262144.akvpack,29935115,246105
20261004_m2b_qwen35_trace1_2k_ansraw,layer10.recurrent.0,10,linear_attention,recurrent,0,float32,4,262144,3,786432,262144,ans_raw,245044,1024,473,0,246541,e212bfb64e83801faa7dcb8f4ba1a4d00ba03ab0c6963107e4b2696593d9f4c9,e212bfb64e83801faa7dcb8f4ba1a4d00ba03ab0c6963107e4b2696593d9f4c9,true,/home/zhouziang/Workspace/compression/kv_compression/artifacts/raw/20261004_m2b_qwen35_trace1_2k_ansraw/ans_raw_262144.akvpack,30181228,246533
20261004_m2b_qwen35_trace1_2k_ansraw,layer10.recurrent.0,10,linear_attention,recurrent,0,float32,4,262144,4,1048576,262144,ans_raw,244732,1024,474,0,246230,0345c64007782e156c90e21dbbd01b336eb4ad7eb9952a71a7e4dd4e12a6bc32,0345c64007782e156c90e21dbbd01b336eb4ad7eb9952a71a7e4dd4e12a6bc32,true,/home/zhouziang/Workspace/compression/kv_compression/artifacts/raw/20261004_m2b_qwen35_trace1_2k_ansraw/ans_raw_262144.akvpack,30427769,246222
20261004_m2b_qwen35_trace1_2k_ansraw,layer10.recurrent.0,10,linear_attention,recurrent,0,float32,4,262144,5,1310720,262144,ans_raw,244432,1024,474,0,245930,9628b131cb6c4cbb40fdf8003052be53fc4bf587209fab2e53edf96c720e6ff6,9628b131cb6c4cbb40fdf8003052be53fc4bf587209fab2e53edf96c720e6ff6,true,/home/zhouziang/Workspace/compression/kv_compression/artifacts/raw/20261004_m2b_qwen35_trace1_2k_ansraw/ans_raw_262144.akvpack,30673999,245922
20261004_m2b_qwen35_trace1_2k_ansraw,layer10.recurrent.0,10,linear_attention,recurrent,0,float32,4,262144,6,1572864,262144,ans_raw,245004,1024,474,0,246502,ccbf09e830b44f98a078d5af85c2ec1edef25bbc85c7220173addce4d1daaf91,ccbf09e830b44f98a078d5af85c2ec1edef25bbc85c7220173addce4d1daaf91,true,/home/zhouziang/Workspace/compression/kv_compression/artifacts/raw/20261004_m2b_qwen35_trace1_2k_ansraw/ans_raw_262144.akvpack,30919929,246494
20261004_m2b_qwen35_trace1_2k_ansraw,layer10.recurrent.0,10,linear_attention,recurrent,0,float32,4,262144,7,1835008,262144,ans_raw,244744,1024,474,0,246242,9f006829b326cacc252c68417dab29acf76c894f138469844fe1a8d69c7a3f12,9f006829b326cacc252c68417dab29acf76c894f138469844fe1a8d69c7a3f12,true,/home/zhouziang/Workspace/compression/kv_compression/artifacts/raw/20261004_m2b_qwen35_trace1_2k_ansraw/ans_raw_262144.akvpack,31166431,246234
20261004_m2b_qwen35_trace1_2k_ansraw,layer11.key.0,11,full_attention,key,0,bfloat16,2,262144,0,0,262144,ans_raw,205176,1024,455,0,206655,1992f3ffa4cda7752a1a0c5fef85162db20d2b23c2d80f6125db6a255e584f05,1992f3ffa4cda7752a1a0c5fef85162db20d2b23c2d80f6125db6a255e584f05,true,/home/zhouziang/Workspace/compression/kv_compression/artifacts/raw/20261004_m2b_qwen35_trace1_2k_ansraw/ans_raw_262144.akvpack,31412673,206647
20261004_m2b_qwen35_trace1_2k_ansraw,layer11.key.0,11,full_attention,key,0,bfloat16,2,262144,1,262144,262144,ans_raw,205048,1024,460,0,206532,fd4d12829a2d69110eae6aa98898522b2c78c0e23822112b5ac2debc99408583,fd4d12829a2d69110eae6aa98898522b2c78c0e23822112b5ac2debc99408583,true,/home/zhouziang/Workspace/compression/kv_compression/artifacts/raw/20261004_m2b_qwen35_trace1_2k_ansraw/ans_raw_262144.akvpack,31619328,206524
20261004_m2b_qwen35_trace1_2k_ansraw,layer11.key.0,11,full_attention,key,0,bfloat16,2,262144,2,524288,262144,ans_raw,204996,1024,460,0,206480,cc19dd6b531693bc0476ce2116a81af703f24add60ef61f330fc925ef8d191ac,cc19dd6b531693bc0476ce2116a81af703f24add60ef61f330fc925ef8d191ac,true,/home/zhouziang/Workspace/compression/kv_compression/artifacts/raw/20261004_m2b_qwen35_trace1_2k_ansraw/ans_raw_262144.akvpack,31825860,206472
20261004_m2b_qwen35_trace1_2k_ansraw,layer11.key.0,11,full_attention,key,0,bfloat16,2,262144,3,786432,262144,ans_raw,204820,1024,460,0,206304,e066b2bd1f01ce4a69106204305d2a58b6e0ed8f331313fbdb232608e91c65d1,e066b2bd1f01ce4a69106204305d2a58b6e0ed8f331313fbdb232608e91c65d1,true,/home/zhouziang/Workspace/compression/kv_compression/artifacts/raw/20261004_m2b_qwen35_trace1_2k_ansraw/ans_raw_262144.akvpack,32032340,206296
20261004_m2b_qwen35_trace1_2k_ansraw,layer11.key.0,11,full_attention,key,0,bfloat16,2,262144,4,1048576,262144,ans_raw,205324,1024,461,0,206809,85951598f58e797dc3f0d7140dba86a7d700fda0fa552d85c221f55084d53d09,85951598f58e797dc3f0d7140dba86a7d700fda0fa552d85c221f55084d53d09,true,/home/zhouziang/Workspace/compression/kv_compression/artifacts/raw/20261004_m2b_qwen35_trace1_2k_ansraw/ans_raw_262144.akvpack,32238644,206801
20261004_m2b_qwen35_trace1_2k_ansraw,layer11.key.0,11,full_attention,key,0,bfloat16,2,262144,5,1310720,262144,ans_raw,205172,1024,461,0,206657,13939368c4017e9fde564ca21047c264ddeb60296627bae78e151c9b69db8e78,13939368c4017e9fde564ca21047c264ddeb60296627bae78e151c9b69db8e78,true,/home/zhouziang/Workspace/compression/kv_compression/artifacts/raw/20261004_m2b_qwen35_trace1_2k_ansraw/ans_raw_262144.akvpack,32445453,206649
20261004_m2b_qwen35_trace1_2k_ansraw,layer11.key.0,11,full_attention,key,0,bfloat16,2,262144,6,1572864,262144,ans_raw,204908,1024,461,0,206393,596a208cfbb4b9aa83b636ede9e7bf2e81712822fedd6dee020bf7826400c514,596a208cfbb4b9aa83b636ede9e7bf2e81712822fedd6dee020bf7826400c514,true,/home/zhouziang/Workspace/compression/kv_compression/artifacts/raw/20261004_m2b_qwen35_trace1_2k_ansraw/ans_raw_262144.akvpack,32652110,206385
20261004_m2b_qwen35_trace1_2k_ansraw,layer11.key.0,11,full_attention,key,0,bfloat16,2,262144,7,1835008,262144,ans_raw,205068,1024,461,0,206553,41c027948651fe04f55e383cfc55a3cf07d2e4d143e36e519300e70db491b20d,41c027948651fe04f55e383cfc55a3cf07d2e4d143e36e519300e70db491b20d,true,/home/zhouziang/Workspace/compression/kv_compression/artifacts/raw/20261004_m2b_qwen35_trace1_2k_ansraw/ans_raw_262144.akvpack,32858503,206545
20261004_m2b_qwen35_trace1_2k_ansraw,layer11.key.0,11,full_attention,key,0,bfloat16,2,262144,8,2097152,262144,ans_raw,205796,1024,461,0,207281,076c7a8786813349b877db8fb76902989d1ec725dabdcc810b9f3cb143d9590f,076c7a8786813349b877db8fb76902989d1ec725dabdcc810b9f3cb143d9590f,true,/home/zhouziang/Workspace/compression/kv_compression/artifacts/raw/20261004_m2b_qwen35_trace1_2k_ansraw/ans_raw_262144.akvpack,33065056,207273
20261004_m2b_qwen35_trace1_2k_ansraw,layer11.key.0,11,full_attention,key,0,bfloat16,2,262144,9,2359296,262144,ans_raw,205380,1024,461,0,206865,754958b2c37ff38ae9bcac8cf8abe9599fa74bc7fa5fec5b02e152bf1e662220,754958b2c37ff38ae9bcac8cf8abe9599fa74bc7fa5fec5b02e152bf1e662220,true,/home/zhouziang/Workspace/compression/kv_compression/artifacts/raw/20261004_m2b_qwen35_trace1_2k_ansraw/ans_raw_262144.akvpack,33272337,206857
20261004_m2b_qwen35_trace1_2k_ansraw,layer11.key.0,11,full_attention,key,0,bfloat16,2,262144,10,2621440,262144,ans_raw,205124,1024,462,0,206610,12c71f992aaa8934dfb048c52a8dcfc25ad4a29a4bd4f7bb11e13408de604f19,12c71f992aaa8934dfb048c52a8dcfc25ad4a29a4bd4f7bb11e13408de604f19,true,/home/zhouziang/Workspace/compression/kv_compression/artifacts/raw/20261004_m2b_qwen35_trace1_2k_ansraw/ans_raw_262144.akvpack,33479202,206602
20261004_m2b_qwen35_trace1_2k_ansraw,layer11.key.0,11,full_attention,key,0,bfloat16,2,262144,11,2883584,262144,ans_raw,204916,1024,462,0,206402,267b24f5cb4f7b1f7286c95716c1b4cb7f132cb0c5f794ee09aa47d4497569be,267b24f5cb4f7b1f7286c95716c1b4cb7f132cb0c5f794ee09aa47d4497569be,true,/home/zhouziang/Workspace/compression/kv_compression/artifacts/raw/20261004_m2b_qwen35_trace1_2k_ansraw/ans_raw_262144.akvpack,33685812,206394
20261004_m2b_qwen35_trace1_2k_ansraw,layer11.key.0,11,full_attention,key,0,bfloat16,2,262144,12,3145728,262144,ans_raw,204772,1024,462,0,206258,4706896305ff32403dcc0efde1ce74cf7d7a2d25312110fbf75b5fcf1b8ba2ff,4706896305ff32403dcc0efde1ce74cf7d7a2d25312110fbf75b5fcf1b8ba2ff,true,/home/zhouziang/Workspace/compression/kv_compression/artifacts/raw/20261004_m2b_qwen35_trace1_2k_ansraw/ans_raw_262144.akvpack,33892214,206250
20261004_m2b_qwen35_trace1_2k_ansraw,layer11.key.0,11,full_attention,key,0,bfloat16,2,262144,13,3407872,262144,ans_raw,204880,1024,462,0,206366,3240268daf3454c900af161a54c8c4817e84ac5b5221444f9559287409ad8222,3240268daf3454c900af161a54c8c4817e84ac5b5221444f9559287409ad8222,true,/home/zhouziang/Workspace/compression/kv_compression/artifacts/raw/20261004_m2b_qwen35_trace1_2k_ansraw/ans_raw_262144.akvpack,34098472,206358
20261004_m2b_qwen35_trace1_2k_ansraw,layer11.key.0,11,full_attention,key,0,bfloat16,2,262144,14,3670016,262144,ans_raw,204684,1024,462,0,206170,d355703c794bc230787906169fbe7eec8a358e43bc7318b6525f91cff967075c,d355703c794bc230787906169fbe7eec8a358e43bc7318b6525f91cff967075c,true,/home/zhouziang/Workspace/compression/kv_compression/artifacts/raw/20261004_m2b_qwen35_trace1_2k_ansraw/ans_raw_262144.akvpack,34304838,206162
20261004_m2b_qwen35_trace1_2k_ansraw,layer11.key.0,11,full_attention,key,0,bfloat16,2,262144,15,3932160,262144,ans_raw,204752,1024,462,0,206238,ee343f48c064007ea390b81b46e50b44c3650b8c1bcb47929728e0a7458ff411,ee343f48c064007ea390b81b46e50b44c3650b8c1bcb47929728e0a7458ff411,true,/home/zhouziang/Workspace/compression/kv_compression/artifacts/raw/20261004_m2b_qwen35_trace1_2k_ansraw/ans_raw_262144.akvpack,34511008,206230
20261004_m2b_qwen35_trace1_2k_ansraw,layer11.value.0,11,full_attention,value,0,bfloat16,2,262144,0,0,262144,ans_raw,204852,1024,459,0,206335,ba2cf31253fbdd4d393c08c8b830d168ad9ff4b422cd058b184ea923c6a68008,ba2cf31253fbdd4d393c08c8b830d168ad9ff4b422cd058b184ea923c6a68008,true,/home/zhouziang/Workspace/compression/kv_compression/artifacts/raw/20261004_m2b_qwen35_trace1_2k_ansraw/ans_raw_262144.akvpack,34717246,206327
20261004_m2b_qwen35_trace1_2k_ansraw,layer11.value.0,11,full_attention,value,0,bfloat16,2,262144,1,262144,262144,ans_raw,204968,1024,464,0,206456,33892e3819a2cb306d00056b38327be22279b6b6a8df20919b8b6ba22e5280a7,33892e3819a2cb306d00056b38327be22279b6b6a8df20919b8b6ba22e5280a7,true,/home/zhouziang/Workspace/compression/kv_compression/artifacts/raw/20261004_m2b_qwen35_trace1_2k_ansraw/ans_raw_262144.akvpack,34923581,206448
20261004_m2b_qwen35_trace1_2k_ansraw,layer11.value.0,11,full_attention,value,0,bfloat16,2,262144,2,524288,262144,ans_raw,204772,1024,464,0,206260,55919a5aacfe8881794cb82c2e05a6741046c47be41e8d58de642b4218990cf1,55919a5aacfe8881794cb82c2e05a6741046c47be41e8d58de642b4218990cf1,true,/home/zhouziang/Workspace/compression/kv_compression/artifacts/raw/20261004_m2b_qwen35_trace1_2k_ansraw/ans_raw_262144.akvpack,35130037,206252
20261004_m2b_qwen35_trace1_2k_ansraw,layer11.value.0,11,full_attention,value,0,bfloat16,2,262144,3,786432,262144,ans_raw,204876,1024,464,0,206364,9c7110791961571aea4594ed97c241f97b979ae4c6208af9cdd6bf9aff0ffe18,9c7110791961571aea4594ed97c241f97b979ae4c6208af9cdd6bf9aff0ffe18,true,/home/zhouziang/Workspace/compression/kv_compression/artifacts/raw/20261004_m2b_qwen35_trace1_2k_ansraw/ans_raw_262144.akvpack,35336297,206356
20261004_m2b_qwen35_trace1_2k_ansraw,layer11.value.0,11,full_attention,value,0,bfloat16,2,262144,4,1048576,262144,ans_raw,204104,1024,465,0,205593,37c120f4a87114fbd112973a845e81d5371580b99eeed921dcdf0db587a9f244,37c120f4a87114fbd112973a845e81d5371580b99eeed921dcdf0db587a9f244,true,/home/zhouziang/Workspace/compression/kv_compression/artifacts/raw/20261004_m2b_qwen35_trace1_2k_ansraw/ans_raw_262144.akvpack,35542661,205585
20261004_m2b_qwen35_trace1_2k_ansraw,layer11.value.0,11,full_attention,value,0,bfloat16,2,262144,5,1310720,262144,ans_raw,204116,1024,465,0,205605,ca77a4efa9c775457af549b2d10b4f74a89c1a45c11e2cdf8e137e251224a29d,ca77a4efa9c775457af549b2d10b4f74a89c1a45c11e2cdf8e137e251224a29d,true,/home/zhouziang/Workspace/compression/kv_compression/artifacts/raw/20261004_m2b_qwen35_trace1_2k_ansraw/ans_raw_262144.akvpack,35748254,205597
20261004_m2b_qwen35_trace1_2k_ansraw,layer11.value.0,11,full_attention,value,0,bfloat16,2,262144,6,1572864,262144,ans_raw,204128,1024,465,0,205617,00ef1ec88f61ceb8deb3c48d3fd66e7518314895503308061d468e72653877d8,00ef1ec88f61ceb8deb3c48d3fd66e7518314895503308061d468e72653877d8,true,/home/zhouziang/Workspace/compression/kv_compression/artifacts/raw/20261004_m2b_qwen35_trace1_2k_ansraw/ans_raw_262144.akvpack,35953859,205609
20261004_m2b_qwen35_trace1_2k_ansraw,layer11.value.0,11,full_attention,value,0,bfloat16,2,262144,7,1835008,262144,ans_raw,204196,1024,465,0,205685,5718448f5901af77d4937bd2196142663d2362d2a7c7654d5af7f93d8f786584,5718448f5901af77d4937bd2196142663d2362d2a7c7654d5af7f93d8f786584,true,/home/zhouziang/Workspace/compression/kv_compression/artifacts/raw/20261004_m2b_qwen35_trace1_2k_ansraw/ans_raw_262144.akvpack,36159476,205677
20261004_m2b_qwen35_trace1_2k_ansraw,layer11.value.0,11,full_attention,value,0,bfloat16,2,262144,8,2097152,262144,ans_raw,204760,1024,465,0,206249,c4de33aafb434ee25fef35f1e91c32405457aeb5598cbb9f34dae000db682342,c4de33aafb434ee25fef35f1e91c32405457aeb5598cbb9f34dae000db682342,true,/home/zhouziang/Workspace/compression/kv_compression/artifacts/raw/20261004_m2b_qwen35_trace1_2k_ansraw/ans_raw_262144.akvpack,36365161,206241
20261004_m2b_qwen35_trace1_2k_ansraw,layer11.value.0,11,full_attention,value,0,bfloat16,2,262144,9,2359296,262144,ans_raw,204548,1024,465,0,206037,6f838f0d848ef42f17bf66261720c8910699e6aa21145e7147c7e0afb0cd8a04,6f838f0d848ef42f17bf66261720c8910699e6aa21145e7147c7e0afb0cd8a04,true,/home/zhouziang/Workspace/compression/kv_compression/artifacts/raw/20261004_m2b_qwen35_trace1_2k_ansraw/ans_raw_262144.akvpack,36571410,206029
20261004_m2b_qwen35_trace1_2k_ansraw,layer11.value.0,11,full_attention,value,0,bfloat16,2,262144,10,2621440,262144,ans_raw,204228,1024,466,0,205718,8dbf7f0161925547c1fa1037f2b4f055384fae5addb26e886981b918a31048e3,8dbf7f0161925547c1fa1037f2b4f055384fae5addb26e886981b918a31048e3,true,/home/zhouziang/Workspace/compression/kv_compression/artifacts/raw/20261004_m2b_qwen35_trace1_2k_ansraw/ans_raw_262144.akvpack,36777447,205710
20261004_m2b_qwen35_trace1_2k_ansraw,layer11.value.0,11,full_attention,value,0,bfloat16,2,262144,11,2883584,262144,ans_raw,204368,1024,466,0,205858,0289e9a55d8ba13edbb888d9fea37b60cb13019c78f99bfec7b235ffadefc6b5,0289e9a55d8ba13edbb888d9fea37b60cb13019c78f99bfec7b235ffadefc6b5,true,/home/zhouziang/Workspace/compression/kv_compression/artifacts/raw/20261004_m2b_qwen35_trace1_2k_ansraw/ans_raw_262144.akvpack,36983165,205850
20261004_m2b_qwen35_trace1_2k_ansraw,layer11.value.0,11,full_attention,value,0,bfloat16,2,262144,12,3145728,262144,ans_raw,204544,1024,466,0,206034,31d6f6a74a0cc55ccae586205644804847e83b2e57a543011f2184bb72b0dc8d,31d6f6a74a0cc55ccae586205644804847e83b2e57a543011f2184bb72b0dc8d,true,/home/zhouziang/Workspace/compression/kv_compression/artifacts/raw/20261004_m2b_qwen35_trace1_2k_ansraw/ans_raw_262144.akvpack,37189023,206026
20261004_m2b_qwen35_trace1_2k_ansraw,layer11.value.0,11,full_attention,value,0,bfloat16,2,262144,13,3407872,262144,ans_raw,204580,1024,466,0,206070,f3825125a9784e80748565136e7e39005870da417532f3f8422b5b649dc9479c,f3825125a9784e80748565136e7e39005870da417532f3f8422b5b649dc9479c,true,/home/zhouziang/Workspace/compression/kv_compression/artifacts/raw/20261004_m2b_qwen35_trace1_2k_ansraw/ans_raw_262144.akvpack,37395057,206062
20261004_m2b_qwen35_trace1_2k_ansraw,layer11.value.0,11,full_attention,value,0,bfloat16,2,262144,14,3670016,262144,ans_raw,204552,1024,466,0,206042,c35aea3e3bf8dcae22c05fd8dea1c2892227de5e052e4ed5b2aec729fa2297f6,c35aea3e3bf8dcae22c05fd8dea1c2892227de5e052e4ed5b2aec729fa2297f6,true,/home/zhouziang/Workspace/compression/kv_compression/artifacts/raw/20261004_m2b_qwen35_trace1_2k_ansraw/ans_raw_262144.akvpack,37601127,206034
20261004_m2b_qwen35_trace1_2k_ansraw,layer11.value.0,11,full_attention,value,0,bfloat16,2,262144,15,3932160,262144,ans_raw,204344,1024,466,0,205834,ffc0521389258894b08c315e15d3c1bc153c5629b2f8898af8ab4b4329159cd0,ffc0521389258894b08c315e15d3c1bc153c5629b2f8898af8ab4b4329159cd0,true,/home/zhouziang/Workspace/compression/kv_compression/artifacts/raw/20261004_m2b_qwen35_trace1_2k_ansraw/ans_raw_262144.akvpack,37807169,205826
20261004_m2b_qwen35_trace1_2k_ansraw,layer12.convolution.0,12,linear_attention,convolution,0,bfloat16,2,262144,0,0,65536,ans_raw,51400,1024,466,0,52890,1b021af7cd16c8a14cf4d41431e80e5c103beeba2ccc0cd545ff13dc32c52759,1b021af7cd16c8a14cf4d41431e80e5c103beeba2ccc0cd545ff13dc32c52759,true,/home/zhouziang/Workspace/compression/kv_compression/artifacts/raw/20261004_m2b_qwen35_trace1_2k_ansraw/ans_raw_262144.akvpack,38013003,52882
20261004_m2b_qwen35_trace1_2k_ansraw,layer12.recurrent.0,12,linear_attention,recurrent,0,float32,4,262144,0,0,262144,ans_raw,244156,1024,468,0,245648,93e0e7697b29547bb0c1bb88216081a113e92a6a7e2204ae30352ede5ee1fb98,93e0e7697b29547bb0c1bb88216081a113e92a6a7e2204ae30352ede5ee1fb98,true,/home/zhouziang/Workspace/compression/kv_compression/artifacts/raw/20261004_m2b_qwen35_trace1_2k_ansraw/ans_raw_262144.akvpack,38065893,245640
20261004_m2b_qwen35_trace1_2k_ansraw,layer12.recurrent.0,12,linear_attention,recurrent,0,float32,4,262144,1,262144,262144,ans_raw,244676,1024,473,0,246173,2f7bf3d896961d2aaa6e72163bb2a845469c51b9eed26ff65f8d56442c5d519e,2f7bf3d896961d2aaa6e72163bb2a845469c51b9eed26ff65f8d56442c5d519e,true,/home/zhouziang/Workspace/compression/kv_compression/artifacts/raw/20261004_m2b_qwen35_trace1_2k_ansraw/ans_raw_262144.akvpack,38311541,246165
20261004_m2b_qwen35_trace1_2k_ansraw,layer12.recurrent.0,12,linear_attention,recurrent,0,float32,4,262144,2,524288,262144,ans_raw,244768,1024,473,0,246265,5e51ab6f3a6c80bfd6b73faf2559d6e278f4e1d96161ae2b2978d87270007c30,5e51ab6f3a6c80bfd6b73faf2559d6e278f4e1d96161ae2b2978d87270007c30,true,/home/zhouziang/Workspace/compression/kv_compression/artifacts/raw/20261004_m2b_qwen35_trace1_2k_ansraw/ans_raw_262144.akvpack,38557714,246257
20261004_m2b_qwen35_trace1_2k_ansraw,layer12.recurrent.0,12,linear_attention,recurrent,0,float32,4,262144,3,786432,262144,ans_raw,244584,1024,473,0,246081,1d1a9f00ffd2388409422851ac31a1cfd6f29e4cefb77f6e7e7c11a3ebfbf3e8,1d1a9f00ffd2388409422851ac31a1cfd6f29e4cefb77f6e7e7c11a3ebfbf3e8,true,/home/zhouziang/Workspace/compression/kv_compression/artifacts/raw/20261004_m2b_qwen35_trace1_2k_ansraw/ans_raw_262144.akvpack,38803979,246073
20261004_m2b_qwen35_trace1_2k_ansraw,layer12.recurrent.0,12,linear_attention,recurrent,0,float32,4,262144,4,1048576,262144,ans_raw,246216,1024,474,0,247714,45dd795d6940fb3fa8ffe07db609f3b779b18709383af1fd7b878c23646d7e8d,45dd795d6940fb3fa8ffe07db609f3b779b18709383af1fd7b878c23646d7e8d,true,/home/zhouziang/Workspace/compression/kv_compression/artifacts/raw/20261004_m2b_qwen35_trace1_2k_ansraw/ans_raw_262144.akvpack,39050060,247706
20261004_m2b_qwen35_trace1_2k_ansraw,layer12.recurrent.0,12,linear_attention,recurrent,0,float32,4,262144,5,1310720,262144,ans_raw,244780,1024,474,0,246278,78bdc4cc9d0d86ba8b6d48d9d5bea54cb9fe90bf7161131ce14b915e0eb006cf,78bdc4cc9d0d86ba8b6d48d9d5bea54cb9fe90bf7161131ce14b915e0eb006cf,true,/home/zhouziang/Workspace/compression/kv_compression/artifacts/raw/20261004_m2b_qwen35_trace1_2k_ansraw/ans_raw_262144.akvpack,39297774,246270
20261004_m2b_qwen35_trace1_2k_ansraw,layer12.recurrent.0,12,linear_attention,recurrent,0,float32,4,262144,6,1572864,262144,ans_raw,245148,1024,474,0,246646,cc0f808d194a3e779c15d5d448b0fe069518f1fa60389402b43b98e36e89edd6,cc0f808d194a3e779c15d5d448b0fe069518f1fa60389402b43b98e36e89edd6,true,/home/zhouziang/Workspace/compression/kv_compression/artifacts/raw/20261004_m2b_qwen35_trace1_2k_ansraw/ans_raw_262144.akvpack,39544052,246638
20261004_m2b_qwen35_trace1_2k_ansraw,layer12.recurrent.0,12,linear_attention,recurrent,0,float32,4,262144,7,1835008,262144,ans_raw,243924,1024,474,0,245422,81e8df8a9632e6b3b1fd50733b56f44ebedddd0aa61260cba33414ae5d2fcdea,81e8df8a9632e6b3b1fd50733b56f44ebedddd0aa61260cba33414ae5d2fcdea,true,/home/zhouziang/Workspace/compression/kv_compression/artifacts/raw/20261004_m2b_qwen35_trace1_2k_ansraw/ans_raw_262144.akvpack,39790698,245414
20261004_m2b_qwen35_trace1_2k_ansraw,layer13.convolution.0,13,linear_attention,convolution,0,bfloat16,2,262144,0,0,65536,ans_raw,51220,1024,466,0,52710,2760f17fee11cc2d920021c50929575c6c62733faeb0078334941db9bc0d2dab,2760f17fee11cc2d920021c50929575c6c62733faeb0078334941db9bc0d2dab,true,/home/zhouziang/Workspace/compression/kv_compression/artifacts/raw/20261004_m2b_qwen35_trace1_2k_ansraw/ans_raw_262144.akvpack,40036120,52702
20261004_m2b_qwen35_trace1_2k_ansraw,layer13.recurrent.0,13,linear_attention,recurrent,0,float32,4,262144,0,0,262144,ans_raw,245624,1024,468,0,247116,d69585a820277c885861aa855e30ea3b2e4fd9514aacc3aae097cf83f56bcb39,d69585a820277c885861aa855e30ea3b2e4fd9514aacc3aae097cf83f56bcb39,true,/home/zhouziang/Workspace/compression/kv_compression/artifacts/raw/20261004_m2b_qwen35_trace1_2k_ansraw/ans_raw_262144.akvpack,40088830,247108
20261004_m2b_qwen35_trace1_2k_ansraw,layer13.recurrent.0,13,linear_attention,recurrent,0,float32,4,262144,1,262144,262144,ans_raw,244948,1024,473,0,246445,911f83cf0e2be18cc3738cb0310372895c22f57e8266c89a972506fe1604a179,911f83cf0e2be18cc3738cb0310372895c22f57e8266c89a972506fe1604a179,true,/home/zhouziang/Workspace/compression/kv_compression/artifacts/raw/20261004_m2b_qwen35_trace1_2k_ansraw/ans_raw_262144.akvpack,40335946,246437
20261004_m2b_qwen35_trace1_2k_ansraw,layer13.recurrent.0,13,linear_attention,recurrent,0,float32,4,262144,2,524288,262144,ans_raw,245116,1024,473,0,246613,5a79c7959b1f0fbcdd6176a4e231654f6de9b0e80a0d80705c2eec1e39b5a680,5a79c7959b1f0fbcdd6176a4e231654f6de9b0e80a0d80705c2eec1e39b5a680,true,/home/zhouziang/Workspace/compression/kv_compression/artifacts/raw/20261004_m2b_qwen35_trace1_2k_ansraw/ans_raw_262144.akvpack,40582391,246605
20261004_m2b_qwen35_trace1_2k_ansraw,layer13.recurrent.0,13,linear_attention,recurrent,0,float32,4,262144,3,786432,262144,ans_raw,245052,1024,473,0,246549,9b401dd56bb229ae4d15634628a3fc9324eccef2724f63178327381720216436,9b401dd56bb229ae4d15634628a3fc9324eccef2724f63178327381720216436,true,/home/zhouziang/Workspace/compression/kv_compression/artifacts/raw/20261004_m2b_qwen35_trace1_2k_ansraw/ans_raw_262144.akvpack,40829004,246541
20261004_m2b_qwen35_trace1_2k_ansraw,layer13.recurrent.0,13,linear_attention,recurrent,0,float32,4,262144,4,1048576,262144,ans_raw,244184,1024,474,0,245682,241d35e22375e88a08e0e3e50ba9944ed70790136054ccd2340ae2fdc2cc930c,241d35e22375e88a08e0e3e50ba9944ed70790136054ccd2340ae2fdc2cc930c,true,/home/zhouziang/Workspace/compression/kv_compression/artifacts/raw/20261004_m2b_qwen35_trace1_2k_ansraw/ans_raw_262144.akvpack,41075553,245674
20261004_m2b_qwen35_trace1_2k_ansraw,layer13.recurrent.0,13,linear_attention,recurrent,0,float32,4,262144,5,1310720,262144,ans_raw,245076,1024,474,0,246574,1580c8cb75715e5cd4ea59972d1abfdb52d54a21e7aa799cce600c065a1fe251,1580c8cb75715e5cd4ea59972d1abfdb52d54a21e7aa799cce600c065a1fe251,true,/home/zhouziang/Workspace/compression/kv_compression/artifacts/raw/20261004_m2b_qwen35_trace1_2k_ansraw/ans_raw_262144.akvpack,41321235,246566
20261004_m2b_qwen35_trace1_2k_ansraw,layer13.recurrent.0,13,linear_attention,recurrent,0,float32,4,262144,6,1572864,262144,ans_raw,244852,1024,474,0,246350,3d95bedc8abb0193f5376c0545b4464d2bc0d2a0f9a07c297f83d3350ba2f500,3d95bedc8abb0193f5376c0545b4464d2bc0d2a0f9a07c297f83d3350ba2f500,true,/home/zhouziang/Workspace/compression/kv_compression/artifacts/raw/20261004_m2b_qwen35_trace1_2k_ansraw/ans_raw_262144.akvpack,41567809,246342
20261004_m2b_qwen35_trace1_2k_ansraw,layer13.recurrent.0,13,linear_attention,recurrent,0,float32,4,262144,7,1835008,262144,ans_raw,244460,1024,474,0,245958,1577b7f18284bb436e4ea2609675fb4c7a88fd1599f3154679e0cf0a9e85d84d,1577b7f18284bb436e4ea2609675fb4c7a88fd1599f3154679e0cf0a9e85d84d,true,/home/zhouziang/Workspace/compression/kv_compression/artifacts/raw/20261004_m2b_qwen35_trace1_2k_ansraw/ans_raw_262144.akvpack,41814159,245950
20261004_m2b_qwen35_trace1_2k_ansraw,layer14.convolution.0,14,linear_attention,convolution,0,bfloat16,2,262144,0,0,65536,ans_raw,51260,1024,466,0,52750,2714cf64da449c5b10f18540b501b84034f2461b95a95452e3410af146190241,2714cf64da449c5b10f18540b501b84034f2461b95a95452e3410af146190241,true,/home/zhouziang/Workspace/compression/kv_compression/artifacts/raw/20261004_m2b_qwen35_trace1_2k_ansraw/ans_raw_262144.akvpack,42060117,52742
20261004_m2b_qwen35_trace1_2k_ansraw,layer14.recurrent.0,14,linear_attention,recurrent,0,float32,4,262144,0,0,262144,ans_raw,244540,1024,468,0,246032,a083dc88e65225fec69b7d81b770d240d6f58c753d4daa10128dd96e781d6eb7,a083dc88e65225fec69b7d81b770d240d6f58c753d4daa10128dd96e781d6eb7,true,/home/zhouziang/Workspace/compression/kv_compression/artifacts/raw/20261004_m2b_qwen35_trace1_2k_ansraw/ans_raw_262144.akvpack,42112867,246024
20261004_m2b_qwen35_trace1_2k_ansraw,layer14.recurrent.0,14,linear_attention,recurrent,0,float32,4,262144,1,262144,262144,ans_raw,244868,1024,473,0,246365,3a639f527bc6d8335b725579124419803007c1b2a0655384dcb9246cf2643115,3a639f527bc6d8335b725579124419803007c1b2a0655384dcb9246cf2643115,true,/home/zhouziang/Workspace/compression/kv_compression/artifacts/raw/20261004_m2b_qwen35_trace1_2k_ansraw/ans_raw_262144.akvpack,42358899,246357
20261004_m2b_qwen35_trace1_2k_ansraw,layer14.recurrent.0,14,linear_attention,recurrent,0,float32,4,262144,2,524288,262144,ans_raw,244516,1024,473,0,246013,a11b920275b91be3ef174e4732deae830d894c77a98a3453ab498ac8867fe13b,a11b920275b91be3ef174e4732deae830d894c77a98a3453ab498ac8867fe13b,true,/home/zhouziang/Workspace/compression/kv_compression/artifacts/raw/20261004_m2b_qwen35_trace1_2k_ansraw/ans_raw_262144.akvpack,42605264,246005
20261004_m2b_qwen35_trace1_2k_ansraw,layer14.recurrent.0,14,linear_attention,recurrent,0,float32,4,262144,3,786432,262144,ans_raw,244880,1024,473,0,246377,89985118abbaba27dd5d03697f6c824967ce0dde351912306777dce8529cea8f,89985118abbaba27dd5d03697f6c824967ce0dde351912306777dce8529cea8f,true,/home/zhouziang/Workspace/compression/kv_compression/artifacts/raw/20261004_m2b_qwen35_trace1_2k_ansraw/ans_raw_262144.akvpack,42851277,246369
20261004_m2b_qwen35_trace1_2k_ansraw,layer14.recurrent.0,14,linear_attention,recurrent,0,float32,4,262144,4,1048576,262144,ans_raw,244592,1024,474,0,246090,79654f60d22f1db6459c0561283ef27d2e16834f4d259edb3e6b5c6b966a09f2,79654f60d22f1db6459c0561283ef27d2e16834f4d259edb3e6b5c6b966a09f2,true,/home/zhouziang/Workspace/compression/kv_compression/artifacts/raw/20261004_m2b_qwen35_trace1_2k_ansraw/ans_raw_262144.akvpack,43097654,246082
20261004_m2b_qwen35_trace1_2k_ansraw,layer14.recurrent.0,14,linear_attention,recurrent,0,float32,4,262144,5,1310720,262144,ans_raw,244412,1024,474,0,245910,b019f839a210bcecc8dc222c1df414310a763a5ece845d76e4b4792f3170fd70,b019f839a210bcecc8dc222c1df414310a763a5ece845d76e4b4792f3170fd70,true,/home/zhouziang/Workspace/compression/kv_compression/artifacts/raw/20261004_m2b_qwen35_trace1_2k_ansraw/ans_raw_262144.akvpack,43343744,245902
20261004_m2b_qwen35_trace1_2k_ansraw,layer14.recurrent.0,14,linear_attention,recurrent,0,float32,4,262144,6,1572864,262144,ans_raw,244792,1024,474,0,246290,7b5c49b2bd8dd1b47e2fd4263b78c789e761f73178c2ce2470fd231f8b01f677,7b5c49b2bd8dd1b47e2fd4263b78c789e761f73178c2ce2470fd231f8b01f677,true,/home/zhouziang/Workspace/compression/kv_compression/artifacts/raw/20261004_m2b_qwen35_trace1_2k_ansraw/ans_raw_262144.akvpack,43589654,246282
20261004_m2b_qwen35_trace1_2k_ansraw,layer14.recurrent.0,14,linear_attention,recurrent,0,float32,4,262144,7,1835008,262144,ans_raw,244268,1024,474,0,245766,81477ee191945ccea223f9cfcaea7fa80f25883d93b68acdb1f3b939aef6f1c8,81477ee191945ccea223f9cfcaea7fa80f25883d93b68acdb1f3b939aef6f1c8,true,/home/zhouziang/Workspace/compression/kv_compression/artifacts/raw/20261004_m2b_qwen35_trace1_2k_ansraw/ans_raw_262144.akvpack,43835944,245758
20261004_m2b_qwen35_trace1_2k_ansraw,layer15.key.0,15,full_attention,key,0,bfloat16,2,262144,0,0,262144,ans_raw,206132,1024,455,0,207611,65e5ed663e26795096e3136449c302eea6438f7ce528d390d76d2b6da492d4bd,65e5ed663e26795096e3136449c302eea6438f7ce528d390d76d2b6da492d4bd,true,/home/zhouziang/Workspace/compression/kv_compression/artifacts/raw/20261004_m2b_qwen35_trace1_2k_ansraw/ans_raw_262144.akvpack,44081710,207603
20261004_m2b_qwen35_trace1_2k_ansraw,layer15.key.0,15,full_attention,key,0,bfloat16,2,262144,1,262144,262144,ans_raw,205784,1024,460,0,207268,229d27b03b4d0e1cc03b0b8059acf4aae2c8b6fae237ef963a1fd1f05e8c88db,229d27b03b4d0e1cc03b0b8059acf4aae2c8b6fae237ef963a1fd1f05e8c88db,true,/home/zhouziang/Workspace/compression/kv_compression/artifacts/raw/20261004_m2b_qwen35_trace1_2k_ansraw/ans_raw_262144.akvpack,44289321,207260
20261004_m2b_qwen35_trace1_2k_ansraw,layer15.key.0,15,full_attention,key,0,bfloat16,2,262144,2,524288,262144,ans_raw,205764,1024,460,0,207248,628ba1ad14b36be2782a157e9b0388a2239783b3d2c811a5e70cc99e3e05f00b,628ba1ad14b36be2782a157e9b0388a2239783b3d2c811a5e70cc99e3e05f00b,true,/home/zhouziang/Workspace/compression/kv_compression/artifacts/raw/20261004_m2b_qwen35_trace1_2k_ansraw/ans_raw_262144.akvpack,44496589,207240
20261004_m2b_qwen35_trace1_2k_ansraw,layer15.key.0,15,full_attention,key,0,bfloat16,2,262144,3,786432,262144,ans_raw,205780,1024,460,0,207264,90b117ce86a5b1cbb05234e5fa12e02e31bc290d3a35b24e9737b464422ed42b,90b117ce86a5b1cbb05234e5fa12e02e31bc290d3a35b24e9737b464422ed42b,true,/home/zhouziang/Workspace/compression/kv_compression/artifacts/raw/20261004_m2b_qwen35_trace1_2k_ansraw/ans_raw_262144.akvpack,44703837,207256
20261004_m2b_qwen35_trace1_2k_ansraw,layer15.key.0,15,full_attention,key,0,bfloat16,2,262144,4,1048576,262144,ans_raw,205160,1024,461,0,206645,8711784a987a5381161fc4f3e735f351283af041b54c2795ea77765735ee9557,8711784a987a5381161fc4f3e735f351283af041b54c2795ea77765735ee9557,true,/home/zhouziang/Workspace/compression/kv_compression/artifacts/raw/20261004_m2b_qwen35_trace1_2k_ansraw/ans_raw_262144.akvpack,44911101,206637
20261004_m2b_qwen35_trace1_2k_ansraw,layer15.key.0,15,full_attention,key,0,bfloat16,2,262144,5,1310720,262144,ans_raw,204884,1024,461,0,206369,243446d132ffb3648da7cf325a7ed0897e1146d4572a27a5eba9bdc96a9746ef,243446d132ffb3648da7cf325a7ed0897e1146d4572a27a5eba9bdc96a9746ef,true,/home/zhouziang/Workspace/compression/kv_compression/artifacts/raw/20261004_m2b_qwen35_trace1_2k_ansraw/ans_raw_262144.akvpack,45117746,206361
20261004_m2b_qwen35_trace1_2k_ansraw,layer15.key.0,15,full_attention,key,0,bfloat16,2,262144,6,1572864,262144,ans_raw,204724,1024,461,0,206209,9fa17cd7d55b0926c3a36f899b0be74db5e082c360b88c127463941c61163194,9fa17cd7d55b0926c3a36f899b0be74db5e082c360b88c127463941c61163194,true,/home/zhouziang/Workspace/compression/kv_compression/artifacts/raw/20261004_m2b_qwen35_trace1_2k_ansraw/ans_raw_262144.akvpack,45324115,206201
20261004_m2b_qwen35_trace1_2k_ansraw,layer15.key.0,15,full_attention,key,0,bfloat16,2,262144,7,1835008,262144,ans_raw,204648,1024,461,0,206133,5d5b45088a36c0da7d0662076562abd38f165ed685c551a22e18405f8d790505,5d5b45088a36c0da7d0662076562abd38f165ed685c551a22e18405f8d790505,true,/home/zhouziang/Workspace/compression/kv_compression/artifacts/raw/20261004_m2b_qwen35_trace1_2k_ansraw/ans_raw_262144.akvpack,45530324,206125
20261004_m2b_qwen35_trace1_2k_ansraw,layer15.key.0,15,full_attention,key,0,bfloat16,2,262144,8,2097152,262144,ans_raw,205900,1024,461,0,207385,c953cb912e91ed44773707ed8b5dd90c8027d5094131147db4ae81fa3ce5d0f1,c953cb912e91ed44773707ed8b5dd90c8027d5094131147db4ae81fa3ce5d0f1,true,/home/zhouziang/Workspace/compression/kv_compression/artifacts/raw/20261004_m2b_qwen35_trace1_2k_ansraw/ans_raw_262144.akvpack,45736457,207377
20261004_m2b_qwen35_trace1_2k_ansraw,layer15.key.0,15,full_attention,key,0,bfloat16,2,262144,9,2359296,262144,ans_raw,205840,1024,461,0,207325,31b7691c75c075806bad81d5b01cc538e1a0fb49f574e8ca021b2e4e009a1913,31b7691c75c075806bad81d5b01cc538e1a0fb49f574e8ca021b2e4e009a1913,true,/home/zhouziang/Workspace/compression/kv_compression/artifacts/raw/20261004_m2b_qwen35_trace1_2k_ansraw/ans_raw_262144.akvpack,45943842,207317
20261004_m2b_qwen35_trace1_2k_ansraw,layer15.key.0,15,full_attention,key,0,bfloat16,2,262144,10,2621440,262144,ans_raw,205672,1024,462,0,207158,b262037c68ee969ec4cf7655ce8b181b2d5d5b72939e8282b5641da5c96be4ee,b262037c68ee969ec4cf7655ce8b181b2d5d5b72939e8282b5641da5c96be4ee,true,/home/zhouziang/Workspace/compression/kv_compression/artifacts/raw/20261004_m2b_qwen35_trace1_2k_ansraw/ans_raw_262144.akvpack,46151167,207150
20261004_m2b_qwen35_trace1_2k_ansraw,layer15.key.0,15,full_attention,key,0,bfloat16,2,262144,11,2883584,262144,ans_raw,205660,1024,462,0,207146,c380215665739e272f311e1d05f005c47b2dfc2252041da4c0233dac332fa197,c380215665739e272f311e1d05f005c47b2dfc2252041da4c0233dac332fa197,true,/home/zhouziang/Workspace/compression/kv_compression/artifacts/raw/20261004_m2b_qwen35_trace1_2k_ansraw/ans_raw_262144.akvpack,46358325,207138
20261004_m2b_qwen35_trace1_2k_ansraw,layer15.key.0,15,full_attention,key,0,bfloat16,2,262144,12,3145728,262144,ans_raw,205852,1024,462,0,207338,76f31899870d03f950e51a1aeb302bf572b9b54ef02220062b6a14632804e3c6,76f31899870d03f950e51a1aeb302bf572b9b54ef02220062b6a14632804e3c6,true,/home/zhouziang/Workspace/compression/kv_compression/artifacts/raw/20261004_m2b_qwen35_trace1_2k_ansraw/ans_raw_262144.akvpack,46565471,207330
20261004_m2b_qwen35_trace1_2k_ansraw,layer15.key.0,15,full_attention,key,0,bfloat16,2,262144,13,3407872,262144,ans_raw,205532,1024,462,0,207018,5f82c594f62abb4a5e069ceadce08b37461a6763ead3d0acc5b2085c4c98f577,5f82c594f62abb4a5e069ceadce08b37461a6763ead3d0acc5b2085c4c98f577,true,/home/zhouziang/Workspace/compression/kv_compression/artifacts/raw/20261004_m2b_qwen35_trace1_2k_ansraw/ans_raw_262144.akvpack,46772809,207010
20261004_m2b_qwen35_trace1_2k_ansraw,layer15.key.0,15,full_attention,key,0,bfloat16,2,262144,14,3670016,262144,ans_raw,205696,1024,462,0,207182,2900c06eb9dd944a076f603e9b39d28bcf17446160303427d455a2749bb6884e,2900c06eb9dd944a076f603e9b39d28bcf17446160303427d455a2749bb6884e,true,/home/zhouziang/Workspace/compression/kv_compression/artifacts/raw/20261004_m2b_qwen35_trace1_2k_ansraw/ans_raw_262144.akvpack,46979827,207174
20261004_m2b_qwen35_trace1_2k_ansraw,layer15.key.0,15,full_attention,key,0,bfloat16,2,262144,15,3932160,262144,ans_raw,205660,1024,462,0,207146,8896ed5b7bf805ef314d6c02d880c5e0ea849ff47201c46147b38e56434b6f8a,8896ed5b7bf805ef314d6c02d880c5e0ea849ff47201c46147b38e56434b6f8a,true,/home/zhouziang/Workspace/compression/kv_compression/artifacts/raw/20261004_m2b_qwen35_trace1_2k_ansraw/ans_raw_262144.akvpack,47187009,207138
20261004_m2b_qwen35_trace1_2k_ansraw,layer15.value.0,15,full_attention,value,0,bfloat16,2,262144,0,0,262144,ans_raw,204512,1024,459,0,205995,9e5db16f29508a89c97e8ebfd65623f60c08fdb4a3635d20acb860e3e25e4253,9e5db16f29508a89c97e8ebfd65623f60c08fdb4a3635d20acb860e3e25e4253,true,/home/zhouziang/Workspace/compression/kv_compression/artifacts/raw/20261004_m2b_qwen35_trace1_2k_ansraw/ans_raw_262144.akvpack,47394155,205987
20261004_m2b_qwen35_trace1_2k_ansraw,layer15.value.0,15,full_attention,value,0,bfloat16,2,262144,1,262144,262144,ans_raw,204388,1024,464,0,205876,9e29159f59938b468535162ff849143b6c1e31a5c8a8da0ed9b046f20cb67e17,9e29159f59938b468535162ff849143b6c1e31a5c8a8da0ed9b046f20cb67e17,true,/home/zhouziang/Workspace/compression/kv_compression/artifacts/raw/20261004_m2b_qwen35_trace1_2k_ansraw/ans_raw_262144.akvpack,47600150,205868
20261004_m2b_qwen35_trace1_2k_ansraw,layer15.value.0,15,full_attention,value,0,bfloat16,2,262144,2,524288,262144,ans_raw,204268,1024,464,0,205756,a1fec4b4b5e9eb88d8e96ec3f37d6a7791b19ff5d0a8b57b6a73ad7d9c981715,a1fec4b4b5e9eb88d8e96ec3f37d6a7791b19ff5d0a8b57b6a73ad7d9c981715,true,/home/zhouziang/Workspace/compression/kv_compression/artifacts/raw/20261004_m2b_qwen35_trace1_2k_ansraw/ans_raw_262144.akvpack,47806026,205748
20261004_m2b_qwen35_trace1_2k_ansraw,layer15.value.0,15,full_attention,value,0,bfloat16,2,262144,3,786432,262144,ans_raw,204100,1024,464,0,205588,f00a2d83565215d1da381116a12a19b7e04a4a42f1606bf60056c08f11317409,f00a2d83565215d1da381116a12a19b7e04a4a42f1606bf60056c08f11317409,true,/home/zhouziang/Workspace/compression/kv_compression/artifacts/raw/20261004_m2b_qwen35_trace1_2k_ansraw/ans_raw_262144.akvpack,48011782,205580
20261004_m2b_qwen35_trace1_2k_ansraw,layer15.value.0,15,full_attention,value,0,bfloat16,2,262144,4,1048576,262144,ans_raw,204148,1024,465,0,205637,c8760239bcd1c3cec739db902fa769202abb5e24fee5a98064b2800ed15186a5,c8760239bcd1c3cec739db902fa769202abb5e24fee5a98064b2800ed15186a5,true,/home/zhouziang/Workspace/compression/kv_compression/artifacts/raw/20261004_m2b_qwen35_trace1_2k_ansraw/ans_raw_262144.akvpack,48217370,205629
20261004_m2b_qwen35_trace1_2k_ansraw,layer15.value.0,15,full_attention,value,0,bfloat16,2,262144,5,1310720,262144,ans_raw,204192,1024,465,0,205681,94a8fbdf03d653467fc45a7c6989bbae9ac0e39f4b08782d184f5b8df0dab660,94a8fbdf03d653467fc45a7c6989bbae9ac0e39f4b08782d184f5b8df0dab660,true,/home/zhouziang/Workspace/compression/kv_compression/artifacts/raw/20261004_m2b_qwen35_trace1_2k_ansraw/ans_raw_262144.akvpack,48423007,205673
20261004_m2b_qwen35_trace1_2k_ansraw,layer15.value.0,15,full_attention,value,0,bfloat16,2,262144,6,1572864,262144,ans_raw,203952,1024,465,0,205441,5338cb2fd5f102488a5948911d8c657a5d12a93604fedb0fabcca441926bc522,5338cb2fd5f102488a5948911d8c657a5d12a93604fedb0fabcca441926bc522,true,/home/zhouziang/Workspace/compression/kv_compression/artifacts/raw/20261004_m2b_qwen35_trace1_2k_ansraw/ans_raw_262144.akvpack,48628688,205433
20261004_m2b_qwen35_trace1_2k_ansraw,layer15.value.0,15,full_attention,value,0,bfloat16,2,262144,7,1835008,262144,ans_raw,203900,1024,465,0,205389,111086e96fd34b4ae61c36e185479a09ff5d5ef1e2058fd762c9e0ee991f4425,111086e96fd34b4ae61c36e185479a09ff5d5ef1e2058fd762c9e0ee991f4425,true,/home/zhouziang/Workspace/compression/kv_compression/artifacts/raw/20261004_m2b_qwen35_trace1_2k_ansraw/ans_raw_262144.akvpack,48834129,205381
20261004_m2b_qwen35_trace1_2k_ansraw,layer15.value.0,15,full_attention,value,0,bfloat16,2,262144,8,2097152,262144,ans_raw,204720,1024,465,0,206209,bb5ffacbec0026507602e386bebf873f2dafdbbe962347a5152c8361f1c053e6,bb5ffacbec0026507602e386bebf873f2dafdbbe962347a5152c8361f1c053e6,true,/home/zhouziang/Workspace/compression/kv_compression/artifacts/raw/20261004_m2b_qwen35_trace1_2k_ansraw/ans_raw_262144.akvpack,49039518,206201
20261004_m2b_qwen35_trace1_2k_ansraw,layer15.value.0,15,full_attention,value,0,bfloat16,2,262144,9,2359296,262144,ans_raw,204596,1024,465,0,206085,255389bd229fb2b86d50c95fc69560c37e0b24516cce5ebf04c2268425dea9d1,255389bd229fb2b86d50c95fc69560c37e0b24516cce5ebf04c2268425dea9d1,true,/home/zhouziang/Workspace/compression/kv_compression/artifacts/raw/20261004_m2b_qwen35_trace1_2k_ansraw/ans_raw_262144.akvpack,49245727,206077
20261004_m2b_qwen35_trace1_2k_ansraw,layer15.value.0,15,full_attention,value,0,bfloat16,2,262144,10,2621440,262144,ans_raw,204488,1024,466,0,205978,c3acd9ac183e6864db98c7e594995cd4ef0ce852a459eb2f4f91ff2128110482,c3acd9ac183e6864db98c7e594995cd4ef0ce852a459eb2f4f91ff2128110482,true,/home/zhouziang/Workspace/compression/kv_compression/artifacts/raw/20261004_m2b_qwen35_trace1_2k_ansraw/ans_raw_262144.akvpack,49451812,205970
20261004_m2b_qwen35_trace1_2k_ansraw,layer15.value.0,15,full_attention,value,0,bfloat16,2,262144,11,2883584,262144,ans_raw,204528,1024,466,0,206018,2a441230606e9921c77c89744cbcd9c66473af35a1e215631ae1301cb2cc998b,2a441230606e9921c77c89744cbcd9c66473af35a1e215631ae1301cb2cc998b,true,/home/zhouziang/Workspace/compression/kv_compression/artifacts/raw/20261004_m2b_qwen35_trace1_2k_ansraw/ans_raw_262144.akvpack,49657790,206010
20261004_m2b_qwen35_trace1_2k_ansraw,layer15.value.0,15,full_attention,value,0,bfloat16,2,262144,12,3145728,262144,ans_raw,204932,1024,466,0,206422,48dfa3ba1fed5e73ef6b26f3416cb62ab29b9946d672bd59a2a6b8f95fc07adc,48dfa3ba1fed5e73ef6b26f3416cb62ab29b9946d672bd59a2a6b8f95fc07adc,true,/home/zhouziang/Workspace/compression/kv_compression/artifacts/raw/20261004_m2b_qwen35_trace1_2k_ansraw/ans_raw_262144.akvpack,49863808,206414
20261004_m2b_qwen35_trace1_2k_ansraw,layer15.value.0,15,full_attention,value,0,bfloat16,2,262144,13,3407872,262144,ans_raw,204924,1024,466,0,206414,788d857fb52d50026c7908281509092d7fc63e02e8f5aa9d35dab95bb93865e4,788d857fb52d50026c7908281509092d7fc63e02e8f5aa9d35dab95bb93865e4,true,/home/zhouziang/Workspace/compression/kv_compression/artifacts/raw/20261004_m2b_qwen35_trace1_2k_ansraw/ans_raw_262144.akvpack,50070230,206406
20261004_m2b_qwen35_trace1_2k_ansraw,layer15.value.0,15,full_attention,value,0,bfloat16,2,262144,14,3670016,262144,ans_raw,204660,1024,466,0,206150,0f341d31b566f80829f2896f4684dbef5a2def746f9e512f5dd3574cc4ac66b1,0f341d31b566f80829f2896f4684dbef5a2def746f9e512f5dd3574cc4ac66b1,true,/home/zhouziang/Workspace/compression/kv_compression/artifacts/raw/20261004_m2b_qwen35_trace1_2k_ansraw/ans_raw_262144.akvpack,50276644,206142
20261004_m2b_qwen35_trace1_2k_ansraw,layer15.value.0,15,full_attention,value,0,bfloat16,2,262144,15,3932160,262144,ans_raw,204672,1024,466,0,206162,4626bda0d23dc4df57d79c04553e88fdd7f3b89d26bf385ec880c8ccf59d1bc9,4626bda0d23dc4df57d79c04553e88fdd7f3b89d26bf385ec880c8ccf59d1bc9,true,/home/zhouziang/Workspace/compression/kv_compression/artifacts/raw/20261004_m2b_qwen35_trace1_2k_ansraw/ans_raw_262144.akvpack,50482794,206154
20261004_m2b_qwen35_trace1_2k_ansraw,layer16.convolution.0,16,linear_attention,convolution,0,bfloat16,2,262144,0,0,65536,ans_raw,51376,1024,466,0,52866,518e4722f8d27b467af3d1f3eb80a2bac6c9359800354d6f272b16551088b108,518e4722f8d27b467af3d1f3eb80a2bac6c9359800354d6f272b16551088b108,true,/home/zhouziang/Workspace/compression/kv_compression/artifacts/raw/20261004_m2b_qwen35_trace1_2k_ansraw/ans_raw_262144.akvpack,50688956,52858
20261004_m2b_qwen35_trace1_2k_ansraw,layer16.recurrent.0,16,linear_attention,recurrent,0,float32,4,262144,0,0,262144,ans_raw,244216,1024,468,0,245708,0fb4f55ff776e0e61390628704f2e91bc6be05bc526fce5e640abb21fb2511dc,0fb4f55ff776e0e61390628704f2e91bc6be05bc526fce5e640abb21fb2511dc,true,/home/zhouziang/Workspace/compression/kv_compression/artifacts/raw/20261004_m2b_qwen35_trace1_2k_ansraw/ans_raw_262144.akvpack,50741822,245700
20261004_m2b_qwen35_trace1_2k_ansraw,layer16.recurrent.0,16,linear_attention,recurrent,0,float32,4,262144,1,262144,262144,ans_raw,244132,1024,473,0,245629,8d835ad96b0dc6b78a536e36d59a483faa8cfb43c11fbb1772fa8288a790e506,8d835ad96b0dc6b78a536e36d59a483faa8cfb43c11fbb1772fa8288a790e506,true,/home/zhouziang/Workspace/compression/kv_compression/artifacts/raw/20261004_m2b_qwen35_trace1_2k_ansraw/ans_raw_262144.akvpack,50987530,245621
20261004_m2b_qwen35_trace1_2k_ansraw,layer16.recurrent.0,16,linear_attention,recurrent,0,float32,4,262144,2,524288,262144,ans_raw,244020,1024,473,0,245517,3e12a8cebba12177e447b19bbd865acccd818037f0ff200c5c9745686e702edb,3e12a8cebba12177e447b19bbd865acccd818037f0ff200c5c9745686e702edb,true,/home/zhouziang/Workspace/compression/kv_compression/artifacts/raw/20261004_m2b_qwen35_trace1_2k_ansraw/ans_raw_262144.akvpack,51233159,245509
20261004_m2b_qwen35_trace1_2k_ansraw,layer16.recurrent.0,16,linear_attention,recurrent,0,float32,4,262144,3,786432,262144,ans_raw,244208,1024,473,0,245705,7e8c6378fa7dde696353e434dc12b6e03cd7badf3a48aded0fb2d1352cf67d46,7e8c6378fa7dde696353e434dc12b6e03cd7badf3a48aded0fb2d1352cf67d46,true,/home/zhouziang/Workspace/compression/kv_compression/artifacts/raw/20261004_m2b_qwen35_trace1_2k_ansraw/ans_raw_262144.akvpack,51478676,245697
20261004_m2b_qwen35_trace1_2k_ansraw,layer16.recurrent.0,16,linear_attention,recurrent,0,float32,4,262144,4,1048576,262144,ans_raw,244524,1024,474,0,246022,6af484bc7f9c84d9a6999cc350e613fc1da3c111732c3525fa4a58ed7c456d5f,6af484bc7f9c84d9a6999cc350e613fc1da3c111732c3525fa4a58ed7c456d5f,true,/home/zhouziang/Workspace/compression/kv_compression/artifacts/raw/20261004_m2b_qwen35_trace1_2k_ansraw/ans_raw_262144.akvpack,51724381,246014
20261004_m2b_qwen35_trace1_2k_ansraw,layer16.recurrent.0,16,linear_attention,recurrent,0,float32,4,262144,5,1310720,262144,ans_raw,244456,1024,474,0,245954,f39c73447a396d2b0c0f709d1cd3c9979a9252369d2f9ea9df4f32eac7fc6d62,f39c73447a396d2b0c0f709d1cd3c9979a9252369d2f9ea9df4f32eac7fc6d62,true,/home/zhouziang/Workspace/compression/kv_compression/artifacts/raw/20261004_m2b_qwen35_trace1_2k_ansraw/ans_raw_262144.akvpack,51970403,245946
20261004_m2b_qwen35_trace1_2k_ansraw,layer16.recurrent.0,16,linear_attention,recurrent,0,float32,4,262144,6,1572864,262144,ans_raw,244420,1024,474,0,245918,8ea6395b6b62dc87ddf8b6f3aee12cc24d6b894a7ee5d2bc6d844790d1cd919d,8ea6395b6b62dc87ddf8b6f3aee12cc24d6b894a7ee5d2bc6d844790d1cd919d,true,/home/zhouziang/Workspace/compression/kv_compression/artifacts/raw/20261004_m2b_qwen35_trace1_2k_ansraw/ans_raw_262144.akvpack,52216357,245910
20261004_m2b_qwen35_trace1_2k_ansraw,layer16.recurrent.0,16,linear_attention,recurrent,0,float32,4,262144,7,1835008,262144,ans_raw,245356,1024,474,0,246854,4005872f43ac57d25497879b8ea629b6f1f34e7c6d08614040381b6e4493dd75,4005872f43ac57d25497879b8ea629b6f1f34e7c6d08614040381b6e4493dd75,true,/home/zhouziang/Workspace/compression/kv_compression/artifacts/raw/20261004_m2b_qwen35_trace1_2k_ansraw/ans_raw_262144.akvpack,52462275,246846
20261004_m2b_qwen35_trace1_2k_ansraw,layer17.convolution.0,17,linear_attention,convolution,0,bfloat16,2,262144,0,0,65536,ans_raw,51408,1024,466,0,52898,ab3ff1100f03292fc97661542be3c358b9c4329c22d87d65ef342c99307643ec,ab3ff1100f03292fc97661542be3c358b9c4329c22d87d65ef342c99307643ec,true,/home/zhouziang/Workspace/compression/kv_compression/artifacts/raw/20261004_m2b_qwen35_trace1_2k_ansraw/ans_raw_262144.akvpack,52709129,52890
20261004_m2b_qwen35_trace1_2k_ansraw,layer17.recurrent.0,17,linear_attention,recurrent,0,float32,4,262144,0,0,262144,ans_raw,244216,1024,468,0,245708,5f8cdb3cf71a529175f0b829b5debc0277bac14a4af03724f6b81868d0da6903,5f8cdb3cf71a529175f0b829b5debc0277bac14a4af03724f6b81868d0da6903,true,/home/zhouziang/Workspace/compression/kv_compression/artifacts/raw/20261004_m2b_qwen35_trace1_2k_ansraw/ans_raw_262144.akvpack,52762027,245700
20261004_m2b_qwen35_trace1_2k_ansraw,layer17.recurrent.0,17,linear_attention,recurrent,0,float32,4,262144,1,262144,262144,ans_raw,244564,1024,473,0,246061,89af519f689d3674bbb4f032a1bc74b29496e3a02dddcfca4e183a98538541c2,89af519f689d3674bbb4f032a1bc74b29496e3a02dddcfca4e183a98538541c2,true,/home/zhouziang/Workspace/compression/kv_compression/artifacts/raw/20261004_m2b_qwen35_trace1_2k_ansraw/ans_raw_262144.akvpack,53007735,246053
20261004_m2b_qwen35_trace1_2k_ansraw,layer17.recurrent.0,17,linear_attention,recurrent,0,float32,4,262144,2,524288,262144,ans_raw,244076,1024,473,0,245573,7a1daeb618e08c85c75b5f4be8c229fba0e55aa5ef85d34b55dc467404e3cb13,7a1daeb618e08c85c75b5f4be8c229fba0e55aa5ef85d34b55dc467404e3cb13,true,/home/zhouziang/Workspace/compression/kv_compression/artifacts/raw/20261004_m2b_qwen35_trace1_2k_ansraw/ans_raw_262144.akvpack,53253796,245565
20261004_m2b_qwen35_trace1_2k_ansraw,layer17.recurrent.0,17,linear_attention,recurrent,0,float32,4,262144,3,786432,262144,ans_raw,244740,1024,473,0,246237,3f9bbe3387111421aa4916d37b811e01328989594bf688bd5e0d2bf8dca41184,3f9bbe3387111421aa4916d37b811e01328989594bf688bd5e0d2bf8dca41184,true,/home/zhouziang/Workspace/compression/kv_compression/artifacts/raw/20261004_m2b_qwen35_trace1_2k_ansraw/ans_raw_262144.akvpack,53499369,246229
20261004_m2b_qwen35_trace1_2k_ansraw,layer17.recurrent.0,17,linear_attention,recurrent,0,float32,4,262144,4,1048576,262144,ans_raw,244644,1024,474,0,246142,dd27e92356716c27ba212372120a13cfd77f69e6b3d7789ee58dc2a36d8b9f85,dd27e92356716c27ba212372120a13cfd77f69e6b3d7789ee58dc2a36d8b9f85,true,/home/zhouziang/Workspace/compression/kv_compression/artifacts/raw/20261004_m2b_qwen35_trace1_2k_ansraw/ans_raw_262144.akvpack,53745606,246134
20261004_m2b_qwen35_trace1_2k_ansraw,layer17.recurrent.0,17,linear_attention,recurrent,0,float32,4,262144,5,1310720,262144,ans_raw,245432,1024,474,0,246930,53eb8eb24cb4834a27b54688f7a8da0d22285e9b3cf68eae69172042feae1e63,53eb8eb24cb4834a27b54688f7a8da0d22285e9b3cf68eae69172042feae1e63,true,/home/zhouziang/Workspace/compression/kv_compression/artifacts/raw/20261004_m2b_qwen35_trace1_2k_ansraw/ans_raw_262144.akvpack,53991748,246922
20261004_m2b_qwen35_trace1_2k_ansraw,layer17.recurrent.0,17,linear_attention,recurrent,0,float32,4,262144,6,1572864,262144,ans_raw,244088,1024,474,0,245586,f0907f02225cba413e9a4338d13cf226c2e4e3a378bd6b1c284b13531b06bcef,f0907f02225cba413e9a4338d13cf226c2e4e3a378bd6b1c284b13531b06bcef,true,/home/zhouziang/Workspace/compression/kv_compression/artifacts/raw/20261004_m2b_qwen35_trace1_2k_ansraw/ans_raw_262144.akvpack,54238678,245578
20261004_m2b_qwen35_trace1_2k_ansraw,layer17.recurrent.0,17,linear_attention,recurrent,0,float32,4,262144,7,1835008,262144,ans_raw,244432,1024,474,0,245930,845cceb5a5519dbc9f0b82dd37adb61f7a1b17cdbda241f6d24d54f38a48c9ce,845cceb5a5519dbc9f0b82dd37adb61f7a1b17cdbda241f6d24d54f38a48c9ce,true,/home/zhouziang/Workspace/compression/kv_compression/artifacts/raw/20261004_m2b_qwen35_trace1_2k_ansraw/ans_raw_262144.akvpack,54484264,245922
20261004_m2b_qwen35_trace1_2k_ansraw,layer18.convolution.0,18,linear_attention,convolution,0,bfloat16,2,262144,0,0,65536,ans_raw,51372,1024,466,0,52862,2d748fbf76ba0b30c4cb2532d0acfdc12892a297b52bfec0fd849cccc6ede36a,2d748fbf76ba0b30c4cb2532d0acfdc12892a297b52bfec0fd849cccc6ede36a,true,/home/zhouziang/Workspace/compression/kv_compression/artifacts/raw/20261004_m2b_qwen35_trace1_2k_ansraw/ans_raw_262144.akvpack,54730194,52854
20261004_m2b_qwen35_trace1_2k_ansraw,layer18.recurrent.0,18,linear_attention,recurrent,0,float32,4,262144,0,0,262144,ans_raw,245124,1024,468,0,246616,ee2a1c7d86913356e98595c0f120c10edcb87a5876c6b5b51dcbc9cd14fe521e,ee2a1c7d86913356e98595c0f120c10edcb87a5876c6b5b51dcbc9cd14fe521e,true,/home/zhouziang/Workspace/compression/kv_compression/artifacts/raw/20261004_m2b_qwen35_trace1_2k_ansraw/ans_raw_262144.akvpack,54783056,246608
20261004_m2b_qwen35_trace1_2k_ansraw,layer18.recurrent.0,18,linear_attention,recurrent,0,float32,4,262144,1,262144,262144,ans_raw,245052,1024,473,0,246549,1389434c33aa2141e5b590d29c96eb19e54a782cd909962239997a293bfc7689,1389434c33aa2141e5b590d29c96eb19e54a782cd909962239997a293bfc7689,true,/home/zhouziang/Workspace/compression/kv_compression/artifacts/raw/20261004_m2b_qwen35_trace1_2k_ansraw/ans_raw_262144.akvpack,55029672,246541
20261004_m2b_qwen35_trace1_2k_ansraw,layer18.recurrent.0,18,linear_attention,recurrent,0,float32,4,262144,2,524288,262144,ans_raw,244016,1024,473,0,245513,60cb763eaec7f0d5c4156f743376fb2b9e0a58218e1b76b76bb093c88ea68cf6,60cb763eaec7f0d5c4156f743376fb2b9e0a58218e1b76b76bb093c88ea68cf6,true,/home/zhouziang/Workspace/compression/kv_compression/artifacts/raw/20261004_m2b_qwen35_trace1_2k_ansraw/ans_raw_262144.akvpack,55276221,245505
20261004_m2b_qwen35_trace1_2k_ansraw,layer18.recurrent.0,18,linear_attention,recurrent,0,float32,4,262144,3,786432,262144,ans_raw,244228,1024,473,0,245725,7f76102c7ba4d8f8d24305d31d1cb2f532757051611c6d65b3a5768d18dd8a17,7f76102c7ba4d8f8d24305d31d1cb2f532757051611c6d65b3a5768d18dd8a17,true,/home/zhouziang/Workspace/compression/kv_compression/artifacts/raw/20261004_m2b_qwen35_trace1_2k_ansraw/ans_raw_262144.akvpack,55521734,245717
20261004_m2b_qwen35_trace1_2k_ansraw,layer18.recurrent.0,18,linear_attention,recurrent,0,float32,4,262144,4,1048576,262144,ans_raw,244508,1024,474,0,246006,df9112a2a13bc4229ee81d97215e4544ebf1ecd2bac01e724db1a2752c3b3500,df9112a2a13bc4229ee81d97215e4544ebf1ecd2bac01e724db1a2752c3b3500,true,/home/zhouziang/Workspace/compression/kv_compression/artifacts/raw/20261004_m2b_qwen35_trace1_2k_ansraw/ans_raw_262144.akvpack,55767459,245998
20261004_m2b_qwen35_trace1_2k_ansraw,layer18.recurrent.0,18,linear_attention,recurrent,0,float32,4,262144,5,1310720,262144,ans_raw,244360,1024,474,0,245858,bc87bb3fab029365f33ea503fb9000f65adcc9d04af195a455cc725112bb8d33,bc87bb3fab029365f33ea503fb9000f65adcc9d04af195a455cc725112bb8d33,true,/home/zhouziang/Workspace/compression/kv_compression/artifacts/raw/20261004_m2b_qwen35_trace1_2k_ansraw/ans_raw_262144.akvpack,56013465,245850
20261004_m2b_qwen35_trace1_2k_ansraw,layer18.recurrent.0,18,linear_attention,recurrent,0,float32,4,262144,6,1572864,262144,ans_raw,244132,1024,474,0,245630,811262183b911a1168180f47f217ade75660c95c73c7d367d64597b39a87a80c,811262183b911a1168180f47f217ade75660c95c73c7d367d64597b39a87a80c,true,/home/zhouziang/Workspace/compression/kv_compression/artifacts/raw/20261004_m2b_qwen35_trace1_2k_ansraw/ans_raw_262144.akvpack,56259323,245622
20261004_m2b_qwen35_trace1_2k_ansraw,layer18.recurrent.0,18,linear_attention,recurrent,0,float32,4,262144,7,1835008,262144,ans_raw,244372,1024,474,0,245870,5b539d174de579e9cca5ed8d499017216ec6304ec7a6f7d826b0dc7676b5607d,5b539d174de579e9cca5ed8d499017216ec6304ec7a6f7d826b0dc7676b5607d,true,/home/zhouziang/Workspace/compression/kv_compression/artifacts/raw/20261004_m2b_qwen35_trace1_2k_ansraw/ans_raw_262144.akvpack,56504953,245862
20261004_m2b_qwen35_trace1_2k_ansraw,layer19.key.0,19,full_attention,key,0,bfloat16,2,262144,0,0,262144,ans_raw,205852,1024,455,0,207331,78e5f756f256f67c032a64e817d4b32b04c46503ee34c17963e92e7c19473fd5,78e5f756f256f67c032a64e817d4b32b04c46503ee34c17963e92e7c19473fd5,true,/home/zhouziang/Workspace/compression/kv_compression/artifacts/raw/20261004_m2b_qwen35_trace1_2k_ansraw/ans_raw_262144.akvpack,56750823,207323
20261004_m2b_qwen35_trace1_2k_ansraw,layer19.key.0,19,full_attention,key,0,bfloat16,2,262144,1,262144,262144,ans_raw,205620,1024,460,0,207104,f3c8e87f413528bc7ca84fdfbdb130a714ff62df59b457bbe936091a0f52d774,f3c8e87f413528bc7ca84fdfbdb130a714ff62df59b457bbe936091a0f52d774,true,/home/zhouziang/Workspace/compression/kv_compression/artifacts/raw/20261004_m2b_qwen35_trace1_2k_ansraw/ans_raw_262144.akvpack,56958154,207096
20261004_m2b_qwen35_trace1_2k_ansraw,layer19.key.0,19,full_attention,key,0,bfloat16,2,262144,2,524288,262144,ans_raw,205632,1024,460,0,207116,647d29cb0a2b67bf3704583ea3d8a6303de45d0a0b13377a356b1984a0d0358a,647d29cb0a2b67bf3704583ea3d8a6303de45d0a0b13377a356b1984a0d0358a,true,/home/zhouziang/Workspace/compression/kv_compression/artifacts/raw/20261004_m2b_qwen35_trace1_2k_ansraw/ans_raw_262144.akvpack,57165258,207108
20261004_m2b_qwen35_trace1_2k_ansraw,layer19.key.0,19,full_attention,key,0,bfloat16,2,262144,3,786432,262144,ans_raw,205580,1024,460,0,207064,1f8b79310752356d7c0e285a69ac14c57bd508f351d0897cca4d0b86ae80ddba,1f8b79310752356d7c0e285a69ac14c57bd508f351d0897cca4d0b86ae80ddba,true,/home/zhouziang/Workspace/compression/kv_compression/artifacts/raw/20261004_m2b_qwen35_trace1_2k_ansraw/ans_raw_262144.akvpack,57372374,207056
20261004_m2b_qwen35_trace1_2k_ansraw,layer19.key.0,19,full_attention,key,0,bfloat16,2,262144,4,1048576,262144,ans_raw,206116,1024,461,0,207601,677ca768e59d9c7de11f5491bfa22452e3a711f6cd761c218fd44377dd492398,677ca768e59d9c7de11f5491bfa22452e3a711f6cd761c218fd44377dd492398,true,/home/zhouziang/Workspace/compression/kv_compression/artifacts/raw/20261004_m2b_qwen35_trace1_2k_ansraw/ans_raw_262144.akvpack,57579438,207593
20261004_m2b_qwen35_trace1_2k_ansraw,layer19.key.0,19,full_attention,key,0,bfloat16,2,262144,5,1310720,262144,ans_raw,205832,1024,461,0,207317,0f3f3b038c90cf7d4e7ce109959cb574a2295fdab9abd1d333e2b3e63c7a41d5,0f3f3b038c90cf7d4e7ce109959cb574a2295fdab9abd1d333e2b3e63c7a41d5,true,/home/zhouziang/Workspace/compression/kv_compression/artifacts/raw/20261004_m2b_qwen35_trace1_2k_ansraw/ans_raw_262144.akvpack,57787039,207309
20261004_m2b_qwen35_trace1_2k_ansraw,layer19.key.0,19,full_attention,key,0,bfloat16,2,262144,6,1572864,262144,ans_raw,206004,1024,461,0,207489,8326a9d2110085001b016b47f149830086cea074343fdbed36c4db4e75b52db1,8326a9d2110085001b016b47f149830086cea074343fdbed36c4db4e75b52db1,true,/home/zhouziang/Workspace/compression/kv_compression/artifacts/raw/20261004_m2b_qwen35_trace1_2k_ansraw/ans_raw_262144.akvpack,57994356,207481
20261004_m2b_qwen35_trace1_2k_ansraw,layer19.key.0,19,full_attention,key,0,bfloat16,2,262144,7,1835008,262144,ans_raw,206160,1024,461,0,207645,7aad0ef87608b376945dccf694eb049b31e43e8d757d356cd0fed230c0bc69b1,7aad0ef87608b376945dccf694eb049b31e43e8d757d356cd0fed230c0bc69b1,true,/home/zhouziang/Workspace/compression/kv_compression/artifacts/raw/20261004_m2b_qwen35_trace1_2k_ansraw/ans_raw_262144.akvpack,58201845,207637
20261004_m2b_qwen35_trace1_2k_ansraw,layer19.key.0,19,full_attention,key,0,bfloat16,2,262144,8,2097152,262144,ans_raw,206108,1024,461,0,207593,750fed0538a0723e9a8264e80f21175ab4f7c2f598a26c98d1a386dfe1b34102,750fed0538a0723e9a8264e80f21175ab4f7c2f598a26c98d1a386dfe1b34102,true,/home/zhouziang/Workspace/compression/kv_compression/artifacts/raw/20261004_m2b_qwen35_trace1_2k_ansraw/ans_raw_262144.akvpack,58409490,207585
20261004_m2b_qwen35_trace1_2k_ansraw,layer19.key.0,19,full_attention,key,0,bfloat16,2,262144,9,2359296,262144,ans_raw,205964,1024,461,0,207449,d610fda6c8d3c37bb5c113683f0937764116661e93d27c32a015968f90fc6ab1,d610fda6c8d3c37bb5c113683f0937764116661e93d27c32a015968f90fc6ab1,true,/home/zhouziang/Workspace/compression/kv_compression/artifacts/raw/20261004_m2b_qwen35_trace1_2k_ansraw/ans_raw_262144.akvpack,58617083,207441
20261004_m2b_qwen35_trace1_2k_ansraw,layer19.key.0,19,full_attention,key,0,bfloat16,2,262144,10,2621440,262144,ans_raw,206016,1024,462,0,207502,e2f34274fba6f2bc9a17800fe05a002d15cf9ed22ccf16f21a373b1e5a460a97,e2f34274fba6f2bc9a17800fe05a002d15cf9ed22ccf16f21a373b1e5a460a97,true,/home/zhouziang/Workspace/compression/kv_compression/artifacts/raw/20261004_m2b_qwen35_trace1_2k_ansraw/ans_raw_262144.akvpack,58824532,207494
20261004_m2b_qwen35_trace1_2k_ansraw,layer19.key.0,19,full_attention,key,0,bfloat16,2,262144,11,2883584,262144,ans_raw,205988,1024,462,0,207474,57fe117ed3de6ee2fa38d64be3e1b0325466438f8ab63062ee2aba71958ea447,57fe117ed3de6ee2fa38d64be3e1b0325466438f8ab63062ee2aba71958ea447,true,/home/zhouziang/Workspace/compression/kv_compression/artifacts/raw/20261004_m2b_qwen35_trace1_2k_ansraw/ans_raw_262144.akvpack,59032034,207466
20261004_m2b_qwen35_trace1_2k_ansraw,layer19.key.0,19,full_attention,key,0,bfloat16,2,262144,12,3145728,262144,ans_raw,205220,1024,462,0,206706,b1db187f0de3c80a50bfab06f5f3282b78649e94dc718d348ad2ffd6f2ea95bc,b1db187f0de3c80a50bfab06f5f3282b78649e94dc718d348ad2ffd6f2ea95bc,true,/home/zhouziang/Workspace/compression/kv_compression/artifacts/raw/20261004_m2b_qwen35_trace1_2k_ansraw/ans_raw_262144.akvpack,59239508,206698
20261004_m2b_qwen35_trace1_2k_ansraw,layer19.key.0,19,full_attention,key,0,bfloat16,2,262144,13,3407872,262144,ans_raw,205164,1024,462,0,206650,9cfe33e87e3b92c0eb1a1e5e5d5cfd55ec783c49d9a14a5ed246fdb8d37d1796,9cfe33e87e3b92c0eb1a1e5e5d5cfd55ec783c49d9a14a5ed246fdb8d37d1796,true,/home/zhouziang/Workspace/compression/kv_compression/artifacts/raw/20261004_m2b_qwen35_trace1_2k_ansraw/ans_raw_262144.akvpack,59446214,206642
20261004_m2b_qwen35_trace1_2k_ansraw,layer19.key.0,19,full_attention,key,0,bfloat16,2,262144,14,3670016,262144,ans_raw,205024,1024,462,0,206510,32902cab923384b0b687fb36137576581d573d540760ace9e8be250ed6014dfa,32902cab923384b0b687fb36137576581d573d540760ace9e8be250ed6014dfa,true,/home/zhouziang/Workspace/compression/kv_compression/artifacts/raw/20261004_m2b_qwen35_trace1_2k_ansraw/ans_raw_262144.akvpack,59652864,206502
20261004_m2b_qwen35_trace1_2k_ansraw,layer19.key.0,19,full_attention,key,0,bfloat16,2,262144,15,3932160,262144,ans_raw,205124,1024,462,0,206610,39d4a68c7d5dacacf9e37600f3c31f5e26b0233f99cdf37d1c32841064fa384e,39d4a68c7d5dacacf9e37600f3c31f5e26b0233f99cdf37d1c32841064fa384e,true,/home/zhouziang/Workspace/compression/kv_compression/artifacts/raw/20261004_m2b_qwen35_trace1_2k_ansraw/ans_raw_262144.akvpack,59859374,206602
20261004_m2b_qwen35_trace1_2k_ansraw,layer19.value.0,19,full_attention,value,0,bfloat16,2,262144,0,0,262144,ans_raw,204092,1024,459,0,205575,535890e0d58d8b1f9b1eefad6836ced67e6e87bf0ff99a23225a373c23325a49,535890e0d58d8b1f9b1eefad6836ced67e6e87bf0ff99a23225a373c23325a49,true,/home/zhouziang/Workspace/compression/kv_compression/artifacts/raw/20261004_m2b_qwen35_trace1_2k_ansraw/ans_raw_262144.akvpack,60065984,205567
20261004_m2b_qwen35_trace1_2k_ansraw,layer19.value.0,19,full_attention,value,0,bfloat16,2,262144,1,262144,262144,ans_raw,204100,1024,464,0,205588,d9a3d7a015a583771888e92bc3a56b2b64721db650b2931f9e50c92f6cac64e2,d9a3d7a015a583771888e92bc3a56b2b64721db650b2931f9e50c92f6cac64e2,true,/home/zhouziang/Workspace/compression/kv_compression/artifacts/raw/20261004_m2b_qwen35_trace1_2k_ansraw/ans_raw_262144.akvpack,60271559,205580
20261004_m2b_qwen35_trace1_2k_ansraw,layer19.value.0,19,full_attention,value,0,bfloat16,2,262144,2,524288,262144,ans_raw,204080,1024,464,0,205568,8d7b1ea26264048e943db7322ab41c1e763755473019b2f13e0d1f77eb417be3,8d7b1ea26264048e943db7322ab41c1e763755473019b2f13e0d1f77eb417be3,true,/home/zhouziang/Workspace/compression/kv_compression/artifacts/raw/20261004_m2b_qwen35_trace1_2k_ansraw/ans_raw_262144.akvpack,60477147,205560
20261004_m2b_qwen35_trace1_2k_ansraw,layer19.value.0,19,full_attention,value,0,bfloat16,2,262144,3,786432,262144,ans_raw,204200,1024,464,0,205688,d5ab51fb5fe5e4e25845de5a7f60c6a054130dd0994176ea0d75d8259c54e3a4,d5ab51fb5fe5e4e25845de5a7f60c6a054130dd0994176ea0d75d8259c54e3a4,true,/home/zhouziang/Workspace/compression/kv_compression/artifacts/raw/20261004_m2b_qwen35_trace1_2k_ansraw/ans_raw_262144.akvpack,60682715,205680
20261004_m2b_qwen35_trace1_2k_ansraw,layer19.value.0,19,full_attention,value,0,bfloat16,2,262144,4,1048576,262144,ans_raw,205228,1024,465,0,206717,b1c27a5fa21e22850555464fc6686e9c8aa9b1f25e878bca061c919c744ae31b,b1c27a5fa21e22850555464fc6686e9c8aa9b1f25e878bca061c919c744ae31b,true,/home/zhouziang/Workspace/compression/kv_compression/artifacts/raw/20261004_m2b_qwen35_trace1_2k_ansraw/ans_raw_262144.akvpack,60888403,206709
20261004_m2b_qwen35_trace1_2k_ansraw,layer19.value.0,19,full_attention,value,0,bfloat16,2,262144,5,1310720,262144,ans_raw,205348,1024,465,0,206837,ce50d464d35470eb210a1f72114693239baa2ca9fd36e17469639c2449e859c6,ce50d464d35470eb210a1f72114693239baa2ca9fd36e17469639c2449e859c6,true,/home/zhouziang/Workspace/compression/kv_compression/artifacts/raw/20261004_m2b_qwen35_trace1_2k_ansraw/ans_raw_262144.akvpack,61095120,206829
20261004_m2b_qwen35_trace1_2k_ansraw,layer19.value.0,19,full_attention,value,0,bfloat16,2,262144,6,1572864,262144,ans_raw,205272,1024,465,0,206761,3b12b704f0cf4115d5a2bc6e94f9962b19fa7a075042bc12adf39ebcb140f796,3b12b704f0cf4115d5a2bc6e94f9962b19fa7a075042bc12adf39ebcb140f796,true,/home/zhouziang/Workspace/compression/kv_compression/artifacts/raw/20261004_m2b_qwen35_trace1_2k_ansraw/ans_raw_262144.akvpack,61301957,206753
20261004_m2b_qwen35_trace1_2k_ansraw,layer19.value.0,19,full_attention,value,0,bfloat16,2,262144,7,1835008,262144,ans_raw,205128,1024,465,0,206617,8eccc7ab56d01fa0edc2783f5d21f5632ed658abfd6878f6124fa16a7bbfda0e,8eccc7ab56d01fa0edc2783f5d21f5632ed658abfd6878f6124fa16a7bbfda0e,true,/home/zhouziang/Workspace/compression/kv_compression/artifacts/raw/20261004_m2b_qwen35_trace1_2k_ansraw/ans_raw_262144.akvpack,61508718,206609
20261004_m2b_qwen35_trace1_2k_ansraw,layer19.value.0,19,full_attention,value,0,bfloat16,2,262144,8,2097152,262144,ans_raw,204828,1024,465,0,206317,fd8a9b8bafd6cd57cc6b83cab6969d5dab4c8ecb72a51ff2d6a31b2b42de715c,fd8a9b8bafd6cd57cc6b83cab6969d5dab4c8ecb72a51ff2d6a31b2b42de715c,true,/home/zhouziang/Workspace/compression/kv_compression/artifacts/raw/20261004_m2b_qwen35_trace1_2k_ansraw/ans_raw_262144.akvpack,61715335,206309
20261004_m2b_qwen35_trace1_2k_ansraw,layer19.value.0,19,full_attention,value,0,bfloat16,2,262144,9,2359296,262144,ans_raw,204880,1024,465,0,206369,0e55c79557067dc4228c26d27bdc12eb54721bee44c37ab745c84f309feb60c8,0e55c79557067dc4228c26d27bdc12eb54721bee44c37ab745c84f309feb60c8,true,/home/zhouziang/Workspace/compression/kv_compression/artifacts/raw/20261004_m2b_qwen35_trace1_2k_ansraw/ans_raw_262144.akvpack,61921652,206361
20261004_m2b_qwen35_trace1_2k_ansraw,layer19.value.0,19,full_attention,value,0,bfloat16,2,262144,10,2621440,262144,ans_raw,204892,1024,466,0,206382,05195c0efca493cfd974143ef500c46f1698c2f8552ea3a4d7940a841a8b6147,05195c0efca493cfd974143ef500c46f1698c2f8552ea3a4d7940a841a8b6147,true,/home/zhouziang/Workspace/compression/kv_compression/artifacts/raw/20261004_m2b_qwen35_trace1_2k_ansraw/ans_raw_262144.akvpack,62128021,206374
20261004_m2b_qwen35_trace1_2k_ansraw,layer19.value.0,19,full_attention,value,0,bfloat16,2,262144,11,2883584,262144,ans_raw,204780,1024,466,0,206270,97e986c2ab629ceb1bd5a43d2e687b931edf07d71b3912c34f1eb30865ca7976,97e986c2ab629ceb1bd5a43d2e687b931edf07d71b3912c34f1eb30865ca7976,true,/home/zhouziang/Workspace/compression/kv_compression/artifacts/raw/20261004_m2b_qwen35_trace1_2k_ansraw/ans_raw_262144.akvpack,62334403,206262
20261004_m2b_qwen35_trace1_2k_ansraw,layer19.value.0,19,full_attention,value,0,bfloat16,2,262144,12,3145728,262144,ans_raw,205556,1024,466,0,207046,6e635a44b9c42fd8f54d8674c8b134cbbed756e81d3addcfeb2084e547e6bb45,6e635a44b9c42fd8f54d8674c8b134cbbed756e81d3addcfeb2084e547e6bb45,true,/home/zhouziang/Workspace/compression/kv_compression/artifacts/raw/20261004_m2b_qwen35_trace1_2k_ansraw/ans_raw_262144.akvpack,62540673,207038
20261004_m2b_qwen35_trace1_2k_ansraw,layer19.value.0,19,full_attention,value,0,bfloat16,2,262144,13,3407872,262144,ans_raw,205552,1024,466,0,207042,49294d4bb4b9d7f8667b33754475b1d5a7a909145f88d129cf0379ee0b252078,49294d4bb4b9d7f8667b33754475b1d5a7a909145f88d129cf0379ee0b252078,true,/home/zhouziang/Workspace/compression/kv_compression/artifacts/raw/20261004_m2b_qwen35_trace1_2k_ansraw/ans_raw_262144.akvpack,62747719,207034
20261004_m2b_qwen35_trace1_2k_ansraw,layer19.value.0,19,full_attention,value,0,bfloat16,2,262144,14,3670016,262144,ans_raw,205516,1024,466,0,207006,03106ebca5a134e7b1de59d1dc421f6ac6d04e09ddee767d279155becf91a6fd,03106ebca5a134e7b1de59d1dc421f6ac6d04e09ddee767d279155becf91a6fd,true,/home/zhouziang/Workspace/compression/kv_compression/artifacts/raw/20261004_m2b_qwen35_trace1_2k_ansraw/ans_raw_262144.akvpack,62954761,206998
20261004_m2b_qwen35_trace1_2k_ansraw,layer19.value.0,19,full_attention,value,0,bfloat16,2,262144,15,3932160,262144,ans_raw,205540,1024,466,0,207030,47ccc674b75e27e6dc733902bc11f9bf3ea6f5c6d5595357d051031025b38edc,47ccc674b75e27e6dc733902bc11f9bf3ea6f5c6d5595357d051031025b38edc,true,/home/zhouziang/Workspace/compression/kv_compression/artifacts/raw/20261004_m2b_qwen35_trace1_2k_ansraw/ans_raw_262144.akvpack,63161767,207022
20261004_m2b_qwen35_trace1_2k_ansraw,layer20.convolution.0,20,linear_attention,convolution,0,bfloat16,2,262144,0,0,65536,ans_raw,51596,1024,466,0,53086,8813116c2062d196c4fd655e86005df7b4f32a4030f2372a586066e53a825903,8813116c2062d196c4fd655e86005df7b4f32a4030f2372a586066e53a825903,true,/home/zhouziang/Workspace/compression/kv_compression/artifacts/raw/20261004_m2b_qwen35_trace1_2k_ansraw/ans_raw_262144.akvpack,63368797,53078
20261004_m2b_qwen35_trace1_2k_ansraw,layer20.recurrent.0,20,linear_attention,recurrent,0,float32,4,262144,0,0,262144,ans_raw,245596,1024,468,0,247088,1d2da6e71fa7638cdb637ac1853c2e8065f92a31d2f8bba20bec336e9af3e99f,1d2da6e71fa7638cdb637ac1853c2e8065f92a31d2f8bba20bec336e9af3e99f,true,/home/zhouziang/Workspace/compression/kv_compression/artifacts/raw/20261004_m2b_qwen35_trace1_2k_ansraw/ans_raw_262144.akvpack,63421883,247080
20261004_m2b_qwen35_trace1_2k_ansraw,layer20.recurrent.0,20,linear_attention,recurrent,0,float32,4,262144,1,262144,262144,ans_raw,244700,1024,473,0,246197,0c252f6153e5e2a2067663a8742ae066df916c090997feb992f0ef6851ade370,0c252f6153e5e2a2067663a8742ae066df916c090997feb992f0ef6851ade370,true,/home/zhouziang/Workspace/compression/kv_compression/artifacts/raw/20261004_m2b_qwen35_trace1_2k_ansraw/ans_raw_262144.akvpack,63668971,246189
20261004_m2b_qwen35_trace1_2k_ansraw,layer20.recurrent.0,20,linear_attention,recurrent,0,float32,4,262144,2,524288,262144,ans_raw,245732,1024,473,0,247229,7669008518f80ac939d1e4373c5db24c9efe7450847f98bb16ea99443a772807,7669008518f80ac939d1e4373c5db24c9efe7450847f98bb16ea99443a772807,true,/home/zhouziang/Workspace/compression/kv_compression/artifacts/raw/20261004_m2b_qwen35_trace1_2k_ansraw/ans_raw_262144.akvpack,63915168,247221
20261004_m2b_qwen35_trace1_2k_ansraw,layer20.recurrent.0,20,linear_attention,recurrent,0,float32,4,262144,3,786432,262144,ans_raw,244508,1024,473,0,246005,4e22d77cf98750a0d749bad85a6ebd34fea9ff9ceb4c7eb333e80ab70ee78b08,4e22d77cf98750a0d749bad85a6ebd34fea9ff9ceb4c7eb333e80ab70ee78b08,true,/home/zhouziang/Workspace/compression/kv_compression/artifacts/raw/20261004_m2b_qwen35_trace1_2k_ansraw/ans_raw_262144.akvpack,64162397,245997
20261004_m2b_qwen35_trace1_2k_ansraw,layer20.recurrent.0,20,linear_attention,recurrent,0,float32,4,262144,4,1048576,262144,ans_raw,245952,1024,474,0,247450,5f712298c72537ef3f4ea71cf3bdecd172b6934b64052486a1812698c3cd55a8,5f712298c72537ef3f4ea71cf3bdecd172b6934b64052486a1812698c3cd55a8,true,/home/zhouziang/Workspace/compression/kv_compression/artifacts/raw/20261004_m2b_qwen35_trace1_2k_ansraw/ans_raw_262144.akvpack,64408402,247442
20261004_m2b_qwen35_trace1_2k_ansraw,layer20.recurrent.0,20,linear_attention,recurrent,0,float32,4,262144,5,1310720,262144,ans_raw,246568,1024,474,0,248066,161a93851f93ff2e68aeb618542beb44582a3a178c6bb7cae20018376ede21a3,161a93851f93ff2e68aeb618542beb44582a3a178c6bb7cae20018376ede21a3,true,/home/zhouziang/Workspace/compression/kv_compression/artifacts/raw/20261004_m2b_qwen35_trace1_2k_ansraw/ans_raw_262144.akvpack,64655852,248058
20261004_m2b_qwen35_trace1_2k_ansraw,layer20.recurrent.0,20,linear_attention,recurrent,0,float32,4,262144,6,1572864,262144,ans_raw,245420,1024,474,0,246918,f220666d31c525406761b13b50c9fadf0856940dbe0cee0cbc38d916d7926f07,f220666d31c525406761b13b50c9fadf0856940dbe0cee0cbc38d916d7926f07,true,/home/zhouziang/Workspace/compression/kv_compression/artifacts/raw/20261004_m2b_qwen35_trace1_2k_ansraw/ans_raw_262144.akvpack,64903918,246910
20261004_m2b_qwen35_trace1_2k_ansraw,layer20.recurrent.0,20,linear_attention,recurrent,0,float32,4,262144,7,1835008,262144,ans_raw,244896,1024,474,0,246394,e08ca7cd619595a5606026d39c8adf2efe391873f1f7d165c2e913c51cefbe01,e08ca7cd619595a5606026d39c8adf2efe391873f1f7d165c2e913c51cefbe01,true,/home/zhouziang/Workspace/compression/kv_compression/artifacts/raw/20261004_m2b_qwen35_trace1_2k_ansraw/ans_raw_262144.akvpack,65150836,246386
20261004_m2b_qwen35_trace1_2k_ansraw,layer21.convolution.0,21,linear_attention,convolution,0,bfloat16,2,262144,0,0,65536,ans_raw,51520,1024,466,0,53010,ef087420899f884e67ea59b929f92ed7838bb145e89c828b54576201c4157677,ef087420899f884e67ea59b929f92ed7838bb145e89c828b54576201c4157677,true,/home/zhouziang/Workspace/compression/kv_compression/artifacts/raw/20261004_m2b_qwen35_trace1_2k_ansraw/ans_raw_262144.akvpack,65397230,53002
20261004_m2b_qwen35_trace1_2k_ansraw,layer21.recurrent.0,21,linear_attention,recurrent,0,float32,4,262144,0,0,262144,ans_raw,247324,1024,468,0,248816,497363d17b76d0e5ee5d976633efcd4ebb82f5c4e2e3c3f46a3ea20cd7eb4a4d,497363d17b76d0e5ee5d976633efcd4ebb82f5c4e2e3c3f46a3ea20cd7eb4a4d,true,/home/zhouziang/Workspace/compression/kv_compression/artifacts/raw/20261004_m2b_qwen35_trace1_2k_ansraw/ans_raw_262144.akvpack,65450240,248808
20261004_m2b_qwen35_trace1_2k_ansraw,layer21.recurrent.0,21,linear_attention,recurrent,0,float32,4,262144,1,262144,262144,ans_raw,245136,1024,473,0,246633,d119320121924738ae24f56571e7b3a62cf71e5151d54cb76421be0dff6504e1,d119320121924738ae24f56571e7b3a62cf71e5151d54cb76421be0dff6504e1,true,/home/zhouziang/Workspace/compression/kv_compression/artifacts/raw/20261004_m2b_qwen35_trace1_2k_ansraw/ans_raw_262144.akvpack,65699056,246625
20261004_m2b_qwen35_trace1_2k_ansraw,layer21.recurrent.0,21,linear_attention,recurrent,0,float32,4,262144,2,524288,262144,ans_raw,245128,1024,473,0,246625,3a6ca536a19ad1edd4944216d298d8437cb86011eb5065f8abd2b958f067d9b2,3a6ca536a19ad1edd4944216d298d8437cb86011eb5065f8abd2b958f067d9b2,true,/home/zhouziang/Workspace/compression/kv_compression/artifacts/raw/20261004_m2b_qwen35_trace1_2k_ansraw/ans_raw_262144.akvpack,65945689,246617
20261004_m2b_qwen35_trace1_2k_ansraw,layer21.recurrent.0,21,linear_attention,recurrent,0,float32,4,262144,3,786432,262144,ans_raw,244232,1024,473,0,245729,0e71b464bd3e514f8518eaef421ede60b3435836029d57dfed4f938d800ee0e3,0e71b464bd3e514f8518eaef421ede60b3435836029d57dfed4f938d800ee0e3,true,/home/zhouziang/Workspace/compression/kv_compression/artifacts/raw/20261004_m2b_qwen35_trace1_2k_ansraw/ans_raw_262144.akvpack,66192314,245721
20261004_m2b_qwen35_trace1_2k_ansraw,layer21.recurrent.0,21,linear_attention,recurrent,0,float32,4,262144,4,1048576,262144,ans_raw,245452,1024,474,0,246950,d9a0cb79d0472fd3e959799eda1a21f8506d994f564792c819e5bb07ba69d8c9,d9a0cb79d0472fd3e959799eda1a21f8506d994f564792c819e5bb07ba69d8c9,true,/home/zhouziang/Workspace/compression/kv_compression/artifacts/raw/20261004_m2b_qwen35_trace1_2k_ansraw/ans_raw_262144.akvpack,66438043,246942
20261004_m2b_qwen35_trace1_2k_ansraw,layer21.recurrent.0,21,linear_attention,recurrent,0,float32,4,262144,5,1310720,262144,ans_raw,244028,1024,474,0,245526,6919a354fc8e132e80c3e7c98c36328dfa1e14d3a08072ea080a75bd1926b368,6919a354fc8e132e80c3e7c98c36328dfa1e14d3a08072ea080a75bd1926b368,true,/home/zhouziang/Workspace/compression/kv_compression/artifacts/raw/20261004_m2b_qwen35_trace1_2k_ansraw/ans_raw_262144.akvpack,66684993,245518
20261004_m2b_qwen35_trace1_2k_ansraw,layer21.recurrent.0,21,linear_attention,recurrent,0,float32,4,262144,6,1572864,262144,ans_raw,246136,1024,474,0,247634,6bcd8298355d5374f02da74c3619c70ae116848b8aa4a819312f60ac48775e52,6bcd8298355d5374f02da74c3619c70ae116848b8aa4a819312f60ac48775e52,true,/home/zhouziang/Workspace/compression/kv_compression/artifacts/raw/20261004_m2b_qwen35_trace1_2k_ansraw/ans_raw_262144.akvpack,66930519,247626
20261004_m2b_qwen35_trace1_2k_ansraw,layer21.recurrent.0,21,linear_attention,recurrent,0,float32,4,262144,7,1835008,262144,ans_raw,245032,1024,474,0,246530,35dd081417b3f8a01cb7b4d90e415e34b5e04798b29c0cbc3c319cbc4e1ad359,35dd081417b3f8a01cb7b4d90e415e34b5e04798b29c0cbc3c319cbc4e1ad359,true,/home/zhouziang/Workspace/compression/kv_compression/artifacts/raw/20261004_m2b_qwen35_trace1_2k_ansraw/ans_raw_262144.akvpack,67178153,246522
20261004_m2b_qwen35_trace1_2k_ansraw,layer22.convolution.0,22,linear_attention,convolution,0,bfloat16,2,262144,0,0,65536,ans_raw,51424,1024,466,0,52914,929694333dfa9a47e28b177a8f81202c9dea53d0a69796d64390673bb6aacd85,929694333dfa9a47e28b177a8f81202c9dea53d0a69796d64390673bb6aacd85,true,/home/zhouziang/Workspace/compression/kv_compression/artifacts/raw/20261004_m2b_qwen35_trace1_2k_ansraw/ans_raw_262144.akvpack,67424683,52906
20261004_m2b_qwen35_trace1_2k_ansraw,layer22.recurrent.0,22,linear_attention,recurrent,0,float32,4,262144,0,0,262144,ans_raw,244808,1024,468,0,246300,a37f65f8a32533ac642a883ef4ad2af620f694e82c94c1c142d9b370d95d2031,a37f65f8a32533ac642a883ef4ad2af620f694e82c94c1c142d9b370d95d2031,true,/home/zhouziang/Workspace/compression/kv_compression/artifacts/raw/20261004_m2b_qwen35_trace1_2k_ansraw/ans_raw_262144.akvpack,67477597,246292
20261004_m2b_qwen35_trace1_2k_ansraw,layer22.recurrent.0,22,linear_attention,recurrent,0,float32,4,262144,1,262144,262144,ans_raw,245000,1024,473,0,246497,230e18d02f67fcee74e2619f2267e681ac1ab5792b20b4d67f50cd00d5a8c7af,230e18d02f67fcee74e2619f2267e681ac1ab5792b20b4d67f50cd00d5a8c7af,true,/home/zhouziang/Workspace/compression/kv_compression/artifacts/raw/20261004_m2b_qwen35_trace1_2k_ansraw/ans_raw_262144.akvpack,67723897,246489
20261004_m2b_qwen35_trace1_2k_ansraw,layer22.recurrent.0,22,linear_attention,recurrent,0,float32,4,262144,2,524288,262144,ans_raw,244400,1024,473,0,245897,ffbc68c50c43dac42f2ab19344cc67211254ec6ca7845079d5d714061e415edb,ffbc68c50c43dac42f2ab19344cc67211254ec6ca7845079d5d714061e415edb,true,/home/zhouziang/Workspace/compression/kv_compression/artifacts/raw/20261004_m2b_qwen35_trace1_2k_ansraw/ans_raw_262144.akvpack,67970394,245889
20261004_m2b_qwen35_trace1_2k_ansraw,layer22.recurrent.0,22,linear_attention,recurrent,0,float32,4,262144,3,786432,262144,ans_raw,244448,1024,473,0,245945,9c3fa417747e79d084b8ec96ab292f99a832d35e5e63991f4fd2725698a15b0b,9c3fa417747e79d084b8ec96ab292f99a832d35e5e63991f4fd2725698a15b0b,true,/home/zhouziang/Workspace/compression/kv_compression/artifacts/raw/20261004_m2b_qwen35_trace1_2k_ansraw/ans_raw_262144.akvpack,68216291,245937
20261004_m2b_qwen35_trace1_2k_ansraw,layer22.recurrent.0,22,linear_attention,recurrent,0,float32,4,262144,4,1048576,262144,ans_raw,244732,1024,474,0,246230,d1f8e559fd75d06cc64e0f9c4fc1cfa1fe619f18113c34e0cbe33b11b8aeca67,d1f8e559fd75d06cc64e0f9c4fc1cfa1fe619f18113c34e0cbe33b11b8aeca67,true,/home/zhouziang/Workspace/compression/kv_compression/artifacts/raw/20261004_m2b_qwen35_trace1_2k_ansraw/ans_raw_262144.akvpack,68462236,246222
20261004_m2b_qwen35_trace1_2k_ansraw,layer22.recurrent.0,22,linear_attention,recurrent,0,float32,4,262144,5,1310720,262144,ans_raw,244620,1024,474,0,246118,10ffc5ed0b588197e2a03d88cdd42ff8d82a2ccf7cbf585d8cea33d702eda509,10ffc5ed0b588197e2a03d88cdd42ff8d82a2ccf7cbf585d8cea33d702eda509,true,/home/zhouziang/Workspace/compression/kv_compression/artifacts/raw/20261004_m2b_qwen35_trace1_2k_ansraw/ans_raw_262144.akvpack,68708466,246110
20261004_m2b_qwen35_trace1_2k_ansraw,layer22.recurrent.0,22,linear_attention,recurrent,0,float32,4,262144,6,1572864,262144,ans_raw,244028,1024,474,0,245526,2501f30558a9f557ccf3d26e72161707ee1ae3f214f0cfee3bbc93b10a105b74,2501f30558a9f557ccf3d26e72161707ee1ae3f214f0cfee3bbc93b10a105b74,true,/home/zhouziang/Workspace/compression/kv_compression/artifacts/raw/20261004_m2b_qwen35_trace1_2k_ansraw/ans_raw_262144.akvpack,68954584,245518
20261004_m2b_qwen35_trace1_2k_ansraw,layer22.recurrent.0,22,linear_attention,recurrent,0,float32,4,262144,7,1835008,262144,ans_raw,245028,1024,474,0,246526,0e2a19a35467c87c818bfbd3ac0cee67269f02c8100d03f2679ed81f4fc55f70,0e2a19a35467c87c818bfbd3ac0cee67269f02c8100d03f2679ed81f4fc55f70,true,/home/zhouziang/Workspace/compression/kv_compression/artifacts/raw/20261004_m2b_qwen35_trace1_2k_ansraw/ans_raw_262144.akvpack,69200110,246518
20261004_m2b_qwen35_trace1_2k_ansraw,layer23.key.0,23,full_attention,key,0,bfloat16,2,262144,0,0,262144,ans_raw,206448,1024,455,0,207927,878fc1504a0d7601c280f9986d8697d83e0c78d6292d78dba7077eea3bfcba02,878fc1504a0d7601c280f9986d8697d83e0c78d6292d78dba7077eea3bfcba02,true,/home/zhouziang/Workspace/compression/kv_compression/artifacts/raw/20261004_m2b_qwen35_trace1_2k_ansraw/ans_raw_262144.akvpack,69446636,207919
20261004_m2b_qwen35_trace1_2k_ansraw,layer23.key.0,23,full_attention,key,0,bfloat16,2,262144,1,262144,262144,ans_raw,206208,1024,460,0,207692,fe829958d543400e44160472672c6c04d7a066e26abf0cf702d3b80ad7e5f25e,fe829958d543400e44160472672c6c04d7a066e26abf0cf702d3b80ad7e5f25e,true,/home/zhouziang/Workspace/compression/kv_compression/artifacts/raw/20261004_m2b_qwen35_trace1_2k_ansraw/ans_raw_262144.akvpack,69654563,207684
20261004_m2b_qwen35_trace1_2k_ansraw,layer23.key.0,23,full_attention,key,0,bfloat16,2,262144,2,524288,262144,ans_raw,206244,1024,460,0,207728,d906e1032afad6f71e564fdd2c5f5eb7f23fbc86819f970695d7725aa2ab242e,d906e1032afad6f71e564fdd2c5f5eb7f23fbc86819f970695d7725aa2ab242e,true,/home/zhouziang/Workspace/compression/kv_compression/artifacts/raw/20261004_m2b_qwen35_trace1_2k_ansraw/ans_raw_262144.akvpack,69862255,207720
20261004_m2b_qwen35_trace1_2k_ansraw,layer23.key.0,23,full_attention,key,0,bfloat16,2,262144,3,786432,262144,ans_raw,206080,1024,460,0,207564,e92b9955a079dab0dca60415c31de776dec7ce56026cee182e512b5a1ddd8f34,e92b9955a079dab0dca60415c31de776dec7ce56026cee182e512b5a1ddd8f34,true,/home/zhouziang/Workspace/compression/kv_compression/artifacts/raw/20261004_m2b_qwen35_trace1_2k_ansraw/ans_raw_262144.akvpack,70069983,207556
20261004_m2b_qwen35_trace1_2k_ansraw,layer23.key.0,23,full_attention,key,0,bfloat16,2,262144,4,1048576,262144,ans_raw,206588,1024,461,0,208073,e92fcf8612de4062b7c53aab3ff5c3267903c759404d7a1583d4e0e758553639,e92fcf8612de4062b7c53aab3ff5c3267903c759404d7a1583d4e0e758553639,true,/home/zhouziang/Workspace/compression/kv_compression/artifacts/raw/20261004_m2b_qwen35_trace1_2k_ansraw/ans_raw_262144.akvpack,70277547,208065
20261004_m2b_qwen35_trace1_2k_ansraw,layer23.key.0,23,full_attention,key,0,bfloat16,2,262144,5,1310720,262144,ans_raw,206356,1024,461,0,207841,0acb59f81c50bc76e1e8406a22584140af28fa760b66d09c797637395d3de607,0acb59f81c50bc76e1e8406a22584140af28fa760b66d09c797637395d3de607,true,/home/zhouziang/Workspace/compression/kv_compression/artifacts/raw/20261004_m2b_qwen35_trace1_2k_ansraw/ans_raw_262144.akvpack,70485620,207833
20261004_m2b_qwen35_trace1_2k_ansraw,layer23.key.0,23,full_attention,key,0,bfloat16,2,262144,6,1572864,262144,ans_raw,206288,1024,461,0,207773,e11041d4b37bb4ac0e6fa020e70031a85e29181a5fae5dfb90efa40eee41f52b,e11041d4b37bb4ac0e6fa020e70031a85e29181a5fae5dfb90efa40eee41f52b,true,/home/zhouziang/Workspace/compression/kv_compression/artifacts/raw/20261004_m2b_qwen35_trace1_2k_ansraw/ans_raw_262144.akvpack,70693461,207765
20261004_m2b_qwen35_trace1_2k_ansraw,layer23.key.0,23,full_attention,key,0,bfloat16,2,262144,7,1835008,262144,ans_raw,206268,1024,461,0,207753,c87a92a9f1f0369249779e63f86825ff395cd2cfd231961d7d9636f5e96c4890,c87a92a9f1f0369249779e63f86825ff395cd2cfd231961d7d9636f5e96c4890,true,/home/zhouziang/Workspace/compression/kv_compression/artifacts/raw/20261004_m2b_qwen35_trace1_2k_ansraw/ans_raw_262144.akvpack,70901234,207745
20261004_m2b_qwen35_trace1_2k_ansraw,layer23.key.0,23,full_attention,key,0,bfloat16,2,262144,8,2097152,262144,ans_raw,206280,1024,461,0,207765,59bb12ff21453c12a90b879b355ba00245e960c169f6eb6f1904155b19bf9368,59bb12ff21453c12a90b879b355ba00245e960c169f6eb6f1904155b19bf9368,true,/home/zhouziang/Workspace/compression/kv_compression/artifacts/raw/20261004_m2b_qwen35_trace1_2k_ansraw/ans_raw_262144.akvpack,71108987,207757
20261004_m2b_qwen35_trace1_2k_ansraw,layer23.key.0,23,full_attention,key,0,bfloat16,2,262144,9,2359296,262144,ans_raw,205952,1024,461,0,207437,1d136a6b638828dc98934bf3445e15fdbf8b766a4796e107daeba6b8138b0eaf,1d136a6b638828dc98934bf3445e15fdbf8b766a4796e107daeba6b8138b0eaf,true,/home/zhouziang/Workspace/compression/kv_compression/artifacts/raw/20261004_m2b_qwen35_trace1_2k_ansraw/ans_raw_262144.akvpack,71316752,207429
20261004_m2b_qwen35_trace1_2k_ansraw,layer23.key.0,23,full_attention,key,0,bfloat16,2,262144,10,2621440,262144,ans_raw,205844,1024,462,0,207330,9a6c12b6ca6e5ae8ac80bf98db6013071e1d7b05e2a2102cea7269297c49e5b5,9a6c12b6ca6e5ae8ac80bf98db6013071e1d7b05e2a2102cea7269297c49e5b5,true,/home/zhouziang/Workspace/compression/kv_compression/artifacts/raw/20261004_m2b_qwen35_trace1_2k_ansraw/ans_raw_262144.akvpack,71524189,207322
20261004_m2b_qwen35_trace1_2k_ansraw,layer23.key.0,23,full_attention,key,0,bfloat16,2,262144,11,2883584,262144,ans_raw,205744,1024,462,0,207230,d6ddfb4a593b30c2a96aa94b68d808cd9714fc245db8c3639a6e96771799bf81,d6ddfb4a593b30c2a96aa94b68d808cd9714fc245db8c3639a6e96771799bf81,true,/home/zhouziang/Workspace/compression/kv_compression/artifacts/raw/20261004_m2b_qwen35_trace1_2k_ansraw/ans_raw_262144.akvpack,71731519,207222
20261004_m2b_qwen35_trace1_2k_ansraw,layer23.key.0,23,full_attention,key,0,bfloat16,2,262144,12,3145728,262144,ans_raw,206992,1024,462,0,208478,d89f785d4eed6eef9d8d868f914f15ca11ac6f6fcc78126e47260df415090e6b,d89f785d4eed6eef9d8d868f914f15ca11ac6f6fcc78126e47260df415090e6b,true,/home/zhouziang/Workspace/compression/kv_compression/artifacts/raw/20261004_m2b_qwen35_trace1_2k_ansraw/ans_raw_262144.akvpack,71938749,208470
20261004_m2b_qwen35_trace1_2k_ansraw,layer23.key.0,23,full_attention,key,0,bfloat16,2,262144,13,3407872,262144,ans_raw,206488,1024,462,0,207974,5606769dae0659840c6e08dce849cfda36a372ef1ae83ff30ac004c24ee07381,5606769dae0659840c6e08dce849cfda36a372ef1ae83ff30ac004c24ee07381,true,/home/zhouziang/Workspace/compression/kv_compression/artifacts/raw/20261004_m2b_qwen35_trace1_2k_ansraw/ans_raw_262144.akvpack,72147227,207966
20261004_m2b_qwen35_trace1_2k_ansraw,layer23.key.0,23,full_attention,key,0,bfloat16,2,262144,14,3670016,262144,ans_raw,206492,1024,462,0,207978,da91e28b24e842dcd861bc3a3ccf29e517900615eb32a8ffabbaa194d1807c99,da91e28b24e842dcd861bc3a3ccf29e517900615eb32a8ffabbaa194d1807c99,true,/home/zhouziang/Workspace/compression/kv_compression/artifacts/raw/20261004_m2b_qwen35_trace1_2k_ansraw/ans_raw_262144.akvpack,72355201,207970
20261004_m2b_qwen35_trace1_2k_ansraw,layer23.key.0,23,full_attention,key,0,bfloat16,2,262144,15,3932160,262144,ans_raw,206484,1024,462,0,207970,1cd4477ac4a12f79a6d0631d4b51e7f6cbee395564ccb0d3309a158787458071,1cd4477ac4a12f79a6d0631d4b51e7f6cbee395564ccb0d3309a158787458071,true,/home/zhouziang/Workspace/compression/kv_compression/artifacts/raw/20261004_m2b_qwen35_trace1_2k_ansraw/ans_raw_262144.akvpack,72563179,207962
20261004_m2b_qwen35_trace1_2k_ansraw,layer23.value.0,23,full_attention,value,0,bfloat16,2,262144,0,0,262144,ans_raw,205556,1024,459,0,207039,495a7e7c18892d144883f2a63f54172697d3666937307f3e92a81b289ca770e5,495a7e7c18892d144883f2a63f54172697d3666937307f3e92a81b289ca770e5,true,/home/zhouziang/Workspace/compression/kv_compression/artifacts/raw/20261004_m2b_qwen35_trace1_2k_ansraw/ans_raw_262144.akvpack,72771149,207031
20261004_m2b_qwen35_trace1_2k_ansraw,layer23.value.0,23,full_attention,value,0,bfloat16,2,262144,1,262144,262144,ans_raw,205624,1024,464,0,207112,b10d8ff47ec0e68aa604b743504b1b27878915396af20ce5664b518b9ea7312c,b10d8ff47ec0e68aa604b743504b1b27878915396af20ce5664b518b9ea7312c,true,/home/zhouziang/Workspace/compression/kv_compression/artifacts/raw/20261004_m2b_qwen35_trace1_2k_ansraw/ans_raw_262144.akvpack,72978188,207104
20261004_m2b_qwen35_trace1_2k_ansraw,layer23.value.0,23,full_attention,value,0,bfloat16,2,262144,2,524288,262144,ans_raw,205608,1024,464,0,207096,a78d0747888885cb76437d45ac2df57bdbfb2c41544ece61fb3baf8abe73eb66,a78d0747888885cb76437d45ac2df57bdbfb2c41544ece61fb3baf8abe73eb66,true,/home/zhouziang/Workspace/compression/kv_compression/artifacts/raw/20261004_m2b_qwen35_trace1_2k_ansraw/ans_raw_262144.akvpack,73185300,207088
20261004_m2b_qwen35_trace1_2k_ansraw,layer23.value.0,23,full_attention,value,0,bfloat16,2,262144,3,786432,262144,ans_raw,205848,1024,464,0,207336,7586ac856a06ef4246f8a447e97503174ee8853932a0c952e2a0154a5b570a53,7586ac856a06ef4246f8a447e97503174ee8853932a0c952e2a0154a5b570a53,true,/home/zhouziang/Workspace/compression/kv_compression/artifacts/raw/20261004_m2b_qwen35_trace1_2k_ansraw/ans_raw_262144.akvpack,73392396,207328
20261004_m2b_qwen35_trace1_2k_ansraw,layer23.value.0,23,full_attention,value,0,bfloat16,2,262144,4,1048576,262144,ans_raw,205384,1024,465,0,206873,58fa8f4df0cb0ae717431fd4c834f30477cf9591e181ff88ca1cbe8f6b8475fe,58fa8f4df0cb0ae717431fd4c834f30477cf9591e181ff88ca1cbe8f6b8475fe,true,/home/zhouziang/Workspace/compression/kv_compression/artifacts/raw/20261004_m2b_qwen35_trace1_2k_ansraw/ans_raw_262144.akvpack,73599732,206865
20261004_m2b_qwen35_trace1_2k_ansraw,layer23.value.0,23,full_attention,value,0,bfloat16,2,262144,5,1310720,262144,ans_raw,205572,1024,465,0,207061,ac047fd9d49f48d8697f1dc5a3f9db4549826877a2926a58fbefd949a0896898,ac047fd9d49f48d8697f1dc5a3f9db4549826877a2926a58fbefd949a0896898,true,/home/zhouziang/Workspace/compression/kv_compression/artifacts/raw/20261004_m2b_qwen35_trace1_2k_ansraw/ans_raw_262144.akvpack,73806605,207053
20261004_m2b_qwen35_trace1_2k_ansraw,layer23.value.0,23,full_attention,value,0,bfloat16,2,262144,6,1572864,262144,ans_raw,205444,1024,465,0,206933,0a06047abd516c2a82b9bfd0975298b3e6d0728331f6c0b06a4caa979dfadcdc,0a06047abd516c2a82b9bfd0975298b3e6d0728331f6c0b06a4caa979dfadcdc,true,/home/zhouziang/Workspace/compression/kv_compression/artifacts/raw/20261004_m2b_qwen35_trace1_2k_ansraw/ans_raw_262144.akvpack,74013666,206925
20261004_m2b_qwen35_trace1_2k_ansraw,layer23.value.0,23,full_attention,value,0,bfloat16,2,262144,7,1835008,262144,ans_raw,205656,1024,465,0,207145,d6e8d01705bd35f23e1ce2e6ee4db87bc91bc6bc6e751315b6eed323921cee71,d6e8d01705bd35f23e1ce2e6ee4db87bc91bc6bc6e751315b6eed323921cee71,true,/home/zhouziang/Workspace/compression/kv_compression/artifacts/raw/20261004_m2b_qwen35_trace1_2k_ansraw/ans_raw_262144.akvpack,74220599,207137
20261004_m2b_qwen35_trace1_2k_ansraw,layer23.value.0,23,full_attention,value,0,bfloat16,2,262144,8,2097152,262144,ans_raw,205944,1024,465,0,207433,bdedd0523d2dcb27bb9e493593d4c0a88e8f538ea70dbdf7422386d5dbcfe227,bdedd0523d2dcb27bb9e493593d4c0a88e8f538ea70dbdf7422386d5dbcfe227,true,/home/zhouziang/Workspace/compression/kv_compression/artifacts/raw/20261004_m2b_qwen35_trace1_2k_ansraw/ans_raw_262144.akvpack,74427744,207425
20261004_m2b_qwen35_trace1_2k_ansraw,layer23.value.0,23,full_attention,value,0,bfloat16,2,262144,9,2359296,262144,ans_raw,206024,1024,465,0,207513,31f6a1aebe7e421b92c15073294713c8a33e96e49aaa5a7184652f2cb368b3bf,31f6a1aebe7e421b92c15073294713c8a33e96e49aaa5a7184652f2cb368b3bf,true,/home/zhouziang/Workspace/compression/kv_compression/artifacts/raw/20261004_m2b_qwen35_trace1_2k_ansraw/ans_raw_262144.akvpack,74635177,207505
20261004_m2b_qwen35_trace1_2k_ansraw,layer23.value.0,23,full_attention,value,0,bfloat16,2,262144,10,2621440,262144,ans_raw,205920,1024,466,0,207410,c12738d0bedae0827f554d921c620ca2bc67c6fd3a699c6d3c9d7c8c431aad4b,c12738d0bedae0827f554d921c620ca2bc67c6fd3a699c6d3c9d7c8c431aad4b,true,/home/zhouziang/Workspace/compression/kv_compression/artifacts/raw/20261004_m2b_qwen35_trace1_2k_ansraw/ans_raw_262144.akvpack,74842690,207402
20261004_m2b_qwen35_trace1_2k_ansraw,layer23.value.0,23,full_attention,value,0,bfloat16,2,262144,11,2883584,262144,ans_raw,206108,1024,466,0,207598,84d3927e29fa2b145541a242da08958c835eb73f60733356fb4e7ea57427107f,84d3927e29fa2b145541a242da08958c835eb73f60733356fb4e7ea57427107f,true,/home/zhouziang/Workspace/compression/kv_compression/artifacts/raw/20261004_m2b_qwen35_trace1_2k_ansraw/ans_raw_262144.akvpack,75050100,207590
20261004_m2b_qwen35_trace1_2k_ansraw,layer23.value.0,23,full_attention,value,0,bfloat16,2,262144,12,3145728,262144,ans_raw,205284,1024,466,0,206774,ce5a2a1b8600a746e69141cd051f70f39b2f2c62d6322e7dd030abe0312cacf3,ce5a2a1b8600a746e69141cd051f70f39b2f2c62d6322e7dd030abe0312cacf3,true,/home/zhouziang/Workspace/compression/kv_compression/artifacts/raw/20261004_m2b_qwen35_trace1_2k_ansraw/ans_raw_262144.akvpack,75257698,206766
20261004_m2b_qwen35_trace1_2k_ansraw,layer23.value.0,23,full_attention,value,0,bfloat16,2,262144,13,3407872,262144,ans_raw,205280,1024,466,0,206770,62aa17e91409dc466f74db72d13afc75b248a252e44f3828c4872a1c44fe1254,62aa17e91409dc466f74db72d13afc75b248a252e44f3828c4872a1c44fe1254,true,/home/zhouziang/Workspace/compression/kv_compression/artifacts/raw/20261004_m2b_qwen35_trace1_2k_ansraw/ans_raw_262144.akvpack,75464472,206762
20261004_m2b_qwen35_trace1_2k_ansraw,layer23.value.0,23,full_attention,value,0,bfloat16,2,262144,14,3670016,262144,ans_raw,205296,1024,466,0,206786,429f4d41a441098d58cb644f2f1471a2beb4f69d5a962105756674310929e08a,429f4d41a441098d58cb644f2f1471a2beb4f69d5a962105756674310929e08a,true,/home/zhouziang/Workspace/compression/kv_compression/artifacts/raw/20261004_m2b_qwen35_trace1_2k_ansraw/ans_raw_262144.akvpack,75671242,206778
20261004_m2b_qwen35_trace1_2k_ansraw,layer23.value.0,23,full_attention,value,0,bfloat16,2,262144,15,3932160,262144,ans_raw,205288,1024,466,0,206778,37a10392f2e8513305046b9299cc705674db27490fa7282d7087efaa06fd7d90,37a10392f2e8513305046b9299cc705674db27490fa7282d7087efaa06fd7d90,true,/home/zhouziang/Workspace/compression/kv_compression/artifacts/raw/20261004_m2b_qwen35_trace1_2k_ansraw/ans_raw_262144.akvpack,75878028,206770
20261004_m2b_qwen35_trace1_2k_ansraw,layer24.convolution.0,24,linear_attention,convolution,0,bfloat16,2,262144,0,0,65536,ans_raw,51472,1024,466,0,52962,84193495b205a9d660397a8f170c53f76a8ccb4ceeede09c681c755878c1a748,84193495b205a9d660397a8f170c53f76a8ccb4ceeede09c681c755878c1a748,true,/home/zhouziang/Workspace/compression/kv_compression/artifacts/raw/20261004_m2b_qwen35_trace1_2k_ansraw/ans_raw_262144.akvpack,76084806,52954
20261004_m2b_qwen35_trace1_2k_ansraw,layer24.recurrent.0,24,linear_attention,recurrent,0,float32,4,262144,0,0,262144,ans_raw,245576,1024,468,0,247068,a8180c61b977bef3d818989dca37c4173b39ef78df51f9c629dcb82753be01fa,a8180c61b977bef3d818989dca37c4173b39ef78df51f9c629dcb82753be01fa,true,/home/zhouziang/Workspace/compression/kv_compression/artifacts/raw/20261004_m2b_qwen35_trace1_2k_ansraw/ans_raw_262144.akvpack,76137768,247060
20261004_m2b_qwen35_trace1_2k_ansraw,layer24.recurrent.0,24,linear_attention,recurrent,0,float32,4,262144,1,262144,262144,ans_raw,244844,1024,473,0,246341,23aee44eb062ca7db7e7c06e701de6a75ca1663d7916d6215e8d9181051b546a,23aee44eb062ca7db7e7c06e701de6a75ca1663d7916d6215e8d9181051b546a,true,/home/zhouziang/Workspace/compression/kv_compression/artifacts/raw/20261004_m2b_qwen35_trace1_2k_ansraw/ans_raw_262144.akvpack,76384836,246333
20261004_m2b_qwen35_trace1_2k_ansraw,layer24.recurrent.0,24,linear_attention,recurrent,0,float32,4,262144,2,524288,262144,ans_raw,244240,1024,473,0,245737,05bd78955ae0297ab21540c7f02a2d60ed99aeb39205fee9f485c98472dfaed3,05bd78955ae0297ab21540c7f02a2d60ed99aeb39205fee9f485c98472dfaed3,true,/home/zhouziang/Workspace/compression/kv_compression/artifacts/raw/20261004_m2b_qwen35_trace1_2k_ansraw/ans_raw_262144.akvpack,76631177,245729
20261004_m2b_qwen35_trace1_2k_ansraw,layer24.recurrent.0,24,linear_attention,recurrent,0,float32,4,262144,3,786432,262144,ans_raw,244148,1024,473,0,245645,d369329491c26642f743b81f02c038f4eebc77bf76b1c707ef7f63500ec39765,d369329491c26642f743b81f02c038f4eebc77bf76b1c707ef7f63500ec39765,true,/home/zhouziang/Workspace/compression/kv_compression/artifacts/raw/20261004_m2b_qwen35_trace1_2k_ansraw/ans_raw_262144.akvpack,76876914,245637
20261004_m2b_qwen35_trace1_2k_ansraw,layer24.recurrent.0,24,linear_attention,recurrent,0,float32,4,262144,4,1048576,262144,ans_raw,245392,1024,474,0,246890,ff9d880bb877d2825a00d4fa6d4e4d7505246e69c9b72a043ff14edc66f54d98,ff9d880bb877d2825a00d4fa6d4e4d7505246e69c9b72a043ff14edc66f54d98,true,/home/zhouziang/Workspace/compression/kv_compression/artifacts/raw/20261004_m2b_qwen35_trace1_2k_ansraw/ans_raw_262144.akvpack,77122559,246882
20261004_m2b_qwen35_trace1_2k_ansraw,layer24.recurrent.0,24,linear_attention,recurrent,0,float32,4,262144,5,1310720,262144,ans_raw,244284,1024,474,0,245782,a1791a1a3c893b31e91307a1ecada8c5cb3c036ef31edc093d39afcc8348c0a1,a1791a1a3c893b31e91307a1ecada8c5cb3c036ef31edc093d39afcc8348c0a1,true,/home/zhouziang/Workspace/compression/kv_compression/artifacts/raw/20261004_m2b_qwen35_trace1_2k_ansraw/ans_raw_262144.akvpack,77369449,245774
20261004_m2b_qwen35_trace1_2k_ansraw,layer24.recurrent.0,24,linear_attention,recurrent,0,float32,4,262144,6,1572864,262144,ans_raw,244796,1024,474,0,246294,d632b44d0eabd067216e54d01c6d0fd678b9e5664e80536ef92ec5c6f5b5ce44,d632b44d0eabd067216e54d01c6d0fd678b9e5664e80536ef92ec5c6f5b5ce44,true,/home/zhouziang/Workspace/compression/kv_compression/artifacts/raw/20261004_m2b_qwen35_trace1_2k_ansraw/ans_raw_262144.akvpack,77615231,246286
20261004_m2b_qwen35_trace1_2k_ansraw,layer24.recurrent.0,24,linear_attention,recurrent,0,float32,4,262144,7,1835008,262144,ans_raw,244876,1024,474,0,246374,7cd3507aa1c35e488d35862f9fe2d5c0451eac434dfc5ed08267793220fb0735,7cd3507aa1c35e488d35862f9fe2d5c0451eac434dfc5ed08267793220fb0735,true,/home/zhouziang/Workspace/compression/kv_compression/artifacts/raw/20261004_m2b_qwen35_trace1_2k_ansraw/ans_raw_262144.akvpack,77861525,246366
20261004_m2b_qwen35_trace1_2k_ansraw,layer25.convolution.0,25,linear_attention,convolution,0,bfloat16,2,262144,0,0,65536,ans_raw,51564,1024,466,0,53054,cebebbab2bbbaffddfa76dc9b668d57954ab01b632068ec2d83319cacbf0bcbf,cebebbab2bbbaffddfa76dc9b668d57954ab01b632068ec2d83319cacbf0bcbf,true,/home/zhouziang/Workspace/compression/kv_compression/artifacts/raw/20261004_m2b_qwen35_trace1_2k_ansraw/ans_raw_262144.akvpack,78107899,53046
20261004_m2b_qwen35_trace1_2k_ansraw,layer25.recurrent.0,25,linear_attention,recurrent,0,float32,4,262144,0,0,262144,ans_raw,244456,1024,468,0,245948,54da5337af61751447bdd408de3d0aa06904ba48ab3facdd4e8d9c88c48cbd7d,54da5337af61751447bdd408de3d0aa06904ba48ab3facdd4e8d9c88c48cbd7d,true,/home/zhouziang/Workspace/compression/kv_compression/artifacts/raw/20261004_m2b_qwen35_trace1_2k_ansraw/ans_raw_262144.akvpack,78160953,245940
20261004_m2b_qwen35_trace1_2k_ansraw,layer25.recurrent.0,25,linear_attention,recurrent,0,float32,4,262144,1,262144,262144,ans_raw,244244,1024,473,0,245741,9b4d47cc40bb21b5bacc29a377487a7fffb9c77b21d8cf5cfa62854c32fc0811,9b4d47cc40bb21b5bacc29a377487a7fffb9c77b21d8cf5cfa62854c32fc0811,true,/home/zhouziang/Workspace/compression/kv_compression/artifacts/raw/20261004_m2b_qwen35_trace1_2k_ansraw/ans_raw_262144.akvpack,78406901,245733
20261004_m2b_qwen35_trace1_2k_ansraw,layer25.recurrent.0,25,linear_attention,recurrent,0,float32,4,262144,2,524288,262144,ans_raw,247272,1024,473,0,248769,27f4a5899af084a93bf837315ce6f189315d6289d96d01250c56c2bfb34523a5,27f4a5899af084a93bf837315ce6f189315d6289d96d01250c56c2bfb34523a5,true,/home/zhouziang/Workspace/compression/kv_compression/artifacts/raw/20261004_m2b_qwen35_trace1_2k_ansraw/ans_raw_262144.akvpack,78652642,248761
20261004_m2b_qwen35_trace1_2k_ansraw,layer25.recurrent.0,25,linear_attention,recurrent,0,float32,4,262144,3,786432,262144,ans_raw,244496,1024,473,0,245993,83afbbfbb157955299263bec3d2b812dc1f562b1109eaab89bc50dce7b28e8a9,83afbbfbb157955299263bec3d2b812dc1f562b1109eaab89bc50dce7b28e8a9,true,/home/zhouziang/Workspace/compression/kv_compression/artifacts/raw/20261004_m2b_qwen35_trace1_2k_ansraw/ans_raw_262144.akvpack,78901411,245985
20261004_m2b_qwen35_trace1_2k_ansraw,layer25.recurrent.0,25,linear_attention,recurrent,0,float32,4,262144,4,1048576,262144,ans_raw,244272,1024,474,0,245770,233a8317559ace7b5ce79afb54ac9ee7a83bd95f07699136ec638b560aef8e56,233a8317559ace7b5ce79afb54ac9ee7a83bd95f07699136ec638b560aef8e56,true,/home/zhouziang/Workspace/compression/kv_compression/artifacts/raw/20261004_m2b_qwen35_trace1_2k_ansraw/ans_raw_262144.akvpack,79147404,245762
20261004_m2b_qwen35_trace1_2k_ansraw,layer25.recurrent.0,25,linear_attention,recurrent,0,float32,4,262144,5,1310720,262144,ans_raw,245268,1024,474,0,246766,0303122786e671f39ce85e11063458d8c9ec2c13b721902d76c6f002265e0023,0303122786e671f39ce85e11063458d8c9ec2c13b721902d76c6f002265e0023,true,/home/zhouziang/Workspace/compression/kv_compression/artifacts/raw/20261004_m2b_qwen35_trace1_2k_ansraw/ans_raw_262144.akvpack,79393174,246758
20261004_m2b_qwen35_trace1_2k_ansraw,layer25.recurrent.0,25,linear_attention,recurrent,0,float32,4,262144,6,1572864,262144,ans_raw,243704,1024,474,0,245202,629a017dccd59bc1479977eda032cb161ab4f9f5ca53123181e044e33df148a9,629a017dccd59bc1479977eda032cb161ab4f9f5ca53123181e044e33df148a9,true,/home/zhouziang/Workspace/compression/kv_compression/artifacts/raw/20261004_m2b_qwen35_trace1_2k_ansraw/ans_raw_262144.akvpack,79639940,245194
20261004_m2b_qwen35_trace1_2k_ansraw,layer25.recurrent.0,25,linear_attention,recurrent,0,float32,4,262144,7,1835008,262144,ans_raw,243996,1024,474,0,245494,0966e6231ad302e7f1ebed93a6d12ac9f28648bdc197bb501a19ae58a6366a66,0966e6231ad302e7f1ebed93a6d12ac9f28648bdc197bb501a19ae58a6366a66,true,/home/zhouziang/Workspace/compression/kv_compression/artifacts/raw/20261004_m2b_qwen35_trace1_2k_ansraw/ans_raw_262144.akvpack,79885142,245486
20261004_m2b_qwen35_trace1_2k_ansraw,layer26.convolution.0,26,linear_attention,convolution,0,bfloat16,2,262144,0,0,65536,ans_raw,51420,1024,466,0,52910,49b52c49c21ea854daba3aaecf92a2e4b76f3cb46620e7e6892ddad368806999,49b52c49c21ea854daba3aaecf92a2e4b76f3cb46620e7e6892ddad368806999,true,/home/zhouziang/Workspace/compression/kv_compression/artifacts/raw/20261004_m2b_qwen35_trace1_2k_ansraw/ans_raw_262144.akvpack,80130636,52902
20261004_m2b_qwen35_trace1_2k_ansraw,layer26.recurrent.0,26,linear_attention,recurrent,0,float32,4,262144,0,0,262144,ans_raw,244736,1024,468,0,246228,10e610919bf0cbe6d13333417b2c0135b9315bac65c6e8e00aa5b23818cc41c3,10e610919bf0cbe6d13333417b2c0135b9315bac65c6e8e00aa5b23818cc41c3,true,/home/zhouziang/Workspace/compression/kv_compression/artifacts/raw/20261004_m2b_qwen35_trace1_2k_ansraw/ans_raw_262144.akvpack,80183546,246220
20261004_m2b_qwen35_trace1_2k_ansraw,layer26.recurrent.0,26,linear_attention,recurrent,0,float32,4,262144,1,262144,262144,ans_raw,244324,1024,473,0,245821,fdd578b44c1225e46bb50eb2889462998407e93cc0560b28b21e6026ce6aef3f,fdd578b44c1225e46bb50eb2889462998407e93cc0560b28b21e6026ce6aef3f,true,/home/zhouziang/Workspace/compression/kv_compression/artifacts/raw/20261004_m2b_qwen35_trace1_2k_ansraw/ans_raw_262144.akvpack,80429774,245813
20261004_m2b_qwen35_trace1_2k_ansraw,layer26.recurrent.0,26,linear_attention,recurrent,0,float32,4,262144,2,524288,262144,ans_raw,244428,1024,473,0,245925,3c2490c251dd436edc7b8706d1a993e50f255abec3b0e53de3ed5237dd50ca56,3c2490c251dd436edc7b8706d1a993e50f255abec3b0e53de3ed5237dd50ca56,true,/home/zhouziang/Workspace/compression/kv_compression/artifacts/raw/20261004_m2b_qwen35_trace1_2k_ansraw/ans_raw_262144.akvpack,80675595,245917
20261004_m2b_qwen35_trace1_2k_ansraw,layer26.recurrent.0,26,linear_attention,recurrent,0,float32,4,262144,3,786432,262144,ans_raw,242992,1024,473,0,244489,ff9b291055371c0d6ee87bf9b904e44fb1c3d315f58a2dbcfb0936e7f77f7039,ff9b291055371c0d6ee87bf9b904e44fb1c3d315f58a2dbcfb0936e7f77f7039,true,/home/zhouziang/Workspace/compression/kv_compression/artifacts/raw/20261004_m2b_qwen35_trace1_2k_ansraw/ans_raw_262144.akvpack,80921520,244481
20261004_m2b_qwen35_trace1_2k_ansraw,layer26.recurrent.0,26,linear_attention,recurrent,0,float32,4,262144,4,1048576,262144,ans_raw,245232,1024,474,0,246730,691e619bd360bb0213a7bab3d3a361f773d0e5392db93620f5c8f5b06ef12f18,691e619bd360bb0213a7bab3d3a361f773d0e5392db93620f5c8f5b06ef12f18,true,/home/zhouziang/Workspace/compression/kv_compression/artifacts/raw/20261004_m2b_qwen35_trace1_2k_ansraw/ans_raw_262144.akvpack,81166009,246722
20261004_m2b_qwen35_trace1_2k_ansraw,layer26.recurrent.0,26,linear_attention,recurrent,0,float32,4,262144,5,1310720,262144,ans_raw,244316,1024,474,0,245814,8e1c8c262196879d89513808ca5fac106e36ce8b0f2a9ef44aa9d9958395fc5a,8e1c8c262196879d89513808ca5fac106e36ce8b0f2a9ef44aa9d9958395fc5a,true,/home/zhouziang/Workspace/compression/kv_compression/artifacts/raw/20261004_m2b_qwen35_trace1_2k_ansraw/ans_raw_262144.akvpack,81412739,245806
20261004_m2b_qwen35_trace1_2k_ansraw,layer26.recurrent.0,26,linear_attention,recurrent,0,float32,4,262144,6,1572864,262144,ans_raw,243692,1024,474,0,245190,cb856d8e11b85e72d99f1791cf58b7b2d7beb588b030b41c5f19aa576d3bd6a2,cb856d8e11b85e72d99f1791cf58b7b2d7beb588b030b41c5f19aa576d3bd6a2,true,/home/zhouziang/Workspace/compression/kv_compression/artifacts/raw/20261004_m2b_qwen35_trace1_2k_ansraw/ans_raw_262144.akvpack,81658553,245182
20261004_m2b_qwen35_trace1_2k_ansraw,layer26.recurrent.0,26,linear_attention,recurrent,0,float32,4,262144,7,1835008,262144,ans_raw,247004,1024,474,0,248502,4ea7d17ecb0751b09fca0b5f53f97f217929b3393cdf20db5b3c0e7ce4f93f43,4ea7d17ecb0751b09fca0b5f53f97f217929b3393cdf20db5b3c0e7ce4f93f43,true,/home/zhouziang/Workspace/compression/kv_compression/artifacts/raw/20261004_m2b_qwen35_trace1_2k_ansraw/ans_raw_262144.akvpack,81903743,248494
20261004_m2b_qwen35_trace1_2k_ansraw,layer27.key.0,27,full_attention,key,0,bfloat16,2,262144,0,0,262144,ans_raw,205680,1024,455,0,207159,0e2b1b9f52b5885a5c2e95b0952d70300cffa04c4e8a29132cfd30b926112de1,0e2b1b9f52b5885a5c2e95b0952d70300cffa04c4e8a29132cfd30b926112de1,true,/home/zhouziang/Workspace/compression/kv_compression/artifacts/raw/20261004_m2b_qwen35_trace1_2k_ansraw/ans_raw_262144.akvpack,82152245,207151
20261004_m2b_qwen35_trace1_2k_ansraw,layer27.key.0,27,full_attention,key,0,bfloat16,2,262144,1,262144,262144,ans_raw,205328,1024,460,0,206812,f50b09dbf8d5a1dd6a0c44c35669d98742dd7560a8383e67095d2894d3fbd9fa,f50b09dbf8d5a1dd6a0c44c35669d98742dd7560a8383e67095d2894d3fbd9fa,true,/home/zhouziang/Workspace/compression/kv_compression/artifacts/raw/20261004_m2b_qwen35_trace1_2k_ansraw/ans_raw_262144.akvpack,82359404,206804
20261004_m2b_qwen35_trace1_2k_ansraw,layer27.key.0,27,full_attention,key,0,bfloat16,2,262144,2,524288,262144,ans_raw,205184,1024,460,0,206668,fc78cd6cdada3e447f0b0acffb4df5580ff1a674c9e19f694511199112f005f0,fc78cd6cdada3e447f0b0acffb4df5580ff1a674c9e19f694511199112f005f0,true,/home/zhouziang/Workspace/compression/kv_compression/artifacts/raw/20261004_m2b_qwen35_trace1_2k_ansraw/ans_raw_262144.akvpack,82566216,206660
20261004_m2b_qwen35_trace1_2k_ansraw,layer27.key.0,27,full_attention,key,0,bfloat16,2,262144,3,786432,262144,ans_raw,205320,1024,460,0,206804,4c6f8c6af763d1efc0d64643d3e71683797ffb8d96696304117e66ad885eebb5,4c6f8c6af763d1efc0d64643d3e71683797ffb8d96696304117e66ad885eebb5,true,/home/zhouziang/Workspace/compression/kv_compression/artifacts/raw/20261004_m2b_qwen35_trace1_2k_ansraw/ans_raw_262144.akvpack,82772884,206796
20261004_m2b_qwen35_trace1_2k_ansraw,layer27.key.0,27,full_attention,key,0,bfloat16,2,262144,4,1048576,262144,ans_raw,205660,1024,461,0,207145,353a43ccd5d795c93ea70c1c75d944724ab2f14b0b6944206f087f22c70c9f34,353a43ccd5d795c93ea70c1c75d944724ab2f14b0b6944206f087f22c70c9f34,true,/home/zhouziang/Workspace/compression/kv_compression/artifacts/raw/20261004_m2b_qwen35_trace1_2k_ansraw/ans_raw_262144.akvpack,82979688,207137
20261004_m2b_qwen35_trace1_2k_ansraw,layer27.key.0,27,full_attention,key,0,bfloat16,2,262144,5,1310720,262144,ans_raw,205680,1024,461,0,207165,5a87f096c0f2613ce546da896b95d14da9590636930f2219c76223d3b29ade9e,5a87f096c0f2613ce546da896b95d14da9590636930f2219c76223d3b29ade9e,true,/home/zhouziang/Workspace/compression/kv_compression/artifacts/raw/20261004_m2b_qwen35_trace1_2k_ansraw/ans_raw_262144.akvpack,83186833,207157
20261004_m2b_qwen35_trace1_2k_ansraw,layer27.key.0,27,full_attention,key,0,bfloat16,2,262144,6,1572864,262144,ans_raw,205736,1024,461,0,207221,d62c17f19fb3fbc8c8b2d28a770aaa13b39ff5f2d6af8659e28a2f4cef1b63e1,d62c17f19fb3fbc8c8b2d28a770aaa13b39ff5f2d6af8659e28a2f4cef1b63e1,true,/home/zhouziang/Workspace/compression/kv_compression/artifacts/raw/20261004_m2b_qwen35_trace1_2k_ansraw/ans_raw_262144.akvpack,83393998,207213
20261004_m2b_qwen35_trace1_2k_ansraw,layer27.key.0,27,full_attention,key,0,bfloat16,2,262144,7,1835008,262144,ans_raw,205668,1024,461,0,207153,9502f407d7b80fb4bb053b4638e8c0a0851e930ba249290b757a2ffde4acf8bb,9502f407d7b80fb4bb053b4638e8c0a0851e930ba249290b757a2ffde4acf8bb,true,/home/zhouziang/Workspace/compression/kv_compression/artifacts/raw/20261004_m2b_qwen35_trace1_2k_ansraw/ans_raw_262144.akvpack,83601219,207145
20261004_m2b_qwen35_trace1_2k_ansraw,layer27.key.0,27,full_attention,key,0,bfloat16,2,262144,8,2097152,262144,ans_raw,206264,1024,461,0,207749,b93df9460e5100f3a5bfd97c62e2cd03a8147666ae348b9d4d370f65113bb0c6,b93df9460e5100f3a5bfd97c62e2cd03a8147666ae348b9d4d370f65113bb0c6,true,/home/zhouziang/Workspace/compression/kv_compression/artifacts/raw/20261004_m2b_qwen35_trace1_2k_ansraw/ans_raw_262144.akvpack,83808372,207741
20261004_m2b_qwen35_trace1_2k_ansraw,layer27.key.0,27,full_attention,key,0,bfloat16,2,262144,9,2359296,262144,ans_raw,205964,1024,461,0,207449,ef315e351d8cfe2994d547bb0a9db444f6b6e5b76fdb329a6baff945e2a63273,ef315e351d8cfe2994d547bb0a9db444f6b6e5b76fdb329a6baff945e2a63273,true,/home/zhouziang/Workspace/compression/kv_compression/artifacts/raw/20261004_m2b_qwen35_trace1_2k_ansraw/ans_raw_262144.akvpack,84016121,207441
20261004_m2b_qwen35_trace1_2k_ansraw,layer27.key.0,27,full_attention,key,0,bfloat16,2,262144,10,2621440,262144,ans_raw,205940,1024,462,0,207426,efd20eb65a54d125a9585d23938e96cfc382b0577592029f6a1aea3cf452ffb0,efd20eb65a54d125a9585d23938e96cfc382b0577592029f6a1aea3cf452ffb0,true,/home/zhouziang/Workspace/compression/kv_compression/artifacts/raw/20261004_m2b_qwen35_trace1_2k_ansraw/ans_raw_262144.akvpack,84223570,207418
20261004_m2b_qwen35_trace1_2k_ansraw,layer27.key.0,27,full_attention,key,0,bfloat16,2,262144,11,2883584,262144,ans_raw,205788,1024,462,0,207274,7b551e17f90a2603b4e54a98e575716a91b78bf38503d9012494763598ea72e5,7b551e17f90a2603b4e54a98e575716a91b78bf38503d9012494763598ea72e5,true,/home/zhouziang/Workspace/compression/kv_compression/artifacts/raw/20261004_m2b_qwen35_trace1_2k_ansraw/ans_raw_262144.akvpack,84430996,207266
20261004_m2b_qwen35_trace1_2k_ansraw,layer27.key.0,27,full_attention,key,0,bfloat16,2,262144,12,3145728,262144,ans_raw,206432,1024,462,0,207918,711c5f0855c2eaa8dd7da7eb2d6ea3d155ff71f5cf801a1ee41aaa26f97dd5ef,711c5f0855c2eaa8dd7da7eb2d6ea3d155ff71f5cf801a1ee41aaa26f97dd5ef,true,/home/zhouziang/Workspace/compression/kv_compression/artifacts/raw/20261004_m2b_qwen35_trace1_2k_ansraw/ans_raw_262144.akvpack,84638270,207910
20261004_m2b_qwen35_trace1_2k_ansraw,layer27.key.0,27,full_attention,key,0,bfloat16,2,262144,13,3407872,262144,ans_raw,205928,1024,462,0,207414,ab781f8f364d7b57f4631247cc1e326ae2554d5f683a31c0940d2c7f7a3e417f,ab781f8f364d7b57f4631247cc1e326ae2554d5f683a31c0940d2c7f7a3e417f,true,/home/zhouziang/Workspace/compression/kv_compression/artifacts/raw/20261004_m2b_qwen35_trace1_2k_ansraw/ans_raw_262144.akvpack,84846188,207406
20261004_m2b_qwen35_trace1_2k_ansraw,layer27.key.0,27,full_attention,key,0,bfloat16,2,262144,14,3670016,262144,ans_raw,205924,1024,462,0,207410,ef53e21d2e45324a5f89e76698cfb36f7b583a26a84c724e901346f67c082d76,ef53e21d2e45324a5f89e76698cfb36f7b583a26a84c724e901346f67c082d76,true,/home/zhouziang/Workspace/compression/kv_compression/artifacts/raw/20261004_m2b_qwen35_trace1_2k_ansraw/ans_raw_262144.akvpack,85053602,207402
20261004_m2b_qwen35_trace1_2k_ansraw,layer27.key.0,27,full_attention,key,0,bfloat16,2,262144,15,3932160,262144,ans_raw,205952,1024,462,0,207438,4b6c3c6c022ce3a6abbb7568be8afe6394f879e69d0bcf5e5faaf7855ca18683,4b6c3c6c022ce3a6abbb7568be8afe6394f879e69d0bcf5e5faaf7855ca18683,true,/home/zhouziang/Workspace/compression/kv_compression/artifacts/raw/20261004_m2b_qwen35_trace1_2k_ansraw/ans_raw_262144.akvpack,85261012,207430
20261004_m2b_qwen35_trace1_2k_ansraw,layer27.value.0,27,full_attention,value,0,bfloat16,2,262144,0,0,262144,ans_raw,206064,1024,459,0,207547,50af9f4478cb6e3ed1fde89128852246f5e31ef8f447e8400b6fa153a505087d,50af9f4478cb6e3ed1fde89128852246f5e31ef8f447e8400b6fa153a505087d,true,/home/zhouziang/Workspace/compression/kv_compression/artifacts/raw/20261004_m2b_qwen35_trace1_2k_ansraw/ans_raw_262144.akvpack,85468450,207539
20261004_m2b_qwen35_trace1_2k_ansraw,layer27.value.0,27,full_attention,value,0,bfloat16,2,262144,1,262144,262144,ans_raw,205936,1024,464,0,207424,a56105146a528ac15bccaae802c06341e87db70ae96e50f1bf7a693733513970,a56105146a528ac15bccaae802c06341e87db70ae96e50f1bf7a693733513970,true,/home/zhouziang/Workspace/compression/kv_compression/artifacts/raw/20261004_m2b_qwen35_trace1_2k_ansraw/ans_raw_262144.akvpack,85675997,207416
20261004_m2b_qwen35_trace1_2k_ansraw,layer27.value.0,27,full_attention,value,0,bfloat16,2,262144,2,524288,262144,ans_raw,205856,1024,464,0,207344,448e9cf3a733429d93d63cfdfc63437d0655777185af59416081c9cb3e04db97,448e9cf3a733429d93d63cfdfc63437d0655777185af59416081c9cb3e04db97,true,/home/zhouziang/Workspace/compression/kv_compression/artifacts/raw/20261004_m2b_qwen35_trace1_2k_ansraw/ans_raw_262144.akvpack,85883421,207336
20261004_m2b_qwen35_trace1_2k_ansraw,layer27.value.0,27,full_attention,value,0,bfloat16,2,262144,3,786432,262144,ans_raw,205824,1024,464,0,207312,a406bb8c0af4168540158adf9cf67da9236a6f3b1261335f6319b6e91d09ff2d,a406bb8c0af4168540158adf9cf67da9236a6f3b1261335f6319b6e91d09ff2d,true,/home/zhouziang/Workspace/compression/kv_compression/artifacts/raw/20261004_m2b_qwen35_trace1_2k_ansraw/ans_raw_262144.akvpack,86090765,207304
20261004_m2b_qwen35_trace1_2k_ansraw,layer27.value.0,27,full_attention,value,0,bfloat16,2,262144,4,1048576,262144,ans_raw,206032,1024,465,0,207521,468ce66a4dbdc24c005d0cc89f6f01e2e886aa59ea9b521d7c490600b3080ec6,468ce66a4dbdc24c005d0cc89f6f01e2e886aa59ea9b521d7c490600b3080ec6,true,/home/zhouziang/Workspace/compression/kv_compression/artifacts/raw/20261004_m2b_qwen35_trace1_2k_ansraw/ans_raw_262144.akvpack,86298077,207513
20261004_m2b_qwen35_trace1_2k_ansraw,layer27.value.0,27,full_attention,value,0,bfloat16,2,262144,5,1310720,262144,ans_raw,206104,1024,465,0,207593,f9d7598fa293dcb4c995a1a16f333899c96ae2ca8f3a1ee1fbb165f7e4d4a520,f9d7598fa293dcb4c995a1a16f333899c96ae2ca8f3a1ee1fbb165f7e4d4a520,true,/home/zhouziang/Workspace/compression/kv_compression/artifacts/raw/20261004_m2b_qwen35_trace1_2k_ansraw/ans_raw_262144.akvpack,86505598,207585
20261004_m2b_qwen35_trace1_2k_ansraw,layer27.value.0,27,full_attention,value,0,bfloat16,2,262144,6,1572864,262144,ans_raw,206112,1024,465,0,207601,ecf5d03ae151a0785e8dcf75f498bc1842b4986bff606a9759f18c5035897fd8,ecf5d03ae151a0785e8dcf75f498bc1842b4986bff606a9759f18c5035897fd8,true,/home/zhouziang/Workspace/compression/kv_compression/artifacts/raw/20261004_m2b_qwen35_trace1_2k_ansraw/ans_raw_262144.akvpack,86713191,207593
20261004_m2b_qwen35_trace1_2k_ansraw,layer27.value.0,27,full_attention,value,0,bfloat16,2,262144,7,1835008,262144,ans_raw,206024,1024,465,0,207513,9da74375d4b64c5d356e883901d490b562f0d257494698a658368afcc4f56699,9da74375d4b64c5d356e883901d490b562f0d257494698a658368afcc4f56699,true,/home/zhouziang/Workspace/compression/kv_compression/artifacts/raw/20261004_m2b_qwen35_trace1_2k_ansraw/ans_raw_262144.akvpack,86920792,207505
20261004_m2b_qwen35_trace1_2k_ansraw,layer27.value.0,27,full_attention,value,0,bfloat16,2,262144,8,2097152,262144,ans_raw,206220,1024,465,0,207709,f5893ba14b98adf7ba01e57a70c0a0636722ca68def7d619df7acedf6eb34b6f,f5893ba14b98adf7ba01e57a70c0a0636722ca68def7d619df7acedf6eb34b6f,true,/home/zhouziang/Workspace/compression/kv_compression/artifacts/raw/20261004_m2b_qwen35_trace1_2k_ansraw/ans_raw_262144.akvpack,87128305,207701
20261004_m2b_qwen35_trace1_2k_ansraw,layer27.value.0,27,full_attention,value,0,bfloat16,2,262144,9,2359296,262144,ans_raw,206184,1024,465,0,207673,a02f7b51ad0f5c2219e04975dac6eafb2e5b09c0b5b6d4d908107367341d8bc4,a02f7b51ad0f5c2219e04975dac6eafb2e5b09c0b5b6d4d908107367341d8bc4,true,/home/zhouziang/Workspace/compression/kv_compression/artifacts/raw/20261004_m2b_qwen35_trace1_2k_ansraw/ans_raw_262144.akvpack,87336014,207665
20261004_m2b_qwen35_trace1_2k_ansraw,layer27.value.0,27,full_attention,value,0,bfloat16,2,262144,10,2621440,262144,ans_raw,206180,1024,466,0,207670,46c1ce0d78b67550936fbd4f0fe2d5b4f994fc36850269756888fa019716b988,46c1ce0d78b67550936fbd4f0fe2d5b4f994fc36850269756888fa019716b988,true,/home/zhouziang/Workspace/compression/kv_compression/artifacts/raw/20261004_m2b_qwen35_trace1_2k_ansraw/ans_raw_262144.akvpack,87543687,207662
20261004_m2b_qwen35_trace1_2k_ansraw,layer27.value.0,27,full_attention,value,0,bfloat16,2,262144,11,2883584,262144,ans_raw,206156,1024,466,0,207646,08f2b3a427817e2ee3284a6ea6a662b1e5fa59624cca5fd542cb1037a27b7a2d,08f2b3a427817e2ee3284a6ea6a662b1e5fa59624cca5fd542cb1037a27b7a2d,true,/home/zhouziang/Workspace/compression/kv_compression/artifacts/raw/20261004_m2b_qwen35_trace1_2k_ansraw/ans_raw_262144.akvpack,87751357,207638
20261004_m2b_qwen35_trace1_2k_ansraw,layer27.value.0,27,full_attention,value,0,bfloat16,2,262144,12,3145728,262144,ans_raw,206288,1024,466,0,207778,e3d522ae34d3450b1eda00bf9e4a0a8374d6edaacc8a4c5c98a2be0c1028b719,e3d522ae34d3450b1eda00bf9e4a0a8374d6edaacc8a4c5c98a2be0c1028b719,true,/home/zhouziang/Workspace/compression/kv_compression/artifacts/raw/20261004_m2b_qwen35_trace1_2k_ansraw/ans_raw_262144.akvpack,87959003,207770
20261004_m2b_qwen35_trace1_2k_ansraw,layer27.value.0,27,full_attention,value,0,bfloat16,2,262144,13,3407872,262144,ans_raw,206424,1024,466,0,207914,76e35a378550e845bab592b707e8774c48d667f0fedae0769e7cda09786f7d97,76e35a378550e845bab592b707e8774c48d667f0fedae0769e7cda09786f7d97,true,/home/zhouziang/Workspace/compression/kv_compression/artifacts/raw/20261004_m2b_qwen35_trace1_2k_ansraw/ans_raw_262144.akvpack,88166781,207906
20261004_m2b_qwen35_trace1_2k_ansraw,layer27.value.0,27,full_attention,value,0,bfloat16,2,262144,14,3670016,262144,ans_raw,206116,1024,466,0,207606,de686539a3f017d8b32492cd9236400c8a1a12437effe750d730545c8ae427ca,de686539a3f017d8b32492cd9236400c8a1a12437effe750d730545c8ae427ca,true,/home/zhouziang/Workspace/compression/kv_compression/artifacts/raw/20261004_m2b_qwen35_trace1_2k_ansraw/ans_raw_262144.akvpack,88374695,207598
20261004_m2b_qwen35_trace1_2k_ansraw,layer27.value.0,27,full_attention,value,0,bfloat16,2,262144,15,3932160,262144,ans_raw,206204,1024,466,0,207694,c65afbc57cf25b6a0b31f22fb705d3de3752f571f40355c52b39d72ad7edf002,c65afbc57cf25b6a0b31f22fb705d3de3752f571f40355c52b39d72ad7edf002,true,/home/zhouziang/Workspace/compression/kv_compression/artifacts/raw/20261004_m2b_qwen35_trace1_2k_ansraw/ans_raw_262144.akvpack,88582301,207686
20261004_m2b_qwen35_trace1_2k_ansraw,layer28.convolution.0,28,linear_attention,convolution,0,bfloat16,2,262144,0,0,65536,ans_raw,51668,1024,466,0,53158,993636f3ec8c50705ce180acadadcbde7e370e0f835f2675e904e195b51aad87,993636f3ec8c50705ce180acadadcbde7e370e0f835f2675e904e195b51aad87,true,/home/zhouziang/Workspace/compression/kv_compression/artifacts/raw/20261004_m2b_qwen35_trace1_2k_ansraw/ans_raw_262144.akvpack,88789995,53150
20261004_m2b_qwen35_trace1_2k_ansraw,layer28.recurrent.0,28,linear_attention,recurrent,0,float32,4,262144,0,0,262144,ans_raw,244876,1024,468,0,246368,e69193bde29392042c913f817ba777a62b31c8990a5c841a6ef27481a6161df8,e69193bde29392042c913f817ba777a62b31c8990a5c841a6ef27481a6161df8,true,/home/zhouziang/Workspace/compression/kv_compression/artifacts/raw/20261004_m2b_qwen35_trace1_2k_ansraw/ans_raw_262144.akvpack,88843153,246360
20261004_m2b_qwen35_trace1_2k_ansraw,layer28.recurrent.0,28,linear_attention,recurrent,0,float32,4,262144,1,262144,262144,ans_raw,244764,1024,473,0,246261,576fb72498776e47f0a5503e7801b9b67d95b93f4530d5c9bfc2d363e98b16a8,576fb72498776e47f0a5503e7801b9b67d95b93f4530d5c9bfc2d363e98b16a8,true,/home/zhouziang/Workspace/compression/kv_compression/artifacts/raw/20261004_m2b_qwen35_trace1_2k_ansraw/ans_raw_262144.akvpack,89089521,246253
20261004_m2b_qwen35_trace1_2k_ansraw,layer28.recurrent.0,28,linear_attention,recurrent,0,float32,4,262144,2,524288,262144,ans_raw,244456,1024,473,0,245953,98843e08ea5d091e8bfc74a813cfcb3701a0612625b4e263cb796886ed722d69,98843e08ea5d091e8bfc74a813cfcb3701a0612625b4e263cb796886ed722d69,true,/home/zhouziang/Workspace/compression/kv_compression/artifacts/raw/20261004_m2b_qwen35_trace1_2k_ansraw/ans_raw_262144.akvpack,89335782,245945
20261004_m2b_qwen35_trace1_2k_ansraw,layer28.recurrent.0,28,linear_attention,recurrent,0,float32,4,262144,3,786432,262144,ans_raw,243784,1024,473,0,245281,cb902620e7e5b1756ace7f032378924ee66e37a41aa1dbc5ef0da32446d391c3,cb902620e7e5b1756ace7f032378924ee66e37a41aa1dbc5ef0da32446d391c3,true,/home/zhouziang/Workspace/compression/kv_compression/artifacts/raw/20261004_m2b_qwen35_trace1_2k_ansraw/ans_raw_262144.akvpack,89581735,245273
20261004_m2b_qwen35_trace1_2k_ansraw,layer28.recurrent.0,28,linear_attention,recurrent,0,float32,4,262144,4,1048576,262144,ans_raw,245684,1024,474,0,247182,ac1bf20a2cc2957bade7198373343197b02177e9a9f8a27f70d58046a92c321a,ac1bf20a2cc2957bade7198373343197b02177e9a9f8a27f70d58046a92c321a,true,/home/zhouziang/Workspace/compression/kv_compression/artifacts/raw/20261004_m2b_qwen35_trace1_2k_ansraw/ans_raw_262144.akvpack,89827016,247174
20261004_m2b_qwen35_trace1_2k_ansraw,layer28.recurrent.0,28,linear_attention,recurrent,0,float32,4,262144,5,1310720,262144,ans_raw,245320,1024,474,0,246818,d17693e2db954715ed74d039b35fdb47ff8c32600f854ed8d6a244b38db08a76,d17693e2db954715ed74d039b35fdb47ff8c32600f854ed8d6a244b38db08a76,true,/home/zhouziang/Workspace/compression/kv_compression/artifacts/raw/20261004_m2b_qwen35_trace1_2k_ansraw/ans_raw_262144.akvpack,90074198,246810
20261004_m2b_qwen35_trace1_2k_ansraw,layer28.recurrent.0,28,linear_attention,recurrent,0,float32,4,262144,6,1572864,262144,ans_raw,246724,1024,474,0,248222,3a43474907fe5c6bfec99bee8c82f9e60b5b31bc262836f08df36612c378c928,3a43474907fe5c6bfec99bee8c82f9e60b5b31bc262836f08df36612c378c928,true,/home/zhouziang/Workspace/compression/kv_compression/artifacts/raw/20261004_m2b_qwen35_trace1_2k_ansraw/ans_raw_262144.akvpack,90321016,248214
20261004_m2b_qwen35_trace1_2k_ansraw,layer28.recurrent.0,28,linear_attention,recurrent,0,float32,4,262144,7,1835008,262144,ans_raw,245796,1024,474,0,247294,01baafb7dbd8aea8ea323623924231711a545e712da030c537f0a484236e87ae,01baafb7dbd8aea8ea323623924231711a545e712da030c537f0a484236e87ae,true,/home/zhouziang/Workspace/compression/kv_compression/artifacts/raw/20261004_m2b_qwen35_trace1_2k_ansraw/ans_raw_262144.akvpack,90569238,247286
20261004_m2b_qwen35_trace1_2k_ansraw,layer29.convolution.0,29,linear_attention,convolution,0,bfloat16,2,262144,0,0,65536,ans_raw,51444,1024,466,0,52934,da95deb635676aacd27f441116bca3fe3ab90b8640f1550e27ce4b849f65fb7d,da95deb635676aacd27f441116bca3fe3ab90b8640f1550e27ce4b849f65fb7d,true,/home/zhouziang/Workspace/compression/kv_compression/artifacts/raw/20261004_m2b_qwen35_trace1_2k_ansraw/ans_raw_262144.akvpack,90816532,52926
20261004_m2b_qwen35_trace1_2k_ansraw,layer29.recurrent.0,29,linear_attention,recurrent,0,float32,4,262144,0,0,262144,ans_raw,244256,1024,468,0,245748,fe690818aac10a41b0a4b56e675bc94545ff81854d871f53aa7c598f7cc4e330,fe690818aac10a41b0a4b56e675bc94545ff81854d871f53aa7c598f7cc4e330,true,/home/zhouziang/Workspace/compression/kv_compression/artifacts/raw/20261004_m2b_qwen35_trace1_2k_ansraw/ans_raw_262144.akvpack,90869466,245740
20261004_m2b_qwen35_trace1_2k_ansraw,layer29.recurrent.0,29,linear_attention,recurrent,0,float32,4,262144,1,262144,262144,ans_raw,245860,1024,473,0,247357,d4dcdc3cf2367f37808b486cf093c3d7bd5149a143678f716e7c31e908519573,d4dcdc3cf2367f37808b486cf093c3d7bd5149a143678f716e7c31e908519573,true,/home/zhouziang/Workspace/compression/kv_compression/artifacts/raw/20261004_m2b_qwen35_trace1_2k_ansraw/ans_raw_262144.akvpack,91115214,247349
20261004_m2b_qwen35_trace1_2k_ansraw,layer29.recurrent.0,29,linear_attention,recurrent,0,float32,4,262144,2,524288,262144,ans_raw,244936,1024,473,0,246433,041a756ed4a612e87181f2bc070dc8eb63e5f4c9ee8d983a9ae56f8033d22719,041a756ed4a612e87181f2bc070dc8eb63e5f4c9ee8d983a9ae56f8033d22719,true,/home/zhouziang/Workspace/compression/kv_compression/artifacts/raw/20261004_m2b_qwen35_trace1_2k_ansraw/ans_raw_262144.akvpack,91362571,246425
20261004_m2b_qwen35_trace1_2k_ansraw,layer29.recurrent.0,29,linear_attention,recurrent,0,float32,4,262144,3,786432,262144,ans_raw,245152,1024,473,0,246649,9f4ea665c46d2dec86ad99f47fcb4d18114c26407e1ff937f44fc1e9dcb142ff,9f4ea665c46d2dec86ad99f47fcb4d18114c26407e1ff937f44fc1e9dcb142ff,true,/home/zhouziang/Workspace/compression/kv_compression/artifacts/raw/20261004_m2b_qwen35_trace1_2k_ansraw/ans_raw_262144.akvpack,91609004,246641
20261004_m2b_qwen35_trace1_2k_ansraw,layer29.recurrent.0,29,linear_attention,recurrent,0,float32,4,262144,4,1048576,262144,ans_raw,244228,1024,474,0,245726,d3ffb70293c35bfc93e0d4636436d7fcb7d5dfb31e4e2ddf6d5a335a674938a0,d3ffb70293c35bfc93e0d4636436d7fcb7d5dfb31e4e2ddf6d5a335a674938a0,true,/home/zhouziang/Workspace/compression/kv_compression/artifacts/raw/20261004_m2b_qwen35_trace1_2k_ansraw/ans_raw_262144.akvpack,91855653,245718
20261004_m2b_qwen35_trace1_2k_ansraw,layer29.recurrent.0,29,linear_attention,recurrent,0,float32,4,262144,5,1310720,262144,ans_raw,244572,1024,474,0,246070,e7d72d6da6d79a447c910469598774bf6a8a405ea34b2d68455d7a562f4a805e,e7d72d6da6d79a447c910469598774bf6a8a405ea34b2d68455d7a562f4a805e,true,/home/zhouziang/Workspace/compression/kv_compression/artifacts/raw/20261004_m2b_qwen35_trace1_2k_ansraw/ans_raw_262144.akvpack,92101379,246062
20261004_m2b_qwen35_trace1_2k_ansraw,layer29.recurrent.0,29,linear_attention,recurrent,0,float32,4,262144,6,1572864,262144,ans_raw,245008,1024,474,0,246506,db59515ea1e86f7a62b2b6e52b5d7688373d5b557d4a1c2a1eacbfcf0a286423,db59515ea1e86f7a62b2b6e52b5d7688373d5b557d4a1c2a1eacbfcf0a286423,true,/home/zhouziang/Workspace/compression/kv_compression/artifacts/raw/20261004_m2b_qwen35_trace1_2k_ansraw/ans_raw_262144.akvpack,92347449,246498
20261004_m2b_qwen35_trace1_2k_ansraw,layer29.recurrent.0,29,linear_attention,recurrent,0,float32,4,262144,7,1835008,262144,ans_raw,244728,1024,474,0,246226,9294953fb78d8971d4387f658174902ce768060c630275325fe8d04d78a62266,9294953fb78d8971d4387f658174902ce768060c630275325fe8d04d78a62266,true,/home/zhouziang/Workspace/compression/kv_compression/artifacts/raw/20261004_m2b_qwen35_trace1_2k_ansraw/ans_raw_262144.akvpack,92593955,246218
20261004_m2b_qwen35_trace1_2k_ansraw,layer30.convolution.0,30,linear_attention,convolution,0,bfloat16,2,262144,0,0,65536,ans_raw,51600,1024,466,0,53090,8ca07d1c8e9f5a7c24640af0e45f9b0185894c2ea5899af558f5877f35661716,8ca07d1c8e9f5a7c24640af0e45f9b0185894c2ea5899af558f5877f35661716,true,/home/zhouziang/Workspace/compression/kv_compression/artifacts/raw/20261004_m2b_qwen35_trace1_2k_ansraw/ans_raw_262144.akvpack,92840181,53082
20261004_m2b_qwen35_trace1_2k_ansraw,layer30.recurrent.0,30,linear_attention,recurrent,0,float32,4,262144,0,0,262144,ans_raw,245896,1024,468,0,247388,df23acc26eef3fc6796416ad45bf1aaece258b2b3757c761bd1b22c904f83b71,df23acc26eef3fc6796416ad45bf1aaece258b2b3757c761bd1b22c904f83b71,true,/home/zhouziang/Workspace/compression/kv_compression/artifacts/raw/20261004_m2b_qwen35_trace1_2k_ansraw/ans_raw_262144.akvpack,92893271,247380
20261004_m2b_qwen35_trace1_2k_ansraw,layer30.recurrent.0,30,linear_attention,recurrent,0,float32,4,262144,1,262144,262144,ans_raw,244452,1024,473,0,245949,3e18ae6d676ac72be9b46e59ad3adfc46d93867bcea18bc3dd9342a5e738ff8f,3e18ae6d676ac72be9b46e59ad3adfc46d93867bcea18bc3dd9342a5e738ff8f,true,/home/zhouziang/Workspace/compression/kv_compression/artifacts/raw/20261004_m2b_qwen35_trace1_2k_ansraw/ans_raw_262144.akvpack,93140659,245941
20261004_m2b_qwen35_trace1_2k_ansraw,layer30.recurrent.0,30,linear_attention,recurrent,0,float32,4,262144,2,524288,262144,ans_raw,244888,1024,473,0,246385,05aa8b8d6322c871db61b8729ba7332982e9224026d393246bbb3761d1fa85bb,05aa8b8d6322c871db61b8729ba7332982e9224026d393246bbb3761d1fa85bb,true,/home/zhouziang/Workspace/compression/kv_compression/artifacts/raw/20261004_m2b_qwen35_trace1_2k_ansraw/ans_raw_262144.akvpack,93386608,246377
20261004_m2b_qwen35_trace1_2k_ansraw,layer30.recurrent.0,30,linear_attention,recurrent,0,float32,4,262144,3,786432,262144,ans_raw,245532,1024,473,0,247029,eb177ac501d61a7a788406b43c362edaa8b76578c6b47d68276c1b893d0998ba,eb177ac501d61a7a788406b43c362edaa8b76578c6b47d68276c1b893d0998ba,true,/home/zhouziang/Workspace/compression/kv_compression/artifacts/raw/20261004_m2b_qwen35_trace1_2k_ansraw/ans_raw_262144.akvpack,93632993,247021
20261004_m2b_qwen35_trace1_2k_ansraw,layer30.recurrent.0,30,linear_attention,recurrent,0,float32,4,262144,4,1048576,262144,ans_raw,244752,1024,474,0,246250,3dc1d4dbcad6586c21265207aba71c2edff6bf202f59d0765d4ce9142b1bb8c8,3dc1d4dbcad6586c21265207aba71c2edff6bf202f59d0765d4ce9142b1bb8c8,true,/home/zhouziang/Workspace/compression/kv_compression/artifacts/raw/20261004_m2b_qwen35_trace1_2k_ansraw/ans_raw_262144.akvpack,93880022,246242
20261004_m2b_qwen35_trace1_2k_ansraw,layer30.recurrent.0,30,linear_attention,recurrent,0,float32,4,262144,5,1310720,262144,ans_raw,245140,1024,474,0,246638,ab3d5835548b2f78ab4f544a442d0c4ec0471baad1d0fb2ba4f5be72386ef150,ab3d5835548b2f78ab4f544a442d0c4ec0471baad1d0fb2ba4f5be72386ef150,true,/home/zhouziang/Workspace/compression/kv_compression/artifacts/raw/20261004_m2b_qwen35_trace1_2k_ansraw/ans_raw_262144.akvpack,94126272,246630
20261004_m2b_qwen35_trace1_2k_ansraw,layer30.recurrent.0,30,linear_attention,recurrent,0,float32,4,262144,6,1572864,262144,ans_raw,245764,1024,474,0,247262,13ac8727c85faf465e9d1d45035266384fc0668cd0eec53638eb679460008105,13ac8727c85faf465e9d1d45035266384fc0668cd0eec53638eb679460008105,true,/home/zhouziang/Workspace/compression/kv_compression/artifacts/raw/20261004_m2b_qwen35_trace1_2k_ansraw/ans_raw_262144.akvpack,94372910,247254
20261004_m2b_qwen35_trace1_2k_ansraw,layer30.recurrent.0,30,linear_attention,recurrent,0,float32,4,262144,7,1835008,262144,ans_raw,244512,1024,474,0,246010,79bf0de601effa497427c4c2115502da8767cc3c7b6e5572e30428eb9a559fa3,79bf0de601effa497427c4c2115502da8767cc3c7b6e5572e30428eb9a559fa3,true,/home/zhouziang/Workspace/compression/kv_compression/artifacts/raw/20261004_m2b_qwen35_trace1_2k_ansraw/ans_raw_262144.akvpack,94620172,246002
20261004_m2b_qwen35_trace1_2k_ansraw,layer31.key.0,31,full_attention,key,0,bfloat16,2,262144,0,0,262144,ans_raw,205688,1024,455,0,207167,ef97e6f693a2ac304126c8cb17c9637b52cde6a155c22a7b03cd5671c2824b4b,ef97e6f693a2ac304126c8cb17c9637b52cde6a155c22a7b03cd5671c2824b4b,true,/home/zhouziang/Workspace/compression/kv_compression/artifacts/raw/20261004_m2b_qwen35_trace1_2k_ansraw/ans_raw_262144.akvpack,94866182,207159
20261004_m2b_qwen35_trace1_2k_ansraw,layer31.key.0,31,full_attention,key,0,bfloat16,2,262144,1,262144,262144,ans_raw,205508,1024,460,0,206992,94a325330c7fec8e57e8d7f58213ee492a0cc69f01fea31e893b2852b6a2d0fc,94a325330c7fec8e57e8d7f58213ee492a0cc69f01fea31e893b2852b6a2d0fc,true,/home/zhouziang/Workspace/compression/kv_compression/artifacts/raw/20261004_m2b_qwen35_trace1_2k_ansraw/ans_raw_262144.akvpack,95073349,206984
20261004_m2b_qwen35_trace1_2k_ansraw,layer31.key.0,31,full_attention,key,0,bfloat16,2,262144,2,524288,262144,ans_raw,205600,1024,460,0,207084,265490a024c7b79694add95dc1f8d44d45e23329c757695d5738dca18d8469fe,265490a024c7b79694add95dc1f8d44d45e23329c757695d5738dca18d8469fe,true,/home/zhouziang/Workspace/compression/kv_compression/artifacts/raw/20261004_m2b_qwen35_trace1_2k_ansraw/ans_raw_262144.akvpack,95280341,207076
20261004_m2b_qwen35_trace1_2k_ansraw,layer31.key.0,31,full_attention,key,0,bfloat16,2,262144,3,786432,262144,ans_raw,205540,1024,460,0,207024,7fdcc5a1326557fcb66273b299cff83e23cfea1e9cd2ab6473f24cdb1226b250,7fdcc5a1326557fcb66273b299cff83e23cfea1e9cd2ab6473f24cdb1226b250,true,/home/zhouziang/Workspace/compression/kv_compression/artifacts/raw/20261004_m2b_qwen35_trace1_2k_ansraw/ans_raw_262144.akvpack,95487425,207016
20261004_m2b_qwen35_trace1_2k_ansraw,layer31.key.0,31,full_attention,key,0,bfloat16,2,262144,4,1048576,262144,ans_raw,205948,1024,461,0,207433,892eb41c108b95e6f2d5e900484e455e419b9ba3e561144cbfb661c6f536fce1,892eb41c108b95e6f2d5e900484e455e419b9ba3e561144cbfb661c6f536fce1,true,/home/zhouziang/Workspace/compression/kv_compression/artifacts/raw/20261004_m2b_qwen35_trace1_2k_ansraw/ans_raw_262144.akvpack,95694449,207425
20261004_m2b_qwen35_trace1_2k_ansraw,layer31.key.0,31,full_attention,key,0,bfloat16,2,262144,5,1310720,262144,ans_raw,205624,1024,461,0,207109,807899b94b95da06436a024a49d7d5087f6827e05c780c91753dbd475af084bf,807899b94b95da06436a024a49d7d5087f6827e05c780c91753dbd475af084bf,true,/home/zhouziang/Workspace/compression/kv_compression/artifacts/raw/20261004_m2b_qwen35_trace1_2k_ansraw/ans_raw_262144.akvpack,95901882,207101
20261004_m2b_qwen35_trace1_2k_ansraw,layer31.key.0,31,full_attention,key,0,bfloat16,2,262144,6,1572864,262144,ans_raw,205780,1024,461,0,207265,943ed8a9fa88d1aff694f249b9f7150ea90f07e702bbb3958bdcd86a2e76f017,943ed8a9fa88d1aff694f249b9f7150ea90f07e702bbb3958bdcd86a2e76f017,true,/home/zhouziang/Workspace/compression/kv_compression/artifacts/raw/20261004_m2b_qwen35_trace1_2k_ansraw/ans_raw_262144.akvpack,96108991,207257
20261004_m2b_qwen35_trace1_2k_ansraw,layer31.key.0,31,full_attention,key,0,bfloat16,2,262144,7,1835008,262144,ans_raw,205592,1024,461,0,207077,5e31be68c1ab5a451b4170374becfe407e04c20c0b025f790ed60afa0cbaef90,5e31be68c1ab5a451b4170374becfe407e04c20c0b025f790ed60afa0cbaef90,true,/home/zhouziang/Workspace/compression/kv_compression/artifacts/raw/20261004_m2b_qwen35_trace1_2k_ansraw/ans_raw_262144.akvpack,96316256,207069
20261004_m2b_qwen35_trace1_2k_ansraw,layer31.key.0,31,full_attention,key,0,bfloat16,2,262144,8,2097152,262144,ans_raw,204572,1024,461,0,206057,140ac083bf71b1fdc163456424bd2c46e9caf39b30a2a433953acdaa5c58092b,140ac083bf71b1fdc163456424bd2c46e9caf39b30a2a433953acdaa5c58092b,true,/home/zhouziang/Workspace/compression/kv_compression/artifacts/raw/20261004_m2b_qwen35_trace1_2k_ansraw/ans_raw_262144.akvpack,96523333,206049
20261004_m2b_qwen35_trace1_2k_ansraw,layer31.key.0,31,full_attention,key,0,bfloat16,2,262144,9,2359296,262144,ans_raw,204400,1024,461,0,205885,344c0e76cc3b8327d04eed2c64d0b78b361cb74a6a4b7a55d5a5ad84b8541c18,344c0e76cc3b8327d04eed2c64d0b78b361cb74a6a4b7a55d5a5ad84b8541c18,true,/home/zhouziang/Workspace/compression/kv_compression/artifacts/raw/20261004_m2b_qwen35_trace1_2k_ansraw/ans_raw_262144.akvpack,96729390,205877
20261004_m2b_qwen35_trace1_2k_ansraw,layer31.key.0,31,full_attention,key,0,bfloat16,2,262144,10,2621440,262144,ans_raw,204440,1024,462,0,205926,7a482fd01b53ee635fed96342b356ddc2b69dcf3eae502b2da15123d0841478f,7a482fd01b53ee635fed96342b356ddc2b69dcf3eae502b2da15123d0841478f,true,/home/zhouziang/Workspace/compression/kv_compression/artifacts/raw/20261004_m2b_qwen35_trace1_2k_ansraw/ans_raw_262144.akvpack,96935275,205918
20261004_m2b_qwen35_trace1_2k_ansraw,layer31.key.0,31,full_attention,key,0,bfloat16,2,262144,11,2883584,262144,ans_raw,204408,1024,462,0,205894,00a0daa1874fcd5744cde75686bd5c103b28fcd017da0b147cb6cf0bcf00b44a,00a0daa1874fcd5744cde75686bd5c103b28fcd017da0b147cb6cf0bcf00b44a,true,/home/zhouziang/Workspace/compression/kv_compression/artifacts/raw/20261004_m2b_qwen35_trace1_2k_ansraw/ans_raw_262144.akvpack,97141201,205886
20261004_m2b_qwen35_trace1_2k_ansraw,layer31.key.0,31,full_attention,key,0,bfloat16,2,262144,12,3145728,262144,ans_raw,204944,1024,462,0,206430,0204c915a3ba79ff269c56f30da88b70ff46719648f5d35d969beb68f6fd659c,0204c915a3ba79ff269c56f30da88b70ff46719648f5d35d969beb68f6fd659c,true,/home/zhouziang/Workspace/compression/kv_compression/artifacts/raw/20261004_m2b_qwen35_trace1_2k_ansraw/ans_raw_262144.akvpack,97347095,206422
20261004_m2b_qwen35_trace1_2k_ansraw,layer31.key.0,31,full_attention,key,0,bfloat16,2,262144,13,3407872,262144,ans_raw,204740,1024,462,0,206226,e1d9e4bdedaf9f5afd0c40426a612801b44de05db232078674aa6737b2a749ea,e1d9e4bdedaf9f5afd0c40426a612801b44de05db232078674aa6737b2a749ea,true,/home/zhouziang/Workspace/compression/kv_compression/artifacts/raw/20261004_m2b_qwen35_trace1_2k_ansraw/ans_raw_262144.akvpack,97553525,206218
20261004_m2b_qwen35_trace1_2k_ansraw,layer31.key.0,31,full_attention,key,0,bfloat16,2,262144,14,3670016,262144,ans_raw,204632,1024,462,0,206118,acef7fbfd59629d3ce5e6bb51ff9ae7b6c8b8c0acaacde7c3b18f0f4e228b39c,acef7fbfd59629d3ce5e6bb51ff9ae7b6c8b8c0acaacde7c3b18f0f4e228b39c,true,/home/zhouziang/Workspace/compression/kv_compression/artifacts/raw/20261004_m2b_qwen35_trace1_2k_ansraw/ans_raw_262144.akvpack,97759751,206110
20261004_m2b_qwen35_trace1_2k_ansraw,layer31.key.0,31,full_attention,key,0,bfloat16,2,262144,15,3932160,262144,ans_raw,204640,1024,462,0,206126,460d4539bc100fc48bf7e1dd5af7bc2cb34ae816dd752a39ce0f63d8e781607b,460d4539bc100fc48bf7e1dd5af7bc2cb34ae816dd752a39ce0f63d8e781607b,true,/home/zhouziang/Workspace/compression/kv_compression/artifacts/raw/20261004_m2b_qwen35_trace1_2k_ansraw/ans_raw_262144.akvpack,97965869,206118
20261004_m2b_qwen35_trace1_2k_ansraw,layer31.value.0,31,full_attention,value,0,bfloat16,2,262144,0,0,262144,ans_raw,209472,1024,459,0,210955,9454f88837d21e01bdc126f8ce7192f97661675c1b9e081b89a875e8082ae046,9454f88837d21e01bdc126f8ce7192f97661675c1b9e081b89a875e8082ae046,true,/home/zhouziang/Workspace/compression/kv_compression/artifacts/raw/20261004_m2b_qwen35_trace1_2k_ansraw/ans_raw_262144.akvpack,98171995,210947
20261004_m2b_qwen35_trace1_2k_ansraw,layer31.value.0,31,full_attention,value,0,bfloat16,2,262144,1,262144,262144,ans_raw,209432,1024,464,0,210920,380f77e62adada215d619df4c628d950744e7f0204f9a569ec75e97e396df2e2,380f77e62adada215d619df4c628d950744e7f0204f9a569ec75e97e396df2e2,true,/home/zhouziang/Workspace/compression/kv_compression/artifacts/raw/20261004_m2b_qwen35_trace1_2k_ansraw/ans_raw_262144.akvpack,98382950,210912
20261004_m2b_qwen35_trace1_2k_ansraw,layer31.value.0,31,full_attention,value,0,bfloat16,2,262144,2,524288,262144,ans_raw,209368,1024,464,0,210856,d3568ca33d725e463493610de6e453ae1bdbef88c2a08bc5289d1ff23a324e97,d3568ca33d725e463493610de6e453ae1bdbef88c2a08bc5289d1ff23a324e97,true,/home/zhouziang/Workspace/compression/kv_compression/artifacts/raw/20261004_m2b_qwen35_trace1_2k_ansraw/ans_raw_262144.akvpack,98593870,210848
20261004_m2b_qwen35_trace1_2k_ansraw,layer31.value.0,31,full_attention,value,0,bfloat16,2,262144,3,786432,262144,ans_raw,209404,1024,464,0,210892,e1b7f38d1a528a4dd73581f1b2d614e4d7d55cb8e629dfebf365e3294d6d88ef,e1b7f38d1a528a4dd73581f1b2d614e4d7d55cb8e629dfebf365e3294d6d88ef,true,/home/zhouziang/Workspace/compression/kv_compression/artifacts/raw/20261004_m2b_qwen35_trace1_2k_ansraw/ans_raw_262144.akvpack,98804726,210884
20261004_m2b_qwen35_trace1_2k_ansraw,layer31.value.0,31,full_attention,value,0,bfloat16,2,262144,4,1048576,262144,ans_raw,209236,1024,465,0,210725,e73a6245b3a7e43db7f567655395b8935e15c5e2813f6a2d44676d331ae284af,e73a6245b3a7e43db7f567655395b8935e15c5e2813f6a2d44676d331ae284af,true,/home/zhouziang/Workspace/compression/kv_compression/artifacts/raw/20261004_m2b_qwen35_trace1_2k_ansraw/ans_raw_262144.akvpack,99015618,210717
20261004_m2b_qwen35_trace1_2k_ansraw,layer31.value.0,31,full_attention,value,0,bfloat16,2,262144,5,1310720,262144,ans_raw,209220,1024,465,0,210709,bb02660c366a6619a266a4c7ed1172bedb399216fd78e9c6f420b4e1e47c07a5,bb02660c366a6619a266a4c7ed1172bedb399216fd78e9c6f420b4e1e47c07a5,true,/home/zhouziang/Workspace/compression/kv_compression/artifacts/raw/20261004_m2b_qwen35_trace1_2k_ansraw/ans_raw_262144.akvpack,99226343,210701
20261004_m2b_qwen35_trace1_2k_ansraw,layer31.value.0,31,full_attention,value,0,bfloat16,2,262144,6,1572864,262144,ans_raw,209100,1024,465,0,210589,cabb9abea866dc30d7fb559e90ec09f4b7e082c396780958056ded7e28d4741e,cabb9abea866dc30d7fb559e90ec09f4b7e082c396780958056ded7e28d4741e,true,/home/zhouziang/Workspace/compression/kv_compression/artifacts/raw/20261004_m2b_qwen35_trace1_2k_ansraw/ans_raw_262144.akvpack,99437052,210581
20261004_m2b_qwen35_trace1_2k_ansraw,layer31.value.0,31,full_attention,value,0,bfloat16,2,262144,7,1835008,262144,ans_raw,209124,1024,465,0,210613,23d0647790b7fa2381ddc0584ce34eaafd06cfabc407675e2a5cee4ad5f44502,23d0647790b7fa2381ddc0584ce34eaafd06cfabc407675e2a5cee4ad5f44502,true,/home/zhouziang/Workspace/compression/kv_compression/artifacts/raw/20261004_m2b_qwen35_trace1_2k_ansraw/ans_raw_262144.akvpack,99647641,210605
20261004_m2b_qwen35_trace1_2k_ansraw,layer31.value.0,31,full_attention,value,0,bfloat16,2,262144,8,2097152,262144,ans_raw,208112,1024,465,0,209601,97c270b105e8388ffd3b6c47d261d16dfbb2bd8820973984905458da21d93da2,97c270b105e8388ffd3b6c47d261d16dfbb2bd8820973984905458da21d93da2,true,/home/zhouziang/Workspace/compression/kv_compression/artifacts/raw/20261004_m2b_qwen35_trace1_2k_ansraw/ans_raw_262144.akvpack,99858254,209593
20261004_m2b_qwen35_trace1_2k_ansraw,layer31.value.0,31,full_attention,value,0,bfloat16,2,262144,9,2359296,262144,ans_raw,208084,1024,465,0,209573,2fe3ca2a41c74617c1dfc98b05c9ca85872a7b7eacb853255f97df61a054066a,2fe3ca2a41c74617c1dfc98b05c9ca85872a7b7eacb853255f97df61a054066a,true,/home/zhouziang/Workspace/compression/kv_compression/artifacts/raw/20261004_m2b_qwen35_trace1_2k_ansraw/ans_raw_262144.akvpack,100067855,209565
20261004_m2b_qwen35_trace1_2k_ansraw,layer31.value.0,31,full_attention,value,0,bfloat16,2,262144,10,2621440,262144,ans_raw,208200,1024,466,0,209690,b3c0ec979fb04d7e4654e40e85e8e4e0ecacd78933dcb038654cb5443f178e7f,b3c0ec979fb04d7e4654e40e85e8e4e0ecacd78933dcb038654cb5443f178e7f,true,/home/zhouziang/Workspace/compression/kv_compression/artifacts/raw/20261004_m2b_qwen35_trace1_2k_ansraw/ans_raw_262144.akvpack,100277428,209682
20261004_m2b_qwen35_trace1_2k_ansraw,layer31.value.0,31,full_attention,value,0,bfloat16,2,262144,11,2883584,262144,ans_raw,207944,1024,466,0,209434,5a93acdbaee95ec1c97227a1640e6c9555164d8b6f9ade7d25c8aba6b42dae28,5a93acdbaee95ec1c97227a1640e6c9555164d8b6f9ade7d25c8aba6b42dae28,true,/home/zhouziang/Workspace/compression/kv_compression/artifacts/raw/20261004_m2b_qwen35_trace1_2k_ansraw/ans_raw_262144.akvpack,100487118,209426
20261004_m2b_qwen35_trace1_2k_ansraw,layer31.value.0,31,full_attention,value,0,bfloat16,2,262144,12,3145728,262144,ans_raw,209076,1024,466,0,210566,e17fe5a3ec0b88adf33aa85ed61bb321ce841bdd775314c727353735f90779c8,e17fe5a3ec0b88adf33aa85ed61bb321ce841bdd775314c727353735f90779c8,true,/home/zhouziang/Workspace/compression/kv_compression/artifacts/raw/20261004_m2b_qwen35_trace1_2k_ansraw/ans_raw_262144.akvpack,100696552,210558
20261004_m2b_qwen35_trace1_2k_ansraw,layer31.value.0,31,full_attention,value,0,bfloat16,2,262144,13,3407872,262144,ans_raw,208960,1024,466,0,210450,6faca316c9bb4c639fa795d475cd0ceccfce3e04cf9545a7de16418388a26adf,6faca316c9bb4c639fa795d475cd0ceccfce3e04cf9545a7de16418388a26adf,true,/home/zhouziang/Workspace/compression/kv_compression/artifacts/raw/20261004_m2b_qwen35_trace1_2k_ansraw/ans_raw_262144.akvpack,100907118,210442
20261004_m2b_qwen35_trace1_2k_ansraw,layer31.value.0,31,full_attention,value,0,bfloat16,2,262144,14,3670016,262144,ans_raw,208940,1024,466,0,210430,7585fc2abea6e37358a200910af8fdaf5cd555835311db7e23264daaf76fb13e,7585fc2abea6e37358a200910af8fdaf5cd555835311db7e23264daaf76fb13e,true,/home/zhouziang/Workspace/compression/kv_compression/artifacts/raw/20261004_m2b_qwen35_trace1_2k_ansraw/ans_raw_262144.akvpack,101117568,210422
20261004_m2b_qwen35_trace1_2k_ansraw,layer31.value.0,31,full_attention,value,0,bfloat16,2,262144,15,3932160,262144,ans_raw,208924,1024,466,0,210414,4b809a365988dbb0f3060e3544f8b6455f09338efe8da479e0151cc7597b2c46,4b809a365988dbb0f3060e3544f8b6455f09338efe8da479e0151cc7597b2c46,true,/home/zhouziang/Workspace/compression/kv_compression/artifacts/raw/20261004_m2b_qwen35_trace1_2k_ansraw/ans_raw_262144.akvpack,101327998,210406
