run_id,state_id,layer_idx,layer_type,state_kind,state_idx,dtype,element_size,block_size,block_index,tensor_byte_offset,raw_bytes,codec,payload_bytes,probability_table_bytes,header_bytes,required_padding_bytes,compressed_total_bytes,raw_sha256,decoded_sha256,bit_exact,artifact_path,artifact_frame_offset,artifact_container_bytes
20261004_m1_qwen35_2k_ansraw,layer00.convolution.0,0,linear_attention,convolution,0,bfloat16,2,262144,0,0,65536,ans_raw,51628,1024,457,0,53109,570cf49a904306f237028fd3f74b45671909ee75be369182f5ba29de0c0cc0fb,570cf49a904306f237028fd3f74b45671909ee75be369182f5ba29de0c0cc0fb,true,/home/zhouziang/Workspace/compression/kv_compression/artifacts/raw/20261004_m1_qwen35_2k_ansraw/ans_raw_262144.akvpack,0,53101
20261004_m1_qwen35_2k_ansraw,layer00.recurrent.0,0,linear_attention,recurrent,0,float32,4,262144,0,0,262144,ans_raw,246128,1024,459,0,247611,63521f66d6b9665e39d348feecdfc4cd5c88bc49be6260a784c4fa9921849030,63521f66d6b9665e39d348feecdfc4cd5c88bc49be6260a784c4fa9921849030,true,/home/zhouziang/Workspace/compression/kv_compression/artifacts/raw/20261004_m1_qwen35_2k_ansraw/ans_raw_262144.akvpack,53109,247603
20261004_m1_qwen35_2k_ansraw,layer00.recurrent.0,0,linear_attention,recurrent,0,float32,4,262144,1,262144,262144,ans_raw,245396,1024,464,0,246884,04ca310c672a4a52ebe9416c2d0190510ebd5af4717b5e0408ff44e426544563,04ca310c672a4a52ebe9416c2d0190510ebd5af4717b5e0408ff44e426544563,true,/home/zhouziang/Workspace/compression/kv_compression/artifacts/raw/20261004_m1_qwen35_2k_ansraw/ans_raw_262144.akvpack,300720,246876
20261004_m1_qwen35_2k_ansraw,layer00.recurrent.0,0,linear_attention,recurrent,0,float32,4,262144,2,524288,262144,ans_raw,242924,1024,464,0,244412,3097f97e83a35606c82d6f8a3ac303be6ab52608feed7b21833a6ec139e8e24c,3097f97e83a35606c82d6f8a3ac303be6ab52608feed7b21833a6ec139e8e24c,true,/home/zhouziang/Workspace/compression/kv_compression/artifacts/raw/20261004_m1_qwen35_2k_ansraw/ans_raw_262144.akvpack,547604,244404
20261004_m1_qwen35_2k_ansraw,layer00.recurrent.0,0,linear_attention,recurrent,0,float32,4,262144,3,786432,262144,ans_raw,246608,1024,464,0,248096,9e6b47ad0d0076ba2c0b7c08dcad2285043d0d6f13f6afd26780d98fb01a2a61,9e6b47ad0d0076ba2c0b7c08dcad2285043d0d6f13f6afd26780d98fb01a2a61,true,/home/zhouziang/Workspace/compression/kv_compression/artifacts/raw/20261004_m1_qwen35_2k_ansraw/ans_raw_262144.akvpack,792016,248088
20261004_m1_qwen35_2k_ansraw,layer00.recurrent.0,0,linear_attention,recurrent,0,float32,4,262144,4,1048576,262144,ans_raw,242492,1024,465,0,243981,27614641804d7779e0155af69d57449f82e50b2298e6ca6ef33b63fea6c45f96,27614641804d7779e0155af69d57449f82e50b2298e6ca6ef33b63fea6c45f96,true,/home/zhouziang/Workspace/compression/kv_compression/artifacts/raw/20261004_m1_qwen35_2k_ansraw/ans_raw_262144.akvpack,1040112,243973
20261004_m1_qwen35_2k_ansraw,layer00.recurrent.0,0,linear_attention,recurrent,0,float32,4,262144,5,1310720,262144,ans_raw,246968,1024,465,0,248457,f5a731b8be2548e3df8be3b07db20c3cf9d673d61addea1965e9d29f37b3875c,f5a731b8be2548e3df8be3b07db20c3cf9d673d61addea1965e9d29f37b3875c,true,/home/zhouziang/Workspace/compression/kv_compression/artifacts/raw/20261004_m1_qwen35_2k_ansraw/ans_raw_262144.akvpack,1284093,248449
20261004_m1_qwen35_2k_ansraw,layer00.recurrent.0,0,linear_attention,recurrent,0,float32,4,262144,6,1572864,262144,ans_raw,247496,1024,465,0,248985,10346e78860c4b7732d5c6c5095e3493eb95af1efddfd2adf8ad7f9bec3c2ac4,10346e78860c4b7732d5c6c5095e3493eb95af1efddfd2adf8ad7f9bec3c2ac4,true,/home/zhouziang/Workspace/compression/kv_compression/artifacts/raw/20261004_m1_qwen35_2k_ansraw/ans_raw_262144.akvpack,1532550,248977
20261004_m1_qwen35_2k_ansraw,layer00.recurrent.0,0,linear_attention,recurrent,0,float32,4,262144,7,1835008,262144,ans_raw,247272,1024,465,0,248761,e67229469a92ee52f792e28c485a597020d45581549071eb2378fc04266c716e,e67229469a92ee52f792e28c485a597020d45581549071eb2378fc04266c716e,true,/home/zhouziang/Workspace/compression/kv_compression/artifacts/raw/20261004_m1_qwen35_2k_ansraw/ans_raw_262144.akvpack,1781535,248753
20261004_m1_qwen35_2k_ansraw,layer01.convolution.0,1,linear_attention,convolution,0,bfloat16,2,262144,0,0,65536,ans_raw,51320,1024,457,0,52801,ae520f67835120307b281ed50c15f152cab6380bfa0357749440d5796febc393,ae520f67835120307b281ed50c15f152cab6380bfa0357749440d5796febc393,true,/home/zhouziang/Workspace/compression/kv_compression/artifacts/raw/20261004_m1_qwen35_2k_ansraw/ans_raw_262144.akvpack,2030296,52793
20261004_m1_qwen35_2k_ansraw,layer01.recurrent.0,1,linear_attention,recurrent,0,float32,4,262144,0,0,262144,ans_raw,245112,1024,459,0,246595,38630b350bd656f81dd9f4dc8b8055766ef1ff5b9245a5e1708fa525313e4b35,38630b350bd656f81dd9f4dc8b8055766ef1ff5b9245a5e1708fa525313e4b35,true,/home/zhouziang/Workspace/compression/kv_compression/artifacts/raw/20261004_m1_qwen35_2k_ansraw/ans_raw_262144.akvpack,2083097,246587
20261004_m1_qwen35_2k_ansraw,layer01.recurrent.0,1,linear_attention,recurrent,0,float32,4,262144,1,262144,262144,ans_raw,243636,1024,464,0,245124,31a703938a0eca2e80b6bcc29a442abb1a37d8028875473ef79e4618b8c9492b,31a703938a0eca2e80b6bcc29a442abb1a37d8028875473ef79e4618b8c9492b,true,/home/zhouziang/Workspace/compression/kv_compression/artifacts/raw/20261004_m1_qwen35_2k_ansraw/ans_raw_262144.akvpack,2329692,245116
20261004_m1_qwen35_2k_ansraw,layer01.recurrent.0,1,linear_attention,recurrent,0,float32,4,262144,2,524288,262144,ans_raw,246036,1024,464,0,247524,e0f3689ab14574a7aabf293d03d9874117c219f6f340f7d7862106d70773b327,e0f3689ab14574a7aabf293d03d9874117c219f6f340f7d7862106d70773b327,true,/home/zhouziang/Workspace/compression/kv_compression/artifacts/raw/20261004_m1_qwen35_2k_ansraw/ans_raw_262144.akvpack,2574816,247516
20261004_m1_qwen35_2k_ansraw,layer01.recurrent.0,1,linear_attention,recurrent,0,float32,4,262144,3,786432,262144,ans_raw,245496,1024,464,0,246984,cad1bae3953c03b7d9f1d87c7486a83b9367096565dd0523943d0465cd2c8eae,cad1bae3953c03b7d9f1d87c7486a83b9367096565dd0523943d0465cd2c8eae,true,/home/zhouziang/Workspace/compression/kv_compression/artifacts/raw/20261004_m1_qwen35_2k_ansraw/ans_raw_262144.akvpack,2822340,246976
20261004_m1_qwen35_2k_ansraw,layer01.recurrent.0,1,linear_attention,recurrent,0,float32,4,262144,4,1048576,262144,ans_raw,246196,1024,465,0,247685,60e6f2a660063e6b1cc5355367f4b62e8a2ae02b291563315d833924f31d9d01,60e6f2a660063e6b1cc5355367f4b62e8a2ae02b291563315d833924f31d9d01,true,/home/zhouziang/Workspace/compression/kv_compression/artifacts/raw/20261004_m1_qwen35_2k_ansraw/ans_raw_262144.akvpack,3069324,247677
20261004_m1_qwen35_2k_ansraw,layer01.recurrent.0,1,linear_attention,recurrent,0,float32,4,262144,5,1310720,262144,ans_raw,245792,1024,465,0,247281,104645f6ed16b57030ba5759fb54b03fb1dd14e22cd7834aa7c87c275af349fe,104645f6ed16b57030ba5759fb54b03fb1dd14e22cd7834aa7c87c275af349fe,true,/home/zhouziang/Workspace/compression/kv_compression/artifacts/raw/20261004_m1_qwen35_2k_ansraw/ans_raw_262144.akvpack,3317009,247273
20261004_m1_qwen35_2k_ansraw,layer01.recurrent.0,1,linear_attention,recurrent,0,float32,4,262144,6,1572864,262144,ans_raw,244812,1024,465,0,246301,6037a93f59ed59b67921bed5f27abdc9a5b78d09935ebced138db7a84da2e63f,6037a93f59ed59b67921bed5f27abdc9a5b78d09935ebced138db7a84da2e63f,true,/home/zhouziang/Workspace/compression/kv_compression/artifacts/raw/20261004_m1_qwen35_2k_ansraw/ans_raw_262144.akvpack,3564290,246293
20261004_m1_qwen35_2k_ansraw,layer01.recurrent.0,1,linear_attention,recurrent,0,float32,4,262144,7,1835008,262144,ans_raw,244492,1024,465,0,245981,adf0cf3c7ae1e75199a4d183273a1043e03a886f3f9532047ab056d8939a6357,adf0cf3c7ae1e75199a4d183273a1043e03a886f3f9532047ab056d8939a6357,true,/home/zhouziang/Workspace/compression/kv_compression/artifacts/raw/20261004_m1_qwen35_2k_ansraw/ans_raw_262144.akvpack,3810591,245973
20261004_m1_qwen35_2k_ansraw,layer02.convolution.0,2,linear_attention,convolution,0,bfloat16,2,262144,0,0,65536,ans_raw,51364,1024,457,0,52845,a3bb03098b82c02914674210f7ca5f977e23ccc596d6c79dd04622928aa8e249,a3bb03098b82c02914674210f7ca5f977e23ccc596d6c79dd04622928aa8e249,true,/home/zhouziang/Workspace/compression/kv_compression/artifacts/raw/20261004_m1_qwen35_2k_ansraw/ans_raw_262144.akvpack,4056572,52837
20261004_m1_qwen35_2k_ansraw,layer02.recurrent.0,2,linear_attention,recurrent,0,float32,4,262144,0,0,262144,ans_raw,245960,1024,459,0,247443,42c285a627f92a5abc4d4efe47e63c93f81aa7a24df47fd5d5e6f196178237c3,42c285a627f92a5abc4d4efe47e63c93f81aa7a24df47fd5d5e6f196178237c3,true,/home/zhouziang/Workspace/compression/kv_compression/artifacts/raw/20261004_m1_qwen35_2k_ansraw/ans_raw_262144.akvpack,4109417,247435
20261004_m1_qwen35_2k_ansraw,layer02.recurrent.0,2,linear_attention,recurrent,0,float32,4,262144,1,262144,262144,ans_raw,244412,1024,464,0,245900,7ccbda7a9e48394b88d551a20e712ed9f6415eb66c8e4aa818c12bad2a5bb11d,7ccbda7a9e48394b88d551a20e712ed9f6415eb66c8e4aa818c12bad2a5bb11d,true,/home/zhouziang/Workspace/compression/kv_compression/artifacts/raw/20261004_m1_qwen35_2k_ansraw/ans_raw_262144.akvpack,4356860,245892
20261004_m1_qwen35_2k_ansraw,layer02.recurrent.0,2,linear_attention,recurrent,0,float32,4,262144,2,524288,262144,ans_raw,244692,1024,464,0,246180,2025c90221afc8ffc839f01271e3bf1b7d7c3131d0c2879325d48d525b9e0884,2025c90221afc8ffc839f01271e3bf1b7d7c3131d0c2879325d48d525b9e0884,true,/home/zhouziang/Workspace/compression/kv_compression/artifacts/raw/20261004_m1_qwen35_2k_ansraw/ans_raw_262144.akvpack,4602760,246172
20261004_m1_qwen35_2k_ansraw,layer02.recurrent.0,2,linear_attention,recurrent,0,float32,4,262144,3,786432,262144,ans_raw,245196,1024,464,0,246684,d96c78cea7742b01ed12de87eabcfc8f3684e29f78bfa86f7bf9b9a00817a96b,d96c78cea7742b01ed12de87eabcfc8f3684e29f78bfa86f7bf9b9a00817a96b,true,/home/zhouziang/Workspace/compression/kv_compression/artifacts/raw/20261004_m1_qwen35_2k_ansraw/ans_raw_262144.akvpack,4848940,246676
20261004_m1_qwen35_2k_ansraw,layer02.recurrent.0,2,linear_attention,recurrent,0,float32,4,262144,4,1048576,262144,ans_raw,244472,1024,465,0,245961,4dbb30966faa2c08c4a0e6567406130010101ca5a763799975b90dfe38900cf6,4dbb30966faa2c08c4a0e6567406130010101ca5a763799975b90dfe38900cf6,true,/home/zhouziang/Workspace/compression/kv_compression/artifacts/raw/20261004_m1_qwen35_2k_ansraw/ans_raw_262144.akvpack,5095624,245953
20261004_m1_qwen35_2k_ansraw,layer02.recurrent.0,2,linear_attention,recurrent,0,float32,4,262144,5,1310720,262144,ans_raw,245528,1024,465,0,247017,7958dc34274c051d32dafad9355dd72c3f80fd7200a48c5fa55d22ebfc7032a3,7958dc34274c051d32dafad9355dd72c3f80fd7200a48c5fa55d22ebfc7032a3,true,/home/zhouziang/Workspace/compression/kv_compression/artifacts/raw/20261004_m1_qwen35_2k_ansraw/ans_raw_262144.akvpack,5341585,247009
20261004_m1_qwen35_2k_ansraw,layer02.recurrent.0,2,linear_attention,recurrent,0,float32,4,262144,6,1572864,262144,ans_raw,245076,1024,465,0,246565,5c85e65112a0488461a7cba90cae8ed1a42483dcef0c393b0717cf70a60a8e09,5c85e65112a0488461a7cba90cae8ed1a42483dcef0c393b0717cf70a60a8e09,true,/home/zhouziang/Workspace/compression/kv_compression/artifacts/raw/20261004_m1_qwen35_2k_ansraw/ans_raw_262144.akvpack,5588602,246557
20261004_m1_qwen35_2k_ansraw,layer02.recurrent.0,2,linear_attention,recurrent,0,float32,4,262144,7,1835008,262144,ans_raw,245892,1024,465,0,247381,d2aa1721807218c0367d6ede95873c2fce6c9df475778f003428013c015feef7,d2aa1721807218c0367d6ede95873c2fce6c9df475778f003428013c015feef7,true,/home/zhouziang/Workspace/compression/kv_compression/artifacts/raw/20261004_m1_qwen35_2k_ansraw/ans_raw_262144.akvpack,5835167,247373
20261004_m1_qwen35_2k_ansraw,layer03.key.0,3,full_attention,key,0,bfloat16,2,262144,0,0,262144,ans_raw,205156,1024,446,0,206626,624122214064e052ef2e96121fb0ca3cdab09fcd7868d4985558d0f8497bc3ea,624122214064e052ef2e96121fb0ca3cdab09fcd7868d4985558d0f8497bc3ea,true,/home/zhouziang/Workspace/compression/kv_compression/artifacts/raw/20261004_m1_qwen35_2k_ansraw/ans_raw_262144.akvpack,6082548,206618
20261004_m1_qwen35_2k_ansraw,layer03.key.0,3,full_attention,key,0,bfloat16,2,262144,1,262144,262144,ans_raw,205216,1024,451,0,206691,637153cc66fb06ab5ef4d84db91ad0952f5c2eaa41a2dce017e9dc3e98f9de78,637153cc66fb06ab5ef4d84db91ad0952f5c2eaa41a2dce017e9dc3e98f9de78,true,/home/zhouziang/Workspace/compression/kv_compression/artifacts/raw/20261004_m1_qwen35_2k_ansraw/ans_raw_262144.akvpack,6289174,206683
20261004_m1_qwen35_2k_ansraw,layer03.key.0,3,full_attention,key,0,bfloat16,2,262144,2,524288,262144,ans_raw,205496,1024,451,0,206971,11b5719899486cf3dc97cb988b91d4976298a6a7d05a37ae6cb89667a80d804f,11b5719899486cf3dc97cb988b91d4976298a6a7d05a37ae6cb89667a80d804f,true,/home/zhouziang/Workspace/compression/kv_compression/artifacts/raw/20261004_m1_qwen35_2k_ansraw/ans_raw_262144.akvpack,6495865,206963
20261004_m1_qwen35_2k_ansraw,layer03.key.0,3,full_attention,key,0,bfloat16,2,262144,3,786432,262144,ans_raw,205424,1024,451,0,206899,b14b32f5c866f9ee9713fef2554e9de8a44e1ca3bf94dfe4087c6148aea28259,b14b32f5c866f9ee9713fef2554e9de8a44e1ca3bf94dfe4087c6148aea28259,true,/home/zhouziang/Workspace/compression/kv_compression/artifacts/raw/20261004_m1_qwen35_2k_ansraw/ans_raw_262144.akvpack,6702836,206891
20261004_m1_qwen35_2k_ansraw,layer03.key.0,3,full_attention,key,0,bfloat16,2,262144,4,1048576,262144,ans_raw,204480,1024,452,0,205956,1f239228f82a637a3dfc0da6c635f05532456af20c8612078680f735259d3ed0,1f239228f82a637a3dfc0da6c635f05532456af20c8612078680f735259d3ed0,true,/home/zhouziang/Workspace/compression/kv_compression/artifacts/raw/20261004_m1_qwen35_2k_ansraw/ans_raw_262144.akvpack,6909735,205948
20261004_m1_qwen35_2k_ansraw,layer03.key.0,3,full_attention,key,0,bfloat16,2,262144,5,1310720,262144,ans_raw,204732,1024,452,0,206208,f61560f2db2585f5f87bc544941457a6d00fa2a262b369df33e22959cc4943e4,f61560f2db2585f5f87bc544941457a6d00fa2a262b369df33e22959cc4943e4,true,/home/zhouziang/Workspace/compression/kv_compression/artifacts/raw/20261004_m1_qwen35_2k_ansraw/ans_raw_262144.akvpack,7115691,206200
20261004_m1_qwen35_2k_ansraw,layer03.key.0,3,full_attention,key,0,bfloat16,2,262144,6,1572864,262144,ans_raw,204968,1024,452,0,206444,1dc3d17500d6795942699c277e23b62ee05d64d67fccdbfc9dd8755b1baa5e53,1dc3d17500d6795942699c277e23b62ee05d64d67fccdbfc9dd8755b1baa5e53,true,/home/zhouziang/Workspace/compression/kv_compression/artifacts/raw/20261004_m1_qwen35_2k_ansraw/ans_raw_262144.akvpack,7321899,206436
20261004_m1_qwen35_2k_ansraw,layer03.key.0,3,full_attention,key,0,bfloat16,2,262144,7,1835008,262144,ans_raw,205184,1024,452,0,206660,a484a8b65e1ffe3ad5f728b55244ca7f2b6ed67e3e50c72e5f40d36a6603fdec,a484a8b65e1ffe3ad5f728b55244ca7f2b6ed67e3e50c72e5f40d36a6603fdec,true,/home/zhouziang/Workspace/compression/kv_compression/artifacts/raw/20261004_m1_qwen35_2k_ansraw/ans_raw_262144.akvpack,7528343,206652
20261004_m1_qwen35_2k_ansraw,layer03.key.0,3,full_attention,key,0,bfloat16,2,262144,8,2097152,262144,ans_raw,204352,1024,452,0,205828,171f12cb1fa79230011c1a3dede581aebc880c6a6fe8822948e2282e1998d9f3,171f12cb1fa79230011c1a3dede581aebc880c6a6fe8822948e2282e1998d9f3,true,/home/zhouziang/Workspace/compression/kv_compression/artifacts/raw/20261004_m1_qwen35_2k_ansraw/ans_raw_262144.akvpack,7735003,205820
20261004_m1_qwen35_2k_ansraw,layer03.key.0,3,full_attention,key,0,bfloat16,2,262144,9,2359296,262144,ans_raw,204456,1024,452,0,205932,953d072f474379b64e1c87fc1ac82af1bed4518df544a8fd2154225d15406383,953d072f474379b64e1c87fc1ac82af1bed4518df544a8fd2154225d15406383,true,/home/zhouziang/Workspace/compression/kv_compression/artifacts/raw/20261004_m1_qwen35_2k_ansraw/ans_raw_262144.akvpack,7940831,205924
20261004_m1_qwen35_2k_ansraw,layer03.key.0,3,full_attention,key,0,bfloat16,2,262144,10,2621440,262144,ans_raw,204396,1024,453,0,205873,42782025a3f954e359f7a13b1d3920d221e86243caa4b572616c39ead2d924a6,42782025a3f954e359f7a13b1d3920d221e86243caa4b572616c39ead2d924a6,true,/home/zhouziang/Workspace/compression/kv_compression/artifacts/raw/20261004_m1_qwen35_2k_ansraw/ans_raw_262144.akvpack,8146763,205865
20261004_m1_qwen35_2k_ansraw,layer03.key.0,3,full_attention,key,0,bfloat16,2,262144,11,2883584,262144,ans_raw,204524,1024,453,0,206001,36a1d4161bfa2983ec6a4ea6aea1f1c1a56c524da500274cccacb2422c8de01e,36a1d4161bfa2983ec6a4ea6aea1f1c1a56c524da500274cccacb2422c8de01e,true,/home/zhouziang/Workspace/compression/kv_compression/artifacts/raw/20261004_m1_qwen35_2k_ansraw/ans_raw_262144.akvpack,8352636,205993
20261004_m1_qwen35_2k_ansraw,layer03.key.0,3,full_attention,key,0,bfloat16,2,262144,12,3145728,262144,ans_raw,204568,1024,453,0,206045,667c35cf30dc55437f48210e1758f588bcbade90364687818f715b08982534ec,667c35cf30dc55437f48210e1758f588bcbade90364687818f715b08982534ec,true,/home/zhouziang/Workspace/compression/kv_compression/artifacts/raw/20261004_m1_qwen35_2k_ansraw/ans_raw_262144.akvpack,8558637,206037
20261004_m1_qwen35_2k_ansraw,layer03.key.0,3,full_attention,key,0,bfloat16,2,262144,13,3407872,262144,ans_raw,204032,1024,453,0,205509,ed1638050b867161289f221b2f60f1c7b96b5bfc846dfab5f90a159b8708e02d,ed1638050b867161289f221b2f60f1c7b96b5bfc846dfab5f90a159b8708e02d,true,/home/zhouziang/Workspace/compression/kv_compression/artifacts/raw/20261004_m1_qwen35_2k_ansraw/ans_raw_262144.akvpack,8764682,205501
20261004_m1_qwen35_2k_ansraw,layer03.key.0,3,full_attention,key,0,bfloat16,2,262144,14,3670016,262144,ans_raw,203972,1024,453,0,205449,498646fc47071944ac91b9e7ef4a869291d3942b2b604cefa75b102f41ef64a3,498646fc47071944ac91b9e7ef4a869291d3942b2b604cefa75b102f41ef64a3,true,/home/zhouziang/Workspace/compression/kv_compression/artifacts/raw/20261004_m1_qwen35_2k_ansraw/ans_raw_262144.akvpack,8970191,205441
20261004_m1_qwen35_2k_ansraw,layer03.key.0,3,full_attention,key,0,bfloat16,2,262144,15,3932160,262144,ans_raw,203800,1024,453,0,205277,c36311a5182e2e97ff0d733846bc8f786f9a5fbed4c200bbb7d60c69ea685d5c,c36311a5182e2e97ff0d733846bc8f786f9a5fbed4c200bbb7d60c69ea685d5c,true,/home/zhouziang/Workspace/compression/kv_compression/artifacts/raw/20261004_m1_qwen35_2k_ansraw/ans_raw_262144.akvpack,9175640,205269
20261004_m1_qwen35_2k_ansraw,layer03.value.0,3,full_attention,value,0,bfloat16,2,262144,0,0,262144,ans_raw,204848,1024,450,0,206322,9e52950feb93c2818f60445c089e5e1f4ccdbfa5c270c6e8b4b16cc958e0488b,9e52950feb93c2818f60445c089e5e1f4ccdbfa5c270c6e8b4b16cc958e0488b,true,/home/zhouziang/Workspace/compression/kv_compression/artifacts/raw/20261004_m1_qwen35_2k_ansraw/ans_raw_262144.akvpack,9380917,206314
20261004_m1_qwen35_2k_ansraw,layer03.value.0,3,full_attention,value,0,bfloat16,2,262144,1,262144,262144,ans_raw,204972,1024,455,0,206451,29753b4468f5ed22d20661220077b4e0d122decd3a0213119c8867f90bfff518,29753b4468f5ed22d20661220077b4e0d122decd3a0213119c8867f90bfff518,true,/home/zhouziang/Workspace/compression/kv_compression/artifacts/raw/20261004_m1_qwen35_2k_ansraw/ans_raw_262144.akvpack,9587239,206443
20261004_m1_qwen35_2k_ansraw,layer03.value.0,3,full_attention,value,0,bfloat16,2,262144,2,524288,262144,ans_raw,205128,1024,455,0,206607,215cab30ab1ee86d31d6a8a3fee75ca88e87660dffa4c6b324aa8ac665065e24,215cab30ab1ee86d31d6a8a3fee75ca88e87660dffa4c6b324aa8ac665065e24,true,/home/zhouziang/Workspace/compression/kv_compression/artifacts/raw/20261004_m1_qwen35_2k_ansraw/ans_raw_262144.akvpack,9793690,206599
20261004_m1_qwen35_2k_ansraw,layer03.value.0,3,full_attention,value,0,bfloat16,2,262144,3,786432,262144,ans_raw,204772,1024,455,0,206251,9965adce7a285597f60734dee04a5f5bc4fc721c8315e9b37028292716437e60,9965adce7a285597f60734dee04a5f5bc4fc721c8315e9b37028292716437e60,true,/home/zhouziang/Workspace/compression/kv_compression/artifacts/raw/20261004_m1_qwen35_2k_ansraw/ans_raw_262144.akvpack,10000297,206243
20261004_m1_qwen35_2k_ansraw,layer03.value.0,3,full_attention,value,0,bfloat16,2,262144,4,1048576,262144,ans_raw,204504,1024,456,0,205984,ba54340c225cfc2d31ebf76cc56ef9703d93108a5b4621b34fb6c76320da0fdc,ba54340c225cfc2d31ebf76cc56ef9703d93108a5b4621b34fb6c76320da0fdc,true,/home/zhouziang/Workspace/compression/kv_compression/artifacts/raw/20261004_m1_qwen35_2k_ansraw/ans_raw_262144.akvpack,10206548,205976
20261004_m1_qwen35_2k_ansraw,layer03.value.0,3,full_attention,value,0,bfloat16,2,262144,5,1310720,262144,ans_raw,204652,1024,456,0,206132,8065edbbe53172d71e3e997cf89331e5500b829b1d53ddca29a9f2ff085bcc06,8065edbbe53172d71e3e997cf89331e5500b829b1d53ddca29a9f2ff085bcc06,true,/home/zhouziang/Workspace/compression/kv_compression/artifacts/raw/20261004_m1_qwen35_2k_ansraw/ans_raw_262144.akvpack,10412532,206124
20261004_m1_qwen35_2k_ansraw,layer03.value.0,3,full_attention,value,0,bfloat16,2,262144,6,1572864,262144,ans_raw,205112,1024,456,0,206592,234e264d4394fd516062aca9f1a1c3c4b1cc8498c98e61fb3296daf73c2f12fe,234e264d4394fd516062aca9f1a1c3c4b1cc8498c98e61fb3296daf73c2f12fe,true,/home/zhouziang/Workspace/compression/kv_compression/artifacts/raw/20261004_m1_qwen35_2k_ansraw/ans_raw_262144.akvpack,10618664,206584
20261004_m1_qwen35_2k_ansraw,layer03.value.0,3,full_attention,value,0,bfloat16,2,262144,7,1835008,262144,ans_raw,204472,1024,456,0,205952,015723adc458507a39e8c1bbde0558a38fa8ee11bd4ec4e3053f86367a70217b,015723adc458507a39e8c1bbde0558a38fa8ee11bd4ec4e3053f86367a70217b,true,/home/zhouziang/Workspace/compression/kv_compression/artifacts/raw/20261004_m1_qwen35_2k_ansraw/ans_raw_262144.akvpack,10825256,205944
20261004_m1_qwen35_2k_ansraw,layer03.value.0,3,full_attention,value,0,bfloat16,2,262144,8,2097152,262144,ans_raw,204016,1024,456,0,205496,3db9687264688148932ed0ede7a4da6b4a571222ac90afe0192a93dc8811c469,3db9687264688148932ed0ede7a4da6b4a571222ac90afe0192a93dc8811c469,true,/home/zhouziang/Workspace/compression/kv_compression/artifacts/raw/20261004_m1_qwen35_2k_ansraw/ans_raw_262144.akvpack,11031208,205488
20261004_m1_qwen35_2k_ansraw,layer03.value.0,3,full_attention,value,0,bfloat16,2,262144,9,2359296,262144,ans_raw,204172,1024,456,0,205652,de4d5c590dae8b4ae6c09670726aab674e3834e318df6a76e7eb487b72cc3c99,de4d5c590dae8b4ae6c09670726aab674e3834e318df6a76e7eb487b72cc3c99,true,/home/zhouziang/Workspace/compression/kv_compression/artifacts/raw/20261004_m1_qwen35_2k_ansraw/ans_raw_262144.akvpack,11236704,205644
20261004_m1_qwen35_2k_ansraw,layer03.value.0,3,full_attention,value,0,bfloat16,2,262144,10,2621440,262144,ans_raw,204444,1024,457,0,205925,3c6f43d3590ff4c9e459a2663ca13883e64fdce6d90eab32f579e7e5f6eb2454,3c6f43d3590ff4c9e459a2663ca13883e64fdce6d90eab32f579e7e5f6eb2454,true,/home/zhouziang/Workspace/compression/kv_compression/artifacts/raw/20261004_m1_qwen35_2k_ansraw/ans_raw_262144.akvpack,11442356,205917
20261004_m1_qwen35_2k_ansraw,layer03.value.0,3,full_attention,value,0,bfloat16,2,262144,11,2883584,262144,ans_raw,204192,1024,457,0,205673,1c0b03dfdc06e7f37694751b4d8a881faea042ca1f899d05a01789cecb911a56,1c0b03dfdc06e7f37694751b4d8a881faea042ca1f899d05a01789cecb911a56,true,/home/zhouziang/Workspace/compression/kv_compression/artifacts/raw/20261004_m1_qwen35_2k_ansraw/ans_raw_262144.akvpack,11648281,205665
20261004_m1_qwen35_2k_ansraw,layer03.value.0,3,full_attention,value,0,bfloat16,2,262144,12,3145728,262144,ans_raw,203852,1024,457,0,205333,4e043b37c33c4e9349a32d04552fc2768323d8a528e067a6ec33125e845b8a3a,4e043b37c33c4e9349a32d04552fc2768323d8a528e067a6ec33125e845b8a3a,true,/home/zhouziang/Workspace/compression/kv_compression/artifacts/raw/20261004_m1_qwen35_2k_ansraw/ans_raw_262144.akvpack,11853954,205325
20261004_m1_qwen35_2k_ansraw,layer03.value.0,3,full_attention,value,0,bfloat16,2,262144,13,3407872,262144,ans_raw,203804,1024,457,0,205285,d93abf1d4e01e46d6d4565d86b3b55d2477c070df8c43a89c8015680bc6b9bd6,d93abf1d4e01e46d6d4565d86b3b55d2477c070df8c43a89c8015680bc6b9bd6,true,/home/zhouziang/Workspace/compression/kv_compression/artifacts/raw/20261004_m1_qwen35_2k_ansraw/ans_raw_262144.akvpack,12059287,205277
20261004_m1_qwen35_2k_ansraw,layer03.value.0,3,full_attention,value,0,bfloat16,2,262144,14,3670016,262144,ans_raw,204040,1024,457,0,205521,b162630a38d8e7785a5c7b9f86eb37a60d2c34954eb3b4add2c4c80afb43b890,b162630a38d8e7785a5c7b9f86eb37a60d2c34954eb3b4add2c4c80afb43b890,true,/home/zhouziang/Workspace/compression/kv_compression/artifacts/raw/20261004_m1_qwen35_2k_ansraw/ans_raw_262144.akvpack,12264572,205513
20261004_m1_qwen35_2k_ansraw,layer03.value.0,3,full_attention,value,0,bfloat16,2,262144,15,3932160,262144,ans_raw,203576,1024,457,0,205057,fafdf256f99eef0ca87eab8a5b819d52626d090ae37cd429ef96014ad5bef284,fafdf256f99eef0ca87eab8a5b819d52626d090ae37cd429ef96014ad5bef284,true,/home/zhouziang/Workspace/compression/kv_compression/artifacts/raw/20261004_m1_qwen35_2k_ansraw/ans_raw_262144.akvpack,12470093,205049
20261004_m1_qwen35_2k_ansraw,layer04.convolution.0,4,linear_attention,convolution,0,bfloat16,2,262144,0,0,65536,ans_raw,51224,1024,457,0,52705,a437e8f3f6c20275a8a25490db039d85e56ef600ef52c07773bd674dd7c906ab,a437e8f3f6c20275a8a25490db039d85e56ef600ef52c07773bd674dd7c906ab,true,/home/zhouziang/Workspace/compression/kv_compression/artifacts/raw/20261004_m1_qwen35_2k_ansraw/ans_raw_262144.akvpack,12675150,52697
20261004_m1_qwen35_2k_ansraw,layer04.recurrent.0,4,linear_attention,recurrent,0,float32,4,262144,0,0,262144,ans_raw,244640,1024,459,0,246123,052d9ffaacd728fcc92b111b2cd9614bd04bd9690e9ff7caca6bd8ff098d7bf1,052d9ffaacd728fcc92b111b2cd9614bd04bd9690e9ff7caca6bd8ff098d7bf1,true,/home/zhouziang/Workspace/compression/kv_compression/artifacts/raw/20261004_m1_qwen35_2k_ansraw/ans_raw_262144.akvpack,12727855,246115
20261004_m1_qwen35_2k_ansraw,layer04.recurrent.0,4,linear_attention,recurrent,0,float32,4,262144,1,262144,262144,ans_raw,245388,1024,464,0,246876,a1288acee106fc3b2c06ca68f97ddb7976f9006201a02a48368104c91e5d2d66,a1288acee106fc3b2c06ca68f97ddb7976f9006201a02a48368104c91e5d2d66,true,/home/zhouziang/Workspace/compression/kv_compression/artifacts/raw/20261004_m1_qwen35_2k_ansraw/ans_raw_262144.akvpack,12973978,246868
20261004_m1_qwen35_2k_ansraw,layer04.recurrent.0,4,linear_attention,recurrent,0,float32,4,262144,2,524288,262144,ans_raw,244452,1024,464,0,245940,f99ee82e115697a730a80191046a06c2992fdb216c36186092b7943a7a6cee57,f99ee82e115697a730a80191046a06c2992fdb216c36186092b7943a7a6cee57,true,/home/zhouziang/Workspace/compression/kv_compression/artifacts/raw/20261004_m1_qwen35_2k_ansraw/ans_raw_262144.akvpack,13220854,245932
20261004_m1_qwen35_2k_ansraw,layer04.recurrent.0,4,linear_attention,recurrent,0,float32,4,262144,3,786432,262144,ans_raw,245084,1024,464,0,246572,970b74c38d623d4a8de4fae394132d02cf66d668112a0d37fa50be7de2ab1ee7,970b74c38d623d4a8de4fae394132d02cf66d668112a0d37fa50be7de2ab1ee7,true,/home/zhouziang/Workspace/compression/kv_compression/artifacts/raw/20261004_m1_qwen35_2k_ansraw/ans_raw_262144.akvpack,13466794,246564
20261004_m1_qwen35_2k_ansraw,layer04.recurrent.0,4,linear_attention,recurrent,0,float32,4,262144,4,1048576,262144,ans_raw,244264,1024,465,0,245753,5675dc14288882dd8e5c0bdfb9c7c19dcf730e296a4ab281b83f517c099142f2,5675dc14288882dd8e5c0bdfb9c7c19dcf730e296a4ab281b83f517c099142f2,true,/home/zhouziang/Workspace/compression/kv_compression/artifacts/raw/20261004_m1_qwen35_2k_ansraw/ans_raw_262144.akvpack,13713366,245745
20261004_m1_qwen35_2k_ansraw,layer04.recurrent.0,4,linear_attention,recurrent,0,float32,4,262144,5,1310720,262144,ans_raw,244508,1024,465,0,245997,19391360813b6d9e815caea0e01323d0966664be3666ef850d819d8a0fd7110c,19391360813b6d9e815caea0e01323d0966664be3666ef850d819d8a0fd7110c,true,/home/zhouziang/Workspace/compression/kv_compression/artifacts/raw/20261004_m1_qwen35_2k_ansraw/ans_raw_262144.akvpack,13959119,245989
20261004_m1_qwen35_2k_ansraw,layer04.recurrent.0,4,linear_attention,recurrent,0,float32,4,262144,6,1572864,262144,ans_raw,244408,1024,465,0,245897,53eced3bddb0a8d98cda4502f2e57f74e6a91984bbe698b5ce47500761629daa,53eced3bddb0a8d98cda4502f2e57f74e6a91984bbe698b5ce47500761629daa,true,/home/zhouziang/Workspace/compression/kv_compression/artifacts/raw/20261004_m1_qwen35_2k_ansraw/ans_raw_262144.akvpack,14205116,245889
20261004_m1_qwen35_2k_ansraw,layer04.recurrent.0,4,linear_attention,recurrent,0,float32,4,262144,7,1835008,262144,ans_raw,245688,1024,465,0,247177,48f79f46c37311e517eee5fe4f30cb890adf8e0e099940d0ad82ed4f24c33236,48f79f46c37311e517eee5fe4f30cb890adf8e0e099940d0ad82ed4f24c33236,true,/home/zhouziang/Workspace/compression/kv_compression/artifacts/raw/20261004_m1_qwen35_2k_ansraw/ans_raw_262144.akvpack,14451013,247169
20261004_m1_qwen35_2k_ansraw,layer05.convolution.0,5,linear_attention,convolution,0,bfloat16,2,262144,0,0,65536,ans_raw,51244,1024,457,0,52725,fa1e06d4a2353b49a8ec951433a17028ff9ac0055ebb53be1f27494684f008f7,fa1e06d4a2353b49a8ec951433a17028ff9ac0055ebb53be1f27494684f008f7,true,/home/zhouziang/Workspace/compression/kv_compression/artifacts/raw/20261004_m1_qwen35_2k_ansraw/ans_raw_262144.akvpack,14698190,52717
20261004_m1_qwen35_2k_ansraw,layer05.recurrent.0,5,linear_attention,recurrent,0,float32,4,262144,0,0,262144,ans_raw,244716,1024,459,0,246199,13c6a26871e8935f85a6ae8a03442cdcfef8bc4d33f89a2ae7eaae31182042b4,13c6a26871e8935f85a6ae8a03442cdcfef8bc4d33f89a2ae7eaae31182042b4,true,/home/zhouziang/Workspace/compression/kv_compression/artifacts/raw/20261004_m1_qwen35_2k_ansraw/ans_raw_262144.akvpack,14750915,246191
20261004_m1_qwen35_2k_ansraw,layer05.recurrent.0,5,linear_attention,recurrent,0,float32,4,262144,1,262144,262144,ans_raw,245320,1024,464,0,246808,e41c7e7b5206eefd6cba1714eb93b24213a4e0830652e45e144cf94d12546787,e41c7e7b5206eefd6cba1714eb93b24213a4e0830652e45e144cf94d12546787,true,/home/zhouziang/Workspace/compression/kv_compression/artifacts/raw/20261004_m1_qwen35_2k_ansraw/ans_raw_262144.akvpack,14997114,246800
20261004_m1_qwen35_2k_ansraw,layer05.recurrent.0,5,linear_attention,recurrent,0,float32,4,262144,2,524288,262144,ans_raw,244996,1024,464,0,246484,f2aed53a9c128c62b8ca5536f0c8cea2d883ee7a2e889a8548dc404f198ec4ed,f2aed53a9c128c62b8ca5536f0c8cea2d883ee7a2e889a8548dc404f198ec4ed,true,/home/zhouziang/Workspace/compression/kv_compression/artifacts/raw/20261004_m1_qwen35_2k_ansraw/ans_raw_262144.akvpack,15243922,246476
20261004_m1_qwen35_2k_ansraw,layer05.recurrent.0,5,linear_attention,recurrent,0,float32,4,262144,3,786432,262144,ans_raw,245160,1024,464,0,246648,90a6b25608329cd8fa68b82f318d76e4d3a47998f6105fe9f71d1e7ea895ef06,90a6b25608329cd8fa68b82f318d76e4d3a47998f6105fe9f71d1e7ea895ef06,true,/home/zhouziang/Workspace/compression/kv_compression/artifacts/raw/20261004_m1_qwen35_2k_ansraw/ans_raw_262144.akvpack,15490406,246640
20261004_m1_qwen35_2k_ansraw,layer05.recurrent.0,5,linear_attention,recurrent,0,float32,4,262144,4,1048576,262144,ans_raw,244776,1024,465,0,246265,336c84285cce53a33a2c9441a4f4303de34924a1c2e3c3aa65e4277416bd501a,336c84285cce53a33a2c9441a4f4303de34924a1c2e3c3aa65e4277416bd501a,true,/home/zhouziang/Workspace/compression/kv_compression/artifacts/raw/20261004_m1_qwen35_2k_ansraw/ans_raw_262144.akvpack,15737054,246257
20261004_m1_qwen35_2k_ansraw,layer05.recurrent.0,5,linear_attention,recurrent,0,float32,4,262144,5,1310720,262144,ans_raw,244492,1024,465,0,245981,5b6ef899fa4d2fb4666aeed22715db7aa7d0cabb9cf47c92c5619b3ca54e13d6,5b6ef899fa4d2fb4666aeed22715db7aa7d0cabb9cf47c92c5619b3ca54e13d6,true,/home/zhouziang/Workspace/compression/kv_compression/artifacts/raw/20261004_m1_qwen35_2k_ansraw/ans_raw_262144.akvpack,15983319,245973
20261004_m1_qwen35_2k_ansraw,layer05.recurrent.0,5,linear_attention,recurrent,0,float32,4,262144,6,1572864,262144,ans_raw,244980,1024,465,0,246469,1994ecc2f6fbff8fd26ae50fcc212092841e06b6af8071b7d845ac5060b80b05,1994ecc2f6fbff8fd26ae50fcc212092841e06b6af8071b7d845ac5060b80b05,true,/home/zhouziang/Workspace/compression/kv_compression/artifacts/raw/20261004_m1_qwen35_2k_ansraw/ans_raw_262144.akvpack,16229300,246461
20261004_m1_qwen35_2k_ansraw,layer05.recurrent.0,5,linear_attention,recurrent,0,float32,4,262144,7,1835008,262144,ans_raw,246136,1024,465,0,247625,8a290dd9f5afe26098aa717a82647d8c6652d5ad49febfb295e75c3938b31b41,8a290dd9f5afe26098aa717a82647d8c6652d5ad49febfb295e75c3938b31b41,true,/home/zhouziang/Workspace/compression/kv_compression/artifacts/raw/20261004_m1_qwen35_2k_ansraw/ans_raw_262144.akvpack,16475769,247617
20261004_m1_qwen35_2k_ansraw,layer06.convolution.0,6,linear_attention,convolution,0,bfloat16,2,262144,0,0,65536,ans_raw,51276,1024,457,0,52757,7e119b1b88e9572499cb26b54d2acecaedd688b9184d93b0ae55d5f55edd0b74,7e119b1b88e9572499cb26b54d2acecaedd688b9184d93b0ae55d5f55edd0b74,true,/home/zhouziang/Workspace/compression/kv_compression/artifacts/raw/20261004_m1_qwen35_2k_ansraw/ans_raw_262144.akvpack,16723394,52749
20261004_m1_qwen35_2k_ansraw,layer06.recurrent.0,6,linear_attention,recurrent,0,float32,4,262144,0,0,262144,ans_raw,245228,1024,459,0,246711,dd94e38740ec041c50487695796001b21760b36bf8e2f78e3e8a7f13ac6ae940,dd94e38740ec041c50487695796001b21760b36bf8e2f78e3e8a7f13ac6ae940,true,/home/zhouziang/Workspace/compression/kv_compression/artifacts/raw/20261004_m1_qwen35_2k_ansraw/ans_raw_262144.akvpack,16776151,246703
20261004_m1_qwen35_2k_ansraw,layer06.recurrent.0,6,linear_attention,recurrent,0,float32,4,262144,1,262144,262144,ans_raw,245188,1024,464,0,246676,05791586fc47139939fce15d5df59b686387d01e48b86bad150226c2050ac7a9,05791586fc47139939fce15d5df59b686387d01e48b86bad150226c2050ac7a9,true,/home/zhouziang/Workspace/compression/kv_compression/artifacts/raw/20261004_m1_qwen35_2k_ansraw/ans_raw_262144.akvpack,17022862,246668
20261004_m1_qwen35_2k_ansraw,layer06.recurrent.0,6,linear_attention,recurrent,0,float32,4,262144,2,524288,262144,ans_raw,244048,1024,464,0,245536,a1525eb136850ca68ae3ebb651a8560b280c06fc4ae8fdbcfbaf077487235294,a1525eb136850ca68ae3ebb651a8560b280c06fc4ae8fdbcfbaf077487235294,true,/home/zhouziang/Workspace/compression/kv_compression/artifacts/raw/20261004_m1_qwen35_2k_ansraw/ans_raw_262144.akvpack,17269538,245528
20261004_m1_qwen35_2k_ansraw,layer06.recurrent.0,6,linear_attention,recurrent,0,float32,4,262144,3,786432,262144,ans_raw,245108,1024,464,0,246596,5f0c213e0d2e3de4879497a12d6aac7729eb57f47d7a2b3ff9e5296f2c35236a,5f0c213e0d2e3de4879497a12d6aac7729eb57f47d7a2b3ff9e5296f2c35236a,true,/home/zhouziang/Workspace/compression/kv_compression/artifacts/raw/20261004_m1_qwen35_2k_ansraw/ans_raw_262144.akvpack,17515074,246588
20261004_m1_qwen35_2k_ansraw,layer06.recurrent.0,6,linear_attention,recurrent,0,float32,4,262144,4,1048576,262144,ans_raw,244912,1024,465,0,246401,4641a7bc09ff135c6561514d04653f658a540f2772e43dfabe2a30bb43189698,4641a7bc09ff135c6561514d04653f658a540f2772e43dfabe2a30bb43189698,true,/home/zhouziang/Workspace/compression/kv_compression/artifacts/raw/20261004_m1_qwen35_2k_ansraw/ans_raw_262144.akvpack,17761670,246393
20261004_m1_qwen35_2k_ansraw,layer06.recurrent.0,6,linear_attention,recurrent,0,float32,4,262144,5,1310720,262144,ans_raw,245156,1024,465,0,246645,67ae0c806cb25a77f0c8878888e65e038b2075244addeb40486977d7a4d2bdf8,67ae0c806cb25a77f0c8878888e65e038b2075244addeb40486977d7a4d2bdf8,true,/home/zhouziang/Workspace/compression/kv_compression/artifacts/raw/20261004_m1_qwen35_2k_ansraw/ans_raw_262144.akvpack,18008071,246637
20261004_m1_qwen35_2k_ansraw,layer06.recurrent.0,6,linear_attention,recurrent,0,float32,4,262144,6,1572864,262144,ans_raw,244144,1024,465,0,245633,7cc26e581be3a9136013ec2ea4246762b96880bf72b312718efbb0f64b6e81a3,7cc26e581be3a9136013ec2ea4246762b96880bf72b312718efbb0f64b6e81a3,true,/home/zhouziang/Workspace/compression/kv_compression/artifacts/raw/20261004_m1_qwen35_2k_ansraw/ans_raw_262144.akvpack,18254716,245625
20261004_m1_qwen35_2k_ansraw,layer06.recurrent.0,6,linear_attention,recurrent,0,float32,4,262144,7,1835008,262144,ans_raw,245508,1024,465,0,246997,83aa7e2eef6a55c3ca15f20d48a787a561399e77a67316d28fe63d26e9f2fb0e,83aa7e2eef6a55c3ca15f20d48a787a561399e77a67316d28fe63d26e9f2fb0e,true,/home/zhouziang/Workspace/compression/kv_compression/artifacts/raw/20261004_m1_qwen35_2k_ansraw/ans_raw_262144.akvpack,18500349,246989
20261004_m1_qwen35_2k_ansraw,layer07.key.0,7,full_attention,key,0,bfloat16,2,262144,0,0,262144,ans_raw,205032,1024,446,0,206502,89925db2f64dfc12a960cd011846570b980c22c17bd397f8ca109bf1909db3d5,89925db2f64dfc12a960cd011846570b980c22c17bd397f8ca109bf1909db3d5,true,/home/zhouziang/Workspace/compression/kv_compression/artifacts/raw/20261004_m1_qwen35_2k_ansraw/ans_raw_262144.akvpack,18747346,206494
20261004_m1_qwen35_2k_ansraw,layer07.key.0,7,full_attention,key,0,bfloat16,2,262144,1,262144,262144,ans_raw,204916,1024,451,0,206391,2fd8a000719e9b61acaebcab829e55163673c26912831807e775ceadee2773f6,2fd8a000719e9b61acaebcab829e55163673c26912831807e775ceadee2773f6,true,/home/zhouziang/Workspace/compression/kv_compression/artifacts/raw/20261004_m1_qwen35_2k_ansraw/ans_raw_262144.akvpack,18953848,206383
20261004_m1_qwen35_2k_ansraw,layer07.key.0,7,full_attention,key,0,bfloat16,2,262144,2,524288,262144,ans_raw,205076,1024,451,0,206551,96ef1378804dac1ea9517fbe27fccec71d0a476993c97e194523b763c2ad3fc6,96ef1378804dac1ea9517fbe27fccec71d0a476993c97e194523b763c2ad3fc6,true,/home/zhouziang/Workspace/compression/kv_compression/artifacts/raw/20261004_m1_qwen35_2k_ansraw/ans_raw_262144.akvpack,19160239,206543
20261004_m1_qwen35_2k_ansraw,layer07.key.0,7,full_attention,key,0,bfloat16,2,262144,3,786432,262144,ans_raw,204816,1024,451,0,206291,afd6c3cbe571f8bfdc08c6afc190dbcc3bd10238d0f3a58d4df502ff823c6e8b,afd6c3cbe571f8bfdc08c6afc190dbcc3bd10238d0f3a58d4df502ff823c6e8b,true,/home/zhouziang/Workspace/compression/kv_compression/artifacts/raw/20261004_m1_qwen35_2k_ansraw/ans_raw_262144.akvpack,19366790,206283
20261004_m1_qwen35_2k_ansraw,layer07.key.0,7,full_attention,key,0,bfloat16,2,262144,4,1048576,262144,ans_raw,204768,1024,452,0,206244,8c60a45af0ebe41e9536df3d7113d9f050ccd308e603cbe85100c0f8bac2be5e,8c60a45af0ebe41e9536df3d7113d9f050ccd308e603cbe85100c0f8bac2be5e,true,/home/zhouziang/Workspace/compression/kv_compression/artifacts/raw/20261004_m1_qwen35_2k_ansraw/ans_raw_262144.akvpack,19573081,206236
20261004_m1_qwen35_2k_ansraw,layer07.key.0,7,full_attention,key,0,bfloat16,2,262144,5,1310720,262144,ans_raw,204532,1024,452,0,206008,11e073f35d4796c46da4fe65d91feb929788010435c0a9ce8d42234e4c422804,11e073f35d4796c46da4fe65d91feb929788010435c0a9ce8d42234e4c422804,true,/home/zhouziang/Workspace/compression/kv_compression/artifacts/raw/20261004_m1_qwen35_2k_ansraw/ans_raw_262144.akvpack,19779325,206000
20261004_m1_qwen35_2k_ansraw,layer07.key.0,7,full_attention,key,0,bfloat16,2,262144,6,1572864,262144,ans_raw,204676,1024,452,0,206152,8bb96ab0250fc02720be0a7143f5054b4df815ccf28fdf22fe9007c07682b8ec,8bb96ab0250fc02720be0a7143f5054b4df815ccf28fdf22fe9007c07682b8ec,true,/home/zhouziang/Workspace/compression/kv_compression/artifacts/raw/20261004_m1_qwen35_2k_ansraw/ans_raw_262144.akvpack,19985333,206144
20261004_m1_qwen35_2k_ansraw,layer07.key.0,7,full_attention,key,0,bfloat16,2,262144,7,1835008,262144,ans_raw,204616,1024,452,0,206092,bc513e57d909c3cee52be573a6c56aa85dc69fd02b08f913eb5b72c0542edcf3,bc513e57d909c3cee52be573a6c56aa85dc69fd02b08f913eb5b72c0542edcf3,true,/home/zhouziang/Workspace/compression/kv_compression/artifacts/raw/20261004_m1_qwen35_2k_ansraw/ans_raw_262144.akvpack,20191485,206084
20261004_m1_qwen35_2k_ansraw,layer07.key.0,7,full_attention,key,0,bfloat16,2,262144,8,2097152,262144,ans_raw,204976,1024,452,0,206452,f91c9668f238373e7b99174295757eba5938729501d1fcc32d0d498ffe77f495,f91c9668f238373e7b99174295757eba5938729501d1fcc32d0d498ffe77f495,true,/home/zhouziang/Workspace/compression/kv_compression/artifacts/raw/20261004_m1_qwen35_2k_ansraw/ans_raw_262144.akvpack,20397577,206444
20261004_m1_qwen35_2k_ansraw,layer07.key.0,7,full_attention,key,0,bfloat16,2,262144,9,2359296,262144,ans_raw,204424,1024,452,0,205900,29f072fc4df4267404686b6eecdd3dfc94c6d0f5fd4ff2626e9204d0749fddda,29f072fc4df4267404686b6eecdd3dfc94c6d0f5fd4ff2626e9204d0749fddda,true,/home/zhouziang/Workspace/compression/kv_compression/artifacts/raw/20261004_m1_qwen35_2k_ansraw/ans_raw_262144.akvpack,20604029,205892
20261004_m1_qwen35_2k_ansraw,layer07.key.0,7,full_attention,key,0,bfloat16,2,262144,10,2621440,262144,ans_raw,204564,1024,453,0,206041,77d29d112acbd748419cb7e77d32c3b894057f8ed0102a4b066a753edab6a9cc,77d29d112acbd748419cb7e77d32c3b894057f8ed0102a4b066a753edab6a9cc,true,/home/zhouziang/Workspace/compression/kv_compression/artifacts/raw/20261004_m1_qwen35_2k_ansraw/ans_raw_262144.akvpack,20809929,206033
20261004_m1_qwen35_2k_ansraw,layer07.key.0,7,full_attention,key,0,bfloat16,2,262144,11,2883584,262144,ans_raw,204372,1024,453,0,205849,2b1b804c1f0d3813a2fefa174d2ebe3020c249b0ecc09154650ee3e66c3d11ce,2b1b804c1f0d3813a2fefa174d2ebe3020c249b0ecc09154650ee3e66c3d11ce,true,/home/zhouziang/Workspace/compression/kv_compression/artifacts/raw/20261004_m1_qwen35_2k_ansraw/ans_raw_262144.akvpack,21015970,205841
20261004_m1_qwen35_2k_ansraw,layer07.key.0,7,full_attention,key,0,bfloat16,2,262144,12,3145728,262144,ans_raw,204880,1024,453,0,206357,76bd3e476c5e900db4ceda8dc9e04ab63d906bdbea68767c049c21ce33f52a94,76bd3e476c5e900db4ceda8dc9e04ab63d906bdbea68767c049c21ce33f52a94,true,/home/zhouziang/Workspace/compression/kv_compression/artifacts/raw/20261004_m1_qwen35_2k_ansraw/ans_raw_262144.akvpack,21221819,206349
20261004_m1_qwen35_2k_ansraw,layer07.key.0,7,full_attention,key,0,bfloat16,2,262144,13,3407872,262144,ans_raw,204900,1024,453,0,206377,98330c6709c32826334850f2d2059a09d5082785b1951625e2ced332b2177b3a,98330c6709c32826334850f2d2059a09d5082785b1951625e2ced332b2177b3a,true,/home/zhouziang/Workspace/compression/kv_compression/artifacts/raw/20261004_m1_qwen35_2k_ansraw/ans_raw_262144.akvpack,21428176,206369
20261004_m1_qwen35_2k_ansraw,layer07.key.0,7,full_attention,key,0,bfloat16,2,262144,14,3670016,262144,ans_raw,204844,1024,453,0,206321,4796a64ce5ef7c5451804f77e0fa9ce2c94c770e872be2e17f68454626d075bb,4796a64ce5ef7c5451804f77e0fa9ce2c94c770e872be2e17f68454626d075bb,true,/home/zhouziang/Workspace/compression/kv_compression/artifacts/raw/20261004_m1_qwen35_2k_ansraw/ans_raw_262144.akvpack,21634553,206313
20261004_m1_qwen35_2k_ansraw,layer07.key.0,7,full_attention,key,0,bfloat16,2,262144,15,3932160,262144,ans_raw,204692,1024,453,0,206169,6fcc412a7c30ea7f56581c28a22c54ea02dc813c24a28705e0a028ae8366da28,6fcc412a7c30ea7f56581c28a22c54ea02dc813c24a28705e0a028ae8366da28,true,/home/zhouziang/Workspace/compression/kv_compression/artifacts/raw/20261004_m1_qwen35_2k_ansraw/ans_raw_262144.akvpack,21840874,206161
20261004_m1_qwen35_2k_ansraw,layer07.value.0,7,full_attention,value,0,bfloat16,2,262144,0,0,262144,ans_raw,204652,1024,450,0,206126,0ffaf0ebcab3c04b0a8ac21702a538426d400cc95b0ce34bf405cc77eab2725e,0ffaf0ebcab3c04b0a8ac21702a538426d400cc95b0ce34bf405cc77eab2725e,true,/home/zhouziang/Workspace/compression/kv_compression/artifacts/raw/20261004_m1_qwen35_2k_ansraw/ans_raw_262144.akvpack,22047043,206118
20261004_m1_qwen35_2k_ansraw,layer07.value.0,7,full_attention,value,0,bfloat16,2,262144,1,262144,262144,ans_raw,204708,1024,455,0,206187,4fab1b3bd0d0ef578ec8ac96d3308e4c5c2c036f30df730e8ac6eaf8018c2cf1,4fab1b3bd0d0ef578ec8ac96d3308e4c5c2c036f30df730e8ac6eaf8018c2cf1,true,/home/zhouziang/Workspace/compression/kv_compression/artifacts/raw/20261004_m1_qwen35_2k_ansraw/ans_raw_262144.akvpack,22253169,206179
20261004_m1_qwen35_2k_ansraw,layer07.value.0,7,full_attention,value,0,bfloat16,2,262144,2,524288,262144,ans_raw,204792,1024,455,0,206271,d1804afdc32b689e4e42ddbb6f70e1e8def0cdaddae4cbd017fa5da6c19ffd64,d1804afdc32b689e4e42ddbb6f70e1e8def0cdaddae4cbd017fa5da6c19ffd64,true,/home/zhouziang/Workspace/compression/kv_compression/artifacts/raw/20261004_m1_qwen35_2k_ansraw/ans_raw_262144.akvpack,22459356,206263
20261004_m1_qwen35_2k_ansraw,layer07.value.0,7,full_attention,value,0,bfloat16,2,262144,3,786432,262144,ans_raw,204576,1024,455,0,206055,5c942e04bd0d3665c06a36961136602d59d71d47bc8c0b9d12a2d82b88e0151d,5c942e04bd0d3665c06a36961136602d59d71d47bc8c0b9d12a2d82b88e0151d,true,/home/zhouziang/Workspace/compression/kv_compression/artifacts/raw/20261004_m1_qwen35_2k_ansraw/ans_raw_262144.akvpack,22665627,206047
20261004_m1_qwen35_2k_ansraw,layer07.value.0,7,full_attention,value,0,bfloat16,2,262144,4,1048576,262144,ans_raw,205028,1024,456,0,206508,533f883121684bc29048de2ec5714a69d358e6d60bf235be9f69048c1299c862,533f883121684bc29048de2ec5714a69d358e6d60bf235be9f69048c1299c862,true,/home/zhouziang/Workspace/compression/kv_compression/artifacts/raw/20261004_m1_qwen35_2k_ansraw/ans_raw_262144.akvpack,22871682,206500
20261004_m1_qwen35_2k_ansraw,layer07.value.0,7,full_attention,value,0,bfloat16,2,262144,5,1310720,262144,ans_raw,204744,1024,456,0,206224,b7d5f63862dfa90398f822cdb137676da6d9eab4df39cf89ef88ed9e81c1d7c1,b7d5f63862dfa90398f822cdb137676da6d9eab4df39cf89ef88ed9e81c1d7c1,true,/home/zhouziang/Workspace/compression/kv_compression/artifacts/raw/20261004_m1_qwen35_2k_ansraw/ans_raw_262144.akvpack,23078190,206216
20261004_m1_qwen35_2k_ansraw,layer07.value.0,7,full_attention,value,0,bfloat16,2,262144,6,1572864,262144,ans_raw,204840,1024,456,0,206320,46f9585794c30f454a482e698ddeeff244d7feed5c3c33cee045c1ebe8a7f5ca,46f9585794c30f454a482e698ddeeff244d7feed5c3c33cee045c1ebe8a7f5ca,true,/home/zhouziang/Workspace/compression/kv_compression/artifacts/raw/20261004_m1_qwen35_2k_ansraw/ans_raw_262144.akvpack,23284414,206312
20261004_m1_qwen35_2k_ansraw,layer07.value.0,7,full_attention,value,0,bfloat16,2,262144,7,1835008,262144,ans_raw,204616,1024,456,0,206096,576e83a0773446d518483b971f1346c33e4e0db7cf2ad97395ff8c23501c2498,576e83a0773446d518483b971f1346c33e4e0db7cf2ad97395ff8c23501c2498,true,/home/zhouziang/Workspace/compression/kv_compression/artifacts/raw/20261004_m1_qwen35_2k_ansraw/ans_raw_262144.akvpack,23490734,206088
20261004_m1_qwen35_2k_ansraw,layer07.value.0,7,full_attention,value,0,bfloat16,2,262144,8,2097152,262144,ans_raw,204152,1024,456,0,205632,bdb489561bb950c3f2c26ecf396c1736e1f7884ee2a02a9f165a350aca85c082,bdb489561bb950c3f2c26ecf396c1736e1f7884ee2a02a9f165a350aca85c082,true,/home/zhouziang/Workspace/compression/kv_compression/artifacts/raw/20261004_m1_qwen35_2k_ansraw/ans_raw_262144.akvpack,23696830,205624
20261004_m1_qwen35_2k_ansraw,layer07.value.0,7,full_attention,value,0,bfloat16,2,262144,9,2359296,262144,ans_raw,204168,1024,456,0,205648,532e2958a339ca7a30b44111039f8eadb36f666a1dd6b3432810fa7d4d8737d8,532e2958a339ca7a30b44111039f8eadb36f666a1dd6b3432810fa7d4d8737d8,true,/home/zhouziang/Workspace/compression/kv_compression/artifacts/raw/20261004_m1_qwen35_2k_ansraw/ans_raw_262144.akvpack,23902462,205640
20261004_m1_qwen35_2k_ansraw,layer07.value.0,7,full_attention,value,0,bfloat16,2,262144,10,2621440,262144,ans_raw,204320,1024,457,0,205801,88c5c74c0412e34b24135e31d08025453529bf69a4c07ae4e386ed5c86b87ef2,88c5c74c0412e34b24135e31d08025453529bf69a4c07ae4e386ed5c86b87ef2,true,/home/zhouziang/Workspace/compression/kv_compression/artifacts/raw/20261004_m1_qwen35_2k_ansraw/ans_raw_262144.akvpack,24108110,205793
20261004_m1_qwen35_2k_ansraw,layer07.value.0,7,full_attention,value,0,bfloat16,2,262144,11,2883584,262144,ans_raw,203952,1024,457,0,205433,7d446102f1e5757f5f8af224473cdf30e4907bee8528d8c1f8ab6f09e3d4b7b7,7d446102f1e5757f5f8af224473cdf30e4907bee8528d8c1f8ab6f09e3d4b7b7,true,/home/zhouziang/Workspace/compression/kv_compression/artifacts/raw/20261004_m1_qwen35_2k_ansraw/ans_raw_262144.akvpack,24313911,205425
20261004_m1_qwen35_2k_ansraw,layer07.value.0,7,full_attention,value,0,bfloat16,2,262144,12,3145728,262144,ans_raw,204652,1024,457,0,206133,1823194159c747fe75300859817ad5f50f9d1886716d8fd76c60d6fa5fda7aae,1823194159c747fe75300859817ad5f50f9d1886716d8fd76c60d6fa5fda7aae,true,/home/zhouziang/Workspace/compression/kv_compression/artifacts/raw/20261004_m1_qwen35_2k_ansraw/ans_raw_262144.akvpack,24519344,206125
20261004_m1_qwen35_2k_ansraw,layer07.value.0,7,full_attention,value,0,bfloat16,2,262144,13,3407872,262144,ans_raw,204784,1024,457,0,206265,829f9d00a2cb5b22a2ceb7d6b7dc8dc660cc325dea7ada1a99567e77caac65c8,829f9d00a2cb5b22a2ceb7d6b7dc8dc660cc325dea7ada1a99567e77caac65c8,true,/home/zhouziang/Workspace/compression/kv_compression/artifacts/raw/20261004_m1_qwen35_2k_ansraw/ans_raw_262144.akvpack,24725477,206257
20261004_m1_qwen35_2k_ansraw,layer07.value.0,7,full_attention,value,0,bfloat16,2,262144,14,3670016,262144,ans_raw,204836,1024,457,0,206317,dc12d3ad324e5f3f999c92282adf916114f54ad1316e51524e5c62944ae22106,dc12d3ad324e5f3f999c92282adf916114f54ad1316e51524e5c62944ae22106,true,/home/zhouziang/Workspace/compression/kv_compression/artifacts/raw/20261004_m1_qwen35_2k_ansraw/ans_raw_262144.akvpack,24931742,206309
20261004_m1_qwen35_2k_ansraw,layer07.value.0,7,full_attention,value,0,bfloat16,2,262144,15,3932160,262144,ans_raw,204628,1024,457,0,206109,3af46edc56fc0df8288f3af5474e417c0c12ea39741ba36e6ba26b1aead7e79f,3af46edc56fc0df8288f3af5474e417c0c12ea39741ba36e6ba26b1aead7e79f,true,/home/zhouziang/Workspace/compression/kv_compression/artifacts/raw/20261004_m1_qwen35_2k_ansraw/ans_raw_262144.akvpack,25138059,206101
20261004_m1_qwen35_2k_ansraw,layer08.convolution.0,8,linear_attention,convolution,0,bfloat16,2,262144,0,0,65536,ans_raw,51328,1024,457,0,52809,32bff8ea0fe1a5b1db11a578550f9e0fbcf7fe5a15823e396a568aa18866f57f,32bff8ea0fe1a5b1db11a578550f9e0fbcf7fe5a15823e396a568aa18866f57f,true,/home/zhouziang/Workspace/compression/kv_compression/artifacts/raw/20261004_m1_qwen35_2k_ansraw/ans_raw_262144.akvpack,25344168,52801
20261004_m1_qwen35_2k_ansraw,layer08.recurrent.0,8,linear_attention,recurrent,0,float32,4,262144,0,0,262144,ans_raw,245368,1024,459,0,246851,9edcc18a380a0aadaa3331be4813f3f27a814b1e8ca1a1228dec545c48fb6dfd,9edcc18a380a0aadaa3331be4813f3f27a814b1e8ca1a1228dec545c48fb6dfd,true,/home/zhouziang/Workspace/compression/kv_compression/artifacts/raw/20261004_m1_qwen35_2k_ansraw/ans_raw_262144.akvpack,25396977,246843
20261004_m1_qwen35_2k_ansraw,layer08.recurrent.0,8,linear_attention,recurrent,0,float32,4,262144,1,262144,262144,ans_raw,245400,1024,464,0,246888,a705ab1fc75037e467590bd7560dae9973b0a7a3a7b7829b3ce282766555ef9e,a705ab1fc75037e467590bd7560dae9973b0a7a3a7b7829b3ce282766555ef9e,true,/home/zhouziang/Workspace/compression/kv_compression/artifacts/raw/20261004_m1_qwen35_2k_ansraw/ans_raw_262144.akvpack,25643828,246880
20261004_m1_qwen35_2k_ansraw,layer08.recurrent.0,8,linear_attention,recurrent,0,float32,4,262144,2,524288,262144,ans_raw,244928,1024,464,0,246416,fad201a49b7d533a5405807d9d3d5bc3a380ab5ea8f03242f5a584544eff3f13,fad201a49b7d533a5405807d9d3d5bc3a380ab5ea8f03242f5a584544eff3f13,true,/home/zhouziang/Workspace/compression/kv_compression/artifacts/raw/20261004_m1_qwen35_2k_ansraw/ans_raw_262144.akvpack,25890716,246408
20261004_m1_qwen35_2k_ansraw,layer08.recurrent.0,8,linear_attention,recurrent,0,float32,4,262144,3,786432,262144,ans_raw,245492,1024,464,0,246980,a350a8f7357e43e0b563e64a568973672756a58d39197b75339097882887a84c,a350a8f7357e43e0b563e64a568973672756a58d39197b75339097882887a84c,true,/home/zhouziang/Workspace/compression/kv_compression/artifacts/raw/20261004_m1_qwen35_2k_ansraw/ans_raw_262144.akvpack,26137132,246972
20261004_m1_qwen35_2k_ansraw,layer08.recurrent.0,8,linear_attention,recurrent,0,float32,4,262144,4,1048576,262144,ans_raw,243932,1024,465,0,245421,fc2b62cbc10d485ee61505a2c57813af27b7e8acf504f6e3e7666b3b5da3a69e,fc2b62cbc10d485ee61505a2c57813af27b7e8acf504f6e3e7666b3b5da3a69e,true,/home/zhouziang/Workspace/compression/kv_compression/artifacts/raw/20261004_m1_qwen35_2k_ansraw/ans_raw_262144.akvpack,26384112,245413
20261004_m1_qwen35_2k_ansraw,layer08.recurrent.0,8,linear_attention,recurrent,0,float32,4,262144,5,1310720,262144,ans_raw,247456,1024,465,0,248945,9044041082000deefc35d4a2cf67e451fc4d5e58bced98549fed8d6bd838e058,9044041082000deefc35d4a2cf67e451fc4d5e58bced98549fed8d6bd838e058,true,/home/zhouziang/Workspace/compression/kv_compression/artifacts/raw/20261004_m1_qwen35_2k_ansraw/ans_raw_262144.akvpack,26629533,248937
20261004_m1_qwen35_2k_ansraw,layer08.recurrent.0,8,linear_attention,recurrent,0,float32,4,262144,6,1572864,262144,ans_raw,244436,1024,465,0,245925,4a7cd073c2279ca7af9be3ea1aa64c63efc66257b0cec69cd7688604406772ec,4a7cd073c2279ca7af9be3ea1aa64c63efc66257b0cec69cd7688604406772ec,true,/home/zhouziang/Workspace/compression/kv_compression/artifacts/raw/20261004_m1_qwen35_2k_ansraw/ans_raw_262144.akvpack,26878478,245917
20261004_m1_qwen35_2k_ansraw,layer08.recurrent.0,8,linear_attention,recurrent,0,float32,4,262144,7,1835008,262144,ans_raw,245008,1024,465,0,246497,e1a2d7efe8d6365a7dcde2ca23318cdac668c203a5cbd1aa7544c0fb53c8d2c6,e1a2d7efe8d6365a7dcde2ca23318cdac668c203a5cbd1aa7544c0fb53c8d2c6,true,/home/zhouziang/Workspace/compression/kv_compression/artifacts/raw/20261004_m1_qwen35_2k_ansraw/ans_raw_262144.akvpack,27124403,246489
20261004_m1_qwen35_2k_ansraw,layer09.convolution.0,9,linear_attention,convolution,0,bfloat16,2,262144,0,0,65536,ans_raw,51360,1024,457,0,52841,62c7995fdfac9c3d24f66b11a2f66723178795f8b6427412fc31f9f8a1356852,62c7995fdfac9c3d24f66b11a2f66723178795f8b6427412fc31f9f8a1356852,true,/home/zhouziang/Workspace/compression/kv_compression/artifacts/raw/20261004_m1_qwen35_2k_ansraw/ans_raw_262144.akvpack,27370900,52833
20261004_m1_qwen35_2k_ansraw,layer09.recurrent.0,9,linear_attention,recurrent,0,float32,4,262144,0,0,262144,ans_raw,245084,1024,459,0,246567,20ec55597ed7e58dbee278882a7d8c26d00df162ef83756e1d058d48c67f796c,20ec55597ed7e58dbee278882a7d8c26d00df162ef83756e1d058d48c67f796c,true,/home/zhouziang/Workspace/compression/kv_compression/artifacts/raw/20261004_m1_qwen35_2k_ansraw/ans_raw_262144.akvpack,27423741,246559
20261004_m1_qwen35_2k_ansraw,layer09.recurrent.0,9,linear_attention,recurrent,0,float32,4,262144,1,262144,262144,ans_raw,244960,1024,464,0,246448,2b099931e3a56ab6fd787f90d7ac2327c4830c091afdd131422c2ad90f68e8cd,2b099931e3a56ab6fd787f90d7ac2327c4830c091afdd131422c2ad90f68e8cd,true,/home/zhouziang/Workspace/compression/kv_compression/artifacts/raw/20261004_m1_qwen35_2k_ansraw/ans_raw_262144.akvpack,27670308,246440
20261004_m1_qwen35_2k_ansraw,layer09.recurrent.0,9,linear_attention,recurrent,0,float32,4,262144,2,524288,262144,ans_raw,244664,1024,464,0,246152,74d08765b6b513e9a6555159d38afccaea0ae03508a7e227e76b7c0611c7cd7f,74d08765b6b513e9a6555159d38afccaea0ae03508a7e227e76b7c0611c7cd7f,true,/home/zhouziang/Workspace/compression/kv_compression/artifacts/raw/20261004_m1_qwen35_2k_ansraw/ans_raw_262144.akvpack,27916756,246144
20261004_m1_qwen35_2k_ansraw,layer09.recurrent.0,9,linear_attention,recurrent,0,float32,4,262144,3,786432,262144,ans_raw,244596,1024,464,0,246084,8a8bd589e5732129e178ef2edb2412a23d575b7404c2ed887914f27ec25660a4,8a8bd589e5732129e178ef2edb2412a23d575b7404c2ed887914f27ec25660a4,true,/home/zhouziang/Workspace/compression/kv_compression/artifacts/raw/20261004_m1_qwen35_2k_ansraw/ans_raw_262144.akvpack,28162908,246076
20261004_m1_qwen35_2k_ansraw,layer09.recurrent.0,9,linear_attention,recurrent,0,float32,4,262144,4,1048576,262144,ans_raw,244848,1024,465,0,246337,5e97e50de40d677fb151fe3ff3cfe9d4d983ffb73ad509f7188b21be7fbae53e,5e97e50de40d677fb151fe3ff3cfe9d4d983ffb73ad509f7188b21be7fbae53e,true,/home/zhouziang/Workspace/compression/kv_compression/artifacts/raw/20261004_m1_qwen35_2k_ansraw/ans_raw_262144.akvpack,28408992,246329
20261004_m1_qwen35_2k_ansraw,layer09.recurrent.0,9,linear_attention,recurrent,0,float32,4,262144,5,1310720,262144,ans_raw,244680,1024,465,0,246169,1e5aca76b14762bab217b4a2982e4b56bb512ac8297fb593e1a2464e0ad39713,1e5aca76b14762bab217b4a2982e4b56bb512ac8297fb593e1a2464e0ad39713,true,/home/zhouziang/Workspace/compression/kv_compression/artifacts/raw/20261004_m1_qwen35_2k_ansraw/ans_raw_262144.akvpack,28655329,246161
20261004_m1_qwen35_2k_ansraw,layer09.recurrent.0,9,linear_attention,recurrent,0,float32,4,262144,6,1572864,262144,ans_raw,244080,1024,465,0,245569,c6d881196ada9ba1ad4be273f34e75a2fc7918b1c296cccb0ad430927a16910e,c6d881196ada9ba1ad4be273f34e75a2fc7918b1c296cccb0ad430927a16910e,true,/home/zhouziang/Workspace/compression/kv_compression/artifacts/raw/20261004_m1_qwen35_2k_ansraw/ans_raw_262144.akvpack,28901498,245561
20261004_m1_qwen35_2k_ansraw,layer09.recurrent.0,9,linear_attention,recurrent,0,float32,4,262144,7,1835008,262144,ans_raw,245244,1024,465,0,246733,293a7cf067e89710478d066f775bbd1c4a02230d33b5ac704a18869bc7e8e8c5,293a7cf067e89710478d066f775bbd1c4a02230d33b5ac704a18869bc7e8e8c5,true,/home/zhouziang/Workspace/compression/kv_compression/artifacts/raw/20261004_m1_qwen35_2k_ansraw/ans_raw_262144.akvpack,29147067,246725
20261004_m1_qwen35_2k_ansraw,layer10.convolution.0,10,linear_attention,convolution,0,bfloat16,2,262144,0,0,65536,ans_raw,51308,1024,458,0,52790,5d2157d7b06ae4a2e57ba63077bb469d4189454c685c0e719308cd15ec7b027a,5d2157d7b06ae4a2e57ba63077bb469d4189454c685c0e719308cd15ec7b027a,true,/home/zhouziang/Workspace/compression/kv_compression/artifacts/raw/20261004_m1_qwen35_2k_ansraw/ans_raw_262144.akvpack,29393800,52782
20261004_m1_qwen35_2k_ansraw,layer10.recurrent.0,10,linear_attention,recurrent,0,float32,4,262144,0,0,262144,ans_raw,244120,1024,460,0,245604,f11528bec90bfdabd84eaf5d9cfd531407a18511dd4c9fd7a80714f237625bbd,f11528bec90bfdabd84eaf5d9cfd531407a18511dd4c9fd7a80714f237625bbd,true,/home/zhouziang/Workspace/compression/kv_compression/artifacts/raw/20261004_m1_qwen35_2k_ansraw/ans_raw_262144.akvpack,29446590,245596
20261004_m1_qwen35_2k_ansraw,layer10.recurrent.0,10,linear_attention,recurrent,0,float32,4,262144,1,262144,262144,ans_raw,244760,1024,465,0,246249,86b2a116e504cfd2269e43560831b34a3e65f42402395f80b49bc29001aefd8b,86b2a116e504cfd2269e43560831b34a3e65f42402395f80b49bc29001aefd8b,true,/home/zhouziang/Workspace/compression/kv_compression/artifacts/raw/20261004_m1_qwen35_2k_ansraw/ans_raw_262144.akvpack,29692194,246241
20261004_m1_qwen35_2k_ansraw,layer10.recurrent.0,10,linear_attention,recurrent,0,float32,4,262144,2,524288,262144,ans_raw,244652,1024,465,0,246141,94117a66b4062586d80f201a663af2d90379d26c9edb39b401cdc96ff85796e4,94117a66b4062586d80f201a663af2d90379d26c9edb39b401cdc96ff85796e4,true,/home/zhouziang/Workspace/compression/kv_compression/artifacts/raw/20261004_m1_qwen35_2k_ansraw/ans_raw_262144.akvpack,29938443,246133
20261004_m1_qwen35_2k_ansraw,layer10.recurrent.0,10,linear_attention,recurrent,0,float32,4,262144,3,786432,262144,ans_raw,245080,1024,465,0,246569,fb970f136e6414f7fa8c6aa3a30f9eb6a9cb56a2549050cc08e494aca6d66ef3,fb970f136e6414f7fa8c6aa3a30f9eb6a9cb56a2549050cc08e494aca6d66ef3,true,/home/zhouziang/Workspace/compression/kv_compression/artifacts/raw/20261004_m1_qwen35_2k_ansraw/ans_raw_262144.akvpack,30184584,246561
20261004_m1_qwen35_2k_ansraw,layer10.recurrent.0,10,linear_attention,recurrent,0,float32,4,262144,4,1048576,262144,ans_raw,244624,1024,466,0,246114,ffb3bf106264191c08ee05a59fcb81937e26d193b23444e95a373f45c67e94e6,ffb3bf106264191c08ee05a59fcb81937e26d193b23444e95a373f45c67e94e6,true,/home/zhouziang/Workspace/compression/kv_compression/artifacts/raw/20261004_m1_qwen35_2k_ansraw/ans_raw_262144.akvpack,30431153,246106
20261004_m1_qwen35_2k_ansraw,layer10.recurrent.0,10,linear_attention,recurrent,0,float32,4,262144,5,1310720,262144,ans_raw,244524,1024,466,0,246014,c1dc11db3d8d87cbf8f4205941cf623518a42a74b865e11baf589a8155f8feae,c1dc11db3d8d87cbf8f4205941cf623518a42a74b865e11baf589a8155f8feae,true,/home/zhouziang/Workspace/compression/kv_compression/artifacts/raw/20261004_m1_qwen35_2k_ansraw/ans_raw_262144.akvpack,30677267,246006
20261004_m1_qwen35_2k_ansraw,layer10.recurrent.0,10,linear_attention,recurrent,0,float32,4,262144,6,1572864,262144,ans_raw,244932,1024,466,0,246422,26032dd691dd86f0f70b524f5b71940b272d4c2134111feda65fb0f02016fc27,26032dd691dd86f0f70b524f5b71940b272d4c2134111feda65fb0f02016fc27,true,/home/zhouziang/Workspace/compression/kv_compression/artifacts/raw/20261004_m1_qwen35_2k_ansraw/ans_raw_262144.akvpack,30923281,246414
20261004_m1_qwen35_2k_ansraw,layer10.recurrent.0,10,linear_attention,recurrent,0,float32,4,262144,7,1835008,262144,ans_raw,244768,1024,466,0,246258,06e4ac0ca7f5d4dfe319ab9ec622498f43d61c037105bf3ae3e313b120ffcab7,06e4ac0ca7f5d4dfe319ab9ec622498f43d61c037105bf3ae3e313b120ffcab7,true,/home/zhouziang/Workspace/compression/kv_compression/artifacts/raw/20261004_m1_qwen35_2k_ansraw/ans_raw_262144.akvpack,31169703,246250
20261004_m1_qwen35_2k_ansraw,layer11.key.0,11,full_attention,key,0,bfloat16,2,262144,0,0,262144,ans_raw,205480,1024,447,0,206951,d38c977e7f5a1301c4c2dd2bdb46c075e93df6b3ec9046795289310cd2cf5ec7,d38c977e7f5a1301c4c2dd2bdb46c075e93df6b3ec9046795289310cd2cf5ec7,true,/home/zhouziang/Workspace/compression/kv_compression/artifacts/raw/20261004_m1_qwen35_2k_ansraw/ans_raw_262144.akvpack,31415961,206943
20261004_m1_qwen35_2k_ansraw,layer11.key.0,11,full_attention,key,0,bfloat16,2,262144,1,262144,262144,ans_raw,204916,1024,452,0,206392,9d1861345bc2835a0fc4631029c7748dee9782a67c5e1426d7d704045e7b2c04,9d1861345bc2835a0fc4631029c7748dee9782a67c5e1426d7d704045e7b2c04,true,/home/zhouziang/Workspace/compression/kv_compression/artifacts/raw/20261004_m1_qwen35_2k_ansraw/ans_raw_262144.akvpack,31622912,206384
20261004_m1_qwen35_2k_ansraw,layer11.key.0,11,full_attention,key,0,bfloat16,2,262144,2,524288,262144,ans_raw,204908,1024,452,0,206384,e38c57381307e34cf9a890405ca6f56f8a922e308dfd0b1513abd8ddb54d293d,e38c57381307e34cf9a890405ca6f56f8a922e308dfd0b1513abd8ddb54d293d,true,/home/zhouziang/Workspace/compression/kv_compression/artifacts/raw/20261004_m1_qwen35_2k_ansraw/ans_raw_262144.akvpack,31829304,206376
20261004_m1_qwen35_2k_ansraw,layer11.key.0,11,full_attention,key,0,bfloat16,2,262144,3,786432,262144,ans_raw,204712,1024,452,0,206188,0b8893af047517f01fdade77c9170899320a7ffc4b44597936e3bac49ff6ffb0,0b8893af047517f01fdade77c9170899320a7ffc4b44597936e3bac49ff6ffb0,true,/home/zhouziang/Workspace/compression/kv_compression/artifacts/raw/20261004_m1_qwen35_2k_ansraw/ans_raw_262144.akvpack,32035688,206180
20261004_m1_qwen35_2k_ansraw,layer11.key.0,11,full_attention,key,0,bfloat16,2,262144,4,1048576,262144,ans_raw,205524,1024,453,0,207001,214442b02a2141e5491fe58fcf398f6ea95e1035e5d17fa58dd398ae9c01d9c5,214442b02a2141e5491fe58fcf398f6ea95e1035e5d17fa58dd398ae9c01d9c5,true,/home/zhouziang/Workspace/compression/kv_compression/artifacts/raw/20261004_m1_qwen35_2k_ansraw/ans_raw_262144.akvpack,32241876,206993
20261004_m1_qwen35_2k_ansraw,layer11.key.0,11,full_attention,key,0,bfloat16,2,262144,5,1310720,262144,ans_raw,205076,1024,453,0,206553,3fe9957c927b54248799bdffbac27d48de3e16655990b8037e1b72e1fe7df2ef,3fe9957c927b54248799bdffbac27d48de3e16655990b8037e1b72e1fe7df2ef,true,/home/zhouziang/Workspace/compression/kv_compression/artifacts/raw/20261004_m1_qwen35_2k_ansraw/ans_raw_262144.akvpack,32448877,206545
20261004_m1_qwen35_2k_ansraw,layer11.key.0,11,full_attention,key,0,bfloat16,2,262144,6,1572864,262144,ans_raw,205044,1024,453,0,206521,5811fb73dfb033ed1cc68ed9c30405c8762d07d3a271cc04aed72721cb9a2172,5811fb73dfb033ed1cc68ed9c30405c8762d07d3a271cc04aed72721cb9a2172,true,/home/zhouziang/Workspace/compression/kv_compression/artifacts/raw/20261004_m1_qwen35_2k_ansraw/ans_raw_262144.akvpack,32655430,206513
20261004_m1_qwen35_2k_ansraw,layer11.key.0,11,full_attention,key,0,bfloat16,2,262144,7,1835008,262144,ans_raw,204952,1024,453,0,206429,0e577b23d6697bdf3bf65252484e631dd42f6d67dc5b00cb6bb0cf12896a6405,0e577b23d6697bdf3bf65252484e631dd42f6d67dc5b00cb6bb0cf12896a6405,true,/home/zhouziang/Workspace/compression/kv_compression/artifacts/raw/20261004_m1_qwen35_2k_ansraw/ans_raw_262144.akvpack,32861951,206421
20261004_m1_qwen35_2k_ansraw,layer11.key.0,11,full_attention,key,0,bfloat16,2,262144,8,2097152,262144,ans_raw,206236,1024,453,0,207713,76bc069c0bc5c68bb081b2db0a8ddb0af3d0bf710c7797d87f2fd96883a170e1,76bc069c0bc5c68bb081b2db0a8ddb0af3d0bf710c7797d87f2fd96883a170e1,true,/home/zhouziang/Workspace/compression/kv_compression/artifacts/raw/20261004_m1_qwen35_2k_ansraw/ans_raw_262144.akvpack,33068380,207705
20261004_m1_qwen35_2k_ansraw,layer11.key.0,11,full_attention,key,0,bfloat16,2,262144,9,2359296,262144,ans_raw,205200,1024,453,0,206677,0497742aeb2ce091466585ad7aae55747dbde72b2da5bd11bdb0e03b80a995b8,0497742aeb2ce091466585ad7aae55747dbde72b2da5bd11bdb0e03b80a995b8,true,/home/zhouziang/Workspace/compression/kv_compression/artifacts/raw/20261004_m1_qwen35_2k_ansraw/ans_raw_262144.akvpack,33276093,206669
20261004_m1_qwen35_2k_ansraw,layer11.key.0,11,full_attention,key,0,bfloat16,2,262144,10,2621440,262144,ans_raw,205116,1024,454,0,206594,6f8314dcd1e165d9c7fc772271ce103bf9f94a931f5a556544abe6be783f8d14,6f8314dcd1e165d9c7fc772271ce103bf9f94a931f5a556544abe6be783f8d14,true,/home/zhouziang/Workspace/compression/kv_compression/artifacts/raw/20261004_m1_qwen35_2k_ansraw/ans_raw_262144.akvpack,33482770,206586
20261004_m1_qwen35_2k_ansraw,layer11.key.0,11,full_attention,key,0,bfloat16,2,262144,11,2883584,262144,ans_raw,204952,1024,454,0,206430,237640d8468b2b620767a23c4e7c5b04b884e71c29962f5569ddb9509e52214e,237640d8468b2b620767a23c4e7c5b04b884e71c29962f5569ddb9509e52214e,true,/home/zhouziang/Workspace/compression/kv_compression/artifacts/raw/20261004_m1_qwen35_2k_ansraw/ans_raw_262144.akvpack,33689364,206422
20261004_m1_qwen35_2k_ansraw,layer11.key.0,11,full_attention,key,0,bfloat16,2,262144,12,3145728,262144,ans_raw,205028,1024,454,0,206506,10d7b2659863808c38c5a125173117553ef73f51e6e6a8b251aa22e731a9c5c4,10d7b2659863808c38c5a125173117553ef73f51e6e6a8b251aa22e731a9c5c4,true,/home/zhouziang/Workspace/compression/kv_compression/artifacts/raw/20261004_m1_qwen35_2k_ansraw/ans_raw_262144.akvpack,33895794,206498
20261004_m1_qwen35_2k_ansraw,layer11.key.0,11,full_attention,key,0,bfloat16,2,262144,13,3407872,262144,ans_raw,204744,1024,454,0,206222,d16ea9c34194916663e5f9fff0dd42142fa9ef9a7ff666bcb0454727799e39fa,d16ea9c34194916663e5f9fff0dd42142fa9ef9a7ff666bcb0454727799e39fa,true,/home/zhouziang/Workspace/compression/kv_compression/artifacts/raw/20261004_m1_qwen35_2k_ansraw/ans_raw_262144.akvpack,34102300,206214
20261004_m1_qwen35_2k_ansraw,layer11.key.0,11,full_attention,key,0,bfloat16,2,262144,14,3670016,262144,ans_raw,204680,1024,454,0,206158,692c7190f0633960e896e8a7b0c5c7f517e09afd77387bb212ab77b35793f451,692c7190f0633960e896e8a7b0c5c7f517e09afd77387bb212ab77b35793f451,true,/home/zhouziang/Workspace/compression/kv_compression/artifacts/raw/20261004_m1_qwen35_2k_ansraw/ans_raw_262144.akvpack,34308522,206150
20261004_m1_qwen35_2k_ansraw,layer11.key.0,11,full_attention,key,0,bfloat16,2,262144,15,3932160,262144,ans_raw,204536,1024,454,0,206014,61faf14d5822f17f2ed170a4aa4dbeeddfa4dbac6e074ed8180f9c73cf435864,61faf14d5822f17f2ed170a4aa4dbeeddfa4dbac6e074ed8180f9c73cf435864,true,/home/zhouziang/Workspace/compression/kv_compression/artifacts/raw/20261004_m1_qwen35_2k_ansraw/ans_raw_262144.akvpack,34514680,206006
20261004_m1_qwen35_2k_ansraw,layer11.value.0,11,full_attention,value,0,bfloat16,2,262144,0,0,262144,ans_raw,204936,1024,451,0,206411,17282f6f24242818596d181c217fa8b3650fcb11daf9cb1b1323bc8fe3d0fc9a,17282f6f24242818596d181c217fa8b3650fcb11daf9cb1b1323bc8fe3d0fc9a,true,/home/zhouziang/Workspace/compression/kv_compression/artifacts/raw/20261004_m1_qwen35_2k_ansraw/ans_raw_262144.akvpack,34720694,206403
20261004_m1_qwen35_2k_ansraw,layer11.value.0,11,full_attention,value,0,bfloat16,2,262144,1,262144,262144,ans_raw,204976,1024,456,0,206456,bf53c55e0feb8f2f049fe044031dba7374738b409948a794678ff4ec608550b9,bf53c55e0feb8f2f049fe044031dba7374738b409948a794678ff4ec608550b9,true,/home/zhouziang/Workspace/compression/kv_compression/artifacts/raw/20261004_m1_qwen35_2k_ansraw/ans_raw_262144.akvpack,34927105,206448
20261004_m1_qwen35_2k_ansraw,layer11.value.0,11,full_attention,value,0,bfloat16,2,262144,2,524288,262144,ans_raw,205000,1024,456,0,206480,c6930b2f2fa0a6c3eb120ac5e0a74478caed2e5cc85cbc2712c6cdafd357a2f2,c6930b2f2fa0a6c3eb120ac5e0a74478caed2e5cc85cbc2712c6cdafd357a2f2,true,/home/zhouziang/Workspace/compression/kv_compression/artifacts/raw/20261004_m1_qwen35_2k_ansraw/ans_raw_262144.akvpack,35133561,206472
20261004_m1_qwen35_2k_ansraw,layer11.value.0,11,full_attention,value,0,bfloat16,2,262144,3,786432,262144,ans_raw,204720,1024,456,0,206200,3794e982b669981365e7f1dcc6ab5ea4b1e2e727df3c958e7fc6a85cf9235ec5,3794e982b669981365e7f1dcc6ab5ea4b1e2e727df3c958e7fc6a85cf9235ec5,true,/home/zhouziang/Workspace/compression/kv_compression/artifacts/raw/20261004_m1_qwen35_2k_ansraw/ans_raw_262144.akvpack,35340041,206192
20261004_m1_qwen35_2k_ansraw,layer11.value.0,11,full_attention,value,0,bfloat16,2,262144,4,1048576,262144,ans_raw,204260,1024,457,0,205741,dc95ccade11ff28c8eaea7253757ec860bf1133fde098ad9408461af72a77993,dc95ccade11ff28c8eaea7253757ec860bf1133fde098ad9408461af72a77993,true,/home/zhouziang/Workspace/compression/kv_compression/artifacts/raw/20261004_m1_qwen35_2k_ansraw/ans_raw_262144.akvpack,35546241,205733
20261004_m1_qwen35_2k_ansraw,layer11.value.0,11,full_attention,value,0,bfloat16,2,262144,5,1310720,262144,ans_raw,204184,1024,457,0,205665,73fdb4de2d6a0421b042286fa5eae5de8cb45bbec6fc5aedb839930b9183474a,73fdb4de2d6a0421b042286fa5eae5de8cb45bbec6fc5aedb839930b9183474a,true,/home/zhouziang/Workspace/compression/kv_compression/artifacts/raw/20261004_m1_qwen35_2k_ansraw/ans_raw_262144.akvpack,35751982,205657
20261004_m1_qwen35_2k_ansraw,layer11.value.0,11,full_attention,value,0,bfloat16,2,262144,6,1572864,262144,ans_raw,204248,1024,457,0,205729,cee78f6e652246af5784772325792a3f083767f6b4a64a83ea8c845568cdc8a6,cee78f6e652246af5784772325792a3f083767f6b4a64a83ea8c845568cdc8a6,true,/home/zhouziang/Workspace/compression/kv_compression/artifacts/raw/20261004_m1_qwen35_2k_ansraw/ans_raw_262144.akvpack,35957647,205721
20261004_m1_qwen35_2k_ansraw,layer11.value.0,11,full_attention,value,0,bfloat16,2,262144,7,1835008,262144,ans_raw,204100,1024,457,0,205581,98ca48de1bab6c7bcc1ee80e726a852b8399fe8222f2b76da31d515c56ea1769,98ca48de1bab6c7bcc1ee80e726a852b8399fe8222f2b76da31d515c56ea1769,true,/home/zhouziang/Workspace/compression/kv_compression/artifacts/raw/20261004_m1_qwen35_2k_ansraw/ans_raw_262144.akvpack,36163376,205573
20261004_m1_qwen35_2k_ansraw,layer11.value.0,11,full_attention,value,0,bfloat16,2,262144,8,2097152,262144,ans_raw,204896,1024,457,0,206377,889ec1db17d06de9a3fd42918dbe5ff0b1c8cec9ea7b21976266ec1abf0e3d6d,889ec1db17d06de9a3fd42918dbe5ff0b1c8cec9ea7b21976266ec1abf0e3d6d,true,/home/zhouziang/Workspace/compression/kv_compression/artifacts/raw/20261004_m1_qwen35_2k_ansraw/ans_raw_262144.akvpack,36368957,206369
20261004_m1_qwen35_2k_ansraw,layer11.value.0,11,full_attention,value,0,bfloat16,2,262144,9,2359296,262144,ans_raw,204552,1024,457,0,206033,a412295baddd999eb572d633f273d6a5f7813ad4f626266a36a20d0e6f4430ab,a412295baddd999eb572d633f273d6a5f7813ad4f626266a36a20d0e6f4430ab,true,/home/zhouziang/Workspace/compression/kv_compression/artifacts/raw/20261004_m1_qwen35_2k_ansraw/ans_raw_262144.akvpack,36575334,206025
20261004_m1_qwen35_2k_ansraw,layer11.value.0,11,full_attention,value,0,bfloat16,2,262144,10,2621440,262144,ans_raw,204384,1024,458,0,205866,cabc9fbf43d11c4b281a77ddef4fb153be9b9e2613f9e06af686c89d8ac5747e,cabc9fbf43d11c4b281a77ddef4fb153be9b9e2613f9e06af686c89d8ac5747e,true,/home/zhouziang/Workspace/compression/kv_compression/artifacts/raw/20261004_m1_qwen35_2k_ansraw/ans_raw_262144.akvpack,36781367,205858
20261004_m1_qwen35_2k_ansraw,layer11.value.0,11,full_attention,value,0,bfloat16,2,262144,11,2883584,262144,ans_raw,204404,1024,458,0,205886,4969b10664d899ca5ffb82b7a0c6cf0fe5823ea1df56015de16bb0671839788d,4969b10664d899ca5ffb82b7a0c6cf0fe5823ea1df56015de16bb0671839788d,true,/home/zhouziang/Workspace/compression/kv_compression/artifacts/raw/20261004_m1_qwen35_2k_ansraw/ans_raw_262144.akvpack,36987233,205878
20261004_m1_qwen35_2k_ansraw,layer11.value.0,11,full_attention,value,0,bfloat16,2,262144,12,3145728,262144,ans_raw,204656,1024,458,0,206138,80a9c70d2090297cd1dc4292b4ac910a91827af6d5a5af85568c38f175bb6ca4,80a9c70d2090297cd1dc4292b4ac910a91827af6d5a5af85568c38f175bb6ca4,true,/home/zhouziang/Workspace/compression/kv_compression/artifacts/raw/20261004_m1_qwen35_2k_ansraw/ans_raw_262144.akvpack,37193119,206130
20261004_m1_qwen35_2k_ansraw,layer11.value.0,11,full_attention,value,0,bfloat16,2,262144,13,3407872,262144,ans_raw,204740,1024,458,0,206222,73f2555c8033e727c720a85344202c60739eff5e17b0adb84c218b99ac0299a8,73f2555c8033e727c720a85344202c60739eff5e17b0adb84c218b99ac0299a8,true,/home/zhouziang/Workspace/compression/kv_compression/artifacts/raw/20261004_m1_qwen35_2k_ansraw/ans_raw_262144.akvpack,37399257,206214
20261004_m1_qwen35_2k_ansraw,layer11.value.0,11,full_attention,value,0,bfloat16,2,262144,14,3670016,262144,ans_raw,204716,1024,458,0,206198,0170935d5e6c28331ca0ad3d2523a9c15a5881f9d88ef9050df3cac90349619d,0170935d5e6c28331ca0ad3d2523a9c15a5881f9d88ef9050df3cac90349619d,true,/home/zhouziang/Workspace/compression/kv_compression/artifacts/raw/20261004_m1_qwen35_2k_ansraw/ans_raw_262144.akvpack,37605479,206190
20261004_m1_qwen35_2k_ansraw,layer11.value.0,11,full_attention,value,0,bfloat16,2,262144,15,3932160,262144,ans_raw,204336,1024,458,0,205818,1b147029b7261046eb47ad7b3f81b01ada220a626b1332c40bb5cc9b7c12e3c7,1b147029b7261046eb47ad7b3f81b01ada220a626b1332c40bb5cc9b7c12e3c7,true,/home/zhouziang/Workspace/compression/kv_compression/artifacts/raw/20261004_m1_qwen35_2k_ansraw/ans_raw_262144.akvpack,37811677,205810
20261004_m1_qwen35_2k_ansraw,layer12.convolution.0,12,linear_attention,convolution,0,bfloat16,2,262144,0,0,65536,ans_raw,51468,1024,458,0,52950,29ddd8fb7751f18bba086235391ce05e7ffbdbc439119283a097e18c1c2bb665,29ddd8fb7751f18bba086235391ce05e7ffbdbc439119283a097e18c1c2bb665,true,/home/zhouziang/Workspace/compression/kv_compression/artifacts/raw/20261004_m1_qwen35_2k_ansraw/ans_raw_262144.akvpack,38017495,52942
20261004_m1_qwen35_2k_ansraw,layer12.recurrent.0,12,linear_attention,recurrent,0,float32,4,262144,0,0,262144,ans_raw,244268,1024,460,0,245752,4e22d1d27a3d5045c56f04e6af243c3eaa93a2ea91e4b54acaac068977598afb,4e22d1d27a3d5045c56f04e6af243c3eaa93a2ea91e4b54acaac068977598afb,true,/home/zhouziang/Workspace/compression/kv_compression/artifacts/raw/20261004_m1_qwen35_2k_ansraw/ans_raw_262144.akvpack,38070445,245744
20261004_m1_qwen35_2k_ansraw,layer12.recurrent.0,12,linear_attention,recurrent,0,float32,4,262144,1,262144,262144,ans_raw,244696,1024,465,0,246185,db73adeedc2fd40032880fbacaa5a3728fa68f5bffebd7b97ae743ad198d2f0e,db73adeedc2fd40032880fbacaa5a3728fa68f5bffebd7b97ae743ad198d2f0e,true,/home/zhouziang/Workspace/compression/kv_compression/artifacts/raw/20261004_m1_qwen35_2k_ansraw/ans_raw_262144.akvpack,38316197,246177
20261004_m1_qwen35_2k_ansraw,layer12.recurrent.0,12,linear_attention,recurrent,0,float32,4,262144,2,524288,262144,ans_raw,244780,1024,465,0,246269,269f864a89bf1796a6424eb1a81a1aac40471fc9bdfd3ac3a770e1e378460191,269f864a89bf1796a6424eb1a81a1aac40471fc9bdfd3ac3a770e1e378460191,true,/home/zhouziang/Workspace/compression/kv_compression/artifacts/raw/20261004_m1_qwen35_2k_ansraw/ans_raw_262144.akvpack,38562382,246261
20261004_m1_qwen35_2k_ansraw,layer12.recurrent.0,12,linear_attention,recurrent,0,float32,4,262144,3,786432,262144,ans_raw,244800,1024,465,0,246289,30ece32cb799c4965837a0a058419b31edafad2ca1c655d59c9c4e0930915029,30ece32cb799c4965837a0a058419b31edafad2ca1c655d59c9c4e0930915029,true,/home/zhouziang/Workspace/compression/kv_compression/artifacts/raw/20261004_m1_qwen35_2k_ansraw/ans_raw_262144.akvpack,38808651,246281
20261004_m1_qwen35_2k_ansraw,layer12.recurrent.0,12,linear_attention,recurrent,0,float32,4,262144,4,1048576,262144,ans_raw,247028,1024,466,0,248518,e055729d2e584086fbcba013027f8afb2386161ff168ab971f0c4f6f2474ff29,e055729d2e584086fbcba013027f8afb2386161ff168ab971f0c4f6f2474ff29,true,/home/zhouziang/Workspace/compression/kv_compression/artifacts/raw/20261004_m1_qwen35_2k_ansraw/ans_raw_262144.akvpack,39054940,248510
20261004_m1_qwen35_2k_ansraw,layer12.recurrent.0,12,linear_attention,recurrent,0,float32,4,262144,5,1310720,262144,ans_raw,244832,1024,466,0,246322,488a0c6d406c2c8db382447951a6b0a13123098d668384bea09088f1bc7c3ddf,488a0c6d406c2c8db382447951a6b0a13123098d668384bea09088f1bc7c3ddf,true,/home/zhouziang/Workspace/compression/kv_compression/artifacts/raw/20261004_m1_qwen35_2k_ansraw/ans_raw_262144.akvpack,39303458,246314
20261004_m1_qwen35_2k_ansraw,layer12.recurrent.0,12,linear_attention,recurrent,0,float32,4,262144,6,1572864,262144,ans_raw,245176,1024,466,0,246666,bdbb3c188374886e9e096c56ad6823a2ff88de33ca5c524743b4416a179a3f59,bdbb3c188374886e9e096c56ad6823a2ff88de33ca5c524743b4416a179a3f59,true,/home/zhouziang/Workspace/compression/kv_compression/artifacts/raw/20261004_m1_qwen35_2k_ansraw/ans_raw_262144.akvpack,39549780,246658
20261004_m1_qwen35_2k_ansraw,layer12.recurrent.0,12,linear_attention,recurrent,0,float32,4,262144,7,1835008,262144,ans_raw,243980,1024,466,0,245470,8bc5c39ff6ddf4598b8009c374537718b7b0a98766128fe5c23b998ea09e7942,8bc5c39ff6ddf4598b8009c374537718b7b0a98766128fe5c23b998ea09e7942,true,/home/zhouziang/Workspace/compression/kv_compression/artifacts/raw/20261004_m1_qwen35_2k_ansraw/ans_raw_262144.akvpack,39796446,245462
20261004_m1_qwen35_2k_ansraw,layer13.convolution.0,13,linear_attention,convolution,0,bfloat16,2,262144,0,0,65536,ans_raw,51420,1024,458,0,52902,ae7b63459d71b905a6a6786e182bd0e19f17573a444886cb232ba8bb968dd6e6,ae7b63459d71b905a6a6786e182bd0e19f17573a444886cb232ba8bb968dd6e6,true,/home/zhouziang/Workspace/compression/kv_compression/artifacts/raw/20261004_m1_qwen35_2k_ansraw/ans_raw_262144.akvpack,40041916,52894
20261004_m1_qwen35_2k_ansraw,layer13.recurrent.0,13,linear_attention,recurrent,0,float32,4,262144,0,0,262144,ans_raw,246004,1024,460,0,247488,f31853c6bd3977d25da5c5bdccff92dd400960d8b6213303920d763b76bf2b10,f31853c6bd3977d25da5c5bdccff92dd400960d8b6213303920d763b76bf2b10,true,/home/zhouziang/Workspace/compression/kv_compression/artifacts/raw/20261004_m1_qwen35_2k_ansraw/ans_raw_262144.akvpack,40094818,247480
20261004_m1_qwen35_2k_ansraw,layer13.recurrent.0,13,linear_attention,recurrent,0,float32,4,262144,1,262144,262144,ans_raw,244852,1024,465,0,246341,08eae398b544c49296696f56d04a1cb3a7be57ee691222edb114e71f7a26c5f3,08eae398b544c49296696f56d04a1cb3a7be57ee691222edb114e71f7a26c5f3,true,/home/zhouziang/Workspace/compression/kv_compression/artifacts/raw/20261004_m1_qwen35_2k_ansraw/ans_raw_262144.akvpack,40342306,246333
20261004_m1_qwen35_2k_ansraw,layer13.recurrent.0,13,linear_attention,recurrent,0,float32,4,262144,2,524288,262144,ans_raw,245064,1024,465,0,246553,62032955e8b1ff6844163097f4e5fc54b17194ad4b62eca3f3bcc1d15edd8cba,62032955e8b1ff6844163097f4e5fc54b17194ad4b62eca3f3bcc1d15edd8cba,true,/home/zhouziang/Workspace/compression/kv_compression/artifacts/raw/20261004_m1_qwen35_2k_ansraw/ans_raw_262144.akvpack,40588647,246545
20261004_m1_qwen35_2k_ansraw,layer13.recurrent.0,13,linear_attention,recurrent,0,float32,4,262144,3,786432,262144,ans_raw,244852,1024,465,0,246341,17c56714ee9df26cb83f107df2f3d65ce9f7fd179a08b4904ada86e2f446a9f5,17c56714ee9df26cb83f107df2f3d65ce9f7fd179a08b4904ada86e2f446a9f5,true,/home/zhouziang/Workspace/compression/kv_compression/artifacts/raw/20261004_m1_qwen35_2k_ansraw/ans_raw_262144.akvpack,40835200,246333
20261004_m1_qwen35_2k_ansraw,layer13.recurrent.0,13,linear_attention,recurrent,0,float32,4,262144,4,1048576,262144,ans_raw,244340,1024,466,0,245830,886466cb86ff7cbd12b31c0c3f25533d5694019bf412a115fc01762af468d0d7,886466cb86ff7cbd12b31c0c3f25533d5694019bf412a115fc01762af468d0d7,true,/home/zhouziang/Workspace/compression/kv_compression/artifacts/raw/20261004_m1_qwen35_2k_ansraw/ans_raw_262144.akvpack,41081541,245822
20261004_m1_qwen35_2k_ansraw,layer13.recurrent.0,13,linear_attention,recurrent,0,float32,4,262144,5,1310720,262144,ans_raw,244748,1024,466,0,246238,9cb12d1fa25b0b9b8f1a28145da469190da943ee316deb210a1dfe5b0ac79db7,9cb12d1fa25b0b9b8f1a28145da469190da943ee316deb210a1dfe5b0ac79db7,true,/home/zhouziang/Workspace/compression/kv_compression/artifacts/raw/20261004_m1_qwen35_2k_ansraw/ans_raw_262144.akvpack,41327371,246230
20261004_m1_qwen35_2k_ansraw,layer13.recurrent.0,13,linear_attention,recurrent,0,float32,4,262144,6,1572864,262144,ans_raw,244908,1024,466,0,246398,6276cea84d2274c77393dd1effbea2e27fae20394da9ae6853d4a82326f08ec0,6276cea84d2274c77393dd1effbea2e27fae20394da9ae6853d4a82326f08ec0,true,/home/zhouziang/Workspace/compression/kv_compression/artifacts/raw/20261004_m1_qwen35_2k_ansraw/ans_raw_262144.akvpack,41573609,246390
20261004_m1_qwen35_2k_ansraw,layer13.recurrent.0,13,linear_attention,recurrent,0,float32,4,262144,7,1835008,262144,ans_raw,244408,1024,466,0,245898,597715448934a84f976cc213a7d550f36d1f59cd891d527955c93f6a3573dcb4,597715448934a84f976cc213a7d550f36d1f59cd891d527955c93f6a3573dcb4,true,/home/zhouziang/Workspace/compression/kv_compression/artifacts/raw/20261004_m1_qwen35_2k_ansraw/ans_raw_262144.akvpack,41820007,245890
20261004_m1_qwen35_2k_ansraw,layer14.convolution.0,14,linear_attention,convolution,0,bfloat16,2,262144,0,0,65536,ans_raw,51524,1024,458,0,53006,dd54e940f6682e591a0f87eae1dbf0804e36b76016a8140f71123a5c59fe0ac8,dd54e940f6682e591a0f87eae1dbf0804e36b76016a8140f71123a5c59fe0ac8,true,/home/zhouziang/Workspace/compression/kv_compression/artifacts/raw/20261004_m1_qwen35_2k_ansraw/ans_raw_262144.akvpack,42065905,52998
20261004_m1_qwen35_2k_ansraw,layer14.recurrent.0,14,linear_attention,recurrent,0,float32,4,262144,0,0,262144,ans_raw,244616,1024,460,0,246100,78ac9b8e8e3a57be76587b5ca3459e27efb11b3efdebfebc770b612fcba3edd4,78ac9b8e8e3a57be76587b5ca3459e27efb11b3efdebfebc770b612fcba3edd4,true,/home/zhouziang/Workspace/compression/kv_compression/artifacts/raw/20261004_m1_qwen35_2k_ansraw/ans_raw_262144.akvpack,42118911,246092
20261004_m1_qwen35_2k_ansraw,layer14.recurrent.0,14,linear_attention,recurrent,0,float32,4,262144,1,262144,262144,ans_raw,244804,1024,465,0,246293,34946843101b214d12b3f9514306244a5d8fef5c7654625659c21668793112fe,34946843101b214d12b3f9514306244a5d8fef5c7654625659c21668793112fe,true,/home/zhouziang/Workspace/compression/kv_compression/artifacts/raw/20261004_m1_qwen35_2k_ansraw/ans_raw_262144.akvpack,42365011,246285
20261004_m1_qwen35_2k_ansraw,layer14.recurrent.0,14,linear_attention,recurrent,0,float32,4,262144,2,524288,262144,ans_raw,244652,1024,465,0,246141,5a50115db686b9b63f8dc32aba275950bf0cc08ab1f367915f775292304e2b5d,5a50115db686b9b63f8dc32aba275950bf0cc08ab1f367915f775292304e2b5d,true,/home/zhouziang/Workspace/compression/kv_compression/artifacts/raw/20261004_m1_qwen35_2k_ansraw/ans_raw_262144.akvpack,42611304,246133
20261004_m1_qwen35_2k_ansraw,layer14.recurrent.0,14,linear_attention,recurrent,0,float32,4,262144,3,786432,262144,ans_raw,245168,1024,465,0,246657,fc9e8a75ce40b2d109d81f4e0957216ac3f1c7daf26907be84ef4564930751eb,fc9e8a75ce40b2d109d81f4e0957216ac3f1c7daf26907be84ef4564930751eb,true,/home/zhouziang/Workspace/compression/kv_compression/artifacts/raw/20261004_m1_qwen35_2k_ansraw/ans_raw_262144.akvpack,42857445,246649
20261004_m1_qwen35_2k_ansraw,layer14.recurrent.0,14,linear_attention,recurrent,0,float32,4,262144,4,1048576,262144,ans_raw,244496,1024,466,0,245986,e1b691d36da053336aea61f3b6c42af05c6da1cc95da52acfdaa122dfbe588b8,e1b691d36da053336aea61f3b6c42af05c6da1cc95da52acfdaa122dfbe588b8,true,/home/zhouziang/Workspace/compression/kv_compression/artifacts/raw/20261004_m1_qwen35_2k_ansraw/ans_raw_262144.akvpack,43104102,245978
20261004_m1_qwen35_2k_ansraw,layer14.recurrent.0,14,linear_attention,recurrent,0,float32,4,262144,5,1310720,262144,ans_raw,244592,1024,466,0,246082,efc6bfedd4d6c9a2ad1464317ecea542457969bd085029a4626014bd5cb6d6a2,efc6bfedd4d6c9a2ad1464317ecea542457969bd085029a4626014bd5cb6d6a2,true,/home/zhouziang/Workspace/compression/kv_compression/artifacts/raw/20261004_m1_qwen35_2k_ansraw/ans_raw_262144.akvpack,43350088,246074
20261004_m1_qwen35_2k_ansraw,layer14.recurrent.0,14,linear_attention,recurrent,0,float32,4,262144,6,1572864,262144,ans_raw,244860,1024,466,0,246350,ba1307fa85ce32f04cc20c0087ce898f9626e1ca0253cc3faf4e7e3d347fd94c,ba1307fa85ce32f04cc20c0087ce898f9626e1ca0253cc3faf4e7e3d347fd94c,true,/home/zhouziang/Workspace/compression/kv_compression/artifacts/raw/20261004_m1_qwen35_2k_ansraw/ans_raw_262144.akvpack,43596170,246342
20261004_m1_qwen35_2k_ansraw,layer14.recurrent.0,14,linear_attention,recurrent,0,float32,4,262144,7,1835008,262144,ans_raw,244328,1024,466,0,245818,14f0ecd72c06d89d62f4123e00a73da593036c37a10d83d2a42080c89d5f9db7,14f0ecd72c06d89d62f4123e00a73da593036c37a10d83d2a42080c89d5f9db7,true,/home/zhouziang/Workspace/compression/kv_compression/artifacts/raw/20261004_m1_qwen35_2k_ansraw/ans_raw_262144.akvpack,43842520,245810
20261004_m1_qwen35_2k_ansraw,layer15.key.0,15,full_attention,key,0,bfloat16,2,262144,0,0,262144,ans_raw,206508,1024,447,0,207979,c8f718797daba2f0edf419d05b78065c3a5d66f1ca08a95f31b16c45947a3bc1,c8f718797daba2f0edf419d05b78065c3a5d66f1ca08a95f31b16c45947a3bc1,true,/home/zhouziang/Workspace/compression/kv_compression/artifacts/raw/20261004_m1_qwen35_2k_ansraw/ans_raw_262144.akvpack,44088338,207971
20261004_m1_qwen35_2k_ansraw,layer15.key.0,15,full_attention,key,0,bfloat16,2,262144,1,262144,262144,ans_raw,205856,1024,452,0,207332,00ec421eda6b4d4ee50057b5baf7484bd3d2693acae67f7146ceae7f99cac051,00ec421eda6b4d4ee50057b5baf7484bd3d2693acae67f7146ceae7f99cac051,true,/home/zhouziang/Workspace/compression/kv_compression/artifacts/raw/20261004_m1_qwen35_2k_ansraw/ans_raw_262144.akvpack,44296317,207324
20261004_m1_qwen35_2k_ansraw,layer15.key.0,15,full_attention,key,0,bfloat16,2,262144,2,524288,262144,ans_raw,205520,1024,452,0,206996,e4a801601a1d4163b4986b7fa9d835eddde7feb15a39f49cc76fb12c6b653118,e4a801601a1d4163b4986b7fa9d835eddde7feb15a39f49cc76fb12c6b653118,true,/home/zhouziang/Workspace/compression/kv_compression/artifacts/raw/20261004_m1_qwen35_2k_ansraw/ans_raw_262144.akvpack,44503649,206988
20261004_m1_qwen35_2k_ansraw,layer15.key.0,15,full_attention,key,0,bfloat16,2,262144,3,786432,262144,ans_raw,205564,1024,452,0,207040,55caed365580a564bcea69d5d7e455fde766effefed70d57d9f09ede29fafb31,55caed365580a564bcea69d5d7e455fde766effefed70d57d9f09ede29fafb31,true,/home/zhouziang/Workspace/compression/kv_compression/artifacts/raw/20261004_m1_qwen35_2k_ansraw/ans_raw_262144.akvpack,44710645,207032
20261004_m1_qwen35_2k_ansraw,layer15.key.0,15,full_attention,key,0,bfloat16,2,262144,4,1048576,262144,ans_raw,205412,1024,453,0,206889,9e83592847d9c10a969621d94daa0db6e5677aa9419b6fed0ecbe44eb3106c37,9e83592847d9c10a969621d94daa0db6e5677aa9419b6fed0ecbe44eb3106c37,true,/home/zhouziang/Workspace/compression/kv_compression/artifacts/raw/20261004_m1_qwen35_2k_ansraw/ans_raw_262144.akvpack,44917685,206881
20261004_m1_qwen35_2k_ansraw,layer15.key.0,15,full_attention,key,0,bfloat16,2,262144,5,1310720,262144,ans_raw,204776,1024,453,0,206253,66f7aae8f6d4a299645cfbdcb9f0586adce2bccfd114aa7492e1478778adc712,66f7aae8f6d4a299645cfbdcb9f0586adce2bccfd114aa7492e1478778adc712,true,/home/zhouziang/Workspace/compression/kv_compression/artifacts/raw/20261004_m1_qwen35_2k_ansraw/ans_raw_262144.akvpack,45124574,206245
20261004_m1_qwen35_2k_ansraw,layer15.key.0,15,full_attention,key,0,bfloat16,2,262144,6,1572864,262144,ans_raw,204776,1024,453,0,206253,dcf6c15d2a175de2634e025b7286b971eec30ba059ccb003cff98868293ae2aa,dcf6c15d2a175de2634e025b7286b971eec30ba059ccb003cff98868293ae2aa,true,/home/zhouziang/Workspace/compression/kv_compression/artifacts/raw/20261004_m1_qwen35_2k_ansraw/ans_raw_262144.akvpack,45330827,206245
20261004_m1_qwen35_2k_ansraw,layer15.key.0,15,full_attention,key,0,bfloat16,2,262144,7,1835008,262144,ans_raw,204580,1024,453,0,206057,b66b4c21a89433704cbe4583d2964d33774b3ed05e2d5f416ce2e2b5841a4e4f,b66b4c21a89433704cbe4583d2964d33774b3ed05e2d5f416ce2e2b5841a4e4f,true,/home/zhouziang/Workspace/compression/kv_compression/artifacts/raw/20261004_m1_qwen35_2k_ansraw/ans_raw_262144.akvpack,45537080,206049
20261004_m1_qwen35_2k_ansraw,layer15.key.0,15,full_attention,key,0,bfloat16,2,262144,8,2097152,262144,ans_raw,206308,1024,453,0,207785,97af635ef4fc3da2359263a81a2b5efdb0e214c4dbdc9d211ab3d55754ffe847,97af635ef4fc3da2359263a81a2b5efdb0e214c4dbdc9d211ab3d55754ffe847,true,/home/zhouziang/Workspace/compression/kv_compression/artifacts/raw/20261004_m1_qwen35_2k_ansraw/ans_raw_262144.akvpack,45743137,207777
20261004_m1_qwen35_2k_ansraw,layer15.key.0,15,full_attention,key,0,bfloat16,2,262144,9,2359296,262144,ans_raw,205712,1024,453,0,207189,982f3da3c61cd56be79f704b29a50464ee7fbdb78ef54439329898c2a3da9e8b,982f3da3c61cd56be79f704b29a50464ee7fbdb78ef54439329898c2a3da9e8b,true,/home/zhouziang/Workspace/compression/kv_compression/artifacts/raw/20261004_m1_qwen35_2k_ansraw/ans_raw_262144.akvpack,45950922,207181
20261004_m1_qwen35_2k_ansraw,layer15.key.0,15,full_attention,key,0,bfloat16,2,262144,10,2621440,262144,ans_raw,205496,1024,454,0,206974,c88b6127c07fe0772d7b588a4c3e12c33aa48dd99d30eaad67d23335e1b9f386,c88b6127c07fe0772d7b588a4c3e12c33aa48dd99d30eaad67d23335e1b9f386,true,/home/zhouziang/Workspace/compression/kv_compression/artifacts/raw/20261004_m1_qwen35_2k_ansraw/ans_raw_262144.akvpack,46158111,206966
20261004_m1_qwen35_2k_ansraw,layer15.key.0,15,full_attention,key,0,bfloat16,2,262144,11,2883584,262144,ans_raw,205560,1024,454,0,207038,0ff1b4ebe4ae15b83771cebb2657c747e29075a2c20798bd3b935f830cf73949,0ff1b4ebe4ae15b83771cebb2657c747e29075a2c20798bd3b935f830cf73949,true,/home/zhouziang/Workspace/compression/kv_compression/artifacts/raw/20261004_m1_qwen35_2k_ansraw/ans_raw_262144.akvpack,46365085,207030
20261004_m1_qwen35_2k_ansraw,layer15.key.0,15,full_attention,key,0,bfloat16,2,262144,12,3145728,262144,ans_raw,205884,1024,454,0,207362,5c978b3188593f54765de5d23c7896bb2768ca481f6e71e263ce45c0d81f7010,5c978b3188593f54765de5d23c7896bb2768ca481f6e71e263ce45c0d81f7010,true,/home/zhouziang/Workspace/compression/kv_compression/artifacts/raw/20261004_m1_qwen35_2k_ansraw/ans_raw_262144.akvpack,46572123,207354
20261004_m1_qwen35_2k_ansraw,layer15.key.0,15,full_attention,key,0,bfloat16,2,262144,13,3407872,262144,ans_raw,205352,1024,454,0,206830,8eb2171809b47f1ad21a3496fb3613320628ef7cddc476f3ef5c7857166d6c4e,8eb2171809b47f1ad21a3496fb3613320628ef7cddc476f3ef5c7857166d6c4e,true,/home/zhouziang/Workspace/compression/kv_compression/artifacts/raw/20261004_m1_qwen35_2k_ansraw/ans_raw_262144.akvpack,46779485,206822
20261004_m1_qwen35_2k_ansraw,layer15.key.0,15,full_attention,key,0,bfloat16,2,262144,14,3670016,262144,ans_raw,205176,1024,454,0,206654,476d893ffc8794c26d4f69883d88a53f440cde35dc22b8f932527edcb63c9fed,476d893ffc8794c26d4f69883d88a53f440cde35dc22b8f932527edcb63c9fed,true,/home/zhouziang/Workspace/compression/kv_compression/artifacts/raw/20261004_m1_qwen35_2k_ansraw/ans_raw_262144.akvpack,46986315,206646
20261004_m1_qwen35_2k_ansraw,layer15.key.0,15,full_attention,key,0,bfloat16,2,262144,15,3932160,262144,ans_raw,205688,1024,454,0,207166,54624e620e707f18a68947ff238c0d557ceca0098890cf5f562a3354acd6590c,54624e620e707f18a68947ff238c0d557ceca0098890cf5f562a3354acd6590c,true,/home/zhouziang/Workspace/compression/kv_compression/artifacts/raw/20261004_m1_qwen35_2k_ansraw/ans_raw_262144.akvpack,47192969,207158
20261004_m1_qwen35_2k_ansraw,layer15.value.0,15,full_attention,value,0,bfloat16,2,262144,0,0,262144,ans_raw,204488,1024,451,0,205963,5d7b300141c9f738b0f0829a4d606ed60c8a2367a28d04bcd00a8d85d7694d05,5d7b300141c9f738b0f0829a4d606ed60c8a2367a28d04bcd00a8d85d7694d05,true,/home/zhouziang/Workspace/compression/kv_compression/artifacts/raw/20261004_m1_qwen35_2k_ansraw/ans_raw_262144.akvpack,47400135,205955
20261004_m1_qwen35_2k_ansraw,layer15.value.0,15,full_attention,value,0,bfloat16,2,262144,1,262144,262144,ans_raw,204372,1024,456,0,205852,fa594fede042cb3126ff8e19524a1f09e1522d7bb28fa08fa32d81255a8fc244,fa594fede042cb3126ff8e19524a1f09e1522d7bb28fa08fa32d81255a8fc244,true,/home/zhouziang/Workspace/compression/kv_compression/artifacts/raw/20261004_m1_qwen35_2k_ansraw/ans_raw_262144.akvpack,47606098,205844
20261004_m1_qwen35_2k_ansraw,layer15.value.0,15,full_attention,value,0,bfloat16,2,262144,2,524288,262144,ans_raw,204504,1024,456,0,205984,8489a611ccc91530cefc0e5f7a113c57eea08885ed068d6b252a21b10e326bcf,8489a611ccc91530cefc0e5f7a113c57eea08885ed068d6b252a21b10e326bcf,true,/home/zhouziang/Workspace/compression/kv_compression/artifacts/raw/20261004_m1_qwen35_2k_ansraw/ans_raw_262144.akvpack,47811950,205976
20261004_m1_qwen35_2k_ansraw,layer15.value.0,15,full_attention,value,0,bfloat16,2,262144,3,786432,262144,ans_raw,204340,1024,456,0,205820,985dacc80f9e06f1f41afafdfda3ad539de0c486f59e285813b3c5b203f6ca9c,985dacc80f9e06f1f41afafdfda3ad539de0c486f59e285813b3c5b203f6ca9c,true,/home/zhouziang/Workspace/compression/kv_compression/artifacts/raw/20261004_m1_qwen35_2k_ansraw/ans_raw_262144.akvpack,48017934,205812
20261004_m1_qwen35_2k_ansraw,layer15.value.0,15,full_attention,value,0,bfloat16,2,262144,4,1048576,262144,ans_raw,204192,1024,457,0,205673,f3e29186c459b3fde9d08c5820079748a406002866ebc87aea36e09e8479d23e,f3e29186c459b3fde9d08c5820079748a406002866ebc87aea36e09e8479d23e,true,/home/zhouziang/Workspace/compression/kv_compression/artifacts/raw/20261004_m1_qwen35_2k_ansraw/ans_raw_262144.akvpack,48223754,205665
20261004_m1_qwen35_2k_ansraw,layer15.value.0,15,full_attention,value,0,bfloat16,2,262144,5,1310720,262144,ans_raw,204060,1024,457,0,205541,5344c6dd1fdf83e3f81957897b9275fbbb4b1a71128586bc5f95843e57899688,5344c6dd1fdf83e3f81957897b9275fbbb4b1a71128586bc5f95843e57899688,true,/home/zhouziang/Workspace/compression/kv_compression/artifacts/raw/20261004_m1_qwen35_2k_ansraw/ans_raw_262144.akvpack,48429427,205533
20261004_m1_qwen35_2k_ansraw,layer15.value.0,15,full_attention,value,0,bfloat16,2,262144,6,1572864,262144,ans_raw,204044,1024,457,0,205525,4ddf2e3c9775553fd4676644d33fbc87bbe51eaa31cf8e042491a653b296bde1,4ddf2e3c9775553fd4676644d33fbc87bbe51eaa31cf8e042491a653b296bde1,true,/home/zhouziang/Workspace/compression/kv_compression/artifacts/raw/20261004_m1_qwen35_2k_ansraw/ans_raw_262144.akvpack,48634968,205517
20261004_m1_qwen35_2k_ansraw,layer15.value.0,15,full_attention,value,0,bfloat16,2,262144,7,1835008,262144,ans_raw,203964,1024,457,0,205445,96fe8920c56d7ef96f2f549e2247f9702bc04874c062f7a76fc2e11f92d4567e,96fe8920c56d7ef96f2f549e2247f9702bc04874c062f7a76fc2e11f92d4567e,true,/home/zhouziang/Workspace/compression/kv_compression/artifacts/raw/20261004_m1_qwen35_2k_ansraw/ans_raw_262144.akvpack,48840493,205437
20261004_m1_qwen35_2k_ansraw,layer15.value.0,15,full_attention,value,0,bfloat16,2,262144,8,2097152,262144,ans_raw,204848,1024,457,0,206329,6a626994910b0c1982a63ec8fbad4dc023cd82ff2c7a00103daa08bfd992fe70,6a626994910b0c1982a63ec8fbad4dc023cd82ff2c7a00103daa08bfd992fe70,true,/home/zhouziang/Workspace/compression/kv_compression/artifacts/raw/20261004_m1_qwen35_2k_ansraw/ans_raw_262144.akvpack,49045938,206321
20261004_m1_qwen35_2k_ansraw,layer15.value.0,15,full_attention,value,0,bfloat16,2,262144,9,2359296,262144,ans_raw,204540,1024,457,0,206021,bdb1cfdc050b2429dd8a1a74585fe1480717517d13a9969ee41d49c25f4bf2dd,bdb1cfdc050b2429dd8a1a74585fe1480717517d13a9969ee41d49c25f4bf2dd,true,/home/zhouziang/Workspace/compression/kv_compression/artifacts/raw/20261004_m1_qwen35_2k_ansraw/ans_raw_262144.akvpack,49252267,206013
20261004_m1_qwen35_2k_ansraw,layer15.value.0,15,full_attention,value,0,bfloat16,2,262144,10,2621440,262144,ans_raw,204652,1024,458,0,206134,25642d811fdf3365f75d5853b0b63e8309ae7ada4566857f130649679287ebf1,25642d811fdf3365f75d5853b0b63e8309ae7ada4566857f130649679287ebf1,true,/home/zhouziang/Workspace/compression/kv_compression/artifacts/raw/20261004_m1_qwen35_2k_ansraw/ans_raw_262144.akvpack,49458288,206126
20261004_m1_qwen35_2k_ansraw,layer15.value.0,15,full_attention,value,0,bfloat16,2,262144,11,2883584,262144,ans_raw,204460,1024,458,0,205942,b9dc53723a40e9f1e3a07c9edbb819e6563836e7cd61ec9a3f88f36d32135bf1,b9dc53723a40e9f1e3a07c9edbb819e6563836e7cd61ec9a3f88f36d32135bf1,true,/home/zhouziang/Workspace/compression/kv_compression/artifacts/raw/20261004_m1_qwen35_2k_ansraw/ans_raw_262144.akvpack,49664422,205934
20261004_m1_qwen35_2k_ansraw,layer15.value.0,15,full_attention,value,0,bfloat16,2,262144,12,3145728,262144,ans_raw,205112,1024,458,0,206594,072f92a9f9a0552fa01dab20f500891879af1da040061443745da2e0bec603db,072f92a9f9a0552fa01dab20f500891879af1da040061443745da2e0bec603db,true,/home/zhouziang/Workspace/compression/kv_compression/artifacts/raw/20261004_m1_qwen35_2k_ansraw/ans_raw_262144.akvpack,49870364,206586
20261004_m1_qwen35_2k_ansraw,layer15.value.0,15,full_attention,value,0,bfloat16,2,262144,13,3407872,262144,ans_raw,204692,1024,458,0,206174,297cb4a39de0ed744774e972e14378460638930751c4ec8e002409b7a8ffb5ba,297cb4a39de0ed744774e972e14378460638930751c4ec8e002409b7a8ffb5ba,true,/home/zhouziang/Workspace/compression/kv_compression/artifacts/raw/20261004_m1_qwen35_2k_ansraw/ans_raw_262144.akvpack,50076958,206166
20261004_m1_qwen35_2k_ansraw,layer15.value.0,15,full_attention,value,0,bfloat16,2,262144,14,3670016,262144,ans_raw,204716,1024,458,0,206198,a03628d35c85962838e5d18aaa2052bfcd268741f4468728067ccf0ce0d23f47,a03628d35c85962838e5d18aaa2052bfcd268741f4468728067ccf0ce0d23f47,true,/home/zhouziang/Workspace/compression/kv_compression/artifacts/raw/20261004_m1_qwen35_2k_ansraw/ans_raw_262144.akvpack,50283132,206190
20261004_m1_qwen35_2k_ansraw,layer15.value.0,15,full_attention,value,0,bfloat16,2,262144,15,3932160,262144,ans_raw,204764,1024,458,0,206246,f300bb5eb90be3b6b285a1c72507e10eefe9dab52a7229c1e53366e4ecce5479,f300bb5eb90be3b6b285a1c72507e10eefe9dab52a7229c1e53366e4ecce5479,true,/home/zhouziang/Workspace/compression/kv_compression/artifacts/raw/20261004_m1_qwen35_2k_ansraw/ans_raw_262144.akvpack,50489330,206238
20261004_m1_qwen35_2k_ansraw,layer16.convolution.0,16,linear_attention,convolution,0,bfloat16,2,262144,0,0,65536,ans_raw,51516,1024,458,0,52998,d70760fe9657c637b8cfb74cd9013b587ac5d7ff9e0d152417cba639ca6de342,d70760fe9657c637b8cfb74cd9013b587ac5d7ff9e0d152417cba639ca6de342,true,/home/zhouziang/Workspace/compression/kv_compression/artifacts/raw/20261004_m1_qwen35_2k_ansraw/ans_raw_262144.akvpack,50695576,52990
20261004_m1_qwen35_2k_ansraw,layer16.recurrent.0,16,linear_attention,recurrent,0,float32,4,262144,0,0,262144,ans_raw,244464,1024,460,0,245948,0249d9d220f1191d987feaddda3276c0c1b895e887c16afda7d4c253ec7355b5,0249d9d220f1191d987feaddda3276c0c1b895e887c16afda7d4c253ec7355b5,true,/home/zhouziang/Workspace/compression/kv_compression/artifacts/raw/20261004_m1_qwen35_2k_ansraw/ans_raw_262144.akvpack,50748574,245940
20261004_m1_qwen35_2k_ansraw,layer16.recurrent.0,16,linear_attention,recurrent,0,float32,4,262144,1,262144,262144,ans_raw,244164,1024,465,0,245653,dd3cfab773747380a69680a9102153444c207f616b0f754e00f59826245147c6,dd3cfab773747380a69680a9102153444c207f616b0f754e00f59826245147c6,true,/home/zhouziang/Workspace/compression/kv_compression/artifacts/raw/20261004_m1_qwen35_2k_ansraw/ans_raw_262144.akvpack,50994522,245645
20261004_m1_qwen35_2k_ansraw,layer16.recurrent.0,16,linear_attention,recurrent,0,float32,4,262144,2,524288,262144,ans_raw,244032,1024,465,0,245521,6655fab30c7adee8c0f9d33d888a508152ab6517de42aba3c347924863765fd3,6655fab30c7adee8c0f9d33d888a508152ab6517de42aba3c347924863765fd3,true,/home/zhouziang/Workspace/compression/kv_compression/artifacts/raw/20261004_m1_qwen35_2k_ansraw/ans_raw_262144.akvpack,51240175,245513
20261004_m1_qwen35_2k_ansraw,layer16.recurrent.0,16,linear_attention,recurrent,0,float32,4,262144,3,786432,262144,ans_raw,244056,1024,465,0,245545,101d0712dd7ace0b85e7c2e2589feba76a24285b3b1c646fcd47b323bdb26812,101d0712dd7ace0b85e7c2e2589feba76a24285b3b1c646fcd47b323bdb26812,true,/home/zhouziang/Workspace/compression/kv_compression/artifacts/raw/20261004_m1_qwen35_2k_ansraw/ans_raw_262144.akvpack,51485696,245537
20261004_m1_qwen35_2k_ansraw,layer16.recurrent.0,16,linear_attention,recurrent,0,float32,4,262144,4,1048576,262144,ans_raw,244680,1024,466,0,246170,b14caa2faef69bd581711cda180e3f11df8354ae44e943dcbe6e92070606745b,b14caa2faef69bd581711cda180e3f11df8354ae44e943dcbe6e92070606745b,true,/home/zhouziang/Workspace/compression/kv_compression/artifacts/raw/20261004_m1_qwen35_2k_ansraw/ans_raw_262144.akvpack,51731241,246162
20261004_m1_qwen35_2k_ansraw,layer16.recurrent.0,16,linear_attention,recurrent,0,float32,4,262144,5,1310720,262144,ans_raw,244368,1024,466,0,245858,e03824a02bea99486c329fe89dbd7a1186c3099ffb18169210d09ff8b6603843,e03824a02bea99486c329fe89dbd7a1186c3099ffb18169210d09ff8b6603843,true,/home/zhouziang/Workspace/compression/kv_compression/artifacts/raw/20261004_m1_qwen35_2k_ansraw/ans_raw_262144.akvpack,51977411,245850
20261004_m1_qwen35_2k_ansraw,layer16.recurrent.0,16,linear_attention,recurrent,0,float32,4,262144,6,1572864,262144,ans_raw,244212,1024,466,0,245702,4c1331525680eb607c886df70993958b161c05489473453469e5a0fb74334fb7,4c1331525680eb607c886df70993958b161c05489473453469e5a0fb74334fb7,true,/home/zhouziang/Workspace/compression/kv_compression/artifacts/raw/20261004_m1_qwen35_2k_ansraw/ans_raw_262144.akvpack,52223269,245694
20261004_m1_qwen35_2k_ansraw,layer16.recurrent.0,16,linear_attention,recurrent,0,float32,4,262144,7,1835008,262144,ans_raw,245476,1024,466,0,246966,580a895cdad50d14ccbf9e6e3096eb08b2bafaaf5381ae0fd05c65fb2ce109e1,580a895cdad50d14ccbf9e6e3096eb08b2bafaaf5381ae0fd05c65fb2ce109e1,true,/home/zhouziang/Workspace/compression/kv_compression/artifacts/raw/20261004_m1_qwen35_2k_ansraw/ans_raw_262144.akvpack,52468971,246958
20261004_m1_qwen35_2k_ansraw,layer17.convolution.0,17,linear_attention,convolution,0,bfloat16,2,262144,0,0,65536,ans_raw,51476,1024,458,0,52958,bf245af38034846e1935fa8ab614f4a7e6638bac542fe4f2b1d13babb9f1a6c5,bf245af38034846e1935fa8ab614f4a7e6638bac542fe4f2b1d13babb9f1a6c5,true,/home/zhouziang/Workspace/compression/kv_compression/artifacts/raw/20261004_m1_qwen35_2k_ansraw/ans_raw_262144.akvpack,52715937,52950
20261004_m1_qwen35_2k_ansraw,layer17.recurrent.0,17,linear_attention,recurrent,0,float32,4,262144,0,0,262144,ans_raw,244244,1024,460,0,245728,27682bd618711443b74b7c828422627602e36a5bfb839135db9b4002dc60a8cc,27682bd618711443b74b7c828422627602e36a5bfb839135db9b4002dc60a8cc,true,/home/zhouziang/Workspace/compression/kv_compression/artifacts/raw/20261004_m1_qwen35_2k_ansraw/ans_raw_262144.akvpack,52768895,245720
20261004_m1_qwen35_2k_ansraw,layer17.recurrent.0,17,linear_attention,recurrent,0,float32,4,262144,1,262144,262144,ans_raw,244628,1024,465,0,246117,2719d04ed630422889c4315852865ecf34d9718ecf0afa013160fc70232044d1,2719d04ed630422889c4315852865ecf34d9718ecf0afa013160fc70232044d1,true,/home/zhouziang/Workspace/compression/kv_compression/artifacts/raw/20261004_m1_qwen35_2k_ansraw/ans_raw_262144.akvpack,53014623,246109
20261004_m1_qwen35_2k_ansraw,layer17.recurrent.0,17,linear_attention,recurrent,0,float32,4,262144,2,524288,262144,ans_raw,244360,1024,465,0,245849,2842795bb56976d1e31346516d969ac48bfe3325f6a173d423ed1b9fd58578b8,2842795bb56976d1e31346516d969ac48bfe3325f6a173d423ed1b9fd58578b8,true,/home/zhouziang/Workspace/compression/kv_compression/artifacts/raw/20261004_m1_qwen35_2k_ansraw/ans_raw_262144.akvpack,53260740,245841
20261004_m1_qwen35_2k_ansraw,layer17.recurrent.0,17,linear_attention,recurrent,0,float32,4,262144,3,786432,262144,ans_raw,244620,1024,465,0,246109,cb648cdc755fe8bf1eba9b149be6ef8bd9de58c3ec22859dc84664ff876425d6,cb648cdc755fe8bf1eba9b149be6ef8bd9de58c3ec22859dc84664ff876425d6,true,/home/zhouziang/Workspace/compression/kv_compression/artifacts/raw/20261004_m1_qwen35_2k_ansraw/ans_raw_262144.akvpack,53506589,246101
20261004_m1_qwen35_2k_ansraw,layer17.recurrent.0,17,linear_attention,recurrent,0,float32,4,262144,4,1048576,262144,ans_raw,244416,1024,466,0,245906,87647b21b3c287cf0f7285114e9d657212063a4f77af90a2127a79af9ce880d3,87647b21b3c287cf0f7285114e9d657212063a4f77af90a2127a79af9ce880d3,true,/home/zhouziang/Workspace/compression/kv_compression/artifacts/raw/20261004_m1_qwen35_2k_ansraw/ans_raw_262144.akvpack,53752698,245898
20261004_m1_qwen35_2k_ansraw,layer17.recurrent.0,17,linear_attention,recurrent,0,float32,4,262144,5,1310720,262144,ans_raw,245328,1024,466,0,246818,ac6dfa4b1d1932be5322fcfd170ccfccce3b8804154de87b2fc0b475203ce07e,ac6dfa4b1d1932be5322fcfd170ccfccce3b8804154de87b2fc0b475203ce07e,true,/home/zhouziang/Workspace/compression/kv_compression/artifacts/raw/20261004_m1_qwen35_2k_ansraw/ans_raw_262144.akvpack,53998604,246810
20261004_m1_qwen35_2k_ansraw,layer17.recurrent.0,17,linear_attention,recurrent,0,float32,4,262144,6,1572864,262144,ans_raw,243928,1024,466,0,245418,2e52fc3e1ef114d5d087e3045847a6a9a9873a224c652b6061b0de41b7b2f4c2,2e52fc3e1ef114d5d087e3045847a6a9a9873a224c652b6061b0de41b7b2f4c2,true,/home/zhouziang/Workspace/compression/kv_compression/artifacts/raw/20261004_m1_qwen35_2k_ansraw/ans_raw_262144.akvpack,54245422,245410
20261004_m1_qwen35_2k_ansraw,layer17.recurrent.0,17,linear_attention,recurrent,0,float32,4,262144,7,1835008,262144,ans_raw,244372,1024,466,0,245862,a732ce0dd3ccedf13dde958d55cd551fc1aae7a583eb91cdaeedd308ec420fea,a732ce0dd3ccedf13dde958d55cd551fc1aae7a583eb91cdaeedd308ec420fea,true,/home/zhouziang/Workspace/compression/kv_compression/artifacts/raw/20261004_m1_qwen35_2k_ansraw/ans_raw_262144.akvpack,54490840,245854
20261004_m1_qwen35_2k_ansraw,layer18.convolution.0,18,linear_attention,convolution,0,bfloat16,2,262144,0,0,65536,ans_raw,51512,1024,458,0,52994,2315711ed2c365606689e2397c59160ce4eafdff52904216f33fa9da608438e4,2315711ed2c365606689e2397c59160ce4eafdff52904216f33fa9da608438e4,true,/home/zhouziang/Workspace/compression/kv_compression/artifacts/raw/20261004_m1_qwen35_2k_ansraw/ans_raw_262144.akvpack,54736702,52986
20261004_m1_qwen35_2k_ansraw,layer18.recurrent.0,18,linear_attention,recurrent,0,float32,4,262144,0,0,262144,ans_raw,244764,1024,460,0,246248,1c00aa0db41d55eb837e7d40628e68215c79bf4ce5f5902c831724f1e9aa27f7,1c00aa0db41d55eb837e7d40628e68215c79bf4ce5f5902c831724f1e9aa27f7,true,/home/zhouziang/Workspace/compression/kv_compression/artifacts/raw/20261004_m1_qwen35_2k_ansraw/ans_raw_262144.akvpack,54789696,246240
20261004_m1_qwen35_2k_ansraw,layer18.recurrent.0,18,linear_attention,recurrent,0,float32,4,262144,1,262144,262144,ans_raw,245144,1024,465,0,246633,b1295faff647d94ba22cbedad5235de07cb9bb402584e59f79335012ba898dcf,b1295faff647d94ba22cbedad5235de07cb9bb402584e59f79335012ba898dcf,true,/home/zhouziang/Workspace/compression/kv_compression/artifacts/raw/20261004_m1_qwen35_2k_ansraw/ans_raw_262144.akvpack,55035944,246625
20261004_m1_qwen35_2k_ansraw,layer18.recurrent.0,18,linear_attention,recurrent,0,float32,4,262144,2,524288,262144,ans_raw,243908,1024,465,0,245397,31971076c4940518d30ed0cd02dc2be4549ad44a0f0c4b05b0cd985bcb6a9b64,31971076c4940518d30ed0cd02dc2be4549ad44a0f0c4b05b0cd985bcb6a9b64,true,/home/zhouziang/Workspace/compression/kv_compression/artifacts/raw/20261004_m1_qwen35_2k_ansraw/ans_raw_262144.akvpack,55282577,245389
20261004_m1_qwen35_2k_ansraw,layer18.recurrent.0,18,linear_attention,recurrent,0,float32,4,262144,3,786432,262144,ans_raw,244232,1024,465,0,245721,3ee986c47af6175502498b91fc8935187280b1d716c92d02a05fb16201215cf8,3ee986c47af6175502498b91fc8935187280b1d716c92d02a05fb16201215cf8,true,/home/zhouziang/Workspace/compression/kv_compression/artifacts/raw/20261004_m1_qwen35_2k_ansraw/ans_raw_262144.akvpack,55527974,245713
20261004_m1_qwen35_2k_ansraw,layer18.recurrent.0,18,linear_attention,recurrent,0,float32,4,262144,4,1048576,262144,ans_raw,244572,1024,466,0,246062,0a897e477ff0981354e2048cd0e41f750d3ecce5d71e94e808fc8a07391c7635,0a897e477ff0981354e2048cd0e41f750d3ecce5d71e94e808fc8a07391c7635,true,/home/zhouziang/Workspace/compression/kv_compression/artifacts/raw/20261004_m1_qwen35_2k_ansraw/ans_raw_262144.akvpack,55773695,246054
20261004_m1_qwen35_2k_ansraw,layer18.recurrent.0,18,linear_attention,recurrent,0,float32,4,262144,5,1310720,262144,ans_raw,244520,1024,466,0,246010,9120de6fa3263522be02204aba972230828b46a49d1904de83f46d5c80b93c39,9120de6fa3263522be02204aba972230828b46a49d1904de83f46d5c80b93c39,true,/home/zhouziang/Workspace/compression/kv_compression/artifacts/raw/20261004_m1_qwen35_2k_ansraw/ans_raw_262144.akvpack,56019757,246002
20261004_m1_qwen35_2k_ansraw,layer18.recurrent.0,18,linear_attention,recurrent,0,float32,4,262144,6,1572864,262144,ans_raw,244132,1024,466,0,245622,9e46860e1135574b89a994f34b3d238c922f0ca8c099b3a1bf312a1ae0c3b15a,9e46860e1135574b89a994f34b3d238c922f0ca8c099b3a1bf312a1ae0c3b15a,true,/home/zhouziang/Workspace/compression/kv_compression/artifacts/raw/20261004_m1_qwen35_2k_ansraw/ans_raw_262144.akvpack,56265767,245614
20261004_m1_qwen35_2k_ansraw,layer18.recurrent.0,18,linear_attention,recurrent,0,float32,4,262144,7,1835008,262144,ans_raw,244128,1024,466,0,245618,8d38d5def5adcfcd0852ba381a30a2facfb4ce715b6ed683d39ec78c7be94cea,8d38d5def5adcfcd0852ba381a30a2facfb4ce715b6ed683d39ec78c7be94cea,true,/home/zhouziang/Workspace/compression/kv_compression/artifacts/raw/20261004_m1_qwen35_2k_ansraw/ans_raw_262144.akvpack,56511389,245610
20261004_m1_qwen35_2k_ansraw,layer19.key.0,19,full_attention,key,0,bfloat16,2,262144,0,0,262144,ans_raw,206020,1024,447,0,207491,06cb56abb2a994b5b2401da698d33806ed41ec02376978ba5f1517182b636d9c,06cb56abb2a994b5b2401da698d33806ed41ec02376978ba5f1517182b636d9c,true,/home/zhouziang/Workspace/compression/kv_compression/artifacts/raw/20261004_m1_qwen35_2k_ansraw/ans_raw_262144.akvpack,56757007,207483
20261004_m1_qwen35_2k_ansraw,layer19.key.0,19,full_attention,key,0,bfloat16,2,262144,1,262144,262144,ans_raw,205604,1024,452,0,207080,14ac381beeec0c4e2312375295e63a6ffc7d65f74e13105b5aa45538d19946da,14ac381beeec0c4e2312375295e63a6ffc7d65f74e13105b5aa45538d19946da,true,/home/zhouziang/Workspace/compression/kv_compression/artifacts/raw/20261004_m1_qwen35_2k_ansraw/ans_raw_262144.akvpack,56964498,207072
20261004_m1_qwen35_2k_ansraw,layer19.key.0,19,full_attention,key,0,bfloat16,2,262144,2,524288,262144,ans_raw,205380,1024,452,0,206856,d8437603ba721fb0208a7fe93d794c508c91124e87e7549c89ccf9c2f0d0d420,d8437603ba721fb0208a7fe93d794c508c91124e87e7549c89ccf9c2f0d0d420,true,/home/zhouziang/Workspace/compression/kv_compression/artifacts/raw/20261004_m1_qwen35_2k_ansraw/ans_raw_262144.akvpack,57171578,206848
20261004_m1_qwen35_2k_ansraw,layer19.key.0,19,full_attention,key,0,bfloat16,2,262144,3,786432,262144,ans_raw,205552,1024,452,0,207028,f66d35c9fbe2feefe962876990eaea17f7ec5f2557d1046e1eb0679586c7bf05,f66d35c9fbe2feefe962876990eaea17f7ec5f2557d1046e1eb0679586c7bf05,true,/home/zhouziang/Workspace/compression/kv_compression/artifacts/raw/20261004_m1_qwen35_2k_ansraw/ans_raw_262144.akvpack,57378434,207020
20261004_m1_qwen35_2k_ansraw,layer19.key.0,19,full_attention,key,0,bfloat16,2,262144,4,1048576,262144,ans_raw,205952,1024,453,0,207429,298d0853cb1d66af1b6e865ba238d4b351882a82c85b870f435f4d3418fadcb9,298d0853cb1d66af1b6e865ba238d4b351882a82c85b870f435f4d3418fadcb9,true,/home/zhouziang/Workspace/compression/kv_compression/artifacts/raw/20261004_m1_qwen35_2k_ansraw/ans_raw_262144.akvpack,57585462,207421
20261004_m1_qwen35_2k_ansraw,layer19.key.0,19,full_attention,key,0,bfloat16,2,262144,5,1310720,262144,ans_raw,205756,1024,453,0,207233,8e25e293f6f28cbff12fb90582779190f443dcd591d4f991127330b458a5050d,8e25e293f6f28cbff12fb90582779190f443dcd591d4f991127330b458a5050d,true,/home/zhouziang/Workspace/compression/kv_compression/artifacts/raw/20261004_m1_qwen35_2k_ansraw/ans_raw_262144.akvpack,57792891,207225
20261004_m1_qwen35_2k_ansraw,layer19.key.0,19,full_attention,key,0,bfloat16,2,262144,6,1572864,262144,ans_raw,205732,1024,453,0,207209,4d3684af089ae2e2d2ce8478667ff25efa5c405c99958370d7623e182b8d6877,4d3684af089ae2e2d2ce8478667ff25efa5c405c99958370d7623e182b8d6877,true,/home/zhouziang/Workspace/compression/kv_compression/artifacts/raw/20261004_m1_qwen35_2k_ansraw/ans_raw_262144.akvpack,58000124,207201
20261004_m1_qwen35_2k_ansraw,layer19.key.0,19,full_attention,key,0,bfloat16,2,262144,7,1835008,262144,ans_raw,205912,1024,453,0,207389,b7f3e0c76617f17aa6f33611bd4259d7e8ebba47209492a7cc8ae6dfd81f9e28,b7f3e0c76617f17aa6f33611bd4259d7e8ebba47209492a7cc8ae6dfd81f9e28,true,/home/zhouziang/Workspace/compression/kv_compression/artifacts/raw/20261004_m1_qwen35_2k_ansraw/ans_raw_262144.akvpack,58207333,207381
20261004_m1_qwen35_2k_ansraw,layer19.key.0,19,full_attention,key,0,bfloat16,2,262144,8,2097152,262144,ans_raw,206256,1024,453,0,207733,94ec7af758bf2633a621d1822fcde28379b6d70154e263b3bb46f1ccbfbc0232,94ec7af758bf2633a621d1822fcde28379b6d70154e263b3bb46f1ccbfbc0232,true,/home/zhouziang/Workspace/compression/kv_compression/artifacts/raw/20261004_m1_qwen35_2k_ansraw/ans_raw_262144.akvpack,58414722,207725
20261004_m1_qwen35_2k_ansraw,layer19.key.0,19,full_attention,key,0,bfloat16,2,262144,9,2359296,262144,ans_raw,206056,1024,453,0,207533,c80ffff02e0fd70a51a345d0d3b0c6d87f10d69633d1b77714bbe97f3b162507,c80ffff02e0fd70a51a345d0d3b0c6d87f10d69633d1b77714bbe97f3b162507,true,/home/zhouziang/Workspace/compression/kv_compression/artifacts/raw/20261004_m1_qwen35_2k_ansraw/ans_raw_262144.akvpack,58622455,207525
20261004_m1_qwen35_2k_ansraw,layer19.key.0,19,full_attention,key,0,bfloat16,2,262144,10,2621440,262144,ans_raw,205964,1024,454,0,207442,48a2b3d7413fbdd5bea9b7c6ed5ffb9edaea92c00ff716cc2c29d713eb2f3c45,48a2b3d7413fbdd5bea9b7c6ed5ffb9edaea92c00ff716cc2c29d713eb2f3c45,true,/home/zhouziang/Workspace/compression/kv_compression/artifacts/raw/20261004_m1_qwen35_2k_ansraw/ans_raw_262144.akvpack,58829988,207434
20261004_m1_qwen35_2k_ansraw,layer19.key.0,19,full_attention,key,0,bfloat16,2,262144,11,2883584,262144,ans_raw,205776,1024,454,0,207254,4f8a7aa743493591acbddd996db787eb6096bcd52baf9deb977e4e7bb515d79a,4f8a7aa743493591acbddd996db787eb6096bcd52baf9deb977e4e7bb515d79a,true,/home/zhouziang/Workspace/compression/kv_compression/artifacts/raw/20261004_m1_qwen35_2k_ansraw/ans_raw_262144.akvpack,59037430,207246
20261004_m1_qwen35_2k_ansraw,layer19.key.0,19,full_attention,key,0,bfloat16,2,262144,12,3145728,262144,ans_raw,205296,1024,454,0,206774,dade6f8cfccc61696a1df267563629984325fb54428f244ca188e8e7a4fd14e1,dade6f8cfccc61696a1df267563629984325fb54428f244ca188e8e7a4fd14e1,true,/home/zhouziang/Workspace/compression/kv_compression/artifacts/raw/20261004_m1_qwen35_2k_ansraw/ans_raw_262144.akvpack,59244684,206766
20261004_m1_qwen35_2k_ansraw,layer19.key.0,19,full_attention,key,0,bfloat16,2,262144,13,3407872,262144,ans_raw,205028,1024,454,0,206506,d8a3800d41ca2c7d313f472df648a8be80c65916f39546e2a20fd838f60bddaa,d8a3800d41ca2c7d313f472df648a8be80c65916f39546e2a20fd838f60bddaa,true,/home/zhouziang/Workspace/compression/kv_compression/artifacts/raw/20261004_m1_qwen35_2k_ansraw/ans_raw_262144.akvpack,59451458,206498
20261004_m1_qwen35_2k_ansraw,layer19.key.0,19,full_attention,key,0,bfloat16,2,262144,14,3670016,262144,ans_raw,204944,1024,454,0,206422,70a148aae2000c8ff6ecc0a762386be598b248c0d7a0a9a8d0bcd3feca3e72f0,70a148aae2000c8ff6ecc0a762386be598b248c0d7a0a9a8d0bcd3feca3e72f0,true,/home/zhouziang/Workspace/compression/kv_compression/artifacts/raw/20261004_m1_qwen35_2k_ansraw/ans_raw_262144.akvpack,59657964,206414
20261004_m1_qwen35_2k_ansraw,layer19.key.0,19,full_attention,key,0,bfloat16,2,262144,15,3932160,262144,ans_raw,205064,1024,454,0,206542,8e70ee45e70869cdc1dad0c75f42463f05c08cc72e3d7fcabcb8f9f78c3b9121,8e70ee45e70869cdc1dad0c75f42463f05c08cc72e3d7fcabcb8f9f78c3b9121,true,/home/zhouziang/Workspace/compression/kv_compression/artifacts/raw/20261004_m1_qwen35_2k_ansraw/ans_raw_262144.akvpack,59864386,206534
20261004_m1_qwen35_2k_ansraw,layer19.value.0,19,full_attention,value,0,bfloat16,2,262144,0,0,262144,ans_raw,204188,1024,451,0,205663,3fd3cc777b48cbe2f49df54f184415ca3c9fdc491be146c54aae779e3bdac2bf,3fd3cc777b48cbe2f49df54f184415ca3c9fdc491be146c54aae779e3bdac2bf,true,/home/zhouziang/Workspace/compression/kv_compression/artifacts/raw/20261004_m1_qwen35_2k_ansraw/ans_raw_262144.akvpack,60070928,205655
20261004_m1_qwen35_2k_ansraw,layer19.value.0,19,full_attention,value,0,bfloat16,2,262144,1,262144,262144,ans_raw,204116,1024,456,0,205596,d3c1fa2535ea17f18216a441c5bd271647a68cf035c420cd06f710f638788871,d3c1fa2535ea17f18216a441c5bd271647a68cf035c420cd06f710f638788871,true,/home/zhouziang/Workspace/compression/kv_compression/artifacts/raw/20261004_m1_qwen35_2k_ansraw/ans_raw_262144.akvpack,60276591,205588
20261004_m1_qwen35_2k_ansraw,layer19.value.0,19,full_attention,value,0,bfloat16,2,262144,2,524288,262144,ans_raw,204208,1024,456,0,205688,42960d6440a5ae8da46dba972afaa4ae605a0335c4bf5c61edb84e0d6367b541,42960d6440a5ae8da46dba972afaa4ae605a0335c4bf5c61edb84e0d6367b541,true,/home/zhouziang/Workspace/compression/kv_compression/artifacts/raw/20261004_m1_qwen35_2k_ansraw/ans_raw_262144.akvpack,60482187,205680
20261004_m1_qwen35_2k_ansraw,layer19.value.0,19,full_attention,value,0,bfloat16,2,262144,3,786432,262144,ans_raw,204068,1024,456,0,205548,2c3abca31b2417bfbde80764afde6f131b1aae19182094d02ab2be253ff1dff3,2c3abca31b2417bfbde80764afde6f131b1aae19182094d02ab2be253ff1dff3,true,/home/zhouziang/Workspace/compression/kv_compression/artifacts/raw/20261004_m1_qwen35_2k_ansraw/ans_raw_262144.akvpack,60687875,205540
20261004_m1_qwen35_2k_ansraw,layer19.value.0,19,full_attention,value,0,bfloat16,2,262144,4,1048576,262144,ans_raw,205268,1024,457,0,206749,5eeeca4c42fecbb32f0fe5af4f906818360ad82ff1672776cd2ed7f16fd1717b,5eeeca4c42fecbb32f0fe5af4f906818360ad82ff1672776cd2ed7f16fd1717b,true,/home/zhouziang/Workspace/compression/kv_compression/artifacts/raw/20261004_m1_qwen35_2k_ansraw/ans_raw_262144.akvpack,60893423,206741
20261004_m1_qwen35_2k_ansraw,layer19.value.0,19,full_attention,value,0,bfloat16,2,262144,5,1310720,262144,ans_raw,205156,1024,457,0,206637,1b75432a6b5df5921f808745c7e4c10ab974aa69adaa8ef3e3ff3567ab5871d0,1b75432a6b5df5921f808745c7e4c10ab974aa69adaa8ef3e3ff3567ab5871d0,true,/home/zhouziang/Workspace/compression/kv_compression/artifacts/raw/20261004_m1_qwen35_2k_ansraw/ans_raw_262144.akvpack,61100172,206629
20261004_m1_qwen35_2k_ansraw,layer19.value.0,19,full_attention,value,0,bfloat16,2,262144,6,1572864,262144,ans_raw,205116,1024,457,0,206597,07da066b81df91f3379b2b649275bbc87c9d4c4be4d59d29221c18bbd073e1b5,07da066b81df91f3379b2b649275bbc87c9d4c4be4d59d29221c18bbd073e1b5,true,/home/zhouziang/Workspace/compression/kv_compression/artifacts/raw/20261004_m1_qwen35_2k_ansraw/ans_raw_262144.akvpack,61306809,206589
20261004_m1_qwen35_2k_ansraw,layer19.value.0,19,full_attention,value,0,bfloat16,2,262144,7,1835008,262144,ans_raw,205064,1024,457,0,206545,50490e2c4a49baacee65829616e08a4b5b93c38770c2d6da28d6cce301ff73d0,50490e2c4a49baacee65829616e08a4b5b93c38770c2d6da28d6cce301ff73d0,true,/home/zhouziang/Workspace/compression/kv_compression/artifacts/raw/20261004_m1_qwen35_2k_ansraw/ans_raw_262144.akvpack,61513406,206537
20261004_m1_qwen35_2k_ansraw,layer19.value.0,19,full_attention,value,0,bfloat16,2,262144,8,2097152,262144,ans_raw,204776,1024,457,0,206257,3c95fabf3846dd2bb6faa298b944d4a75975badd4bbc6810fe86837919560c5b,3c95fabf3846dd2bb6faa298b944d4a75975badd4bbc6810fe86837919560c5b,true,/home/zhouziang/Workspace/compression/kv_compression/artifacts/raw/20261004_m1_qwen35_2k_ansraw/ans_raw_262144.akvpack,61719951,206249
20261004_m1_qwen35_2k_ansraw,layer19.value.0,19,full_attention,value,0,bfloat16,2,262144,9,2359296,262144,ans_raw,204736,1024,457,0,206217,6bebd8f328abf18d746e1041d80394ce23bc11f0496bc38d8498f94749ab73e4,6bebd8f328abf18d746e1041d80394ce23bc11f0496bc38d8498f94749ab73e4,true,/home/zhouziang/Workspace/compression/kv_compression/artifacts/raw/20261004_m1_qwen35_2k_ansraw/ans_raw_262144.akvpack,61926208,206209
20261004_m1_qwen35_2k_ansraw,layer19.value.0,19,full_attention,value,0,bfloat16,2,262144,10,2621440,262144,ans_raw,204656,1024,458,0,206138,1eaeac864cb83cc0c85afb0b3b328beaeb6588b5c9619f231861e9d8d85e56db,1eaeac864cb83cc0c85afb0b3b328beaeb6588b5c9619f231861e9d8d85e56db,true,/home/zhouziang/Workspace/compression/kv_compression/artifacts/raw/20261004_m1_qwen35_2k_ansraw/ans_raw_262144.akvpack,62132425,206130
20261004_m1_qwen35_2k_ansraw,layer19.value.0,19,full_attention,value,0,bfloat16,2,262144,11,2883584,262144,ans_raw,204672,1024,458,0,206154,73c93944e46d43382e4d0560e509b03c89e940fd1e757409f780bb355f9cb00a,73c93944e46d43382e4d0560e509b03c89e940fd1e757409f780bb355f9cb00a,true,/home/zhouziang/Workspace/compression/kv_compression/artifacts/raw/20261004_m1_qwen35_2k_ansraw/ans_raw_262144.akvpack,62338563,206146
20261004_m1_qwen35_2k_ansraw,layer19.value.0,19,full_attention,value,0,bfloat16,2,262144,12,3145728,262144,ans_raw,205756,1024,458,0,207238,683322775b1e95d3b5adb415d3a101c46e03451d1df86dfdef805850631a3255,683322775b1e95d3b5adb415d3a101c46e03451d1df86dfdef805850631a3255,true,/home/zhouziang/Workspace/compression/kv_compression/artifacts/raw/20261004_m1_qwen35_2k_ansraw/ans_raw_262144.akvpack,62544717,207230
20261004_m1_qwen35_2k_ansraw,layer19.value.0,19,full_attention,value,0,bfloat16,2,262144,13,3407872,262144,ans_raw,205536,1024,458,0,207018,330758d8df304ab3b946d950e66988ae7a74f827cb7f601b26c27466204042d9,330758d8df304ab3b946d950e66988ae7a74f827cb7f601b26c27466204042d9,true,/home/zhouziang/Workspace/compression/kv_compression/artifacts/raw/20261004_m1_qwen35_2k_ansraw/ans_raw_262144.akvpack,62751955,207010
20261004_m1_qwen35_2k_ansraw,layer19.value.0,19,full_attention,value,0,bfloat16,2,262144,14,3670016,262144,ans_raw,205456,1024,458,0,206938,8bd75c70d03b0ab5480e1cb43570ea47154e5f15892710565c1c2cc6cb31b141,8bd75c70d03b0ab5480e1cb43570ea47154e5f15892710565c1c2cc6cb31b141,true,/home/zhouziang/Workspace/compression/kv_compression/artifacts/raw/20261004_m1_qwen35_2k_ansraw/ans_raw_262144.akvpack,62958973,206930
20261004_m1_qwen35_2k_ansraw,layer19.value.0,19,full_attention,value,0,bfloat16,2,262144,15,3932160,262144,ans_raw,205408,1024,458,0,206890,99adb21e9a4fb4547d2652fd70cc0dc9902055f1a4af0b58dba66db76c9a42c0,99adb21e9a4fb4547d2652fd70cc0dc9902055f1a4af0b58dba66db76c9a42c0,true,/home/zhouziang/Workspace/compression/kv_compression/artifacts/raw/20261004_m1_qwen35_2k_ansraw/ans_raw_262144.akvpack,63165911,206882
20261004_m1_qwen35_2k_ansraw,layer20.convolution.0,20,linear_attention,convolution,0,bfloat16,2,262144,0,0,65536,ans_raw,51668,1024,458,0,53150,fc1b1c04be10f63da1674d19bffa0b62e399d2c4f5fbd5e02028ad7dc7e31154,fc1b1c04be10f63da1674d19bffa0b62e399d2c4f5fbd5e02028ad7dc7e31154,true,/home/zhouziang/Workspace/compression/kv_compression/artifacts/raw/20261004_m1_qwen35_2k_ansraw/ans_raw_262144.akvpack,63372801,53142
20261004_m1_qwen35_2k_ansraw,layer20.recurrent.0,20,linear_attention,recurrent,0,float32,4,262144,0,0,262144,ans_raw,245728,1024,460,0,247212,7ac12b085ad1ed8f1d0fb2f99d1704459dcd53192388b92e7d75d513419c82bc,7ac12b085ad1ed8f1d0fb2f99d1704459dcd53192388b92e7d75d513419c82bc,true,/home/zhouziang/Workspace/compression/kv_compression/artifacts/raw/20261004_m1_qwen35_2k_ansraw/ans_raw_262144.akvpack,63425951,247204
20261004_m1_qwen35_2k_ansraw,layer20.recurrent.0,20,linear_attention,recurrent,0,float32,4,262144,1,262144,262144,ans_raw,244692,1024,465,0,246181,b53058670f8df0951b01166f75a4a5b282d1bdace5def507eeba53b2c17d60e5,b53058670f8df0951b01166f75a4a5b282d1bdace5def507eeba53b2c17d60e5,true,/home/zhouziang/Workspace/compression/kv_compression/artifacts/raw/20261004_m1_qwen35_2k_ansraw/ans_raw_262144.akvpack,63673163,246173
20261004_m1_qwen35_2k_ansraw,layer20.recurrent.0,20,linear_attention,recurrent,0,float32,4,262144,2,524288,262144,ans_raw,245372,1024,465,0,246861,c8877316883234f173c541d0a52a65eb760e3044c1b4e43d6e73ebe39cbe4d53,c8877316883234f173c541d0a52a65eb760e3044c1b4e43d6e73ebe39cbe4d53,true,/home/zhouziang/Workspace/compression/kv_compression/artifacts/raw/20261004_m1_qwen35_2k_ansraw/ans_raw_262144.akvpack,63919344,246853
20261004_m1_qwen35_2k_ansraw,layer20.recurrent.0,20,linear_attention,recurrent,0,float32,4,262144,3,786432,262144,ans_raw,244496,1024,465,0,245985,4cb13b6d50f3498112acbd3a5b51f628efcf6713e47640e2ab48a615365071a9,4cb13b6d50f3498112acbd3a5b51f628efcf6713e47640e2ab48a615365071a9,true,/home/zhouziang/Workspace/compression/kv_compression/artifacts/raw/20261004_m1_qwen35_2k_ansraw/ans_raw_262144.akvpack,64166205,245977
20261004_m1_qwen35_2k_ansraw,layer20.recurrent.0,20,linear_attention,recurrent,0,float32,4,262144,4,1048576,262144,ans_raw,245848,1024,466,0,247338,9e58a0a707161aea39f6c5ef6024ecfe2d4064808318f766e2e33e38976e3c0b,9e58a0a707161aea39f6c5ef6024ecfe2d4064808318f766e2e33e38976e3c0b,true,/home/zhouziang/Workspace/compression/kv_compression/artifacts/raw/20261004_m1_qwen35_2k_ansraw/ans_raw_262144.akvpack,64412190,247330
20261004_m1_qwen35_2k_ansraw,layer20.recurrent.0,20,linear_attention,recurrent,0,float32,4,262144,5,1310720,262144,ans_raw,245904,1024,466,0,247394,01276161b0a87f3cd65aaa739d8afec8490597367636214583dfc2a19b0b7551,01276161b0a87f3cd65aaa739d8afec8490597367636214583dfc2a19b0b7551,true,/home/zhouziang/Workspace/compression/kv_compression/artifacts/raw/20261004_m1_qwen35_2k_ansraw/ans_raw_262144.akvpack,64659528,247386
20261004_m1_qwen35_2k_ansraw,layer20.recurrent.0,20,linear_attention,recurrent,0,float32,4,262144,6,1572864,262144,ans_raw,245372,1024,466,0,246862,0669caf9b26a941a2097e09b8d6f0fee1fd077594accbfa4454db1a987026671,0669caf9b26a941a2097e09b8d6f0fee1fd077594accbfa4454db1a987026671,true,/home/zhouziang/Workspace/compression/kv_compression/artifacts/raw/20261004_m1_qwen35_2k_ansraw/ans_raw_262144.akvpack,64906922,246854
20261004_m1_qwen35_2k_ansraw,layer20.recurrent.0,20,linear_attention,recurrent,0,float32,4,262144,7,1835008,262144,ans_raw,245180,1024,466,0,246670,701c24fd682a5a175606748159e7524d85a7e22aacdf093cd350122a237b7fc5,701c24fd682a5a175606748159e7524d85a7e22aacdf093cd350122a237b7fc5,true,/home/zhouziang/Workspace/compression/kv_compression/artifacts/raw/20261004_m1_qwen35_2k_ansraw/ans_raw_262144.akvpack,65153784,246662
20261004_m1_qwen35_2k_ansraw,layer21.convolution.0,21,linear_attention,convolution,0,bfloat16,2,262144,0,0,65536,ans_raw,51496,1024,458,0,52978,8d6edf2b2ef880918482578734472bfaaf3af24441818c4835574f65a3667d0b,8d6edf2b2ef880918482578734472bfaaf3af24441818c4835574f65a3667d0b,true,/home/zhouziang/Workspace/compression/kv_compression/artifacts/raw/20261004_m1_qwen35_2k_ansraw/ans_raw_262144.akvpack,65400454,52970
20261004_m1_qwen35_2k_ansraw,layer21.recurrent.0,21,linear_attention,recurrent,0,float32,4,262144,0,0,262144,ans_raw,247192,1024,460,0,248676,40753bcc8f5cd0dc5b555d07e4a4488c4757a19fcb79d25f98a9774b49af0814,40753bcc8f5cd0dc5b555d07e4a4488c4757a19fcb79d25f98a9774b49af0814,true,/home/zhouziang/Workspace/compression/kv_compression/artifacts/raw/20261004_m1_qwen35_2k_ansraw/ans_raw_262144.akvpack,65453432,248668
20261004_m1_qwen35_2k_ansraw,layer21.recurrent.0,21,linear_attention,recurrent,0,float32,4,262144,1,262144,262144,ans_raw,245048,1024,465,0,246537,7fb5eb19570a93d7956012b335a631fda96641dea5c8c7ceeb7c9eea4bc9015c,7fb5eb19570a93d7956012b335a631fda96641dea5c8c7ceeb7c9eea4bc9015c,true,/home/zhouziang/Workspace/compression/kv_compression/artifacts/raw/20261004_m1_qwen35_2k_ansraw/ans_raw_262144.akvpack,65702108,246529
20261004_m1_qwen35_2k_ansraw,layer21.recurrent.0,21,linear_attention,recurrent,0,float32,4,262144,2,524288,262144,ans_raw,244864,1024,465,0,246353,2edbe2223082612ca6a426043ee8768bb02ae0a6d84b87c018c1dd082b58f3f4,2edbe2223082612ca6a426043ee8768bb02ae0a6d84b87c018c1dd082b58f3f4,true,/home/zhouziang/Workspace/compression/kv_compression/artifacts/raw/20261004_m1_qwen35_2k_ansraw/ans_raw_262144.akvpack,65948645,246345
20261004_m1_qwen35_2k_ansraw,layer21.recurrent.0,21,linear_attention,recurrent,0,float32,4,262144,3,786432,262144,ans_raw,244096,1024,465,0,245585,5a76d45103afa0e6c5eb9a52db0a6554069e347f64882156e53ed65aad1074b0,5a76d45103afa0e6c5eb9a52db0a6554069e347f64882156e53ed65aad1074b0,true,/home/zhouziang/Workspace/compression/kv_compression/artifacts/raw/20261004_m1_qwen35_2k_ansraw/ans_raw_262144.akvpack,66194998,245577
20261004_m1_qwen35_2k_ansraw,layer21.recurrent.0,21,linear_attention,recurrent,0,float32,4,262144,4,1048576,262144,ans_raw,245444,1024,466,0,246934,ee17a7d0b02414c43e9366578330c7c0066dd4dc9df05f972ba5f1fc5b87d6de,ee17a7d0b02414c43e9366578330c7c0066dd4dc9df05f972ba5f1fc5b87d6de,true,/home/zhouziang/Workspace/compression/kv_compression/artifacts/raw/20261004_m1_qwen35_2k_ansraw/ans_raw_262144.akvpack,66440583,246926
20261004_m1_qwen35_2k_ansraw,layer21.recurrent.0,21,linear_attention,recurrent,0,float32,4,262144,5,1310720,262144,ans_raw,244556,1024,466,0,246046,3cb1862130c57404f89c4aea17ce22efc5cb26253283400215ecfd3f4272b91a,3cb1862130c57404f89c4aea17ce22efc5cb26253283400215ecfd3f4272b91a,true,/home/zhouziang/Workspace/compression/kv_compression/artifacts/raw/20261004_m1_qwen35_2k_ansraw/ans_raw_262144.akvpack,66687517,246038
20261004_m1_qwen35_2k_ansraw,layer21.recurrent.0,21,linear_attention,recurrent,0,float32,4,262144,6,1572864,262144,ans_raw,245964,1024,466,0,247454,666cf528c541028dbb830d9bcdfff1209d4ec6738a8021eaeec10c90fcbc07fc,666cf528c541028dbb830d9bcdfff1209d4ec6738a8021eaeec10c90fcbc07fc,true,/home/zhouziang/Workspace/compression/kv_compression/artifacts/raw/20261004_m1_qwen35_2k_ansraw/ans_raw_262144.akvpack,66933563,247446
20261004_m1_qwen35_2k_ansraw,layer21.recurrent.0,21,linear_attention,recurrent,0,float32,4,262144,7,1835008,262144,ans_raw,244540,1024,466,0,246030,98a88c5a14f52a41562ada312eec55b1e2d13322f24b0446cab9ac388f687de4,98a88c5a14f52a41562ada312eec55b1e2d13322f24b0446cab9ac388f687de4,true,/home/zhouziang/Workspace/compression/kv_compression/artifacts/raw/20261004_m1_qwen35_2k_ansraw/ans_raw_262144.akvpack,67181017,246022
20261004_m1_qwen35_2k_ansraw,layer22.convolution.0,22,linear_attention,convolution,0,bfloat16,2,262144,0,0,65536,ans_raw,51412,1024,458,0,52894,bff2677f07289d8b55bef9df3151cacea240d528f59965e684d95e90b9d87187,bff2677f07289d8b55bef9df3151cacea240d528f59965e684d95e90b9d87187,true,/home/zhouziang/Workspace/compression/kv_compression/artifacts/raw/20261004_m1_qwen35_2k_ansraw/ans_raw_262144.akvpack,67427047,52886
20261004_m1_qwen35_2k_ansraw,layer22.recurrent.0,22,linear_attention,recurrent,0,float32,4,262144,0,0,262144,ans_raw,245036,1024,460,0,246520,bf198a36811d3afbcd80b957601f1f344fdda1a1d6f0db31367a76cfe871df81,bf198a36811d3afbcd80b957601f1f344fdda1a1d6f0db31367a76cfe871df81,true,/home/zhouziang/Workspace/compression/kv_compression/artifacts/raw/20261004_m1_qwen35_2k_ansraw/ans_raw_262144.akvpack,67479941,246512
20261004_m1_qwen35_2k_ansraw,layer22.recurrent.0,22,linear_attention,recurrent,0,float32,4,262144,1,262144,262144,ans_raw,244592,1024,465,0,246081,2c9157d5f4d31a12b1918160260b7c9389bb7a7bdc2ebb011d08ebd93555f174,2c9157d5f4d31a12b1918160260b7c9389bb7a7bdc2ebb011d08ebd93555f174,true,/home/zhouziang/Workspace/compression/kv_compression/artifacts/raw/20261004_m1_qwen35_2k_ansraw/ans_raw_262144.akvpack,67726461,246073
20261004_m1_qwen35_2k_ansraw,layer22.recurrent.0,22,linear_attention,recurrent,0,float32,4,262144,2,524288,262144,ans_raw,244388,1024,465,0,245877,d32f554f31526f446a4fb01609e8314b77cf45e0e115822b727ca638fcf4e6b0,d32f554f31526f446a4fb01609e8314b77cf45e0e115822b727ca638fcf4e6b0,true,/home/zhouziang/Workspace/compression/kv_compression/artifacts/raw/20261004_m1_qwen35_2k_ansraw/ans_raw_262144.akvpack,67972542,245869
20261004_m1_qwen35_2k_ansraw,layer22.recurrent.0,22,linear_attention,recurrent,0,float32,4,262144,3,786432,262144,ans_raw,244472,1024,465,0,245961,d83423fd8ab37d7f3504f92e0e1b1403c053d8d6284f2882936bfe47d6deea0e,d83423fd8ab37d7f3504f92e0e1b1403c053d8d6284f2882936bfe47d6deea0e,true,/home/zhouziang/Workspace/compression/kv_compression/artifacts/raw/20261004_m1_qwen35_2k_ansraw/ans_raw_262144.akvpack,68218419,245953
20261004_m1_qwen35_2k_ansraw,layer22.recurrent.0,22,linear_attention,recurrent,0,float32,4,262144,4,1048576,262144,ans_raw,244576,1024,466,0,246066,02d2125b91e69cab42261796033b5d2c33a5dc88165cd9077a4495284cb3b941,02d2125b91e69cab42261796033b5d2c33a5dc88165cd9077a4495284cb3b941,true,/home/zhouziang/Workspace/compression/kv_compression/artifacts/raw/20261004_m1_qwen35_2k_ansraw/ans_raw_262144.akvpack,68464380,246058
20261004_m1_qwen35_2k_ansraw,layer22.recurrent.0,22,linear_attention,recurrent,0,float32,4,262144,5,1310720,262144,ans_raw,244564,1024,466,0,246054,188c6230cfcb6c26a560b56bfb469fd9b5c1b3e32344706c42b5820772505bf6,188c6230cfcb6c26a560b56bfb469fd9b5c1b3e32344706c42b5820772505bf6,true,/home/zhouziang/Workspace/compression/kv_compression/artifacts/raw/20261004_m1_qwen35_2k_ansraw/ans_raw_262144.akvpack,68710446,246046
20261004_m1_qwen35_2k_ansraw,layer22.recurrent.0,22,linear_attention,recurrent,0,float32,4,262144,6,1572864,262144,ans_raw,243920,1024,466,0,245410,686a08caad22860c99cb08c30eb2ce898b838972d2a4d21fdb6b0c089c268b7a,686a08caad22860c99cb08c30eb2ce898b838972d2a4d21fdb6b0c089c268b7a,true,/home/zhouziang/Workspace/compression/kv_compression/artifacts/raw/20261004_m1_qwen35_2k_ansraw/ans_raw_262144.akvpack,68956500,245402
20261004_m1_qwen35_2k_ansraw,layer22.recurrent.0,22,linear_attention,recurrent,0,float32,4,262144,7,1835008,262144,ans_raw,244824,1024,466,0,246314,d9952b9f123e1261f021c8d93e88c692af148470da0d8ae43584203b64993ab7,d9952b9f123e1261f021c8d93e88c692af148470da0d8ae43584203b64993ab7,true,/home/zhouziang/Workspace/compression/kv_compression/artifacts/raw/20261004_m1_qwen35_2k_ansraw/ans_raw_262144.akvpack,69201910,246306
20261004_m1_qwen35_2k_ansraw,layer23.key.0,23,full_attention,key,0,bfloat16,2,262144,0,0,262144,ans_raw,206480,1024,447,0,207951,f5d8ee089d5a0031ed074b8af31c263e18cf64ecb34ac75d28c91f44ecd6d380,f5d8ee089d5a0031ed074b8af31c263e18cf64ecb34ac75d28c91f44ecd6d380,true,/home/zhouziang/Workspace/compression/kv_compression/artifacts/raw/20261004_m1_qwen35_2k_ansraw/ans_raw_262144.akvpack,69448224,207943
20261004_m1_qwen35_2k_ansraw,layer23.key.0,23,full_attention,key,0,bfloat16,2,262144,1,262144,262144,ans_raw,206464,1024,452,0,207940,a0428d07dbdcad1ee75f51f2647a4ae588a6a4e8d2e559394403bcd9ffa9fe69,a0428d07dbdcad1ee75f51f2647a4ae588a6a4e8d2e559394403bcd9ffa9fe69,true,/home/zhouziang/Workspace/compression/kv_compression/artifacts/raw/20261004_m1_qwen35_2k_ansraw/ans_raw_262144.akvpack,69656175,207932
20261004_m1_qwen35_2k_ansraw,layer23.key.0,23,full_attention,key,0,bfloat16,2,262144,2,524288,262144,ans_raw,206036,1024,452,0,207512,28ecb5b90627f64fc8b570f43ccff38fa40968e64eb05337ce7dbe38a6d8abaa,28ecb5b90627f64fc8b570f43ccff38fa40968e64eb05337ce7dbe38a6d8abaa,true,/home/zhouziang/Workspace/compression/kv_compression/artifacts/raw/20261004_m1_qwen35_2k_ansraw/ans_raw_262144.akvpack,69864115,207504
20261004_m1_qwen35_2k_ansraw,layer23.key.0,23,full_attention,key,0,bfloat16,2,262144,3,786432,262144,ans_raw,206020,1024,452,0,207496,85caec994dd568542b040aaee9cc94425103661dc1451358edce03f005571d7f,85caec994dd568542b040aaee9cc94425103661dc1451358edce03f005571d7f,true,/home/zhouziang/Workspace/compression/kv_compression/artifacts/raw/20261004_m1_qwen35_2k_ansraw/ans_raw_262144.akvpack,70071627,207488
20261004_m1_qwen35_2k_ansraw,layer23.key.0,23,full_attention,key,0,bfloat16,2,262144,4,1048576,262144,ans_raw,206504,1024,453,0,207981,bbb7236fc5ac4f96e91677a7d8acde5b9e4011b5bcb540a2b12ab656da6630de,bbb7236fc5ac4f96e91677a7d8acde5b9e4011b5bcb540a2b12ab656da6630de,true,/home/zhouziang/Workspace/compression/kv_compression/artifacts/raw/20261004_m1_qwen35_2k_ansraw/ans_raw_262144.akvpack,70279123,207973
20261004_m1_qwen35_2k_ansraw,layer23.key.0,23,full_attention,key,0,bfloat16,2,262144,5,1310720,262144,ans_raw,206280,1024,453,0,207757,bc6a855c7a0d2b1e9e8b77ec4b6deb29d302e956b2aa0b13bb353ee8ca3dc880,bc6a855c7a0d2b1e9e8b77ec4b6deb29d302e956b2aa0b13bb353ee8ca3dc880,true,/home/zhouziang/Workspace/compression/kv_compression/artifacts/raw/20261004_m1_qwen35_2k_ansraw/ans_raw_262144.akvpack,70487104,207749
20261004_m1_qwen35_2k_ansraw,layer23.key.0,23,full_attention,key,0,bfloat16,2,262144,6,1572864,262144,ans_raw,206272,1024,453,0,207749,16bec4c06a4f28f11c687cbdca629e8430377dec418757bc98449ba26018df0c,16bec4c06a4f28f11c687cbdca629e8430377dec418757bc98449ba26018df0c,true,/home/zhouziang/Workspace/compression/kv_compression/artifacts/raw/20261004_m1_qwen35_2k_ansraw/ans_raw_262144.akvpack,70694861,207741
20261004_m1_qwen35_2k_ansraw,layer23.key.0,23,full_attention,key,0,bfloat16,2,262144,7,1835008,262144,ans_raw,206248,1024,453,0,207725,deb350d21cd9bfa20bd89fe5f8b44627594fd83142e148fa30e790dd501d2c70,deb350d21cd9bfa20bd89fe5f8b44627594fd83142e148fa30e790dd501d2c70,true,/home/zhouziang/Workspace/compression/kv_compression/artifacts/raw/20261004_m1_qwen35_2k_ansraw/ans_raw_262144.akvpack,70902610,207717
20261004_m1_qwen35_2k_ansraw,layer23.key.0,23,full_attention,key,0,bfloat16,2,262144,8,2097152,262144,ans_raw,205988,1024,453,0,207465,dfded82706a3fa681a927f70a847c75c26e1089e9cbee54c345a469f7a2813df,dfded82706a3fa681a927f70a847c75c26e1089e9cbee54c345a469f7a2813df,true,/home/zhouziang/Workspace/compression/kv_compression/artifacts/raw/20261004_m1_qwen35_2k_ansraw/ans_raw_262144.akvpack,71110335,207457
20261004_m1_qwen35_2k_ansraw,layer23.key.0,23,full_attention,key,0,bfloat16,2,262144,9,2359296,262144,ans_raw,205964,1024,453,0,207441,dc3f56d7566d834cc7389b98f818c5f8aae37ece010279e8394dccd3457adf28,dc3f56d7566d834cc7389b98f818c5f8aae37ece010279e8394dccd3457adf28,true,/home/zhouziang/Workspace/compression/kv_compression/artifacts/raw/20261004_m1_qwen35_2k_ansraw/ans_raw_262144.akvpack,71317800,207433
20261004_m1_qwen35_2k_ansraw,layer23.key.0,23,full_attention,key,0,bfloat16,2,262144,10,2621440,262144,ans_raw,205696,1024,454,0,207174,d121be9b4f05a653112f2c8dde3764c9e6473df8d2546a164f719c0eb74bc369,d121be9b4f05a653112f2c8dde3764c9e6473df8d2546a164f719c0eb74bc369,true,/home/zhouziang/Workspace/compression/kv_compression/artifacts/raw/20261004_m1_qwen35_2k_ansraw/ans_raw_262144.akvpack,71525241,207166
20261004_m1_qwen35_2k_ansraw,layer23.key.0,23,full_attention,key,0,bfloat16,2,262144,11,2883584,262144,ans_raw,205712,1024,454,0,207190,3db3bd2745c2d36ba59430f2f5fe5fac3d141faa27cc77f5332f367a2e3d2840,3db3bd2745c2d36ba59430f2f5fe5fac3d141faa27cc77f5332f367a2e3d2840,true,/home/zhouziang/Workspace/compression/kv_compression/artifacts/raw/20261004_m1_qwen35_2k_ansraw/ans_raw_262144.akvpack,71732415,207182
20261004_m1_qwen35_2k_ansraw,layer23.key.0,23,full_attention,key,0,bfloat16,2,262144,12,3145728,262144,ans_raw,206740,1024,454,0,208218,44a96217242d806239346c011b90787bd5670ef871238ecf1f86461535f9decb,44a96217242d806239346c011b90787bd5670ef871238ecf1f86461535f9decb,true,/home/zhouziang/Workspace/compression/kv_compression/artifacts/raw/20261004_m1_qwen35_2k_ansraw/ans_raw_262144.akvpack,71939605,208210
20261004_m1_qwen35_2k_ansraw,layer23.key.0,23,full_attention,key,0,bfloat16,2,262144,13,3407872,262144,ans_raw,206596,1024,454,0,208074,c5f89ab9d5f2636ed554bb17519c6c9a1e9e3a6e5f547988a581da12a76a2073,c5f89ab9d5f2636ed554bb17519c6c9a1e9e3a6e5f547988a581da12a76a2073,true,/home/zhouziang/Workspace/compression/kv_compression/artifacts/raw/20261004_m1_qwen35_2k_ansraw/ans_raw_262144.akvpack,72147823,208066
20261004_m1_qwen35_2k_ansraw,layer23.key.0,23,full_attention,key,0,bfloat16,2,262144,14,3670016,262144,ans_raw,206208,1024,454,0,207686,acd79d06ca23a1fa7fc049848be3d51467603265fd992795009cf3b5cdadbac5,acd79d06ca23a1fa7fc049848be3d51467603265fd992795009cf3b5cdadbac5,true,/home/zhouziang/Workspace/compression/kv_compression/artifacts/raw/20261004_m1_qwen35_2k_ansraw/ans_raw_262144.akvpack,72355897,207678
20261004_m1_qwen35_2k_ansraw,layer23.key.0,23,full_attention,key,0,bfloat16,2,262144,15,3932160,262144,ans_raw,206324,1024,454,0,207802,514574dda9c35df00cba45fd37bc733329a6408939011bf089f9d4d58d1d8684,514574dda9c35df00cba45fd37bc733329a6408939011bf089f9d4d58d1d8684,true,/home/zhouziang/Workspace/compression/kv_compression/artifacts/raw/20261004_m1_qwen35_2k_ansraw/ans_raw_262144.akvpack,72563583,207794
20261004_m1_qwen35_2k_ansraw,layer23.value.0,23,full_attention,value,0,bfloat16,2,262144,0,0,262144,ans_raw,205724,1024,451,0,207199,3d3799a40dd7b89b1d504069cc86c0b33303cea3ee55632ec249cbf9571ba3fe,3d3799a40dd7b89b1d504069cc86c0b33303cea3ee55632ec249cbf9571ba3fe,true,/home/zhouziang/Workspace/compression/kv_compression/artifacts/raw/20261004_m1_qwen35_2k_ansraw/ans_raw_262144.akvpack,72771385,207191
20261004_m1_qwen35_2k_ansraw,layer23.value.0,23,full_attention,value,0,bfloat16,2,262144,1,262144,262144,ans_raw,205728,1024,456,0,207208,681c27c188240b108915e03f0cb390d75165658c093d3981ca919830dd32c95e,681c27c188240b108915e03f0cb390d75165658c093d3981ca919830dd32c95e,true,/home/zhouziang/Workspace/compression/kv_compression/artifacts/raw/20261004_m1_qwen35_2k_ansraw/ans_raw_262144.akvpack,72978584,207200
20261004_m1_qwen35_2k_ansraw,layer23.value.0,23,full_attention,value,0,bfloat16,2,262144,2,524288,262144,ans_raw,205528,1024,456,0,207008,7ff80c8f566cdff6297fa1cfb33502aafa72bd696430628ee50ca2b914f6b22a,7ff80c8f566cdff6297fa1cfb33502aafa72bd696430628ee50ca2b914f6b22a,true,/home/zhouziang/Workspace/compression/kv_compression/artifacts/raw/20261004_m1_qwen35_2k_ansraw/ans_raw_262144.akvpack,73185792,207000
20261004_m1_qwen35_2k_ansraw,layer23.value.0,23,full_attention,value,0,bfloat16,2,262144,3,786432,262144,ans_raw,205564,1024,456,0,207044,48b8b1edfc4ebe691212d9ecf13026c95a9383c3749f139cde5a72f2ed36c460,48b8b1edfc4ebe691212d9ecf13026c95a9383c3749f139cde5a72f2ed36c460,true,/home/zhouziang/Workspace/compression/kv_compression/artifacts/raw/20261004_m1_qwen35_2k_ansraw/ans_raw_262144.akvpack,73392800,207036
20261004_m1_qwen35_2k_ansraw,layer23.value.0,23,full_attention,value,0,bfloat16,2,262144,4,1048576,262144,ans_raw,205744,1024,457,0,207225,f4f06f19c662ff22de306c9dd61eb456de8b42cd05438da61eb78221799c6af0,f4f06f19c662ff22de306c9dd61eb456de8b42cd05438da61eb78221799c6af0,true,/home/zhouziang/Workspace/compression/kv_compression/artifacts/raw/20261004_m1_qwen35_2k_ansraw/ans_raw_262144.akvpack,73599844,207217
20261004_m1_qwen35_2k_ansraw,layer23.value.0,23,full_attention,value,0,bfloat16,2,262144,5,1310720,262144,ans_raw,205568,1024,457,0,207049,e0008026e7872e336d2f2c3820c57873a9427f1d7ad18fb2b79f896e7542ecdd,e0008026e7872e336d2f2c3820c57873a9427f1d7ad18fb2b79f896e7542ecdd,true,/home/zhouziang/Workspace/compression/kv_compression/artifacts/raw/20261004_m1_qwen35_2k_ansraw/ans_raw_262144.akvpack,73807069,207041
20261004_m1_qwen35_2k_ansraw,layer23.value.0,23,full_attention,value,0,bfloat16,2,262144,6,1572864,262144,ans_raw,205272,1024,457,0,206753,346cc249d2017ac8f9925518345df3afb7e2c57883c2677ba237f36de40efde4,346cc249d2017ac8f9925518345df3afb7e2c57883c2677ba237f36de40efde4,true,/home/zhouziang/Workspace/compression/kv_compression/artifacts/raw/20261004_m1_qwen35_2k_ansraw/ans_raw_262144.akvpack,74014118,206745
20261004_m1_qwen35_2k_ansraw,layer23.value.0,23,full_attention,value,0,bfloat16,2,262144,7,1835008,262144,ans_raw,205240,1024,457,0,206721,261a2e1aa62085785a60728e4c158e702160e6375dd1c892b7acdd376a134d76,261a2e1aa62085785a60728e4c158e702160e6375dd1c892b7acdd376a134d76,true,/home/zhouziang/Workspace/compression/kv_compression/artifacts/raw/20261004_m1_qwen35_2k_ansraw/ans_raw_262144.akvpack,74220871,206713
20261004_m1_qwen35_2k_ansraw,layer23.value.0,23,full_attention,value,0,bfloat16,2,262144,8,2097152,262144,ans_raw,206056,1024,457,0,207537,c9affce410d754810496a76bfe2ac15267465734af453a978d376b3312c6c4ca,c9affce410d754810496a76bfe2ac15267465734af453a978d376b3312c6c4ca,true,/home/zhouziang/Workspace/compression/kv_compression/artifacts/raw/20261004_m1_qwen35_2k_ansraw/ans_raw_262144.akvpack,74427592,207529
20261004_m1_qwen35_2k_ansraw,layer23.value.0,23,full_attention,value,0,bfloat16,2,262144,9,2359296,262144,ans_raw,205992,1024,457,0,207473,8e2c36f0b94a839473b82dd0e0ed05e205eec698e04d87bc21c310924d49082a,8e2c36f0b94a839473b82dd0e0ed05e205eec698e04d87bc21c310924d49082a,true,/home/zhouziang/Workspace/compression/kv_compression/artifacts/raw/20261004_m1_qwen35_2k_ansraw/ans_raw_262144.akvpack,74635129,207465
20261004_m1_qwen35_2k_ansraw,layer23.value.0,23,full_attention,value,0,bfloat16,2,262144,10,2621440,262144,ans_raw,205744,1024,458,0,207226,3a91aa106f6076603af175f6e1278c1c37892c1b8e230bec6ef04cbd24ebf264,3a91aa106f6076603af175f6e1278c1c37892c1b8e230bec6ef04cbd24ebf264,true,/home/zhouziang/Workspace/compression/kv_compression/artifacts/raw/20261004_m1_qwen35_2k_ansraw/ans_raw_262144.akvpack,74842602,207218
20261004_m1_qwen35_2k_ansraw,layer23.value.0,23,full_attention,value,0,bfloat16,2,262144,11,2883584,262144,ans_raw,205784,1024,458,0,207266,2e4d534ba543b9fa82a8ff9583ae1acf3d219981872d272891982e40d1f7caee,2e4d534ba543b9fa82a8ff9583ae1acf3d219981872d272891982e40d1f7caee,true,/home/zhouziang/Workspace/compression/kv_compression/artifacts/raw/20261004_m1_qwen35_2k_ansraw/ans_raw_262144.akvpack,75049828,207258
20261004_m1_qwen35_2k_ansraw,layer23.value.0,23,full_attention,value,0,bfloat16,2,262144,12,3145728,262144,ans_raw,205368,1024,458,0,206850,89202f8114b711f42dd6dbfe4d5ff0d9e345daef3a27c86d449f866eee6a1da9,89202f8114b711f42dd6dbfe4d5ff0d9e345daef3a27c86d449f866eee6a1da9,true,/home/zhouziang/Workspace/compression/kv_compression/artifacts/raw/20261004_m1_qwen35_2k_ansraw/ans_raw_262144.akvpack,75257094,206842
20261004_m1_qwen35_2k_ansraw,layer23.value.0,23,full_attention,value,0,bfloat16,2,262144,13,3407872,262144,ans_raw,205072,1024,458,0,206554,6c6cbdddc5964b3fec80096b4a5399a92b52ae8e2e76dedaf5f82fc9ac3eeb01,6c6cbdddc5964b3fec80096b4a5399a92b52ae8e2e76dedaf5f82fc9ac3eeb01,true,/home/zhouziang/Workspace/compression/kv_compression/artifacts/raw/20261004_m1_qwen35_2k_ansraw/ans_raw_262144.akvpack,75463944,206546
20261004_m1_qwen35_2k_ansraw,layer23.value.0,23,full_attention,value,0,bfloat16,2,262144,14,3670016,262144,ans_raw,205248,1024,458,0,206730,e9f4fe316d39107b27ade615ab993beb98e6d337246feeacf178595c2bc64bd0,e9f4fe316d39107b27ade615ab993beb98e6d337246feeacf178595c2bc64bd0,true,/home/zhouziang/Workspace/compression/kv_compression/artifacts/raw/20261004_m1_qwen35_2k_ansraw/ans_raw_262144.akvpack,75670498,206722
20261004_m1_qwen35_2k_ansraw,layer23.value.0,23,full_attention,value,0,bfloat16,2,262144,15,3932160,262144,ans_raw,205160,1024,458,0,206642,4959f1f156b66a80370aea15bb2b3c163eca431a5ac50dd519cab939e4c36f7d,4959f1f156b66a80370aea15bb2b3c163eca431a5ac50dd519cab939e4c36f7d,true,/home/zhouziang/Workspace/compression/kv_compression/artifacts/raw/20261004_m1_qwen35_2k_ansraw/ans_raw_262144.akvpack,75877228,206634
20261004_m1_qwen35_2k_ansraw,layer24.convolution.0,24,linear_attention,convolution,0,bfloat16,2,262144,0,0,65536,ans_raw,51496,1024,458,0,52978,a4fde756777c85af390ec19d57faa1caad5e5ccee8b0ced5e54f3aeab91e63d7,a4fde756777c85af390ec19d57faa1caad5e5ccee8b0ced5e54f3aeab91e63d7,true,/home/zhouziang/Workspace/compression/kv_compression/artifacts/raw/20261004_m1_qwen35_2k_ansraw/ans_raw_262144.akvpack,76083870,52970
20261004_m1_qwen35_2k_ansraw,layer24.recurrent.0,24,linear_attention,recurrent,0,float32,4,262144,0,0,262144,ans_raw,245804,1024,460,0,247288,9068ca6ba23d5abb7f33ad8385e4d3e5ddad1a5ebe0490da25af3996e4da7bae,9068ca6ba23d5abb7f33ad8385e4d3e5ddad1a5ebe0490da25af3996e4da7bae,true,/home/zhouziang/Workspace/compression/kv_compression/artifacts/raw/20261004_m1_qwen35_2k_ansraw/ans_raw_262144.akvpack,76136848,247280
20261004_m1_qwen35_2k_ansraw,layer24.recurrent.0,24,linear_attention,recurrent,0,float32,4,262144,1,262144,262144,ans_raw,244608,1024,465,0,246097,6f8a4713b2a05b823bbe312182850fd0c23d86d2c3a9ba4afc5d7964a632649d,6f8a4713b2a05b823bbe312182850fd0c23d86d2c3a9ba4afc5d7964a632649d,true,/home/zhouziang/Workspace/compression/kv_compression/artifacts/raw/20261004_m1_qwen35_2k_ansraw/ans_raw_262144.akvpack,76384136,246089
20261004_m1_qwen35_2k_ansraw,layer24.recurrent.0,24,linear_attention,recurrent,0,float32,4,262144,2,524288,262144,ans_raw,244316,1024,465,0,245805,2022218d58cb8d91869daf7061d36db00a9a5ee9ac79073f0967c3a903ffb47d,2022218d58cb8d91869daf7061d36db00a9a5ee9ac79073f0967c3a903ffb47d,true,/home/zhouziang/Workspace/compression/kv_compression/artifacts/raw/20261004_m1_qwen35_2k_ansraw/ans_raw_262144.akvpack,76630233,245797
20261004_m1_qwen35_2k_ansraw,layer24.recurrent.0,24,linear_attention,recurrent,0,float32,4,262144,3,786432,262144,ans_raw,244776,1024,465,0,246265,b87eee078bf2eeb46c68b6bbf54037da3b737523eb1cd1bb8dea61bc48b1c3bb,b87eee078bf2eeb46c68b6bbf54037da3b737523eb1cd1bb8dea61bc48b1c3bb,true,/home/zhouziang/Workspace/compression/kv_compression/artifacts/raw/20261004_m1_qwen35_2k_ansraw/ans_raw_262144.akvpack,76876038,246257
20261004_m1_qwen35_2k_ansraw,layer24.recurrent.0,24,linear_attention,recurrent,0,float32,4,262144,4,1048576,262144,ans_raw,244848,1024,466,0,246338,b0d714b6ea98f99e3704201d9a9eadce65830ccb7c58bfe3808d4f4d405d9736,b0d714b6ea98f99e3704201d9a9eadce65830ccb7c58bfe3808d4f4d405d9736,true,/home/zhouziang/Workspace/compression/kv_compression/artifacts/raw/20261004_m1_qwen35_2k_ansraw/ans_raw_262144.akvpack,77122303,246330
20261004_m1_qwen35_2k_ansraw,layer24.recurrent.0,24,linear_attention,recurrent,0,float32,4,262144,5,1310720,262144,ans_raw,244104,1024,466,0,245594,29a942b7cc17b5f2dba4491dfba17d77b8befab88e58d90c792502394e41b44a,29a942b7cc17b5f2dba4491dfba17d77b8befab88e58d90c792502394e41b44a,true,/home/zhouziang/Workspace/compression/kv_compression/artifacts/raw/20261004_m1_qwen35_2k_ansraw/ans_raw_262144.akvpack,77368641,245586
20261004_m1_qwen35_2k_ansraw,layer24.recurrent.0,24,linear_attention,recurrent,0,float32,4,262144,6,1572864,262144,ans_raw,244972,1024,466,0,246462,76289f0ed798511ebf598fd9be366aaea1885c05cb3033df264beef9213dc192,76289f0ed798511ebf598fd9be366aaea1885c05cb3033df264beef9213dc192,true,/home/zhouziang/Workspace/compression/kv_compression/artifacts/raw/20261004_m1_qwen35_2k_ansraw/ans_raw_262144.akvpack,77614235,246454
20261004_m1_qwen35_2k_ansraw,layer24.recurrent.0,24,linear_attention,recurrent,0,float32,4,262144,7,1835008,262144,ans_raw,244632,1024,466,0,246122,99be45f9a96bad701d0255a10637c18dfae4edfb11b3d5142fbdd2de6cc5f51e,99be45f9a96bad701d0255a10637c18dfae4edfb11b3d5142fbdd2de6cc5f51e,true,/home/zhouziang/Workspace/compression/kv_compression/artifacts/raw/20261004_m1_qwen35_2k_ansraw/ans_raw_262144.akvpack,77860697,246114
20261004_m1_qwen35_2k_ansraw,layer25.convolution.0,25,linear_attention,convolution,0,bfloat16,2,262144,0,0,65536,ans_raw,51504,1024,458,0,52986,ef66a6fbf3c8b7b219cc047d3f92776dce984fbd94869aeebb327ad891f818b5,ef66a6fbf3c8b7b219cc047d3f92776dce984fbd94869aeebb327ad891f818b5,true,/home/zhouziang/Workspace/compression/kv_compression/artifacts/raw/20261004_m1_qwen35_2k_ansraw/ans_raw_262144.akvpack,78106819,52978
20261004_m1_qwen35_2k_ansraw,layer25.recurrent.0,25,linear_attention,recurrent,0,float32,4,262144,0,0,262144,ans_raw,244012,1024,460,0,245496,25187a2b839d8089ec80dfb2de6a5e78a403ef4a58aee978b882c8827ad3ea3b,25187a2b839d8089ec80dfb2de6a5e78a403ef4a58aee978b882c8827ad3ea3b,true,/home/zhouziang/Workspace/compression/kv_compression/artifacts/raw/20261004_m1_qwen35_2k_ansraw/ans_raw_262144.akvpack,78159805,245488
20261004_m1_qwen35_2k_ansraw,layer25.recurrent.0,25,linear_attention,recurrent,0,float32,4,262144,1,262144,262144,ans_raw,243876,1024,465,0,245365,4a153f0d7ebed08b041e79885f68ce11830106b0b226fedd81024276327f2aa6,4a153f0d7ebed08b041e79885f68ce11830106b0b226fedd81024276327f2aa6,true,/home/zhouziang/Workspace/compression/kv_compression/artifacts/raw/20261004_m1_qwen35_2k_ansraw/ans_raw_262144.akvpack,78405301,245357
20261004_m1_qwen35_2k_ansraw,layer25.recurrent.0,25,linear_attention,recurrent,0,float32,4,262144,2,524288,262144,ans_raw,247108,1024,465,0,248597,059cd899d61d049467d30dca277a073c9d02b8fcfba0ab0ef5615575a764df76,059cd899d61d049467d30dca277a073c9d02b8fcfba0ab0ef5615575a764df76,true,/home/zhouziang/Workspace/compression/kv_compression/artifacts/raw/20261004_m1_qwen35_2k_ansraw/ans_raw_262144.akvpack,78650666,248589
20261004_m1_qwen35_2k_ansraw,layer25.recurrent.0,25,linear_attention,recurrent,0,float32,4,262144,3,786432,262144,ans_raw,244404,1024,465,0,245893,718da70c997818f9d7d55ad98ed1a49da42f20be5241addfd284610d1ab22a26,718da70c997818f9d7d55ad98ed1a49da42f20be5241addfd284610d1ab22a26,true,/home/zhouziang/Workspace/compression/kv_compression/artifacts/raw/20261004_m1_qwen35_2k_ansraw/ans_raw_262144.akvpack,78899263,245885
20261004_m1_qwen35_2k_ansraw,layer25.recurrent.0,25,linear_attention,recurrent,0,float32,4,262144,4,1048576,262144,ans_raw,244320,1024,466,0,245810,79c6ccbf2e241881c3a58d7b667d05551c98928e528fbc57d35c6732b7d2e88e,79c6ccbf2e241881c3a58d7b667d05551c98928e528fbc57d35c6732b7d2e88e,true,/home/zhouziang/Workspace/compression/kv_compression/artifacts/raw/20261004_m1_qwen35_2k_ansraw/ans_raw_262144.akvpack,79145156,245802
20261004_m1_qwen35_2k_ansraw,layer25.recurrent.0,25,linear_attention,recurrent,0,float32,4,262144,5,1310720,262144,ans_raw,245288,1024,466,0,246778,e41ba2dc23b663a327693a6dc046e4505c34e7449dcee89dd26cbf57e5303360,e41ba2dc23b663a327693a6dc046e4505c34e7449dcee89dd26cbf57e5303360,true,/home/zhouziang/Workspace/compression/kv_compression/artifacts/raw/20261004_m1_qwen35_2k_ansraw/ans_raw_262144.akvpack,79390966,246770
20261004_m1_qwen35_2k_ansraw,layer25.recurrent.0,25,linear_attention,recurrent,0,float32,4,262144,6,1572864,262144,ans_raw,243700,1024,466,0,245190,91f9fd0c654ab3762aa047e053f7c23ef8048e6dd6b2071ff98bec639a249e0e,91f9fd0c654ab3762aa047e053f7c23ef8048e6dd6b2071ff98bec639a249e0e,true,/home/zhouziang/Workspace/compression/kv_compression/artifacts/raw/20261004_m1_qwen35_2k_ansraw/ans_raw_262144.akvpack,79637744,245182
20261004_m1_qwen35_2k_ansraw,layer25.recurrent.0,25,linear_attention,recurrent,0,float32,4,262144,7,1835008,262144,ans_raw,244080,1024,466,0,245570,09af8399414b39e1695fa467496c057c8b0d88a3aefe7ab26adbdd6e3faee21d,09af8399414b39e1695fa467496c057c8b0d88a3aefe7ab26adbdd6e3faee21d,true,/home/zhouziang/Workspace/compression/kv_compression/artifacts/raw/20261004_m1_qwen35_2k_ansraw/ans_raw_262144.akvpack,79882934,245562
20261004_m1_qwen35_2k_ansraw,layer26.convolution.0,26,linear_attention,convolution,0,bfloat16,2,262144,0,0,65536,ans_raw,51492,1024,458,0,52974,61cbe547c8596de46020f4365d6c21b450839d901cc87989fa9b519aeda830b1,61cbe547c8596de46020f4365d6c21b450839d901cc87989fa9b519aeda830b1,true,/home/zhouziang/Workspace/compression/kv_compression/artifacts/raw/20261004_m1_qwen35_2k_ansraw/ans_raw_262144.akvpack,80128504,52966
20261004_m1_qwen35_2k_ansraw,layer26.recurrent.0,26,linear_attention,recurrent,0,float32,4,262144,0,0,262144,ans_raw,244592,1024,460,0,246076,8b3504a0b27afc3939d24bb96aaa9ff1acbcb241f895f30e3221aa5c35dbe92b,8b3504a0b27afc3939d24bb96aaa9ff1acbcb241f895f30e3221aa5c35dbe92b,true,/home/zhouziang/Workspace/compression/kv_compression/artifacts/raw/20261004_m1_qwen35_2k_ansraw/ans_raw_262144.akvpack,80181478,246068
20261004_m1_qwen35_2k_ansraw,layer26.recurrent.0,26,linear_attention,recurrent,0,float32,4,262144,1,262144,262144,ans_raw,244680,1024,465,0,246169,da44dc665fb072358feb0bf1443ab6276c2505df734096994eb3f19ba721a6d4,da44dc665fb072358feb0bf1443ab6276c2505df734096994eb3f19ba721a6d4,true,/home/zhouziang/Workspace/compression/kv_compression/artifacts/raw/20261004_m1_qwen35_2k_ansraw/ans_raw_262144.akvpack,80427554,246161
20261004_m1_qwen35_2k_ansraw,layer26.recurrent.0,26,linear_attention,recurrent,0,float32,4,262144,2,524288,262144,ans_raw,244364,1024,465,0,245853,2c3bbf543f352332078ea06fddd0da9b3f2c375cf1dec9e1e3b3148c7c71bb14,2c3bbf543f352332078ea06fddd0da9b3f2c375cf1dec9e1e3b3148c7c71bb14,true,/home/zhouziang/Workspace/compression/kv_compression/artifacts/raw/20261004_m1_qwen35_2k_ansraw/ans_raw_262144.akvpack,80673723,245845
20261004_m1_qwen35_2k_ansraw,layer26.recurrent.0,26,linear_attention,recurrent,0,float32,4,262144,3,786432,262144,ans_raw,243040,1024,465,0,244529,424839a6fb131366ec31666c0f37b074b1c749c46999702baf0d77c48e8a3810,424839a6fb131366ec31666c0f37b074b1c749c46999702baf0d77c48e8a3810,true,/home/zhouziang/Workspace/compression/kv_compression/artifacts/raw/20261004_m1_qwen35_2k_ansraw/ans_raw_262144.akvpack,80919576,244521
20261004_m1_qwen35_2k_ansraw,layer26.recurrent.0,26,linear_attention,recurrent,0,float32,4,262144,4,1048576,262144,ans_raw,244656,1024,466,0,246146,8c41d5298492f5f3c4fd994d3f3480232ce6a0e822cb1e462dec50e0cd3feecf,8c41d5298492f5f3c4fd994d3f3480232ce6a0e822cb1e462dec50e0cd3feecf,true,/home/zhouziang/Workspace/compression/kv_compression/artifacts/raw/20261004_m1_qwen35_2k_ansraw/ans_raw_262144.akvpack,81164105,246138
20261004_m1_qwen35_2k_ansraw,layer26.recurrent.0,26,linear_attention,recurrent,0,float32,4,262144,5,1310720,262144,ans_raw,244572,1024,466,0,246062,8f8741e5a6db18316ebb2aaaefcdc05f949a8ad0508f5e67c7b2d6eabd6c5f54,8f8741e5a6db18316ebb2aaaefcdc05f949a8ad0508f5e67c7b2d6eabd6c5f54,true,/home/zhouziang/Workspace/compression/kv_compression/artifacts/raw/20261004_m1_qwen35_2k_ansraw/ans_raw_262144.akvpack,81410251,246054
20261004_m1_qwen35_2k_ansraw,layer26.recurrent.0,26,linear_attention,recurrent,0,float32,4,262144,6,1572864,262144,ans_raw,244084,1024,466,0,245574,a73788371de9d4c3d33f4f8c2db9bd5b5f7e0a2373826a1095930efa5246e30e,a73788371de9d4c3d33f4f8c2db9bd5b5f7e0a2373826a1095930efa5246e30e,true,/home/zhouziang/Workspace/compression/kv_compression/artifacts/raw/20261004_m1_qwen35_2k_ansraw/ans_raw_262144.akvpack,81656313,245566
20261004_m1_qwen35_2k_ansraw,layer26.recurrent.0,26,linear_attention,recurrent,0,float32,4,262144,7,1835008,262144,ans_raw,246776,1024,466,0,248266,5d0aacfb687d92bb29d86385c4c1da55abaf0764d08dcd9504176e95b8847882,5d0aacfb687d92bb29d86385c4c1da55abaf0764d08dcd9504176e95b8847882,true,/home/zhouziang/Workspace/compression/kv_compression/artifacts/raw/20261004_m1_qwen35_2k_ansraw/ans_raw_262144.akvpack,81901887,248258
20261004_m1_qwen35_2k_ansraw,layer27.key.0,27,full_attention,key,0,bfloat16,2,262144,0,0,262144,ans_raw,205696,1024,447,0,207167,8c0d15daa2e2c107dfb5da9017086d9fab44d3e61d412b19ba6b40ba614f2bc1,8c0d15daa2e2c107dfb5da9017086d9fab44d3e61d412b19ba6b40ba614f2bc1,true,/home/zhouziang/Workspace/compression/kv_compression/artifacts/raw/20261004_m1_qwen35_2k_ansraw/ans_raw_262144.akvpack,82150153,207159
20261004_m1_qwen35_2k_ansraw,layer27.key.0,27,full_attention,key,0,bfloat16,2,262144,1,262144,262144,ans_raw,205388,1024,452,0,206864,9088d4350028496e1e59d2bf6a835733bf4de711b3aa06c87d41095c45c79100,9088d4350028496e1e59d2bf6a835733bf4de711b3aa06c87d41095c45c79100,true,/home/zhouziang/Workspace/compression/kv_compression/artifacts/raw/20261004_m1_qwen35_2k_ansraw/ans_raw_262144.akvpack,82357320,206856
20261004_m1_qwen35_2k_ansraw,layer27.key.0,27,full_attention,key,0,bfloat16,2,262144,2,524288,262144,ans_raw,205284,1024,452,0,206760,a8075fe116f9609ba689d9ee76f29b3775bd607b806337602f96f66c38f5f333,a8075fe116f9609ba689d9ee76f29b3775bd607b806337602f96f66c38f5f333,true,/home/zhouziang/Workspace/compression/kv_compression/artifacts/raw/20261004_m1_qwen35_2k_ansraw/ans_raw_262144.akvpack,82564184,206752
20261004_m1_qwen35_2k_ansraw,layer27.key.0,27,full_attention,key,0,bfloat16,2,262144,3,786432,262144,ans_raw,205180,1024,452,0,206656,fa3a84efbc8f54338a385c11435bf9f52abd215fdc8e073524efe6ba3e17b725,fa3a84efbc8f54338a385c11435bf9f52abd215fdc8e073524efe6ba3e17b725,true,/home/zhouziang/Workspace/compression/kv_compression/artifacts/raw/20261004_m1_qwen35_2k_ansraw/ans_raw_262144.akvpack,82770944,206648
20261004_m1_qwen35_2k_ansraw,layer27.key.0,27,full_attention,key,0,bfloat16,2,262144,4,1048576,262144,ans_raw,205848,1024,453,0,207325,c0abf718137137c0b1567557e6f52b021a43dea53aafcbc53c24089040646558,c0abf718137137c0b1567557e6f52b021a43dea53aafcbc53c24089040646558,true,/home/zhouziang/Workspace/compression/kv_compression/artifacts/raw/20261004_m1_qwen35_2k_ansraw/ans_raw_262144.akvpack,82977600,207317
20261004_m1_qwen35_2k_ansraw,layer27.key.0,27,full_attention,key,0,bfloat16,2,262144,5,1310720,262144,ans_raw,205672,1024,453,0,207149,1a6fc92c73f61102ed325ee2b8b3e1e4cb71c817d84f3d4cbb4e22a45ba48d32,1a6fc92c73f61102ed325ee2b8b3e1e4cb71c817d84f3d4cbb4e22a45ba48d32,true,/home/zhouziang/Workspace/compression/kv_compression/artifacts/raw/20261004_m1_qwen35_2k_ansraw/ans_raw_262144.akvpack,83184925,207141
20261004_m1_qwen35_2k_ansraw,layer27.key.0,27,full_attention,key,0,bfloat16,2,262144,6,1572864,262144,ans_raw,205596,1024,453,0,207073,7b7ae10208dfbd2d8a064cc8ed1d102aa7d6cbb91dff8e5e722b1e7a3cac2c75,7b7ae10208dfbd2d8a064cc8ed1d102aa7d6cbb91dff8e5e722b1e7a3cac2c75,true,/home/zhouziang/Workspace/compression/kv_compression/artifacts/raw/20261004_m1_qwen35_2k_ansraw/ans_raw_262144.akvpack,83392074,207065
20261004_m1_qwen35_2k_ansraw,layer27.key.0,27,full_attention,key,0,bfloat16,2,262144,7,1835008,262144,ans_raw,205604,1024,453,0,207081,603308bfd6573a1981fe06a56958cdb66a000ed0ce870c4c823ea5e6b3defbda,603308bfd6573a1981fe06a56958cdb66a000ed0ce870c4c823ea5e6b3defbda,true,/home/zhouziang/Workspace/compression/kv_compression/artifacts/raw/20261004_m1_qwen35_2k_ansraw/ans_raw_262144.akvpack,83599147,207073
20261004_m1_qwen35_2k_ansraw,layer27.key.0,27,full_attention,key,0,bfloat16,2,262144,8,2097152,262144,ans_raw,206272,1024,453,0,207749,76cdf0c77eb03ebf7cb43a444638dca184a95f8d6976846fa39de869be195460,76cdf0c77eb03ebf7cb43a444638dca184a95f8d6976846fa39de869be195460,true,/home/zhouziang/Workspace/compression/kv_compression/artifacts/raw/20261004_m1_qwen35_2k_ansraw/ans_raw_262144.akvpack,83806228,207741
20261004_m1_qwen35_2k_ansraw,layer27.key.0,27,full_attention,key,0,bfloat16,2,262144,9,2359296,262144,ans_raw,205940,1024,453,0,207417,84dd053638461fe256c0fd721a1dc7cca8356484a35cb9bdbdf6a290db4ddc1a,84dd053638461fe256c0fd721a1dc7cca8356484a35cb9bdbdf6a290db4ddc1a,true,/home/zhouziang/Workspace/compression/kv_compression/artifacts/raw/20261004_m1_qwen35_2k_ansraw/ans_raw_262144.akvpack,84013977,207409
20261004_m1_qwen35_2k_ansraw,layer27.key.0,27,full_attention,key,0,bfloat16,2,262144,10,2621440,262144,ans_raw,205680,1024,454,0,207158,c95ba73a9f1a281460094db54edf1c1a03dfdc81a2a909ab41027800e1ba2f0e,c95ba73a9f1a281460094db54edf1c1a03dfdc81a2a909ab41027800e1ba2f0e,true,/home/zhouziang/Workspace/compression/kv_compression/artifacts/raw/20261004_m1_qwen35_2k_ansraw/ans_raw_262144.akvpack,84221394,207150
20261004_m1_qwen35_2k_ansraw,layer27.key.0,27,full_attention,key,0,bfloat16,2,262144,11,2883584,262144,ans_raw,205740,1024,454,0,207218,0fec40e0c806f099f2b8d656d4bb9a340622cd48a38d151f8c2268325d3330f5,0fec40e0c806f099f2b8d656d4bb9a340622cd48a38d151f8c2268325d3330f5,true,/home/zhouziang/Workspace/compression/kv_compression/artifacts/raw/20261004_m1_qwen35_2k_ansraw/ans_raw_262144.akvpack,84428552,207210
20261004_m1_qwen35_2k_ansraw,layer27.key.0,27,full_attention,key,0,bfloat16,2,262144,12,3145728,262144,ans_raw,206120,1024,454,0,207598,bb160a76a6c58bf3a39a0ad785faa315d920f94a497120c5a7866d89321dcd03,bb160a76a6c58bf3a39a0ad785faa315d920f94a497120c5a7866d89321dcd03,true,/home/zhouziang/Workspace/compression/kv_compression/artifacts/raw/20261004_m1_qwen35_2k_ansraw/ans_raw_262144.akvpack,84635770,207590
20261004_m1_qwen35_2k_ansraw,layer27.key.0,27,full_attention,key,0,bfloat16,2,262144,13,3407872,262144,ans_raw,205872,1024,454,0,207350,2ca77d1e657e3f18e92d414c2b5890b2cce76ffa1489bc6e6bba535d983ecb84,2ca77d1e657e3f18e92d414c2b5890b2cce76ffa1489bc6e6bba535d983ecb84,true,/home/zhouziang/Workspace/compression/kv_compression/artifacts/raw/20261004_m1_qwen35_2k_ansraw/ans_raw_262144.akvpack,84843368,207342
20261004_m1_qwen35_2k_ansraw,layer27.key.0,27,full_attention,key,0,bfloat16,2,262144,14,3670016,262144,ans_raw,205660,1024,454,0,207138,de0d629bf9a016cb6014fdffbad3b6a257af855c56c31f21d8955513de09bcbf,de0d629bf9a016cb6014fdffbad3b6a257af855c56c31f21d8955513de09bcbf,true,/home/zhouziang/Workspace/compression/kv_compression/artifacts/raw/20261004_m1_qwen35_2k_ansraw/ans_raw_262144.akvpack,85050718,207130
20261004_m1_qwen35_2k_ansraw,layer27.key.0,27,full_attention,key,0,bfloat16,2,262144,15,3932160,262144,ans_raw,205876,1024,454,0,207354,35926b88c1187f28076a8b892d21245c737b7755223a378c390496fd362a031d,35926b88c1187f28076a8b892d21245c737b7755223a378c390496fd362a031d,true,/home/zhouziang/Workspace/compression/kv_compression/artifacts/raw/20261004_m1_qwen35_2k_ansraw/ans_raw_262144.akvpack,85257856,207346
20261004_m1_qwen35_2k_ansraw,layer27.value.0,27,full_attention,value,0,bfloat16,2,262144,0,0,262144,ans_raw,206128,1024,451,0,207603,b0c5b8732b1570e0bd591ffa990097539ca1127fdbbaadcda64b16ee0bfd79f5,b0c5b8732b1570e0bd591ffa990097539ca1127fdbbaadcda64b16ee0bfd79f5,true,/home/zhouziang/Workspace/compression/kv_compression/artifacts/raw/20261004_m1_qwen35_2k_ansraw/ans_raw_262144.akvpack,85465210,207595
20261004_m1_qwen35_2k_ansraw,layer27.value.0,27,full_attention,value,0,bfloat16,2,262144,1,262144,262144,ans_raw,205904,1024,456,0,207384,ccb7f938febc96bf81e31a4bde371bfd9542e4856406f7986b3b3f53b8eaf371,ccb7f938febc96bf81e31a4bde371bfd9542e4856406f7986b3b3f53b8eaf371,true,/home/zhouziang/Workspace/compression/kv_compression/artifacts/raw/20261004_m1_qwen35_2k_ansraw/ans_raw_262144.akvpack,85672813,207376
20261004_m1_qwen35_2k_ansraw,layer27.value.0,27,full_attention,value,0,bfloat16,2,262144,2,524288,262144,ans_raw,205816,1024,456,0,207296,2addc70f7789f676e72f7f7ffe7746878a2fb84955fbf7136db86984861bfff8,2addc70f7789f676e72f7f7ffe7746878a2fb84955fbf7136db86984861bfff8,true,/home/zhouziang/Workspace/compression/kv_compression/artifacts/raw/20261004_m1_qwen35_2k_ansraw/ans_raw_262144.akvpack,85880197,207288
20261004_m1_qwen35_2k_ansraw,layer27.value.0,27,full_attention,value,0,bfloat16,2,262144,3,786432,262144,ans_raw,205852,1024,456,0,207332,84d1f81a38f3cf471d7bb8b1bb305341ccab93d202ff0e9bb0a1cde24ece6593,84d1f81a38f3cf471d7bb8b1bb305341ccab93d202ff0e9bb0a1cde24ece6593,true,/home/zhouziang/Workspace/compression/kv_compression/artifacts/raw/20261004_m1_qwen35_2k_ansraw/ans_raw_262144.akvpack,86087493,207324
20261004_m1_qwen35_2k_ansraw,layer27.value.0,27,full_attention,value,0,bfloat16,2,262144,4,1048576,262144,ans_raw,206196,1024,457,0,207677,1df6bf390d59f8eedf28eee7197f3b30d97db01e5cb0f06a4037c5bbe720522c,1df6bf390d59f8eedf28eee7197f3b30d97db01e5cb0f06a4037c5bbe720522c,true,/home/zhouziang/Workspace/compression/kv_compression/artifacts/raw/20261004_m1_qwen35_2k_ansraw/ans_raw_262144.akvpack,86294825,207669
20261004_m1_qwen35_2k_ansraw,layer27.value.0,27,full_attention,value,0,bfloat16,2,262144,5,1310720,262144,ans_raw,206040,1024,457,0,207521,982119b9a3d501dda8ae2dcdf867971b932121a099251ce12a9ef6fb03531797,982119b9a3d501dda8ae2dcdf867971b932121a099251ce12a9ef6fb03531797,true,/home/zhouziang/Workspace/compression/kv_compression/artifacts/raw/20261004_m1_qwen35_2k_ansraw/ans_raw_262144.akvpack,86502502,207513
20261004_m1_qwen35_2k_ansraw,layer27.value.0,27,full_attention,value,0,bfloat16,2,262144,6,1572864,262144,ans_raw,205952,1024,457,0,207433,0538b70430eed8ae0a60069e3a9988c5d56cfacc3d1f184583e38b3cccfcf8b2,0538b70430eed8ae0a60069e3a9988c5d56cfacc3d1f184583e38b3cccfcf8b2,true,/home/zhouziang/Workspace/compression/kv_compression/artifacts/raw/20261004_m1_qwen35_2k_ansraw/ans_raw_262144.akvpack,86710023,207425
20261004_m1_qwen35_2k_ansraw,layer27.value.0,27,full_attention,value,0,bfloat16,2,262144,7,1835008,262144,ans_raw,205952,1024,457,0,207433,00664da392c16e02222abfea762deaabdfd153d8d05620a65718e0687deda4a9,00664da392c16e02222abfea762deaabdfd153d8d05620a65718e0687deda4a9,true,/home/zhouziang/Workspace/compression/kv_compression/artifacts/raw/20261004_m1_qwen35_2k_ansraw/ans_raw_262144.akvpack,86917456,207425
20261004_m1_qwen35_2k_ansraw,layer27.value.0,27,full_attention,value,0,bfloat16,2,262144,8,2097152,262144,ans_raw,206432,1024,457,0,207913,5a880dc98a64418dcdcf0fb4e7521fff38875998c0a4f4359b66b7e84b312da0,5a880dc98a64418dcdcf0fb4e7521fff38875998c0a4f4359b66b7e84b312da0,true,/home/zhouziang/Workspace/compression/kv_compression/artifacts/raw/20261004_m1_qwen35_2k_ansraw/ans_raw_262144.akvpack,87124889,207905
20261004_m1_qwen35_2k_ansraw,layer27.value.0,27,full_attention,value,0,bfloat16,2,262144,9,2359296,262144,ans_raw,206144,1024,457,0,207625,365a31cb0d19609ca8f9d3b022d3edf17264853380032ddcc75d60fbf1111283,365a31cb0d19609ca8f9d3b022d3edf17264853380032ddcc75d60fbf1111283,true,/home/zhouziang/Workspace/compression/kv_compression/artifacts/raw/20261004_m1_qwen35_2k_ansraw/ans_raw_262144.akvpack,87332802,207617
20261004_m1_qwen35_2k_ansraw,layer27.value.0,27,full_attention,value,0,bfloat16,2,262144,10,2621440,262144,ans_raw,205868,1024,458,0,207350,258f30b282f5e8ba9a96230e3661f499b36fcb0b8fccccfd81d83900b41279aa,258f30b282f5e8ba9a96230e3661f499b36fcb0b8fccccfd81d83900b41279aa,true,/home/zhouziang/Workspace/compression/kv_compression/artifacts/raw/20261004_m1_qwen35_2k_ansraw/ans_raw_262144.akvpack,87540427,207342
20261004_m1_qwen35_2k_ansraw,layer27.value.0,27,full_attention,value,0,bfloat16,2,262144,11,2883584,262144,ans_raw,206140,1024,458,0,207622,de990e50927e0d88da1c96bda0410f4172aa45e990b68e1330fc556dc0567cfc,de990e50927e0d88da1c96bda0410f4172aa45e990b68e1330fc556dc0567cfc,true,/home/zhouziang/Workspace/compression/kv_compression/artifacts/raw/20261004_m1_qwen35_2k_ansraw/ans_raw_262144.akvpack,87747777,207614
20261004_m1_qwen35_2k_ansraw,layer27.value.0,27,full_attention,value,0,bfloat16,2,262144,12,3145728,262144,ans_raw,206476,1024,458,0,207958,d9d9977ae5936ba3645bca502d52b66a09519c3ab7f67374a96cb4360ad58152,d9d9977ae5936ba3645bca502d52b66a09519c3ab7f67374a96cb4360ad58152,true,/home/zhouziang/Workspace/compression/kv_compression/artifacts/raw/20261004_m1_qwen35_2k_ansraw/ans_raw_262144.akvpack,87955399,207950
20261004_m1_qwen35_2k_ansraw,layer27.value.0,27,full_attention,value,0,bfloat16,2,262144,13,3407872,262144,ans_raw,206264,1024,458,0,207746,de83f2c804fe0be6890449ed63afb975c92439675bbbf482164f4e9961667aee,de83f2c804fe0be6890449ed63afb975c92439675bbbf482164f4e9961667aee,true,/home/zhouziang/Workspace/compression/kv_compression/artifacts/raw/20261004_m1_qwen35_2k_ansraw/ans_raw_262144.akvpack,88163357,207738
20261004_m1_qwen35_2k_ansraw,layer27.value.0,27,full_attention,value,0,bfloat16,2,262144,14,3670016,262144,ans_raw,206104,1024,458,0,207586,3276b108c9850c1c17151f03df6e19cf790ec8fdf709bdd39a6800ca16ddd9c0,3276b108c9850c1c17151f03df6e19cf790ec8fdf709bdd39a6800ca16ddd9c0,true,/home/zhouziang/Workspace/compression/kv_compression/artifacts/raw/20261004_m1_qwen35_2k_ansraw/ans_raw_262144.akvpack,88371103,207578
20261004_m1_qwen35_2k_ansraw,layer27.value.0,27,full_attention,value,0,bfloat16,2,262144,15,3932160,262144,ans_raw,206100,1024,458,0,207582,003b8358f9b36b9532d7d2ffc8fd42f4c8e9e74e68aa888838c11844510dc9e7,003b8358f9b36b9532d7d2ffc8fd42f4c8e9e74e68aa888838c11844510dc9e7,true,/home/zhouziang/Workspace/compression/kv_compression/artifacts/raw/20261004_m1_qwen35_2k_ansraw/ans_raw_262144.akvpack,88578689,207574
20261004_m1_qwen35_2k_ansraw,layer28.convolution.0,28,linear_attention,convolution,0,bfloat16,2,262144,0,0,65536,ans_raw,51668,1024,458,0,53150,19b59f256ac0692f696fb7b4923d2f1b95fed43a17fea5e86be1dfdec41c1086,19b59f256ac0692f696fb7b4923d2f1b95fed43a17fea5e86be1dfdec41c1086,true,/home/zhouziang/Workspace/compression/kv_compression/artifacts/raw/20261004_m1_qwen35_2k_ansraw/ans_raw_262144.akvpack,88786271,53142
20261004_m1_qwen35_2k_ansraw,layer28.recurrent.0,28,linear_attention,recurrent,0,float32,4,262144,0,0,262144,ans_raw,245084,1024,460,0,246568,d70dd9c28592611909141754e5c8fa86e35e9c0a8a39bd9c6232533112337e0c,d70dd9c28592611909141754e5c8fa86e35e9c0a8a39bd9c6232533112337e0c,true,/home/zhouziang/Workspace/compression/kv_compression/artifacts/raw/20261004_m1_qwen35_2k_ansraw/ans_raw_262144.akvpack,88839421,246560
20261004_m1_qwen35_2k_ansraw,layer28.recurrent.0,28,linear_attention,recurrent,0,float32,4,262144,1,262144,262144,ans_raw,245456,1024,465,0,246945,8911aba2df16b957f8eaf73414491314bbace813b67cbfea91b655d18a996cd9,8911aba2df16b957f8eaf73414491314bbace813b67cbfea91b655d18a996cd9,true,/home/zhouziang/Workspace/compression/kv_compression/artifacts/raw/20261004_m1_qwen35_2k_ansraw/ans_raw_262144.akvpack,89085989,246937
20261004_m1_qwen35_2k_ansraw,layer28.recurrent.0,28,linear_attention,recurrent,0,float32,4,262144,2,524288,262144,ans_raw,244300,1024,465,0,245789,c332bf1041e46a038d3ca308268d1b16fcbb047e3bb30414a1ae3d93f0457041,c332bf1041e46a038d3ca308268d1b16fcbb047e3bb30414a1ae3d93f0457041,true,/home/zhouziang/Workspace/compression/kv_compression/artifacts/raw/20261004_m1_qwen35_2k_ansraw/ans_raw_262144.akvpack,89332934,245781
20261004_m1_qwen35_2k_ansraw,layer28.recurrent.0,28,linear_attention,recurrent,0,float32,4,262144,3,786432,262144,ans_raw,244352,1024,465,0,245841,092a7a6623e27521b7855c4e6ca7d49433ef9cbaced8802026938ea12e9c7c87,092a7a6623e27521b7855c4e6ca7d49433ef9cbaced8802026938ea12e9c7c87,true,/home/zhouziang/Workspace/compression/kv_compression/artifacts/raw/20261004_m1_qwen35_2k_ansraw/ans_raw_262144.akvpack,89578723,245833
20261004_m1_qwen35_2k_ansraw,layer28.recurrent.0,28,linear_attention,recurrent,0,float32,4,262144,4,1048576,262144,ans_raw,245832,1024,466,0,247322,5b13dabfbac6749f1d988f9d025ae91de16557fb48587197930e04d7139301ef,5b13dabfbac6749f1d988f9d025ae91de16557fb48587197930e04d7139301ef,true,/home/zhouziang/Workspace/compression/kv_compression/artifacts/raw/20261004_m1_qwen35_2k_ansraw/ans_raw_262144.akvpack,89824564,247314
20261004_m1_qwen35_2k_ansraw,layer28.recurrent.0,28,linear_attention,recurrent,0,float32,4,262144,5,1310720,262144,ans_raw,245408,1024,466,0,246898,7e300c326e7b836ec54df23c16e3e26b4a9a3486c018e3af4c6ab8156cbcb753,7e300c326e7b836ec54df23c16e3e26b4a9a3486c018e3af4c6ab8156cbcb753,true,/home/zhouziang/Workspace/compression/kv_compression/artifacts/raw/20261004_m1_qwen35_2k_ansraw/ans_raw_262144.akvpack,90071886,246890
20261004_m1_qwen35_2k_ansraw,layer28.recurrent.0,28,linear_attention,recurrent,0,float32,4,262144,6,1572864,262144,ans_raw,246592,1024,466,0,248082,382a1eb1ae8aac4f6d9dce91f135b0826295da8953e0ec011da6be87fb92f585,382a1eb1ae8aac4f6d9dce91f135b0826295da8953e0ec011da6be87fb92f585,true,/home/zhouziang/Workspace/compression/kv_compression/artifacts/raw/20261004_m1_qwen35_2k_ansraw/ans_raw_262144.akvpack,90318784,248074
20261004_m1_qwen35_2k_ansraw,layer28.recurrent.0,28,linear_attention,recurrent,0,float32,4,262144,7,1835008,262144,ans_raw,245804,1024,466,0,247294,193145c1378900466b33b8a63e3745fcef39b01fd3e911b7f6ba3fc9d6d9fa76,193145c1378900466b33b8a63e3745fcef39b01fd3e911b7f6ba3fc9d6d9fa76,true,/home/zhouziang/Workspace/compression/kv_compression/artifacts/raw/20261004_m1_qwen35_2k_ansraw/ans_raw_262144.akvpack,90566866,247286
20261004_m1_qwen35_2k_ansraw,layer29.convolution.0,29,linear_attention,convolution,0,bfloat16,2,262144,0,0,65536,ans_raw,51508,1024,458,0,52990,169766e08db6ee0991ed6de7b18f51c3691e703d2e4a9f3898ef78d0975b988c,169766e08db6ee0991ed6de7b18f51c3691e703d2e4a9f3898ef78d0975b988c,true,/home/zhouziang/Workspace/compression/kv_compression/artifacts/raw/20261004_m1_qwen35_2k_ansraw/ans_raw_262144.akvpack,90814160,52982
20261004_m1_qwen35_2k_ansraw,layer29.recurrent.0,29,linear_attention,recurrent,0,float32,4,262144,0,0,262144,ans_raw,244548,1024,460,0,246032,b9b36a82501bb12da15bb9027ece3dc112b9613705cf45a56ecb0fc3e221efd2,b9b36a82501bb12da15bb9027ece3dc112b9613705cf45a56ecb0fc3e221efd2,true,/home/zhouziang/Workspace/compression/kv_compression/artifacts/raw/20261004_m1_qwen35_2k_ansraw/ans_raw_262144.akvpack,90867150,246024
20261004_m1_qwen35_2k_ansraw,layer29.recurrent.0,29,linear_attention,recurrent,0,float32,4,262144,1,262144,262144,ans_raw,246144,1024,465,0,247633,80cb72fb68dec591067b19a96f11d62dcad8e75ff3653e6677a7e656076445ce,80cb72fb68dec591067b19a96f11d62dcad8e75ff3653e6677a7e656076445ce,true,/home/zhouziang/Workspace/compression/kv_compression/artifacts/raw/20261004_m1_qwen35_2k_ansraw/ans_raw_262144.akvpack,91113182,247625
20261004_m1_qwen35_2k_ansraw,layer29.recurrent.0,29,linear_attention,recurrent,0,float32,4,262144,2,524288,262144,ans_raw,245004,1024,465,0,246493,596c843ac25cbe7a70c04a8851d26228f37a7f0082303914dc99ab8958d314c8,596c843ac25cbe7a70c04a8851d26228f37a7f0082303914dc99ab8958d314c8,true,/home/zhouziang/Workspace/compression/kv_compression/artifacts/raw/20261004_m1_qwen35_2k_ansraw/ans_raw_262144.akvpack,91360815,246485
20261004_m1_qwen35_2k_ansraw,layer29.recurrent.0,29,linear_attention,recurrent,0,float32,4,262144,3,786432,262144,ans_raw,244896,1024,465,0,246385,134c252eab6b464388bbd82ceff7b52aa4210f34c0e14e62098927c226686edf,134c252eab6b464388bbd82ceff7b52aa4210f34c0e14e62098927c226686edf,true,/home/zhouziang/Workspace/compression/kv_compression/artifacts/raw/20261004_m1_qwen35_2k_ansraw/ans_raw_262144.akvpack,91607308,246377
20261004_m1_qwen35_2k_ansraw,layer29.recurrent.0,29,linear_attention,recurrent,0,float32,4,262144,4,1048576,262144,ans_raw,245232,1024,466,0,246722,63a54d27e303ebce4bb9fe82bffb2e0c45f48035d7f69b08fbbfc611f81a0139,63a54d27e303ebce4bb9fe82bffb2e0c45f48035d7f69b08fbbfc611f81a0139,true,/home/zhouziang/Workspace/compression/kv_compression/artifacts/raw/20261004_m1_qwen35_2k_ansraw/ans_raw_262144.akvpack,91853693,246714
20261004_m1_qwen35_2k_ansraw,layer29.recurrent.0,29,linear_attention,recurrent,0,float32,4,262144,5,1310720,262144,ans_raw,245256,1024,466,0,246746,c6f66ab81cd3b924c57b30062b38c9cdb6c1d99f7d1a1a90907b05aaa7a3b769,c6f66ab81cd3b924c57b30062b38c9cdb6c1d99f7d1a1a90907b05aaa7a3b769,true,/home/zhouziang/Workspace/compression/kv_compression/artifacts/raw/20261004_m1_qwen35_2k_ansraw/ans_raw_262144.akvpack,92100415,246738
20261004_m1_qwen35_2k_ansraw,layer29.recurrent.0,29,linear_attention,recurrent,0,float32,4,262144,6,1572864,262144,ans_raw,245144,1024,466,0,246634,3a7f7f626ea3661261256c3212fb80c45784881248c00cf878eb4f3ea7c3dcdd,3a7f7f626ea3661261256c3212fb80c45784881248c00cf878eb4f3ea7c3dcdd,true,/home/zhouziang/Workspace/compression/kv_compression/artifacts/raw/20261004_m1_qwen35_2k_ansraw/ans_raw_262144.akvpack,92347161,246626
20261004_m1_qwen35_2k_ansraw,layer29.recurrent.0,29,linear_attention,recurrent,0,float32,4,262144,7,1835008,262144,ans_raw,244644,1024,466,0,246134,234461df14130632948aebdd58c55b51e3723331e69406f5e70ead023960b81a,234461df14130632948aebdd58c55b51e3723331e69406f5e70ead023960b81a,true,/home/zhouziang/Workspace/compression/kv_compression/artifacts/raw/20261004_m1_qwen35_2k_ansraw/ans_raw_262144.akvpack,92593795,246126
20261004_m1_qwen35_2k_ansraw,layer30.convolution.0,30,linear_attention,convolution,0,bfloat16,2,262144,0,0,65536,ans_raw,51660,1024,458,0,53142,43baa41587ab9bca15e08bdda8411b99830c755257640b27cc54d3e7232dd66b,43baa41587ab9bca15e08bdda8411b99830c755257640b27cc54d3e7232dd66b,true,/home/zhouziang/Workspace/compression/kv_compression/artifacts/raw/20261004_m1_qwen35_2k_ansraw/ans_raw_262144.akvpack,92839929,53134
20261004_m1_qwen35_2k_ansraw,layer30.recurrent.0,30,linear_attention,recurrent,0,float32,4,262144,0,0,262144,ans_raw,246504,1024,460,0,247988,d8b12f5e8c9800128ef662a9e3c92bd8f508a08d1e99300c90f5d3f70fef2889,d8b12f5e8c9800128ef662a9e3c92bd8f508a08d1e99300c90f5d3f70fef2889,true,/home/zhouziang/Workspace/compression/kv_compression/artifacts/raw/20261004_m1_qwen35_2k_ansraw/ans_raw_262144.akvpack,92893071,247980
20261004_m1_qwen35_2k_ansraw,layer30.recurrent.0,30,linear_attention,recurrent,0,float32,4,262144,1,262144,262144,ans_raw,244488,1024,465,0,245977,52e68f8ac4299168ac6fb0caa4d627ab52af4e04fc2c8392b2cd433b4ee01975,52e68f8ac4299168ac6fb0caa4d627ab52af4e04fc2c8392b2cd433b4ee01975,true,/home/zhouziang/Workspace/compression/kv_compression/artifacts/raw/20261004_m1_qwen35_2k_ansraw/ans_raw_262144.akvpack,93141059,245969
20261004_m1_qwen35_2k_ansraw,layer30.recurrent.0,30,linear_attention,recurrent,0,float32,4,262144,2,524288,262144,ans_raw,245196,1024,465,0,246685,8e2c542ee828d2263b88f97c5656400bc26b70bbc5fc3213b6d4fcee8d7425dc,8e2c542ee828d2263b88f97c5656400bc26b70bbc5fc3213b6d4fcee8d7425dc,true,/home/zhouziang/Workspace/compression/kv_compression/artifacts/raw/20261004_m1_qwen35_2k_ansraw/ans_raw_262144.akvpack,93387036,246677
20261004_m1_qwen35_2k_ansraw,layer30.recurrent.0,30,linear_attention,recurrent,0,float32,4,262144,3,786432,262144,ans_raw,246212,1024,465,0,247701,529062e67e55f33794d48f1f0c4b80b45d7ffb46dc48d74fbbe1866e5ae00716,529062e67e55f33794d48f1f0c4b80b45d7ffb46dc48d74fbbe1866e5ae00716,true,/home/zhouziang/Workspace/compression/kv_compression/artifacts/raw/20261004_m1_qwen35_2k_ansraw/ans_raw_262144.akvpack,93633721,247693
20261004_m1_qwen35_2k_ansraw,layer30.recurrent.0,30,linear_attention,recurrent,0,float32,4,262144,4,1048576,262144,ans_raw,244912,1024,466,0,246402,eca46f4db1207ff76215ad6fb9f916309c7f52b266e2148ecdcaced85eee39f7,eca46f4db1207ff76215ad6fb9f916309c7f52b266e2148ecdcaced85eee39f7,true,/home/zhouziang/Workspace/compression/kv_compression/artifacts/raw/20261004_m1_qwen35_2k_ansraw/ans_raw_262144.akvpack,93881422,246394
20261004_m1_qwen35_2k_ansraw,layer30.recurrent.0,30,linear_attention,recurrent,0,float32,4,262144,5,1310720,262144,ans_raw,245524,1024,466,0,247014,e360f9544ffdbf287885b2990aab0458f73ba32475c59c28b02bfac58f6cf8d8,e360f9544ffdbf287885b2990aab0458f73ba32475c59c28b02bfac58f6cf8d8,true,/home/zhouziang/Workspace/compression/kv_compression/artifacts/raw/20261004_m1_qwen35_2k_ansraw/ans_raw_262144.akvpack,94127824,247006
20261004_m1_qwen35_2k_ansraw,layer30.recurrent.0,30,linear_attention,recurrent,0,float32,4,262144,6,1572864,262144,ans_raw,245964,1024,466,0,247454,f506d152c4f048efaa90eb044959610fd27095723bbb158a625344cfdebdf4b6,f506d152c4f048efaa90eb044959610fd27095723bbb158a625344cfdebdf4b6,true,/home/zhouziang/Workspace/compression/kv_compression/artifacts/raw/20261004_m1_qwen35_2k_ansraw/ans_raw_262144.akvpack,94374838,247446
20261004_m1_qwen35_2k_ansraw,layer30.recurrent.0,30,linear_attention,recurrent,0,float32,4,262144,7,1835008,262144,ans_raw,245068,1024,466,0,246558,c18c10a2afdcda45e9ad6b052c561ae898b2a67e66c2c6c707852e4240131d72,c18c10a2afdcda45e9ad6b052c561ae898b2a67e66c2c6c707852e4240131d72,true,/home/zhouziang/Workspace/compression/kv_compression/artifacts/raw/20261004_m1_qwen35_2k_ansraw/ans_raw_262144.akvpack,94622292,246550
20261004_m1_qwen35_2k_ansraw,layer31.key.0,31,full_attention,key,0,bfloat16,2,262144,0,0,262144,ans_raw,205648,1024,447,0,207119,a202b73f72f973e58ed8ebc0ed29cfdfc8ec006c0fa97687604c4b7f84de690f,a202b73f72f973e58ed8ebc0ed29cfdfc8ec006c0fa97687604c4b7f84de690f,true,/home/zhouziang/Workspace/compression/kv_compression/artifacts/raw/20261004_m1_qwen35_2k_ansraw/ans_raw_262144.akvpack,94868850,207111
20261004_m1_qwen35_2k_ansraw,layer31.key.0,31,full_attention,key,0,bfloat16,2,262144,1,262144,262144,ans_raw,205312,1024,452,0,206788,b838b80c4e98fd18bb38db629b152e2f4efa4578d7da78fb9c34a3d49e3f9c38,b838b80c4e98fd18bb38db629b152e2f4efa4578d7da78fb9c34a3d49e3f9c38,true,/home/zhouziang/Workspace/compression/kv_compression/artifacts/raw/20261004_m1_qwen35_2k_ansraw/ans_raw_262144.akvpack,95075969,206780
20261004_m1_qwen35_2k_ansraw,layer31.key.0,31,full_attention,key,0,bfloat16,2,262144,2,524288,262144,ans_raw,205328,1024,452,0,206804,832cbc5ab9173bf0f03e1a523ef37f61e386d8927e16e0a76b4b4b52fc84272c,832cbc5ab9173bf0f03e1a523ef37f61e386d8927e16e0a76b4b4b52fc84272c,true,/home/zhouziang/Workspace/compression/kv_compression/artifacts/raw/20261004_m1_qwen35_2k_ansraw/ans_raw_262144.akvpack,95282757,206796
20261004_m1_qwen35_2k_ansraw,layer31.key.0,31,full_attention,key,0,bfloat16,2,262144,3,786432,262144,ans_raw,205248,1024,452,0,206724,31de166d913faa137d0a747b90d112c248772e8261042ada7f7d5f1e71675bc8,31de166d913faa137d0a747b90d112c248772e8261042ada7f7d5f1e71675bc8,true,/home/zhouziang/Workspace/compression/kv_compression/artifacts/raw/20261004_m1_qwen35_2k_ansraw/ans_raw_262144.akvpack,95489561,206716
20261004_m1_qwen35_2k_ansraw,layer31.key.0,31,full_attention,key,0,bfloat16,2,262144,4,1048576,262144,ans_raw,205720,1024,453,0,207197,de3a7d28debbdc9daf035d221f4a771938c678ba8713fd0e128fc4eb285dfaf2,de3a7d28debbdc9daf035d221f4a771938c678ba8713fd0e128fc4eb285dfaf2,true,/home/zhouziang/Workspace/compression/kv_compression/artifacts/raw/20261004_m1_qwen35_2k_ansraw/ans_raw_262144.akvpack,95696285,207189
20261004_m1_qwen35_2k_ansraw,layer31.key.0,31,full_attention,key,0,bfloat16,2,262144,5,1310720,262144,ans_raw,205560,1024,453,0,207037,89a401fe00535d8392ace00b9ad400d552b8ba1fa3a92bdfcb3572e8cf24bd1d,89a401fe00535d8392ace00b9ad400d552b8ba1fa3a92bdfcb3572e8cf24bd1d,true,/home/zhouziang/Workspace/compression/kv_compression/artifacts/raw/20261004_m1_qwen35_2k_ansraw/ans_raw_262144.akvpack,95903482,207029
20261004_m1_qwen35_2k_ansraw,layer31.key.0,31,full_attention,key,0,bfloat16,2,262144,6,1572864,262144,ans_raw,205612,1024,453,0,207089,d9b5472a6e9466a32e6d667594db4fb537eb8ebbad34c3ff911000c08098e7d0,d9b5472a6e9466a32e6d667594db4fb537eb8ebbad34c3ff911000c08098e7d0,true,/home/zhouziang/Workspace/compression/kv_compression/artifacts/raw/20261004_m1_qwen35_2k_ansraw/ans_raw_262144.akvpack,96110519,207081
20261004_m1_qwen35_2k_ansraw,layer31.key.0,31,full_attention,key,0,bfloat16,2,262144,7,1835008,262144,ans_raw,205540,1024,453,0,207017,4d1ebe53dd579ac3cc22ae6231ad899d60de66d59becdacae7a31928b43a1f3d,4d1ebe53dd579ac3cc22ae6231ad899d60de66d59becdacae7a31928b43a1f3d,true,/home/zhouziang/Workspace/compression/kv_compression/artifacts/raw/20261004_m1_qwen35_2k_ansraw/ans_raw_262144.akvpack,96317608,207009
20261004_m1_qwen35_2k_ansraw,layer31.key.0,31,full_attention,key,0,bfloat16,2,262144,8,2097152,262144,ans_raw,204556,1024,453,0,206033,1997d114b730460843ce214133d292fa446b5360140856d72b8cefbab1583384,1997d114b730460843ce214133d292fa446b5360140856d72b8cefbab1583384,true,/home/zhouziang/Workspace/compression/kv_compression/artifacts/raw/20261004_m1_qwen35_2k_ansraw/ans_raw_262144.akvpack,96524625,206025
20261004_m1_qwen35_2k_ansraw,layer31.key.0,31,full_attention,key,0,bfloat16,2,262144,9,2359296,262144,ans_raw,204352,1024,453,0,205829,495db190a47d66d96f7e1a7958c7cf08044a83492c99466416481a1246f37a95,495db190a47d66d96f7e1a7958c7cf08044a83492c99466416481a1246f37a95,true,/home/zhouziang/Workspace/compression/kv_compression/artifacts/raw/20261004_m1_qwen35_2k_ansraw/ans_raw_262144.akvpack,96730658,205821
20261004_m1_qwen35_2k_ansraw,layer31.key.0,31,full_attention,key,0,bfloat16,2,262144,10,2621440,262144,ans_raw,204348,1024,454,0,205826,a82535029774326555976f0bc71b72e0552e0a2fec452b9c0d67158e0b2a1544,a82535029774326555976f0bc71b72e0552e0a2fec452b9c0d67158e0b2a1544,true,/home/zhouziang/Workspace/compression/kv_compression/artifacts/raw/20261004_m1_qwen35_2k_ansraw/ans_raw_262144.akvpack,96936487,205818
20261004_m1_qwen35_2k_ansraw,layer31.key.0,31,full_attention,key,0,bfloat16,2,262144,11,2883584,262144,ans_raw,204456,1024,454,0,205934,966a8f117a10f73a967b79ba4aa87cf4c1ba623997fc4f4b3d78cae3d27c782d,966a8f117a10f73a967b79ba4aa87cf4c1ba623997fc4f4b3d78cae3d27c782d,true,/home/zhouziang/Workspace/compression/kv_compression/artifacts/raw/20261004_m1_qwen35_2k_ansraw/ans_raw_262144.akvpack,97142313,205926
20261004_m1_qwen35_2k_ansraw,layer31.key.0,31,full_attention,key,0,bfloat16,2,262144,12,3145728,262144,ans_raw,204872,1024,454,0,206350,6057a51bf612d9147b2a041d7ae07bcfc3e75e38903ad761fec4da641452aa0d,6057a51bf612d9147b2a041d7ae07bcfc3e75e38903ad761fec4da641452aa0d,true,/home/zhouziang/Workspace/compression/kv_compression/artifacts/raw/20261004_m1_qwen35_2k_ansraw/ans_raw_262144.akvpack,97348247,206342
20261004_m1_qwen35_2k_ansraw,layer31.key.0,31,full_attention,key,0,bfloat16,2,262144,13,3407872,262144,ans_raw,204724,1024,454,0,206202,c883fc76ff60286d2f043bf5edacd18adfe95e75872fea29dd37f4dfd23199e3,c883fc76ff60286d2f043bf5edacd18adfe95e75872fea29dd37f4dfd23199e3,true,/home/zhouziang/Workspace/compression/kv_compression/artifacts/raw/20261004_m1_qwen35_2k_ansraw/ans_raw_262144.akvpack,97554597,206194
20261004_m1_qwen35_2k_ansraw,layer31.key.0,31,full_attention,key,0,bfloat16,2,262144,14,3670016,262144,ans_raw,204628,1024,454,0,206106,330d24d5722a94e73b87642609a6cd3b9ab01ac8efc73c52040f9a922a789ce9,330d24d5722a94e73b87642609a6cd3b9ab01ac8efc73c52040f9a922a789ce9,true,/home/zhouziang/Workspace/compression/kv_compression/artifacts/raw/20261004_m1_qwen35_2k_ansraw/ans_raw_262144.akvpack,97760799,206098
20261004_m1_qwen35_2k_ansraw,layer31.key.0,31,full_attention,key,0,bfloat16,2,262144,15,3932160,262144,ans_raw,204616,1024,454,0,206094,e94fe45365e7b39a11af5d810d0ebbaaf3f7e4f3b2b26667281f9a7539c0729a,e94fe45365e7b39a11af5d810d0ebbaaf3f7e4f3b2b26667281f9a7539c0729a,true,/home/zhouziang/Workspace/compression/kv_compression/artifacts/raw/20261004_m1_qwen35_2k_ansraw/ans_raw_262144.akvpack,97966905,206086
20261004_m1_qwen35_2k_ansraw,layer31.value.0,31,full_attention,value,0,bfloat16,2,262144,0,0,262144,ans_raw,209504,1024,451,0,210979,67b7e65eafca42ff45672397d3dd7214e9a678831aee9b429b1b2949293d9506,67b7e65eafca42ff45672397d3dd7214e9a678831aee9b429b1b2949293d9506,true,/home/zhouziang/Workspace/compression/kv_compression/artifacts/raw/20261004_m1_qwen35_2k_ansraw/ans_raw_262144.akvpack,98172999,210971
20261004_m1_qwen35_2k_ansraw,layer31.value.0,31,full_attention,value,0,bfloat16,2,262144,1,262144,262144,ans_raw,209480,1024,456,0,210960,1dbfdaa9f0ca5966c92f5fc4917fefa922fb47a2d4f99b1707b8c7d718a8f795,1dbfdaa9f0ca5966c92f5fc4917fefa922fb47a2d4f99b1707b8c7d718a8f795,true,/home/zhouziang/Workspace/compression/kv_compression/artifacts/raw/20261004_m1_qwen35_2k_ansraw/ans_raw_262144.akvpack,98383978,210952
20261004_m1_qwen35_2k_ansraw,layer31.value.0,31,full_attention,value,0,bfloat16,2,262144,2,524288,262144,ans_raw,209368,1024,456,0,210848,5ead712c9077e861e5556b1971d26fe935a2458c7e49c3db73b239f5ee796ba2,5ead712c9077e861e5556b1971d26fe935a2458c7e49c3db73b239f5ee796ba2,true,/home/zhouziang/Workspace/compression/kv_compression/artifacts/raw/20261004_m1_qwen35_2k_ansraw/ans_raw_262144.akvpack,98594938,210840
20261004_m1_qwen35_2k_ansraw,layer31.value.0,31,full_attention,value,0,bfloat16,2,262144,3,786432,262144,ans_raw,209372,1024,456,0,210852,bb4d9cfb1d9befedd098aa7e10c38123dbcc0ddcd8b52579db8d8db99c1234f0,bb4d9cfb1d9befedd098aa7e10c38123dbcc0ddcd8b52579db8d8db99c1234f0,true,/home/zhouziang/Workspace/compression/kv_compression/artifacts/raw/20261004_m1_qwen35_2k_ansraw/ans_raw_262144.akvpack,98805786,210844
20261004_m1_qwen35_2k_ansraw,layer31.value.0,31,full_attention,value,0,bfloat16,2,262144,4,1048576,262144,ans_raw,209328,1024,457,0,210809,5e6b8a48c8eb2ed8073e2cbae44994703a1677d1a041931dc4008a8e8b494e87,5e6b8a48c8eb2ed8073e2cbae44994703a1677d1a041931dc4008a8e8b494e87,true,/home/zhouziang/Workspace/compression/kv_compression/artifacts/raw/20261004_m1_qwen35_2k_ansraw/ans_raw_262144.akvpack,99016638,210801
20261004_m1_qwen35_2k_ansraw,layer31.value.0,31,full_attention,value,0,bfloat16,2,262144,5,1310720,262144,ans_raw,209180,1024,457,0,210661,34aa292f821395bb7b94c018bf028ffc8d65d6c6dfa50f812b57deff6b72586f,34aa292f821395bb7b94c018bf028ffc8d65d6c6dfa50f812b57deff6b72586f,true,/home/zhouziang/Workspace/compression/kv_compression/artifacts/raw/20261004_m1_qwen35_2k_ansraw/ans_raw_262144.akvpack,99227447,210653
20261004_m1_qwen35_2k_ansraw,layer31.value.0,31,full_attention,value,0,bfloat16,2,262144,6,1572864,262144,ans_raw,209268,1024,457,0,210749,e3f8968c9c39775709b9227466ec6abc1ed56c0345598d5f8feb5a0aa938b529,e3f8968c9c39775709b9227466ec6abc1ed56c0345598d5f8feb5a0aa938b529,true,/home/zhouziang/Workspace/compression/kv_compression/artifacts/raw/20261004_m1_qwen35_2k_ansraw/ans_raw_262144.akvpack,99438108,210741
20261004_m1_qwen35_2k_ansraw,layer31.value.0,31,full_attention,value,0,bfloat16,2,262144,7,1835008,262144,ans_raw,209132,1024,457,0,210613,7d6230e4d77f8afce871670fec0b7e8f868b1d61f51b7cc40c85e0661e6febcf,7d6230e4d77f8afce871670fec0b7e8f868b1d61f51b7cc40c85e0661e6febcf,true,/home/zhouziang/Workspace/compression/kv_compression/artifacts/raw/20261004_m1_qwen35_2k_ansraw/ans_raw_262144.akvpack,99648857,210605
20261004_m1_qwen35_2k_ansraw,layer31.value.0,31,full_attention,value,0,bfloat16,2,262144,8,2097152,262144,ans_raw,208204,1024,457,0,209685,e6545a4ad504d290e62f6a1d5315d39f89e7b5d177a7c3ef36188cdbd7a8c71c,e6545a4ad504d290e62f6a1d5315d39f89e7b5d177a7c3ef36188cdbd7a8c71c,true,/home/zhouziang/Workspace/compression/kv_compression/artifacts/raw/20261004_m1_qwen35_2k_ansraw/ans_raw_262144.akvpack,99859470,209677
20261004_m1_qwen35_2k_ansraw,layer31.value.0,31,full_attention,value,0,bfloat16,2,262144,9,2359296,262144,ans_raw,207952,1024,457,0,209433,5102a5dab6a4b43fa4a774a2b22378c6b105b0b74c19115c5956b39a2ca8ee9f,5102a5dab6a4b43fa4a774a2b22378c6b105b0b74c19115c5956b39a2ca8ee9f,true,/home/zhouziang/Workspace/compression/kv_compression/artifacts/raw/20261004_m1_qwen35_2k_ansraw/ans_raw_262144.akvpack,100069155,209425
20261004_m1_qwen35_2k_ansraw,layer31.value.0,31,full_attention,value,0,bfloat16,2,262144,10,2621440,262144,ans_raw,207840,1024,458,0,209322,6649559f086d60266bcc63694e5fb6455ffeb3cf9325c7c2a766e0a8717b5342,6649559f086d60266bcc63694e5fb6455ffeb3cf9325c7c2a766e0a8717b5342,true,/home/zhouziang/Workspace/compression/kv_compression/artifacts/raw/20261004_m1_qwen35_2k_ansraw/ans_raw_262144.akvpack,100278588,209314
20261004_m1_qwen35_2k_ansraw,layer31.value.0,31,full_attention,value,0,bfloat16,2,262144,11,2883584,262144,ans_raw,207876,1024,458,0,209358,daa5ed1db4a04907d7c90a48999131ea6728b4ea2cfb63a77326fd98528f03eb,daa5ed1db4a04907d7c90a48999131ea6728b4ea2cfb63a77326fd98528f03eb,true,/home/zhouziang/Workspace/compression/kv_compression/artifacts/raw/20261004_m1_qwen35_2k_ansraw/ans_raw_262144.akvpack,100487910,209350
20261004_m1_qwen35_2k_ansraw,layer31.value.0,31,full_attention,value,0,bfloat16,2,262144,12,3145728,262144,ans_raw,209180,1024,458,0,210662,8997cf2553cdb9247ca4558ab5dcc69511e37a7d2941f39af2b5766edcdc33d0,8997cf2553cdb9247ca4558ab5dcc69511e37a7d2941f39af2b5766edcdc33d0,true,/home/zhouziang/Workspace/compression/kv_compression/artifacts/raw/20261004_m1_qwen35_2k_ansraw/ans_raw_262144.akvpack,100697268,210654
20261004_m1_qwen35_2k_ansraw,layer31.value.0,31,full_attention,value,0,bfloat16,2,262144,13,3407872,262144,ans_raw,208848,1024,458,0,210330,9cc2ed0c2e2da00b57fa7907e0ab8ba51f2d665b62881a5353564770c0c98ee0,9cc2ed0c2e2da00b57fa7907e0ab8ba51f2d665b62881a5353564770c0c98ee0,true,/home/zhouziang/Workspace/compression/kv_compression/artifacts/raw/20261004_m1_qwen35_2k_ansraw/ans_raw_262144.akvpack,100907930,210322
20261004_m1_qwen35_2k_ansraw,layer31.value.0,31,full_attention,value,0,bfloat16,2,262144,14,3670016,262144,ans_raw,208728,1024,458,0,210210,1009e0d2a528db4e70d0239986e26dde52dcc117ec08729f4ed12aa19f261653,1009e0d2a528db4e70d0239986e26dde52dcc117ec08729f4ed12aa19f261653,true,/home/zhouziang/Workspace/compression/kv_compression/artifacts/raw/20261004_m1_qwen35_2k_ansraw/ans_raw_262144.akvpack,101118260,210202
20261004_m1_qwen35_2k_ansraw,layer31.value.0,31,full_attention,value,0,bfloat16,2,262144,15,3932160,262144,ans_raw,208684,1024,458,0,210166,869c5087ebef10955c70ba034e730b65dfc9b7078bb6e15a5706c127068789da,869c5087ebef10955c70ba034e730b65dfc9b7078bb6e15a5706c127068789da,true,/home/zhouziang/Workspace/compression/kv_compression/artifacts/raw/20261004_m1_qwen35_2k_ansraw/ans_raw_262144.akvpack,101328470,210158
