turn_idx,format,state_kind,codec,block_tokens,units,raw_bytes,payload_bytes,table_bytes,header_bytes,compressed_total_bytes,entropy_lane_bytes,entropy_raw_bytes
0,bf16,key,ans_lane,16,1152,37748736,25467060,1179648,31104,26677812,25432632.85668777,29603593.883443438
0,bf16,key,ans_lane,256,72,37748736,25486708,73728,1944,25562380,25461540.947401926,29629969.897141714
0,bf16,key,ans_lane,64,288,37748736,25482192,294912,7776,25784880,25455121.120579656,29624194.010774583
0,bf16,key,ans_lane_shared,16,1152,37748736,25508492,0,31104,25539596,25432632.85668777,29603593.883443438
0,bf16,key,ans_lane_shared,256,72,37748736,25499512,0,1944,25501456,25461540.947401926,29629969.897141714
0,bf16,key,ans_lane_shared,64,288,37748736,25501256,0,7776,25509032,25455121.120579656,29624194.010774583
0,bf16,key,ans_raw,64,288,37748736,29625664,147456,5472,29778592,25455121.120579656,29624194.010774583
0,bf16,key,zstd,64,288,37748736,29744343,0,5472,29749815,25455121.120579656,29624194.010774583
0,bf16,value,ans_lane,16,1152,37748736,25389544,1179648,31104,26600296,25355170.524862383,29536840.36229325
0,bf16,value,ans_lane,256,72,37748736,25412520,73728,1944,25488192,25387280.359801974,29566374.600220047
0,bf16,value,ans_lane,64,288,37748736,25406540,294912,7776,25709228,25379362.428610314,29559122.785001207
0,bf16,value,ans_lane_shared,16,1152,37748736,25450728,0,31104,25481832,25355170.524862383,29536840.36229325
0,bf16,value,ans_lane_shared,256,72,37748736,25441660,0,1944,25443604,25387280.359801974,29566374.600220047
0,bf16,value,ans_lane_shared,64,288,37748736,25443472,0,7776,25451248,25379362.428610314,29559122.785001207
0,bf16,value,ans_raw,64,288,37748736,29560620,147456,5472,29713548,25379362.428610314,29559122.785001207
0,bf16,value,zstd,64,288,37748736,29708693,0,5472,29714165,25379362.428610314,29559122.785001207
0,fp8_e4m3_sat,key,ans_lane,16,1152,18874368,15687072,589824,21888,16298784,15672564.840578523,15672564.840578523
0,fp8_e4m3_sat,key,ans_lane,256,72,18874368,15701848,36864,1368,15740080,15692077.788193315,15692077.788193315
0,fp8_e4m3_sat,key,ans_lane,64,288,18874368,15697988,147456,5472,15850916,15687206.803410983,15687206.803410983
0,fp8_e4m3_sat,key,ans_lane_shared,16,1152,18874368,15720144,0,21888,15742032,15672564.840578523,15672564.840578523
0,fp8_e4m3_sat,key,ans_lane_shared,256,72,18874368,15715844,0,1368,15717212,15692077.788193315,15692077.788193315
0,fp8_e4m3_sat,key,ans_lane_shared,64,288,18874368,15716692,0,5472,15722164,15687206.803410983,15687206.803410983
0,fp8_e4m3_sat,key,zstd,64,288,18874368,15795275,0,5472,15800747,15687206.803410983,15687206.803410983
0,fp8_e4m3_sat,value,ans_lane,16,1152,18874368,15602296,589824,21888,16214008,15587628.402774312,15587628.402774312
0,fp8_e4m3_sat,value,ans_lane,256,72,18874368,15620844,36864,1368,15659076,15611203.201169644,15611203.201169644
0,fp8_e4m3_sat,value,ans_lane,64,288,18874368,15615236,147456,5472,15768164,15604380.040178142,15604380.040178142
0,fp8_e4m3_sat,value,ans_lane_shared,16,1152,18874368,15664652,0,21888,15686540,15587628.402774312,15587628.402774312
0,fp8_e4m3_sat,value,ans_lane_shared,256,72,18874368,15660288,0,1368,15661656,15611203.201169644,15611203.201169644
0,fp8_e4m3_sat,value,ans_lane_shared,64,288,18874368,15661132,0,5472,15666604,15604380.040178142,15604380.040178142
0,fp8_e4m3_sat,value,zstd,64,288,18874368,15719316,0,5472,15724788,15604380.040178142,15604380.040178142
0,native,convolution,ans_lane,,24,1572864,1061980,24576,648,1087204,1060757.4760475487,1234502.9239748267
0,native,convolution,ans_lane_shared,,24,1572864,1064088,0,648,1064736,1060757.4760475487,1234502.9239748267
0,native,convolution,zstd,,24,1572864,1241248,0,456,1241704,1060757.4760475487,1234502.9239748267
0,native,recurrent,ans_lane,,24,50331648,43089100,49152,1032,43139284,43072755.879812166,47209125.797979146
0,native,recurrent,ans_lane_shared,,24,50331648,43130316,0,1032,43131348,43072755.879812166,47209125.797979146
0,native,recurrent,zstd,,24,50331648,47248618,0,456,47249074,43072755.879812166,47209125.797979146
1,bf16,key,ans_lane,16,192,6291456,4243660,196608,5184,4445452,4237933.676706776,4932628.60952024
1,bf16,key,ans_lane,256,16,6291456,4246880,16384,432,4263696,4242652.058427093,4936925.713696477
1,bf16,key,ans_lane,64,48,6291456,4246240,49152,1296,4296688,4241724.891436937,4936092.440415896
1,bf16,key,ans_lane_shared,16,192,6291456,4250756,0,5184,4255940,4237933.676706776,4932628.60952024
1,bf16,key,ans_lane_shared,256,16,6291456,4249324,0,432,4249756,4242652.058427093,4936925.713696477
1,bf16,key,ans_lane_shared,64,48,6291456,4249580,0,1296,4250876,4241724.891436937,4936092.440415896
1,bf16,key,ans_raw,64,48,6291456,4936340,24576,912,4961828,4241724.891436937,4936092.440415896
1,bf16,key,zstd,64,48,6291456,4955961,0,912,4956873,4241724.891436937,4936092.440415896
1,bf16,value,ans_lane,16,192,6291456,4234308,196608,5184,4436100,4228608.60892397,4925382.957416263
1,bf16,value,ans_lane,256,16,6291456,4238240,16384,432,4255056,4233991.829570733,4930350.8580832295
1,bf16,value,ans_lane,64,48,6291456,4237536,49152,1296,4287984,4232990.875462075,4929437.171655875
1,bf16,value,ans_lane_shared,16,192,6291456,4241484,0,5184,4246668,4228608.60892397,4925382.957416263
1,bf16,value,ans_lane_shared,256,16,6291456,4239984,0,432,4240416,4233991.829570733,4930350.8580832295
1,bf16,value,ans_lane_shared,64,48,6291456,4240260,0,1296,4241556,4232990.875462075,4929437.171655875
1,bf16,value,ans_raw,64,48,6291456,4929688,24576,912,4955176,4232990.875462075,4929437.171655875
1,bf16,value,zstd,64,48,6291456,4954867,0,912,4955779,4232990.875462075,4929437.171655875
1,fp8_e4m3_sat,key,ans_lane,16,192,3145728,2615656,98304,3648,2717608,2613255.0455443873,2613255.0455443873
1,fp8_e4m3_sat,key,ans_lane,256,16,3145728,2617976,8192,304,2626472,2616347.2777010566,2616347.2777010566
1,fp8_e4m3_sat,key,ans_lane,64,48,3145728,2617472,24576,912,2642960,2615694.612369141,2615694.612369141
1,fp8_e4m3_sat,key,ans_lane_shared,16,192,3145728,2621504,0,3648,2625152,2613255.0455443873,2613255.0455443873
1,fp8_e4m3_sat,key,ans_lane_shared,256,16,3145728,2620784,0,304,2621088,2616347.2777010566,2616347.2777010566
1,fp8_e4m3_sat,key,ans_lane_shared,64,48,3145728,2620908,0,912,2621820,2615694.612369141,2615694.612369141
1,fp8_e4m3_sat,key,zstd,64,48,3145728,2634054,0,912,2634966,2615694.612369141,2615694.612369141
1,fp8_e4m3_sat,value,ans_lane,16,192,3145728,2603972,98304,3648,2705924,2601540.3185957763,2601540.3185957763
1,fp8_e4m3_sat,value,ans_lane,256,16,3145728,2607312,8192,304,2615808,2605658.5247205496,2605658.5247205496
1,fp8_e4m3_sat,value,ans_lane,64,48,3145728,2606680,24576,912,2632168,2604878.3204596112,2604878.3204596112
1,fp8_e4m3_sat,value,ans_lane_shared,16,192,3145728,2610160,0,3648,2613808,2601540.3185957763,2601540.3185957763
1,fp8_e4m3_sat,value,ans_lane_shared,256,16,3145728,2609460,0,304,2609764,2605658.5247205496,2605658.5247205496
1,fp8_e4m3_sat,value,ans_lane_shared,64,48,3145728,2609596,0,912,2610508,2604878.3204596112,2604878.3204596112
1,fp8_e4m3_sat,value,zstd,64,48,3145728,2624560,0,912,2625472,2604878.3204596112,2604878.3204596112
1,native,convolution,ans_lane,,24,1572864,1061252,24576,648,1086476,1060018.5562563993,1233602.2959575662
1,native,convolution,ans_lane_shared,,24,1572864,1062896,0,648,1063544,1060018.5562563993,1233602.2959575662
1,native,convolution,zstd,,24,1572864,1240312,0,456,1240768,1060018.5562563993,1233602.2959575662
1,native,recurrent,ans_lane,,24,50331648,42899048,49152,1032,42949232,42882664.78446253,47068043.23509637
1,native,recurrent,ans_lane_shared,,24,50331648,42919912,0,1032,42920944,42882664.78446253,47068043.23509637
1,native,recurrent,zstd,,24,50331648,47198724,0,456,47199180,42882664.78446253,47068043.23509637
10,bf16,key,ans_lane,16,160,5242880,3530376,163840,4320,3698536,3525597.4635961303,4104993.064596335
10,bf16,key,ans_lane,256,16,5242880,3532944,16384,432,3549760,3529388.7527448316,4108445.822432764
10,bf16,key,ans_lane,64,40,5242880,3532468,40960,1080,3574508,3528704.185823039,4107835.1906173076
10,bf16,key,ans_lane_shared,16,160,5242880,3535416,0,4320,3539736,3525597.4635961303,4104993.064596335
10,bf16,key,ans_lane_shared,256,16,5242880,3534240,0,432,3534672,3529388.7527448316,4108445.822432764
10,bf16,key,ans_lane_shared,64,40,5242880,3534436,0,1080,3535516,3528704.185823039,4107835.1906173076
10,bf16,key,ans_raw,64,40,5242880,4108052,20480,760,4129292,3528704.185823039,4107835.1906173076
10,bf16,key,zstd,64,40,5242880,4124460,0,760,4125220,3528704.185823039,4107835.1906173076
10,bf16,value,ans_lane,16,160,5242880,3534800,163840,4320,3702960,3529998.544959337,4110169.1267569223
10,bf16,value,ans_lane,256,16,5242880,3537736,16384,432,3554552,3534160.6420577727,4114017.3126626234
10,bf16,value,ans_lane,64,40,5242880,3537032,40960,1080,3579072,3533251.141613541,4113181.5246307384
10,bf16,value,ans_lane_shared,16,160,5242880,3540880,0,4320,3545200,3529998.544959337,4110169.1267569223
10,bf16,value,ans_lane_shared,256,16,5242880,3539684,0,432,3540116,3534160.6420577727,4114017.3126626234
10,bf16,value,ans_lane_shared,64,40,5242880,3539872,0,1080,3540952,3533251.141613541,4113181.5246307384
10,bf16,value,ans_raw,64,40,5242880,4113392,20480,760,4134632,3533251.141613541,4113181.5246307384
10,bf16,value,zstd,64,40,5242880,4134279,0,760,4135039,3533251.141613541,4113181.5246307384
10,fp8_e4m3_sat,key,ans_lane,16,160,2621440,2173704,81920,3040,2258664,2171742.5777280033,2171742.5777280033
10,fp8_e4m3_sat,key,ans_lane,256,16,2621440,2175588,8192,304,2184084,2174217.932699706,2174217.932699706
10,fp8_e4m3_sat,key,ans_lane,64,40,2621440,2175224,20480,760,2196464,2173740.7064259574,2173740.7064259574
10,fp8_e4m3_sat,key,ans_lane_shared,16,160,2621440,2177612,0,3040,2180652,2171742.5777280033,2171742.5777280033
10,fp8_e4m3_sat,key,ans_lane_shared,256,16,2621440,2177032,0,304,2177336,2174217.932699706,2174217.932699706
10,fp8_e4m3_sat,key,ans_lane_shared,64,40,2621440,2177120,0,760,2177880,2173740.7064259574,2173740.7064259574
10,fp8_e4m3_sat,key,zstd,64,40,2621440,2188621,0,760,2189381,2173740.7064259574,2173740.7064259574
10,fp8_e4m3_sat,value,ans_lane,16,160,2621440,2174636,81920,3040,2259596,2172571.445786285,2172571.445786285
10,fp8_e4m3_sat,value,ans_lane,256,16,2621440,2177020,8192,304,2185516,2175602.719024524,2175602.719024524
10,fp8_e4m3_sat,value,ans_lane,64,40,2621440,2176332,20480,760,2197572,2174808.640727756,2174808.640727756
10,fp8_e4m3_sat,value,ans_lane_shared,16,160,2621440,2179952,0,3040,2182992,2172571.445786285,2172571.445786285
10,fp8_e4m3_sat,value,ans_lane_shared,256,16,2621440,2179384,0,304,2179688,2175602.719024524,2175602.719024524
10,fp8_e4m3_sat,value,ans_lane_shared,64,40,2621440,2179476,0,760,2180236,2174808.640727756,2174808.640727756
10,fp8_e4m3_sat,value,zstd,64,40,2621440,2191357,0,760,2192117,2174808.640727756,2174808.640727756
10,native,convolution,ans_lane,,24,1572864,1061572,24576,648,1086796,1060352.4084347847,1233991.8484135794
10,native,convolution,ans_lane_shared,,24,1572864,1063840,0,648,1064488,1060352.4084347847,1233991.8484135794
10,native,convolution,zstd,,24,1572864,1240935,0,456,1241391,1060352.4084347847,1233991.8484135794
10,native,recurrent,ans_lane,,24,50331648,42950344,49152,1032,43000528,42933979.94606639,47104426.58097666
10,native,recurrent,ans_lane_shared,,24,50331648,42963912,0,1032,42964944,42933979.94606639,47104426.58097666
10,native,recurrent,zstd,,24,50331648,47211645,0,456,47212101,42933979.94606639,47104426.58097666
11,bf16,key,ans_lane,16,64,2097152,1412344,65536,1728,1479608,1410440.8331432308,1642384.999702116
11,bf16,key,ans_lane,256,8,2097152,1413356,8192,216,1421764,1411917.5363931183,1643743.1153706203
11,bf16,key,ans_lane,64,16,2097152,1413168,16384,432,1429984,1411667.57356718,1643517.418143432
11,bf16,key,ans_lane_shared,16,64,2097152,1414376,0,1728,1416104,1410440.8331432308,1642384.999702116
11,bf16,key,ans_lane_shared,256,8,2097152,1413920,0,216,1414136,1411917.5363931183,1643743.1153706203
11,bf16,key,ans_lane_shared,64,16,2097152,1413972,0,432,1414404,1411667.57356718,1643517.418143432
11,bf16,key,ans_raw,64,16,2097152,1643604,8192,304,1652100,1411667.57356718,1643517.418143432
11,bf16,key,zstd,64,16,2097152,1650181,0,304,1650485,1411667.57356718,1643517.418143432
11,bf16,value,ans_lane,16,64,2097152,1409476,65536,1728,1476740,1407555.267343539,1639796.466244571
11,bf16,value,ans_lane,256,8,2097152,1410872,8192,216,1419280,1409423.0813961714,1641519.6408210134
11,bf16,value,ans_lane,64,16,2097152,1410488,16384,432,1427304,1408977.6268825259,1641108.8297438882
11,bf16,value,ans_lane_shared,16,64,2097152,1415420,0,1728,1417148,1407555.267343539,1639796.466244571
11,bf16,value,ans_lane_shared,256,8,2097152,1414944,0,216,1415160,1409423.0813961714,1641519.6408210134
11,bf16,value,ans_lane_shared,64,16,2097152,1415012,0,432,1415444,1408977.6268825259,1641108.8297438882
11,bf16,value,ans_raw,64,16,2097152,1641180,8192,304,1649676,1408977.6268825259,1641108.8297438882
11,bf16,value,zstd,64,16,2097152,1649911,0,304,1650215,1408977.6268825259,1641108.8297438882
11,fp8_e4m3_sat,key,ans_lane,16,64,1048576,869740,32768,1216,903724,868939.8131466251,868939.8131466251
11,fp8_e4m3_sat,key,ans_lane,256,8,1048576,870500,4096,152,874748,869949.1993920835,869949.1993920835
11,fp8_e4m3_sat,key,ans_lane,64,16,1048576,870340,8192,304,878836,869745.087793759,869745.087793759
11,fp8_e4m3_sat,key,ans_lane_shared,16,64,1048576,871332,0,1216,872548,868939.8131466251,868939.8131466251
11,fp8_e4m3_sat,key,ans_lane_shared,256,8,1048576,871092,0,152,871244,869949.1993920835,869949.1993920835
11,fp8_e4m3_sat,key,ans_lane_shared,64,16,1048576,871120,0,304,871424,869745.087793759,869745.087793759
11,fp8_e4m3_sat,key,zstd,64,16,1048576,875785,0,304,876089,869745.087793759,869745.087793759
11,fp8_e4m3_sat,value,ans_lane,16,64,1048576,868572,32768,1216,902556,867751.5331108313,867751.5331108313
11,fp8_e4m3_sat,value,ans_lane,256,8,1048576,869768,4096,152,874016,869196.7221783424,869196.7221783424
11,fp8_e4m3_sat,value,ans_lane,64,16,1048576,869340,8192,304,877836,868728.8874947834,868728.8874947834
11,fp8_e4m3_sat,value,ans_lane_shared,16,64,1048576,871064,0,1216,872280,867751.5331108313,867751.5331108313
11,fp8_e4m3_sat,value,ans_lane_shared,256,8,1048576,870836,0,152,870988,869196.7221783424,869196.7221783424
11,fp8_e4m3_sat,value,ans_lane_shared,64,16,1048576,870864,0,304,871168,868728.8874947834,868728.8874947834
11,fp8_e4m3_sat,value,zstd,64,16,1048576,875299,0,304,875603,868728.8874947834,868728.8874947834
11,native,convolution,ans_lane,,24,1572864,1062648,24576,648,1087872,1061425.6397778527,1235179.671764966
11,native,convolution,ans_lane_shared,,24,1572864,1064652,0,648,1065300,1061425.6397778527,1235179.671764966
11,native,convolution,zstd,,24,1572864,1242157,0,456,1242613,1061425.6397778527,1235179.671764966
11,native,recurrent,ans_lane,,24,50331648,42954768,49152,1032,43004952,42938406.75640048,47107279.47032492
11,native,recurrent,ans_lane_shared,,24,50331648,42964556,0,1032,42965588,42938406.75640048,47107279.47032492
11,native,recurrent,zstd,,24,50331648,47222765,0,456,47223221,42938406.75640048,47107279.47032492
12,bf16,key,ans_lane,16,64,2097152,1410492,65536,1728,1477756,1408587.5768654402,1640568.8763825
12,bf16,key,ans_lane,256,8,2097152,1411484,8192,216,1419892,1410047.5610793936,1641899.6766546338
12,bf16,key,ans_lane,64,16,2097152,1411312,16384,432,1428128,1409805.1616838537,1641687.5608361042
12,bf16,key,ans_lane_shared,16,64,2097152,1412456,0,1728,1414184,1408587.5768654402,1640568.8763825
12,bf16,key,ans_lane_shared,256,8,2097152,1412008,0,216,1412224,1410047.5610793936,1641899.6766546338
12,bf16,key,ans_lane_shared,64,16,2097152,1412076,0,432,1412508,1409805.1616838537,1641687.5608361042
12,bf16,key,ans_raw,64,16,2097152,1641776,8192,304,1650272,1409805.1616838537,1641687.5608361042
12,bf16,key,zstd,64,16,2097152,1648501,0,304,1648805,1409805.1616838537,1641687.5608361042
12,bf16,value,ans_lane,16,64,2097152,1410384,65536,1728,1477648,1408473.1531039656,1640524.2964187139
12,bf16,value,ans_lane,256,8,2097152,1411636,8192,216,1420044,1410190.1029036806,1642114.4022573114
12,bf16,value,ans_lane,64,16,2097152,1411288,16384,432,1428104,1409761.6677136756,1641721.0803053787
12,bf16,value,ans_lane_shared,16,64,2097152,1416784,0,1728,1418512,1408473.1531039656,1640524.2964187139
12,bf16,value,ans_lane_shared,256,8,2097152,1416308,0,216,1416524,1410190.1029036806,1642114.4022573114
12,bf16,value,ans_lane_shared,64,16,2097152,1416380,0,432,1416812,1409761.6677136756,1641721.0803053787
12,bf16,value,ans_raw,64,16,2097152,1641804,8192,304,1650300,1409761.6677136756,1641721.0803053787
12,bf16,value,zstd,64,16,2097152,1650434,0,304,1650738,1409761.6677136756,1641721.0803053787
12,fp8_e4m3_sat,key,ans_lane,16,64,1048576,867500,32768,1216,901484,866711.7735234475,866711.7735234475
12,fp8_e4m3_sat,key,ans_lane,256,8,1048576,868268,4096,152,872516,867717.7106456698,867717.7106456698
12,fp8_e4m3_sat,key,ans_lane,64,16,1048576,868108,8192,304,876604,867523.3781382934,867523.3781382934
12,fp8_e4m3_sat,key,ans_lane_shared,16,64,1048576,869032,0,1216,870248,866711.7735234475,866711.7735234475
12,fp8_e4m3_sat,key,ans_lane_shared,256,8,1048576,868804,0,152,868956,867717.7106456698,867717.7106456698
12,fp8_e4m3_sat,key,ans_lane_shared,64,16,1048576,868848,0,304,869152,867523.3781382934,867523.3781382934
12,fp8_e4m3_sat,key,zstd,64,16,1048576,873408,0,304,873712,867523.3781382934,867523.3781382934
12,fp8_e4m3_sat,value,ans_lane,16,64,1048576,869576,32768,1216,903560,868745.1288922103,868745.1288922103
12,fp8_e4m3_sat,value,ans_lane,256,8,1048576,870600,4096,152,874848,870026.5462732675,870026.5462732675
12,fp8_e4m3_sat,value,ans_lane,64,16,1048576,870220,8192,304,878716,869607.7752779986,869607.7752779986
12,fp8_e4m3_sat,value,ans_lane_shared,16,64,1048576,872476,0,1216,873692,868745.1288922103,868745.1288922103
12,fp8_e4m3_sat,value,ans_lane_shared,256,8,1048576,872260,0,152,872412,870026.5462732675,870026.5462732675
12,fp8_e4m3_sat,value,ans_lane_shared,64,16,1048576,872288,0,304,872592,869607.7752779986,869607.7752779986
12,fp8_e4m3_sat,value,zstd,64,16,1048576,876188,0,304,876492,869607.7752779986,869607.7752779986
12,native,convolution,ans_lane,,24,1572864,1060980,24576,648,1086204,1059749.131549066,1233475.1631753377
12,native,convolution,ans_lane_shared,,24,1572864,1062536,0,648,1063184,1059749.131549066,1233475.1631753377
12,native,convolution,zstd,,24,1572864,1240164,0,456,1240620,1059749.131549066,1233475.1631753377
12,native,recurrent,ans_lane,,24,50331648,42963696,49152,1032,43013880,42947341.72449552,47114651.528921165
12,native,recurrent,ans_lane_shared,,24,50331648,42974392,0,1032,42975424,42947341.72449552,47114651.528921165
12,native,recurrent,zstd,,24,50331648,47229781,0,456,47230237,42947341.72449552,47114651.528921165
13,bf16,key,ans_lane,16,160,5242880,3528864,163840,4320,3697024,3524103.068127446,4103367.3126550936
13,bf16,key,ans_lane,256,16,5242880,3531508,16384,432,3548324,3527958.4357896796,4106869.5230926094
13,bf16,key,ans_lane,64,40,5242880,3531008,40960,1080,3573048,3527255.4706651145,4106243.029834906
13,bf16,key,ans_lane_shared,16,160,5242880,3533632,0,4320,3537952,3524103.068127446,4103367.3126550936
13,bf16,key,ans_lane_shared,256,16,5242880,3532440,0,432,3532872,3527958.4357896796,4106869.5230926094
13,bf16,key,ans_lane_shared,64,40,5242880,3532632,0,1080,3533712,3527255.4706651145,4106243.029834906
13,bf16,key,ans_raw,64,40,5242880,4106452,20480,760,4127692,3527255.4706651145,4106243.029834906
13,bf16,key,zstd,64,40,5242880,4123156,0,760,4123916,3527255.4706651145,4106243.029834906
13,bf16,value,ans_lane,16,160,5242880,3534256,163840,4320,3702416,3529475.1189569593,4109599.6264754734
13,bf16,value,ans_lane,256,16,5242880,3537400,16384,432,3554216,3533848.830199958,4113618.7499434915
13,bf16,value,ans_lane,64,40,5242880,3536672,40960,1080,3578712,3532896.685054089,4112755.7605808377
13,bf16,value,ans_lane_shared,16,160,5242880,3540468,0,4320,3544788,3529475.1189569593,4109599.6264754734
13,bf16,value,ans_lane_shared,256,16,5242880,3539300,0,432,3539732,3533848.830199958,4113618.7499434915
13,bf16,value,ans_lane_shared,64,40,5242880,3539496,0,1080,3540576,3532896.685054089,4112755.7605808377
13,bf16,value,ans_raw,64,40,5242880,4112956,20480,760,4134196,3532896.685054089,4112755.7605808377
13,bf16,value,zstd,64,40,5242880,4133828,0,760,4134588,3532896.685054089,4112755.7605808377
13,fp8_e4m3_sat,key,ans_lane,16,160,2621440,2171200,81920,3040,2256160,2169207.961770078,2169207.961770078
13,fp8_e4m3_sat,key,ans_lane,256,16,2621440,2173160,8192,304,2181656,2171788.378096192,2171788.378096192
13,fp8_e4m3_sat,key,ans_lane,64,40,2621440,2172728,20480,760,2193968,2171238.766240761,2171238.766240761
13,fp8_e4m3_sat,key,ans_lane_shared,16,160,2621440,2174700,0,3040,2177740,2169207.961770078,2169207.961770078
13,fp8_e4m3_sat,key,ans_lane_shared,256,16,2621440,2174156,0,304,2174460,2171788.378096192,2171788.378096192
13,fp8_e4m3_sat,key,ans_lane_shared,64,40,2621440,2174256,0,760,2175016,2171238.766240761,2171238.766240761
13,fp8_e4m3_sat,key,zstd,64,40,2621440,2185781,0,760,2186541,2171238.766240761,2171238.766240761
13,fp8_e4m3_sat,value,ans_lane,16,160,2621440,2173916,81920,3040,2258876,2171883.2554187397,2171883.2554187397
13,fp8_e4m3_sat,value,ans_lane,256,16,2621440,2176580,8192,304,2185076,2175168.796459631,2175168.796459631
13,fp8_e4m3_sat,value,ans_lane,64,40,2621440,2175832,20480,760,2197072,2174302.3199823396,2174302.3199823396
13,fp8_e4m3_sat,value,ans_lane_shared,16,160,2621440,2179444,0,3040,2182484,2171883.2554187397,2171883.2554187397
13,fp8_e4m3_sat,value,ans_lane_shared,256,16,2621440,2178836,0,304,2179140,2175168.796459631,2175168.796459631
13,fp8_e4m3_sat,value,ans_lane_shared,64,40,2621440,2178944,0,760,2179704,2174302.3199823396,2174302.3199823396
13,fp8_e4m3_sat,value,zstd,64,40,2621440,2190955,0,760,2191715,2174302.3199823396,2174302.3199823396
13,native,convolution,ans_lane,,24,1572864,1064128,24576,648,1089352,1062900.4979876135,1236282.120979858
13,native,convolution,ans_lane_shared,,24,1572864,1066264,0,648,1066912,1062900.4979876135,1236282.120979858
13,native,convolution,zstd,,24,1572864,1243124,0,456,1243580,1062900.4979876135,1236282.120979858
13,native,recurrent,ans_lane,,24,50331648,43035360,49152,1032,43085544,43019038.670582995,47170881.20130003
13,native,recurrent,ans_lane_shared,,24,50331648,43061908,0,1032,43062940,43019038.670582995,47170881.20130003
13,native,recurrent,zstd,,24,50331648,47244407,0,456,47244863,43019038.670582995,47170881.20130003
14,bf16,key,ans_lane,16,64,2097152,1413208,65536,1728,1480472,1411313.129067086,1642992.4273001596
14,bf16,key,ans_lane,256,8,2097152,1414204,8192,216,1422612,1412767.568531821,1644332.3396433122
14,bf16,key,ans_lane,64,16,2097152,1414064,16384,432,1430880,1412545.588129166,1644127.1875822018
14,bf16,key,ans_lane_shared,16,64,2097152,1415300,0,1728,1417028,1411313.129067086,1642992.4273001596
14,bf16,key,ans_lane_shared,256,8,2097152,1414860,0,216,1415076,1412767.568531821,1644332.3396433122
14,bf16,key,ans_lane_shared,64,16,2097152,1414916,0,432,1415348,1412545.588129166,1644127.1875822018
14,bf16,key,ans_raw,64,16,2097152,1644212,8192,304,1652708,1412545.588129166,1644127.1875822018
14,bf16,key,zstd,64,16,2097152,1650722,0,304,1651026,1412545.588129166,1644127.1875822018
14,bf16,value,ans_lane,16,64,2097152,1410280,65536,1728,1477544,1408351.6207990902,1640457.5599332973
14,bf16,value,ans_lane,256,8,2097152,1411484,8192,216,1419892,1410046.3692372513,1642021.4496912998
14,bf16,value,ans_lane,64,16,2097152,1411292,16384,432,1428108,1409774.462410919,1641775.3480686622
14,bf16,value,ans_lane_shared,16,64,2097152,1416636,0,1728,1418364,1408351.6207990902,1640457.5599332973
14,bf16,value,ans_lane_shared,256,8,2097152,1416164,0,216,1416380,1410046.3692372513,1642021.4496912998
14,bf16,value,ans_lane_shared,64,16,2097152,1416220,0,432,1416652,1409774.462410919,1641775.3480686622
14,bf16,value,ans_raw,64,16,2097152,1641864,8192,304,1650360,1409774.462410919,1641775.3480686622
14,bf16,value,zstd,64,16,2097152,1650444,0,304,1650748,1409774.462410919,1641775.3480686622
14,fp8_e4m3_sat,key,ans_lane,16,64,1048576,870780,32768,1216,904764,869985.9343345532,869985.9343345532
14,fp8_e4m3_sat,key,ans_lane,256,8,1048576,871504,4096,152,875752,870955.0173271386,870955.0173271386
14,fp8_e4m3_sat,key,ans_lane,64,16,1048576,871388,8192,304,879884,870809.5634721181,870809.5634721181
14,fp8_e4m3_sat,key,ans_lane_shared,16,64,1048576,872448,0,1216,873664,869985.9343345532,869985.9343345532
14,fp8_e4m3_sat,key,ans_lane_shared,256,8,1048576,872220,0,152,872372,870955.0173271386,870955.0173271386
14,fp8_e4m3_sat,key,ans_lane_shared,64,16,1048576,872256,0,304,872560,870809.5634721181,870809.5634721181
14,fp8_e4m3_sat,key,zstd,64,16,1048576,876872,0,304,877176,870809.5634721181,870809.5634721181
14,fp8_e4m3_sat,value,ans_lane,16,64,1048576,869444,32768,1216,903428,868625.1970243915,868625.1970243915
14,fp8_e4m3_sat,value,ans_lane,256,8,1048576,870456,4096,152,874704,869895.5830882603,869895.5830882603
14,fp8_e4m3_sat,value,ans_lane,64,16,1048576,870268,8192,304,878764,869663.9423133114,869663.9423133114
14,fp8_e4m3_sat,value,ans_lane_shared,16,64,1048576,872240,0,1216,873456,868625.1970243915,868625.1970243915
14,fp8_e4m3_sat,value,ans_lane_shared,256,8,1048576,872016,0,152,872168,869895.5830882603,869895.5830882603
14,fp8_e4m3_sat,value,ans_lane_shared,64,16,1048576,872040,0,304,872344,869663.9423133114,869663.9423133114
14,fp8_e4m3_sat,value,zstd,64,16,1048576,876523,0,304,876827,869663.9423133114,869663.9423133114
14,native,convolution,ans_lane,,24,1572864,1063580,24576,648,1088804,1062341.0119022436,1235686.963097999
14,native,convolution,ans_lane_shared,,24,1572864,1065612,0,648,1066260,1062341.0119022436,1235686.963097999
14,native,convolution,zstd,,24,1572864,1242813,0,456,1243269,1062341.0119022436,1235686.963097999
14,native,recurrent,ans_lane,,24,50331648,43005972,49152,1032,43056156,42989640.07409559,47142139.795306355
14,native,recurrent,ans_lane_shared,,24,50331648,43030468,0,1032,43031500,42989640.07409559,47142139.795306355
14,native,recurrent,zstd,,24,50331648,47231299,0,456,47231755,42989640.07409559,47142139.795306355
15,bf16,key,ans_lane,16,672,22020096,14829112,688128,18144,15535384,14809109.875997223,17243333.809137255
15,bf16,key,ans_lane,256,48,22020096,14840132,49152,1296,14890580,14825414.544720786,17258206.985542674
15,bf16,key,ans_lane,64,168,22020096,14837888,172032,4536,15014456,14822102.446385447,17255230.257102642
15,bf16,key,ans_lane_shared,16,672,22020096,14848976,0,18144,14867120,14809109.875997223,17243333.809137255
15,bf16,key,ans_lane_shared,256,48,22020096,14843928,0,1296,14845224,14825414.544720786,17258206.985542674
15,bf16,key,ans_lane_shared,64,168,22020096,14844940,0,4536,14849476,14822102.446385447,17255230.257102642
15,bf16,key,ans_raw,64,168,22020096,17256100,86016,3192,17345308,14822102.446385447,17255230.257102642
15,bf16,key,zstd,64,168,22020096,17326599,0,3192,17329791,14822102.446385447,17255230.257102642
15,bf16,value,ans_lane,16,672,22020096,14837540,688128,18144,15543812,14817458.502210287,17254633.171667524
15,bf16,value,ans_lane,256,48,22020096,14850724,49152,1296,14901172,14835969.058276836,17271635.09057454
15,bf16,value,ans_lane,64,168,22020096,14847492,172032,4536,15024060,14831683.483941242,17267745.029335663
15,bf16,value,ans_lane_shared,16,672,22020096,14862092,0,18144,14880236,14817458.502210287,17254633.171667524
15,bf16,value,ans_lane_shared,256,48,22020096,14856968,0,1296,14858264,14835969.058276836,17271635.09057454
15,bf16,value,ans_lane_shared,64,168,22020096,14857936,0,4536,14862472,14831683.483941242,17267745.029335663
15,bf16,value,ans_raw,64,168,22020096,17268644,86016,3192,17357852,14831683.483941242,17267745.029335663
15,bf16,value,zstd,64,168,22020096,17355962,0,3192,17359154,14831683.483941242,17267745.029335663
15,fp8_e4m3_sat,key,ans_lane,16,672,11010048,9122900,344064,12768,9479732,9114448.840327943,9114448.840327943
15,fp8_e4m3_sat,key,ans_lane,256,48,11010048,9130656,24576,912,9156144,9124927.643204505,9124927.643204505
15,fp8_e4m3_sat,key,ans_lane,64,168,11010048,9128860,86016,3192,9218068,9122592.28224024,9122592.28224024
15,fp8_e4m3_sat,key,ans_lane_shared,16,672,11010048,9137292,0,12768,9150060,9114448.840327943,9114448.840327943
15,fp8_e4m3_sat,key,ans_lane_shared,256,48,11010048,9134744,0,912,9135656,9124927.643204505,9124927.643204505
15,fp8_e4m3_sat,key,ans_lane_shared,64,168,11010048,9135224,0,3192,9138416,9122592.28224024,9122592.28224024
15,fp8_e4m3_sat,key,zstd,64,168,11010048,9183732,0,3192,9186924,9122592.28224024,9122592.28224024
15,fp8_e4m3_sat,value,ans_lane,16,672,11010048,9130036,344064,12768,9486868,9121396.817916881,9121396.817916881
15,fp8_e4m3_sat,value,ans_lane,256,48,11010048,9140580,24576,912,9166068,9134900.49618268,9134900.49618268
15,fp8_e4m3_sat,value,ans_lane,64,168,11010048,9137548,86016,3192,9226756,9131237.662083728,9131237.662083728
15,fp8_e4m3_sat,value,ans_lane_shared,16,672,11010048,9151116,0,12768,9163884,9121396.817916881,9121396.817916881
15,fp8_e4m3_sat,value,ans_lane_shared,256,48,11010048,9148552,0,912,9149464,9134900.49618268,9134900.49618268
15,fp8_e4m3_sat,value,ans_lane_shared,64,168,11010048,9149060,0,3192,9152252,9131237.662083728,9131237.662083728
15,fp8_e4m3_sat,value,zstd,64,168,11010048,9200461,0,3192,9203653,9131237.662083728,9131237.662083728
15,native,convolution,ans_lane,,24,1572864,1063864,24576,648,1089088,1062632.564814135,1236088.0484114203
15,native,convolution,ans_lane_shared,,24,1572864,1065416,0,648,1066064,1062632.564814135,1236088.0484114203
15,native,convolution,zstd,,24,1572864,1243029,0,456,1243485,1062632.564814135,1236088.0484114203
15,native,recurrent,ans_lane,,24,50331648,43006924,49152,1032,43057108,42990589.999659285,47145406.47650905
15,native,recurrent,ans_lane_shared,,24,50331648,43026520,0,1032,43027552,42990589.999659285,47145406.47650905
15,native,recurrent,zstd,,24,50331648,47231021,0,456,47231477,42990589.999659285,47145406.47650905
16,bf16,key,ans_lane,16,544,17825792,11996820,557056,14688,12568564,11980550.939339807,13951298.23464007
16,bf16,key,ans_lane,256,40,17825792,12005664,40960,1080,12047704,11993724.451895911,13963309.010789922
16,bf16,key,ans_lane,64,136,17825792,12003900,139264,3672,12146836,11991096.613118436,13960935.971994884
16,bf16,key,ans_lane_shared,16,544,17825792,12012556,0,14688,12027244,11980550.939339807,13951298.23464007
16,bf16,key,ans_lane_shared,256,40,17825792,12008436,0,1080,12009516,11993724.451895911,13963309.010789922
16,bf16,key,ans_lane_shared,64,136,17825792,12009224,0,3672,12012896,11991096.613118436,13960935.971994884
16,bf16,key,ans_raw,64,136,17825792,13961656,69632,2584,14033872,11991096.613118436,13960935.971994884
16,bf16,key,zstd,64,136,17825792,14018741,0,2584,14021325,11991096.613118436,13960935.971994884
16,bf16,value,ans_lane,16,544,17825792,12014080,557056,14688,12585824,11997825.0130944,13970648.313168634
16,bf16,value,ans_lane,256,40,17825792,12025240,40960,1080,12067280,12013292.540245105,13984897.590299012
16,bf16,value,ans_lane,64,136,17825792,12022560,139264,3672,12165496,12009746.089042507,13981649.88571469
16,bf16,value,ans_lane_shared,16,544,17825792,12036212,0,14688,12050900,11997825.0130944,13970648.313168634
16,bf16,value,ans_lane_shared,256,40,17825792,12032028,0,1080,12033108,12013292.540245105,13984897.590299012
16,bf16,value,ans_lane_shared,64,136,17825792,12032820,0,3672,12036492,12009746.089042507,13981649.88571469
16,bf16,value,ans_raw,64,136,17825792,13982348,69632,2584,14054564,12009746.089042507,13981649.88571469
16,bf16,value,zstd,64,136,17825792,14052367,0,2584,14054951,12009746.089042507,13981649.88571469
16,fp8_e4m3_sat,key,ans_lane,16,544,8912896,7376084,278528,10336,7664948,7369287.922030435,7369287.922030435
16,fp8_e4m3_sat,key,ans_lane,256,40,8912896,7382560,20480,760,7403800,7377939.316846384,7377939.316846384
16,fp8_e4m3_sat,key,ans_lane,64,136,8912896,7381128,69632,2584,7453344,7376072.2966116285,7376072.2966116285
16,fp8_e4m3_sat,key,ans_lane_shared,16,544,8912896,7387876,0,10336,7398212,7369287.922030435,7369287.922030435
16,fp8_e4m3_sat,key,ans_lane_shared,256,40,8912896,7385800,0,760,7386560,7377939.316846384,7377939.316846384
16,fp8_e4m3_sat,key,ans_lane_shared,64,136,8912896,7386168,0,2584,7388752,7376072.2966116285,7376072.2966116285
16,fp8_e4m3_sat,key,zstd,64,136,8912896,7425129,0,2584,7427713,7376072.2966116285,7376072.2966116285
16,fp8_e4m3_sat,value,ans_lane,16,544,8912896,7392516,278528,10336,7681380,7385578.320635823,7385578.320635823
16,fp8_e4m3_sat,value,ans_lane,256,40,8912896,7401832,20480,760,7423072,7397214.934220582,7397214.934220582
16,fp8_e4m3_sat,value,ans_lane,64,136,8912896,7399272,69632,2584,7471488,7394136.723501117,7394136.723501117
16,fp8_e4m3_sat,value,ans_lane_shared,16,544,8912896,7412192,0,10336,7422528,7385578.320635823,7385578.320635823
16,fp8_e4m3_sat,value,ans_lane_shared,256,40,8912896,7410160,0,760,7410920,7397214.934220582,7397214.934220582
16,fp8_e4m3_sat,value,ans_lane_shared,64,136,8912896,7410536,0,2584,7413120,7394136.723501117,7394136.723501117
16,fp8_e4m3_sat,value,zstd,64,136,8912896,7451068,0,2584,7453652,7394136.723501117,7394136.723501117
16,native,convolution,ans_lane,,24,1572864,1061336,24576,648,1086560,1060112.0686385531,1233902.394995763
16,native,convolution,ans_lane_shared,,24,1572864,1063248,0,648,1063896,1060112.0686385531,1233902.394995763
16,native,convolution,zstd,,24,1572864,1240651,0,456,1241107,1060112.0686385531,1233902.394995763
16,native,recurrent,ans_lane,,24,50331648,42914368,49152,1032,42964552,42898010.088490754,47076498.54488761
16,native,recurrent,ans_lane_shared,,24,50331648,42935080,0,1032,42936112,42898010.088490754,47076498.54488761
16,native,recurrent,zstd,,24,50331648,47207810,0,456,47208266,42898010.088490754,47076498.54488761
17,bf16,key,ans_lane,16,128,4194304,2825332,131072,3456,2959860,2821477.344307867,3284887.6767502883
17,bf16,key,ans_lane,256,8,4194304,2827444,8192,216,2835852,2824640.9384214845,3287789.3483287967
17,bf16,key,ans_lane,64,32,4194304,2826940,32768,864,2860572,2823933.6215581624,3287150.9153077076
17,bf16,key,ans_lane_shared,16,128,4194304,2829424,0,3456,2832880,2821477.344307867,3284887.6767502883
17,bf16,key,ans_lane_shared,256,8,4194304,2828428,0,216,2828644,2824640.9384214845,3287789.3483287967
17,bf16,key,ans_lane_shared,64,32,4194304,2828636,0,864,2829500,2823933.6215581624,3287150.9153077076
17,bf16,key,ans_raw,64,32,4194304,3287316,16384,608,3304308,2823933.6215581624,3287150.9153077076
17,bf16,key,zstd,64,32,4194304,3300448,0,608,3301056,2823933.6215581624,3287150.9153077076
17,bf16,value,ans_lane,16,128,4194304,2820748,131072,3456,2955276,2816926.8284664117,3280903.206989021
17,bf16,value,ans_lane,256,8,4194304,2823316,8192,216,2831724,2820496.325891027,3284189.347848873
17,bf16,value,ans_lane,64,32,4194304,2822776,32768,864,2856408,2819735.4194682497,3283496.3415919333
17,bf16,value,ans_lane_shared,16,128,4194304,2832096,0,3456,2835552,2816926.8284664117,3280903.206989021
17,bf16,value,ans_lane_shared,256,8,4194304,2831092,0,216,2831308,2820496.325891027,3284189.347848873
17,bf16,value,ans_lane_shared,64,32,4194304,2831288,0,864,2832152,2819735.4194682497,3283496.3415919333
17,bf16,value,ans_raw,64,32,4194304,3283668,16384,608,3300660,2819735.4194682497,3283496.3415919333
17,bf16,value,zstd,64,32,4194304,3300714,0,608,3301322,2819735.4194682497,3283496.3415919333
17,fp8_e4m3_sat,key,ans_lane,16,128,2097152,1739768,65536,2432,1807736,1738183.4605808565,1738183.4605808565
17,fp8_e4m3_sat,key,ans_lane,256,8,2097152,1741340,4096,152,1745588,1740268.9084516247,1740268.9084516247
17,fp8_e4m3_sat,key,ans_lane,64,32,2097152,1740964,16384,608,1757956,1739781.3031300586,1739781.3031300586
17,fp8_e4m3_sat,key,ans_lane_shared,16,128,2097152,1743000,0,2432,1745432,1738183.4605808565,1738183.4605808565
17,fp8_e4m3_sat,key,ans_lane_shared,256,8,2097152,1742528,0,152,1742680,1740268.9084516247,1740268.9084516247
17,fp8_e4m3_sat,key,ans_lane_shared,64,32,2097152,1742624,0,608,1743232,1739781.3031300586,1739781.3031300586
17,fp8_e4m3_sat,key,zstd,64,32,2097152,1751522,0,608,1752130,1739781.3031300586,1739781.3031300586
17,fp8_e4m3_sat,value,ans_lane,16,128,2097152,1739412,65536,2432,1807380,1737756.2893493462,1737756.2893493462
17,fp8_e4m3_sat,value,ans_lane,256,8,2097152,1741488,4096,152,1745736,1740394.3152161562,1740394.3152161562
17,fp8_e4m3_sat,value,ans_lane,64,32,2097152,1740976,16384,608,1757968,1739771.3115953784,1739771.3115953784
17,fp8_e4m3_sat,value,ans_lane_shared,16,128,2097152,1743676,0,2432,1746108,1737756.2893493462,1737756.2893493462
17,fp8_e4m3_sat,value,ans_lane_shared,256,8,2097152,1743200,0,152,1743352,1740394.3152161562,1740394.3152161562
17,fp8_e4m3_sat,value,ans_lane_shared,64,32,2097152,1743292,0,608,1743900,1739771.3115953784,1739771.3115953784
17,fp8_e4m3_sat,value,zstd,64,32,2097152,1753194,0,608,1753802,1739771.3115953784,1739771.3115953784
17,native,convolution,ans_lane,,24,1572864,1063412,24576,648,1088636,1062174.8892917733,1235644.679200787
17,native,convolution,ans_lane_shared,,24,1572864,1065984,0,648,1066632,1062174.8892917733,1235644.679200787
17,native,convolution,zstd,,24,1572864,1242638,0,456,1243094,1062174.8892917733,1235644.679200787
17,native,recurrent,ans_lane,,24,50331648,43007068,49152,1032,43057252,42990698.103990525,47147129.7788513
17,native,recurrent,ans_lane_shared,,24,50331648,43043300,0,1032,43044332,42990698.103990525,47147129.7788513
17,native,recurrent,zstd,,24,50331648,47222532,0,456,47222988,42990698.103990525,47147129.7788513
18,bf16,key,ans_lane,16,160,5242880,3532520,163840,4320,3700680,3527756.00653011,4107188.431862943
18,bf16,key,ans_lane,256,16,5242880,3535088,16384,432,3551904,3531539.3544133045,4110632.7006811392
18,bf16,key,ans_lane,64,40,5242880,3534616,40960,1080,3576656,3530854.1225121864,4110021.4411209533
18,bf16,key,ans_lane_shared,16,160,5242880,3537284,0,4320,3541604,3527756.00653011,4107188.431862943
18,bf16,key,ans_lane_shared,256,16,5242880,3536084,0,432,3536516,3531539.3544133045,4110632.7006811392
18,bf16,key,ans_lane_shared,64,40,5242880,3536296,0,1080,3537376,3530854.1225121864,4110021.4411209533
18,bf16,key,ans_raw,64,40,5242880,4110240,20480,760,4131480,3530854.1225121864,4110021.4411209533
18,bf16,key,zstd,64,40,5242880,4126798,0,760,4127558,3530854.1225121864,4110021.4411209533
18,bf16,value,ans_lane,16,160,5242880,3536284,163840,4320,3704444,3531481.4303444866,4111290.4912475967
18,bf16,value,ans_lane,256,16,5242880,3539312,16384,432,3556128,3535755.218287635,4115190.6771680345
18,bf16,value,ans_lane,64,40,5242880,3538520,40960,1080,3580560,3534750.1122221937,4114279.245436325
18,bf16,value,ans_lane_shared,16,160,5242880,3542484,0,4320,3546804,3531481.4303444866,4111290.4912475967
18,bf16,value,ans_lane_shared,256,16,5242880,3541264,0,432,3541696,3535755.218287635,4115190.6771680345
18,bf16,value,ans_lane_shared,64,40,5242880,3541452,0,1080,3542532,3534750.1122221937,4114279.245436325
18,bf16,value,ans_raw,64,40,5242880,4114496,20480,760,4135736,3534750.1122221937,4114279.245436325
18,bf16,value,zstd,64,40,5242880,4135159,0,760,4135919,3534750.1122221937,4114279.245436325
18,fp8_e4m3_sat,key,ans_lane,16,160,2621440,2174912,81920,3040,2259872,2172915.1164422967,2172915.1164422967
18,fp8_e4m3_sat,key,ans_lane,256,16,2621440,2176832,8192,304,2185328,2175466.8168976237,2175466.8168976237
18,fp8_e4m3_sat,key,ans_lane,64,40,2621440,2176428,20480,760,2197668,2174944.705950171,2174944.705950171
18,fp8_e4m3_sat,key,ans_lane_shared,16,160,2621440,2178568,0,3040,2181608,2172915.1164422967,2172915.1164422967
18,fp8_e4m3_sat,key,ans_lane_shared,256,16,2621440,2177992,0,304,2178296,2175466.8168976237,2175466.8168976237
18,fp8_e4m3_sat,key,ans_lane_shared,64,40,2621440,2178080,0,760,2178840,2174944.705950171,2174944.705950171
18,fp8_e4m3_sat,key,zstd,64,40,2621440,2189486,0,760,2190246,2174944.705950171,2174944.705950171
18,fp8_e4m3_sat,value,ans_lane,16,160,2621440,2176040,81920,3040,2261000,2174008.058756594,2174008.058756594
18,fp8_e4m3_sat,value,ans_lane,256,16,2621440,2178532,8192,304,2187028,2177138.908405752,2177138.908405752
18,fp8_e4m3_sat,value,ans_lane,64,40,2621440,2177704,20480,760,2198944,2176184.5340567837,2176184.5340567837
18,fp8_e4m3_sat,value,ans_lane_shared,16,160,2621440,2181484,0,3040,2184524,2174008.058756594,2174008.058756594
18,fp8_e4m3_sat,value,ans_lane_shared,256,16,2621440,2180904,0,304,2181208,2177138.908405752,2177138.908405752
18,fp8_e4m3_sat,value,ans_lane_shared,64,40,2621440,2181004,0,760,2181764,2176184.5340567837,2176184.5340567837
18,fp8_e4m3_sat,value,zstd,64,40,2621440,2192892,0,760,2193652,2176184.5340567837,2176184.5340567837
18,native,convolution,ans_lane,,24,1572864,1064536,24576,648,1089760,1063316.779727055,1236885.5719000055
18,native,convolution,ans_lane_shared,,24,1572864,1067168,0,648,1067816,1063316.779727055,1236885.5719000055
18,native,convolution,zstd,,24,1572864,1243807,0,456,1244263,1063316.779727055,1236885.5719000055
18,native,recurrent,ans_lane,,24,50331648,43087344,49152,1032,43137528,43071032.68155104,47208542.81839822
18,native,recurrent,ans_lane_shared,,24,50331648,43141864,0,1032,43142896,43071032.68155104,47208542.81839822
18,native,recurrent,zstd,,24,50331648,47250489,0,456,47250945,43071032.68155104,47208542.81839822
19,bf16,key,ans_lane,16,96,3145728,2119440,98304,2592,2220336,2116599.8804901037,2464104.006360471
19,bf16,key,ans_lane,256,8,3145728,2121056,8192,216,2129464,2118927.656952098,2466246.406784909
19,bf16,key,ans_lane,64,24,3145728,2120704,24576,648,2145928,2118461.990372953,2465827.7096454795
19,bf16,key,ans_lane_shared,16,96,3145728,2122524,0,2592,2125116,2116599.8804901037,2464104.006360471
19,bf16,key,ans_lane_shared,256,8,3145728,2121836,0,216,2122052,2118927.656952098,2466246.406784909
19,bf16,key,ans_lane_shared,64,24,3145728,2121968,0,648,2122616,2118461.990372953,2465827.7096454795
19,bf16,key,ans_raw,64,24,3145728,2465960,12288,456,2478704,2118461.990372953,2465827.7096454795
19,bf16,key,zstd,64,24,3145728,2475819,0,456,2476275,2118461.990372953,2465827.7096454795
19,bf16,value,ans_lane,16,96,3145728,2114716,98304,2592,2215612,2111824.8103389544,2460074.010928295
19,bf16,value,ans_lane,256,8,3145728,2116728,8192,216,2125136,2114595.75834855,2462633.746438097
19,bf16,value,ans_lane,64,24,3145728,2116336,24576,648,2141560,2114057.8824946284,2462141.447993907
19,bf16,value,ans_lane_shared,16,96,3145728,2123548,0,2592,2126140,2111824.8103389544,2460074.010928295
19,bf16,value,ans_lane_shared,256,8,3145728,2122820,0,216,2123036,2114595.75834855,2462633.746438097
19,bf16,value,ans_lane_shared,64,24,3145728,2122940,0,648,2123588,2114057.8824946284,2462141.447993907
19,bf16,value,ans_raw,64,24,3145728,2462276,12288,456,2475020,2114057.8824946284,2462141.447993907
19,bf16,value,zstd,64,24,3145728,2475156,0,456,2475612,2114057.8824946284,2462141.447993907
19,fp8_e4m3_sat,key,ans_lane,16,96,1572864,1305360,49152,1824,1356336,1304170.9756822693,1304170.9756822693
19,fp8_e4m3_sat,key,ans_lane,256,8,1572864,1306580,4096,152,1310828,1305770.109318919,1305770.109318919
19,fp8_e4m3_sat,key,ans_lane,64,24,1572864,1306276,12288,456,1319020,1305399.7049971092,1305399.7049971092
19,fp8_e4m3_sat,key,ans_lane_shared,16,96,1572864,1307876,0,1824,1309700,1304170.9756822693,1304170.9756822693
19,fp8_e4m3_sat,key,ans_lane_shared,256,8,1572864,1307516,0,152,1307668,1305770.109318919,1305770.109318919
19,fp8_e4m3_sat,key,ans_lane_shared,64,24,1572864,1307580,0,456,1308036,1305399.7049971092,1305399.7049971092
19,fp8_e4m3_sat,key,zstd,64,24,1572864,1314294,0,456,1314750,1305399.7049971092,1305399.7049971092
19,fp8_e4m3_sat,value,ans_lane,16,96,1572864,1303300,49152,1824,1354276,1302051.560883783,1302051.560883783
19,fp8_e4m3_sat,value,ans_lane,256,8,1572864,1305004,4096,152,1309252,1304166.3384052003,1304166.3384052003
19,fp8_e4m3_sat,value,ans_lane,64,24,1572864,1304640,12288,456,1317384,1303721.0837999892,1303721.0837999892
19,fp8_e4m3_sat,value,ans_lane_shared,16,96,1572864,1306948,0,1824,1308772,1302051.560883783,1302051.560883783
19,fp8_e4m3_sat,value,ans_lane_shared,256,8,1572864,1306580,0,152,1306732,1304166.3384052003,1304166.3384052003
19,fp8_e4m3_sat,value,ans_lane_shared,64,24,1572864,1306656,0,456,1307112,1303721.0837999892,1303721.0837999892
19,fp8_e4m3_sat,value,zstd,64,24,1572864,1313638,0,456,1314094,1303721.0837999892,1303721.0837999892
19,native,convolution,ans_lane,,24,1572864,1062516,24576,648,1087740,1061293.9994955643,1234916.548009685
19,native,convolution,ans_lane_shared,,24,1572864,1064704,0,648,1065352,1061293.9994955643,1234916.548009685
19,native,convolution,zstd,,24,1572864,1242085,0,456,1242541,1061293.9994955643,1234916.548009685
19,native,recurrent,ans_lane,,24,50331648,43013384,49152,1032,43063568,42997045.093490206,47151803.88534632
19,native,recurrent,ans_lane_shared,,24,50331648,43041776,0,1032,43042808,42997045.093490206,47151803.88534632
19,native,recurrent,zstd,,24,50331648,47230247,0,456,47230703,42997045.093490206,47151803.88534632
2,bf16,key,ans_lane,16,64,2097152,1412156,65536,1728,1479420,1410263.3580793154,1642063.5416927875
2,bf16,key,ans_lane,256,8,2097152,1413176,8192,216,1421584,1411744.5614313586,1643412.6737998237
2,bf16,key,ans_lane,64,16,2097152,1413040,16384,432,1429856,1411534.052381171,1643222.5964947615
2,bf16,key,ans_lane_shared,16,64,2097152,1414504,0,1728,1416232,1410263.3580793154,1642063.5416927875
2,bf16,key,ans_lane_shared,256,8,2097152,1414060,0,216,1414276,1411744.5614313586,1643412.6737998237
2,bf16,key,ans_lane_shared,64,16,2097152,1414132,0,432,1414564,1411534.052381171,1643222.5964947615
2,bf16,key,ans_raw,64,16,2097152,1643312,8192,304,1651808,1411534.052381171,1643222.5964947615
2,bf16,key,zstd,64,16,2097152,1649791,0,304,1650095,1411534.052381171,1643222.5964947615
2,bf16,value,ans_lane,16,64,2097152,1410748,65536,1728,1478012,1408797.712288034,1640965.3697367697
2,bf16,value,ans_lane,256,8,2097152,1412016,8192,216,1420424,1410566.0945708756,1642596.3781431427
2,bf16,value,ans_lane,64,16,2097152,1411836,16384,432,1428652,1410320.082481574,1642368.8263299174
2,bf16,value,ans_lane_shared,16,64,2097152,1416884,0,1728,1418612,1408797.712288034,1640965.3697367697
2,bf16,value,ans_lane_shared,256,8,2097152,1416400,0,216,1416616,1410566.0945708756,1642596.3781431427
2,bf16,value,ans_lane_shared,64,16,2097152,1416468,0,432,1416900,1410320.082481574,1642368.8263299174
2,bf16,value,ans_raw,64,16,2097152,1642456,8192,304,1650952,1410320.082481574,1642368.8263299174
2,bf16,value,zstd,64,16,2097152,1650946,0,304,1651250,1410320.082481574,1642368.8263299174
2,fp8_e4m3_sat,key,ans_lane,16,64,1048576,870076,32768,1216,904060,869283.699346954,869283.699346954
2,fp8_e4m3_sat,key,ans_lane,256,8,1048576,870804,4096,152,875052,870260.2536133422,870260.2536133422
2,fp8_e4m3_sat,key,ans_lane,64,16,1048576,870696,8192,304,879192,870110.0753786654,870110.0753786654
2,fp8_e4m3_sat,key,ans_lane_shared,16,64,1048576,872076,0,1216,873292,869283.699346954,869283.699346954
2,fp8_e4m3_sat,key,ans_lane_shared,256,8,1048576,871852,0,152,872004,870260.2536133422,870260.2536133422
2,fp8_e4m3_sat,key,ans_lane_shared,64,16,1048576,871880,0,304,872184,870110.0753786654,870110.0753786654
2,fp8_e4m3_sat,key,zstd,64,16,1048576,876386,0,304,876690,870110.0753786654,870110.0753786654
2,fp8_e4m3_sat,value,ans_lane,16,64,1048576,869872,32768,1216,903856,869036.8758329654,869036.8758329654
2,fp8_e4m3_sat,value,ans_lane,256,8,1048576,870964,4096,152,875212,870401.043296353,870401.043296353
2,fp8_e4m3_sat,value,ans_lane,64,16,1048576,870820,8192,304,879316,870217.062781109,870217.062781109
2,fp8_e4m3_sat,value,ans_lane_shared,16,64,1048576,872636,0,1216,873852,869036.8758329654,869036.8758329654
2,fp8_e4m3_sat,value,ans_lane_shared,256,8,1048576,872420,0,152,872572,870401.043296353,870401.043296353
2,fp8_e4m3_sat,value,ans_lane_shared,64,16,1048576,872456,0,304,872760,870217.062781109,870217.062781109
2,fp8_e4m3_sat,value,zstd,64,16,1048576,876927,0,304,877231,870217.062781109,870217.062781109
2,native,convolution,ans_lane,,24,1572864,1061944,24576,648,1087168,1060714.1285317622,1234466.6944083294
2,native,convolution,ans_lane_shared,,24,1572864,1063524,0,648,1064172,1060714.1285317622,1234466.6944083294
2,native,convolution,zstd,,24,1572864,1241331,0,456,1241787,1060714.1285317622,1234466.6944083294
2,native,recurrent,ans_lane,,24,50331648,42984024,49152,1032,43034208,42967689.419940576,47131468.40856731
2,native,recurrent,ans_lane_shared,,24,50331648,42997204,0,1032,42998236,42967689.419940576,47131468.40856731
2,native,recurrent,zstd,,24,50331648,47240199,0,456,47240655,42967689.419940576,47131468.40856731
20,bf16,key,ans_lane,16,64,2097152,1411128,65536,1728,1478392,1409218.8766075063,1641093.4509770875
20,bf16,key,ans_lane,256,8,2097152,1412100,8192,216,1420508,1410664.5199169083,1642430.5193143773
20,bf16,key,ans_lane,64,16,2097152,1411956,16384,432,1428772,1410449.965544547,1642235.5458964957
20,bf16,key,ans_lane_shared,16,64,2097152,1413084,0,1728,1414812,1409218.8766075063,1641093.4509770875
20,bf16,key,ans_lane_shared,256,8,2097152,1412628,0,216,1412844,1410664.5199169083,1642430.5193143773
20,bf16,key,ans_lane_shared,64,16,2097152,1412692,0,432,1413124,1410449.965544547,1642235.5458964957
20,bf16,key,ans_raw,64,16,2097152,1642324,8192,304,1650820,1410449.965544547,1642235.5458964957
20,bf16,key,zstd,64,16,2097152,1649004,0,304,1649308,1410449.965544547,1642235.5458964957
20,bf16,value,ans_lane,16,64,2097152,1411796,65536,1728,1479060,1409887.4192467737,1642042.694693669
20,bf16,value,ans_lane,256,8,2097152,1413088,8192,216,1421496,1411639.3975579082,1643667.6994557471
20,bf16,value,ans_lane,64,16,2097152,1412824,16384,432,1429640,1411315.2501536466,1643368.4012798823
20,bf16,value,ans_lane_shared,16,64,2097152,1418412,0,1728,1420140,1409887.4192467737,1642042.694693669
20,bf16,value,ans_lane_shared,256,8,2097152,1417948,0,216,1418164,1411639.3975579082,1643667.6994557471
20,bf16,value,ans_lane_shared,64,16,2097152,1418008,0,432,1418440,1411315.2501536466,1643368.4012798823
20,bf16,value,ans_raw,64,16,2097152,1643452,8192,304,1651948,1411315.2501536466,1643368.4012798823
20,bf16,value,zstd,64,16,2097152,1652056,0,304,1652360,1411315.2501536466,1643368.4012798823
20,fp8_e4m3_sat,key,ans_lane,16,64,1048576,868248,32768,1216,902232,867461.1441028276,867461.1441028276
20,fp8_e4m3_sat,key,ans_lane,256,8,1048576,868956,4096,152,873204,868404.1367832113,868404.1367832113
20,fp8_e4m3_sat,key,ans_lane,64,16,1048576,868840,8192,304,877336,868243.7866460254,868243.7866460254
20,fp8_e4m3_sat,key,ans_lane_shared,16,64,1048576,869752,0,1216,870968,867461.1441028276,867461.1441028276
20,fp8_e4m3_sat,key,ans_lane_shared,256,8,1048576,869528,0,152,869680,868404.1367832113,868404.1367832113
20,fp8_e4m3_sat,key,ans_lane_shared,64,16,1048576,869560,0,304,869864,868243.7866460254,868243.7866460254
20,fp8_e4m3_sat,key,zstd,64,16,1048576,874123,0,304,874427,868243.7866460254,868243.7866460254
20,fp8_e4m3_sat,value,ans_lane,16,64,1048576,870716,32768,1216,904700,869893.5818746277,869893.5818746277
20,fp8_e4m3_sat,value,ans_lane,256,8,1048576,871808,4096,152,876056,871231.1985453079,871231.1985453079
20,fp8_e4m3_sat,value,ans_lane,64,16,1048576,871556,8192,304,880052,870949.7634452187,870949.7634452187
20,fp8_e4m3_sat,value,ans_lane_shared,16,64,1048576,874068,0,1216,875284,869893.5818746277,869893.5818746277
20,fp8_e4m3_sat,value,ans_lane_shared,256,8,1048576,873836,0,152,873988,871231.1985453079,871231.1985453079
20,fp8_e4m3_sat,value,ans_lane_shared,64,16,1048576,873876,0,304,874180,870949.7634452187,870949.7634452187
20,fp8_e4m3_sat,value,zstd,64,16,1048576,877524,0,304,877828,870949.7634452187,870949.7634452187
20,native,convolution,ans_lane,,24,1572864,1062400,24576,648,1087624,1061180.7200477486,1234790.3983441642
20,native,convolution,ans_lane_shared,,24,1572864,1064116,0,648,1064764,1061180.7200477486,1234790.3983441642
20,native,convolution,zstd,,24,1572864,1241643,0,456,1242099,1061180.7200477486,1234790.3983441642
20,native,recurrent,ans_lane,,24,50331648,43029000,49152,1032,43079184,43012652.47094374,47161596.10597162
20,native,recurrent,ans_lane_shared,,24,50331648,43052872,0,1032,43053904,43012652.47094374,47161596.10597162
20,native,recurrent,zstd,,24,50331648,47237027,0,456,47237483,43012652.47094374,47161596.10597162
21,bf16,key,ans_lane,16,672,22020096,14829588,688128,18144,15535860,14809608.936386203,17242547.356281202
21,bf16,key,ans_lane,256,48,22020096,14840424,49152,1296,14890872,14825689.681813102,17257265.732330278
21,bf16,key,ans_lane,64,168,22020096,14838200,172032,4536,15014768,14822441.717797514,17254314.848026242
21,bf16,key,ans_lane_shared,16,672,22020096,14849008,0,18144,14867152,14809608.936386203,17242547.356281202
21,bf16,key,ans_lane_shared,256,48,22020096,14843876,0,1296,14845172,14825689.681813102,17257265.732330278
21,bf16,key,ans_lane_shared,64,168,22020096,14844872,0,4536,14849408,14822441.717797514,17254314.848026242
21,bf16,key,ans_raw,64,168,22020096,17255196,86016,3192,17344404,14822441.717797514,17254314.848026242
21,bf16,key,zstd,64,168,22020096,17325343,0,3192,17328535,14822441.717797514,17254314.848026242
21,bf16,value,ans_lane,16,672,22020096,14843628,688128,18144,15549900,14823569.127980256,17260868.540052194
21,bf16,value,ans_lane,256,48,22020096,14855756,49152,1296,14906204,14840986.594500538,17276870.221537385
21,bf16,value,ans_lane,64,168,22020096,14853056,172032,4536,15029624,14837194.573395405,17273433.95394628
21,bf16,value,ans_lane_shared,16,672,22020096,14866464,0,18144,14884608,14823569.127980256,17260868.540052194
21,bf16,value,ans_lane_shared,256,48,22020096,14861256,0,1296,14862552,14840986.594500538,17276870.221537385
21,bf16,value,ans_lane_shared,64,168,22020096,14862228,0,4536,14866764,14837194.573395405,17273433.95394628
21,bf16,value,ans_raw,64,168,22020096,17274304,86016,3192,17363512,14837194.573395405,17273433.95394628
21,bf16,value,zstd,64,168,22020096,17361707,0,3192,17364899,14837194.573395405,17273433.95394628
21,fp8_e4m3_sat,key,ans_lane,16,672,11010048,9124440,344064,12768,9481272,9116100.980268849,9116100.980268849
21,fp8_e4m3_sat,key,ans_lane,256,48,11010048,9131988,24576,912,9157476,9126300.120444447,9126300.120444447
21,fp8_e4m3_sat,key,ans_lane,64,168,11010048,9130360,86016,3192,9219568,9124110.282073725,9124110.282073725
21,fp8_e4m3_sat,key,ans_lane_shared,16,672,11010048,9138460,0,12768,9151228,9116100.980268849,9116100.980268849
21,fp8_e4m3_sat,key,ans_lane_shared,256,48,11010048,9135952,0,912,9136864,9126300.120444447,9126300.120444447
21,fp8_e4m3_sat,key,ans_lane_shared,64,168,11010048,9136452,0,3192,9139644,9124110.282073725,9124110.282073725
21,fp8_e4m3_sat,key,zstd,64,168,11010048,9185004,0,3192,9188196,9124110.282073725,9124110.282073725
21,fp8_e4m3_sat,value,ans_lane,16,672,11010048,9132500,344064,12768,9489332,9123888.127960853,9123888.127960853
21,fp8_e4m3_sat,value,ans_lane,256,48,11010048,9141544,24576,912,9167032,9135786.903653067,9135786.903653067
21,fp8_e4m3_sat,value,ans_lane,64,168,11010048,9139204,86016,3192,9228412,9132832.772931222,9132832.772931222
21,fp8_e4m3_sat,value,ans_lane_shared,16,672,11010048,9150964,0,12768,9163732,9123888.127960853,9123888.127960853
21,fp8_e4m3_sat,value,ans_lane_shared,256,48,11010048,9148460,0,912,9149372,9135786.903653067,9135786.903653067
21,fp8_e4m3_sat,value,ans_lane_shared,64,168,11010048,9148972,0,3192,9152164,9132832.772931222,9132832.772931222
21,fp8_e4m3_sat,value,zstd,64,168,11010048,9203214,0,3192,9206406,9132832.772931222,9132832.772931222
21,native,convolution,ans_lane,,24,1572864,1064048,24576,648,1089272,1062815.3789106181,1236372.2516712518
21,native,convolution,ans_lane_shared,,24,1572864,1066988,0,648,1067636,1062815.3789106181,1236372.2516712518
21,native,convolution,zstd,,24,1572864,1243472,0,456,1243928,1062815.3789106181,1236372.2516712518
21,native,recurrent,ans_lane,,24,50331648,42993208,49152,1032,43043392,42976862.70150361,47135855.16505309
21,native,recurrent,ans_lane_shared,,24,50331648,43011920,0,1032,43012952,42976862.70150361,47135855.16505309
21,native,recurrent,zstd,,24,50331648,47229302,0,456,47229758,42976862.70150361,47135855.16505309
22,bf16,key,ans_lane,16,512,16777216,11293108,524288,13824,11831220,11277814.282168064,13132127.878389748
22,bf16,key,ans_lane,256,32,16777216,11301568,32768,864,11335200,11290376.819010021,13143577.063256046
22,bf16,key,ans_lane,64,128,16777216,11299776,131072,3456,11434304,11287728.477926724,13141191.16867667
22,bf16,key,ans_lane_shared,16,512,16777216,11308028,0,13824,11321852,11277814.282168064,13132127.878389748
22,bf16,key,ans_lane_shared,256,32,16777216,11304024,0,864,11304888,11290376.819010021,13143577.063256046
22,bf16,key,ans_lane_shared,64,128,16777216,11304808,0,3456,11308264,11287728.477926724,13141191.16867667
22,bf16,key,ans_raw,64,128,16777216,13141884,65536,2432,13209852,11287728.477926724,13141191.16867667
22,bf16,key,zstd,64,128,16777216,13195580,0,2432,13198012,11287728.477926724,13141191.16867667
22,bf16,value,ans_lane,16,512,16777216,11312408,524288,13824,11850520,11297172.056478335,13153212.16363264
22,bf16,value,ans_lane,256,32,16777216,11322756,32768,864,11356388,11311521.882029356,13166407.356231311
22,bf16,value,ans_lane,64,128,16777216,11320140,131072,3456,11454668,11308075.69061179,13163270.84359785
22,bf16,value,ans_lane_shared,16,512,16777216,11333376,0,13824,11347200,11297172.056478335,13153212.16363264
22,bf16,value,ans_lane_shared,256,32,16777216,11329436,0,864,11330300,11311521.882029356,13166407.356231311
22,bf16,value,ans_lane_shared,64,128,16777216,11330224,0,3456,11333680,11308075.69061179,13163270.84359785
22,bf16,value,ans_raw,64,128,16777216,13163924,65536,2432,13231892,11308075.69061179,13163270.84359785
22,bf16,value,zstd,64,128,16777216,13229838,0,2432,13232270,11308075.69061179,13163270.84359785
22,fp8_e4m3_sat,key,ans_lane,16,512,8388608,6945880,262144,9728,7217752,6939582.540400521,6939582.540400521
22,fp8_e4m3_sat,key,ans_lane,256,32,8388608,6952008,16384,608,6969000,6947708.441495935,6947708.441495935
22,fp8_e4m3_sat,key,ans_lane,64,128,8388608,6950608,65536,2432,7018576,6945827.026498706,6945827.026498706
22,fp8_e4m3_sat,key,ans_lane_shared,16,512,8388608,6957080,0,9728,6966808,6939582.540400521,6939582.540400521
22,fp8_e4m3_sat,key,ans_lane_shared,256,32,8388608,6955120,0,608,6955728,6947708.441495935,6947708.441495935
22,fp8_e4m3_sat,key,ans_lane_shared,64,128,8388608,6955536,0,2432,6957968,6945827.026498706,6945827.026498706
22,fp8_e4m3_sat,key,zstd,64,128,8388608,6991891,0,2432,6994323,6945827.026498706,6945827.026498706
22,fp8_e4m3_sat,value,ans_lane,16,512,8388608,6962520,262144,9728,7234392,6955949.941900055,6955949.941900055
22,fp8_e4m3_sat,value,ans_lane,256,32,8388608,6970684,16384,608,6987676,6966375.241775386,6966375.241775386
22,fp8_e4m3_sat,value,ans_lane,64,128,8388608,6968288,65536,2432,7036256,6963463.262299479,6963463.262299479
22,fp8_e4m3_sat,value,ans_lane_shared,16,512,8388608,6980648,0,9728,6990376,6955949.941900055,6955949.941900055
22,fp8_e4m3_sat,value,ans_lane_shared,256,32,8388608,6978780,0,608,6979388,6966375.241775386,6966375.241775386
22,fp8_e4m3_sat,value,ans_lane_shared,64,128,8388608,6979160,0,2432,6981592,6963463.262299479,6963463.262299479
22,fp8_e4m3_sat,value,zstd,64,128,8388608,7017573,0,2432,7020005,6963463.262299479,6963463.262299479
22,native,convolution,ans_lane,,24,1572864,1062060,24576,648,1087284,1060832.7096888698,1234517.3445143485
22,native,convolution,ans_lane_shared,,24,1572864,1064132,0,648,1064780,1060832.7096888698,1234517.3445143485
22,native,convolution,zstd,,24,1572864,1241403,0,456,1241859,1060832.7096888698,1234517.3445143485
22,native,recurrent,ans_lane,,24,50331648,42932728,49152,1032,42982912,42916375.46900018,47090735.025904626
22,native,recurrent,ans_lane_shared,,24,50331648,42945016,0,1032,42946048,42916375.46900018,47090735.025904626
22,native,recurrent,zstd,,24,50331648,47206524,0,456,47206980,42916375.46900018,47090735.025904626
23,bf16,key,ans_lane,16,128,4194304,2825664,131072,3456,2960192,2821841.767751966,3285100.6385509395
23,bf16,key,ans_lane,256,8,4194304,2827800,8192,216,2836208,2825006.229346458,3288011.748151155
23,bf16,key,ans_lane,64,32,4194304,2827316,32768,864,2860948,2824307.786011668,3287380.412621491
23,bf16,key,ans_lane_shared,16,128,4194304,2829660,0,3456,2833116,2821841.767751966,3285100.6385509395
23,bf16,key,ans_lane_shared,256,8,4194304,2828672,0,216,2828888,2825006.229346458,3288011.748151155
23,bf16,key,ans_lane_shared,64,32,4194304,2828868,0,864,2829732,2824307.786011668,3287380.412621491
23,bf16,key,ans_raw,64,32,4194304,3287560,16384,608,3304552,2824307.786011668,3287380.412621491
23,bf16,key,zstd,64,32,4194304,3300825,0,608,3301433,2824307.786011668,3287380.412621491
23,bf16,value,ans_lane,16,128,4194304,2821224,131072,3456,2955752,2817380.584758784,3281498.220618329
23,bf16,value,ans_lane,256,8,4194304,2823768,8192,216,2832176,2820945.5945968907,3284775.077928456
23,bf16,value,ans_lane,64,32,4194304,2823036,32768,864,2856668,2820019.5148730306,3283935.630703163
23,bf16,value,ans_lane_shared,16,128,4194304,2832336,0,3456,2835792,2817380.584758784,3281498.220618329
23,bf16,value,ans_lane_shared,256,8,4194304,2831344,0,216,2831560,2820945.5945968907,3284775.077928456
23,bf16,value,ans_lane_shared,64,32,4194304,2831540,0,864,2832404,2820019.5148730306,3283935.630703163
23,bf16,value,ans_raw,64,32,4194304,3284108,16384,608,3301100,2820019.5148730306,3283935.630703163
23,bf16,value,zstd,64,32,4194304,3301163,0,608,3301771,2820019.5148730306,3283935.630703163
23,fp8_e4m3_sat,key,ans_lane,16,128,2097152,1740460,65536,2432,1808428,1738857.735760194,1738857.735760194
23,fp8_e4m3_sat,key,ans_lane,256,8,2097152,1742076,4096,152,1746324,1741001.810309773,1741001.810309773
23,fp8_e4m3_sat,key,ans_lane,64,32,2097152,1741636,16384,608,1758628,1740443.522485516,1740443.522485516
23,fp8_e4m3_sat,key,ans_lane_shared,16,128,2097152,1743632,0,2432,1746064,1738857.735760194,1738857.735760194
23,fp8_e4m3_sat,key,ans_lane_shared,256,8,2097152,1743168,0,152,1743320,1741001.810309773,1741001.810309773
23,fp8_e4m3_sat,key,ans_lane_shared,64,32,2097152,1743252,0,608,1743860,1740443.522485516,1740443.522485516
23,fp8_e4m3_sat,key,zstd,64,32,2097152,1752219,0,608,1752827,1740443.522485516,1740443.522485516
23,fp8_e4m3_sat,value,ans_lane,16,128,2097152,1739552,65536,2432,1807520,1737898.1517595232,1737898.1517595232
23,fp8_e4m3_sat,value,ans_lane,256,8,2097152,1741676,4096,152,1745924,1740589.6191969032,1740589.6191969032
23,fp8_e4m3_sat,value,ans_lane,64,32,2097152,1740948,16384,608,1757940,1739743.4972219253,1739743.4972219253
23,fp8_e4m3_sat,value,ans_lane_shared,16,128,2097152,1743772,0,2432,1746204,1737898.1517595232,1737898.1517595232
23,fp8_e4m3_sat,value,ans_lane_shared,256,8,2097152,1743288,0,152,1743440,1740589.6191969032,1740589.6191969032
23,fp8_e4m3_sat,value,ans_lane_shared,64,32,2097152,1743388,0,608,1743996,1739743.4972219253,1739743.4972219253
23,fp8_e4m3_sat,value,zstd,64,32,2097152,1753072,0,608,1753680,1739743.4972219253,1739743.4972219253
23,native,convolution,ans_lane,,24,1572864,1065900,24576,648,1091124,1064680.7952888971,1237963.1734245482
23,native,convolution,ans_lane_shared,,24,1572864,1069740,0,648,1070388,1064680.7952888971,1237963.1734245482
23,native,convolution,zstd,,24,1572864,1244897,0,456,1245353,1064680.7952888971,1237963.1734245482
23,native,recurrent,ans_lane,,24,50331648,42982500,49152,1032,43032684,42966168.30909305,47130042.669228986
23,native,recurrent,ans_lane_shared,,24,50331648,43009300,0,1032,43010332,42966168.30909305,47130042.669228986
23,native,recurrent,zstd,,24,50331648,47223445,0,456,47223901,42966168.30909305,47130042.669228986
24,bf16,key,ans_lane,16,160,5242880,3533788,163840,4320,3701948,3529007.57172411,4107978.289302976
24,bf16,key,ans_lane,256,16,5242880,3536340,16384,432,3553156,3532787.5260924557,4111410.0664620735
24,bf16,key,ans_lane,64,40,5242880,3535844,40960,1080,3577884,3532091.491327759,4110784.6192086665
24,bf16,key,ans_lane_shared,16,160,5242880,3538652,0,4320,3542972,3529007.57172411,4107978.289302976
24,bf16,key,ans_lane_shared,256,16,5242880,3537468,0,432,3537900,3532787.5260924557,4111410.0664620735
24,bf16,key,ans_lane_shared,64,40,5242880,3537700,0,1080,3538780,3532091.491327759,4110784.6192086665
24,bf16,key,ans_raw,64,40,5242880,4110984,20480,760,4132224,3532091.491327759,4110784.6192086665
24,bf16,key,zstd,64,40,5242880,4127541,0,760,4128301,3532091.491327759,4110784.6192086665
24,bf16,value,ans_lane,16,160,5242880,3535244,163840,4320,3703404,3530459.1361307236,4110518.1144593474
24,bf16,value,ans_lane,256,16,5242880,3538224,16384,432,3555040,3534655.0649467465,4114374.282708992
24,bf16,value,ans_lane,64,40,5242880,3537616,40960,1080,3579656,3533836.7361419545,4113633.255700954
24,bf16,value,ans_lane_shared,16,160,5242880,3541808,0,4320,3546128,3530459.1361307236,4110518.1144593474
24,bf16,value,ans_lane_shared,256,16,5242880,3540600,0,432,3541032,3534655.0649467465,4114374.282708992
24,bf16,value,ans_lane_shared,64,40,5242880,3540780,0,1080,3541860,3533836.7361419545,4113633.255700954
24,bf16,value,ans_raw,64,40,5242880,4113848,20480,760,4135088,3533836.7361419545,4113633.255700954
24,bf16,value,zstd,64,40,5242880,4134279,0,760,4135039,3533836.7361419545,4113633.255700954
24,fp8_e4m3_sat,key,ans_lane,16,160,2621440,2176932,81920,3040,2261892,2174949.53722247,2174949.53722247
24,fp8_e4m3_sat,key,ans_lane,256,16,2621440,2178864,8192,304,2187360,2177491.182707278,2177491.182707278
24,fp8_e4m3_sat,key,ans_lane,64,40,2621440,2178468,20480,760,2199708,2176990.2979479507,2176990.2979479507
24,fp8_e4m3_sat,key,ans_lane_shared,16,160,2621440,2180872,0,3040,2183912,2174949.53722247,2174949.53722247
24,fp8_e4m3_sat,key,ans_lane_shared,256,16,2621440,2180284,0,304,2180588,2177491.182707278,2177491.182707278
24,fp8_e4m3_sat,key,ans_lane_shared,64,40,2621440,2180392,0,760,2181152,2176990.2979479507,2176990.2979479507
24,fp8_e4m3_sat,key,zstd,64,40,2621440,2191610,0,760,2192370,2176990.2979479507,2176990.2979479507
24,fp8_e4m3_sat,value,ans_lane,16,160,2621440,2175104,81920,3040,2260064,2173049.9960068744,2173049.9960068744
24,fp8_e4m3_sat,value,ans_lane,256,16,2621440,2177428,8192,304,2185924,2176021.8677481725,2176021.8677481725
24,fp8_e4m3_sat,value,ans_lane,64,40,2621440,2176896,20480,760,2198136,2175369.7560978103,2175369.7560978103
24,fp8_e4m3_sat,value,ans_lane_shared,16,160,2621440,2180848,0,3040,2183888,2173049.9960068744,2173049.9960068744
24,fp8_e4m3_sat,value,ans_lane_shared,256,16,2621440,2180288,0,304,2180592,2176021.8677481725,2176021.8677481725
24,fp8_e4m3_sat,value,ans_lane_shared,64,40,2621440,2180392,0,760,2181152,2175369.7560978103,2175369.7560978103
24,fp8_e4m3_sat,value,zstd,64,40,2621440,2191859,0,760,2192619,2175369.7560978103,2175369.7560978103
24,native,convolution,ans_lane,,24,1572864,1063912,24576,648,1089136,1062681.2470406273,1236228.6977926684
24,native,convolution,ans_lane_shared,,24,1572864,1066504,0,648,1067152,1062681.2470406273,1236228.6977926684
24,native,convolution,zstd,,24,1572864,1243316,0,456,1243772,1062681.2470406273,1236228.6977926684
24,native,recurrent,ans_lane,,24,50331648,42969712,49152,1032,43019896,42953337.86343503,47118112.02606864
24,native,recurrent,ans_lane_shared,,24,50331648,42989156,0,1032,42990188,42953337.86343503,47118112.02606864
24,native,recurrent,zstd,,24,50331648,47221923,0,456,47222379,42953337.86343503,47118112.02606864
25,bf16,key,ans_lane,16,64,2097152,1413976,65536,1728,1481240,1412061.83411191,1643629.1434650866
25,bf16,key,ans_lane,256,8,2097152,1414972,8192,216,1423380,1413540.397401181,1644983.7138764777
25,bf16,key,ans_lane,64,16,2097152,1414784,16384,432,1431600,1413278.2992418648,1644747.8766698814
25,bf16,key,ans_lane_shared,16,64,2097152,1416144,0,1728,1417872,1412061.83411191,1643629.1434650866
25,bf16,key,ans_lane_shared,256,8,2097152,1415688,0,216,1415904,1413540.397401181,1644983.7138764777
25,bf16,key,ans_lane_shared,64,16,2097152,1415744,0,432,1416176,1413278.2992418648,1644747.8766698814
25,bf16,key,ans_raw,64,16,2097152,1644828,8192,304,1653324,1413278.2992418648,1644747.8766698814
25,bf16,key,zstd,64,16,2097152,1651445,0,304,1651749,1413278.2992418648,1644747.8766698814
25,bf16,value,ans_lane,16,64,2097152,1410280,65536,1728,1477544,1408349.53826116,1640618.5236851652
25,bf16,value,ans_lane,256,8,2097152,1411460,8192,216,1419868,1410010.8890031702,1642163.0390534683
25,bf16,value,ans_lane,64,16,2097152,1411176,16384,432,1427992,1409666.0561932025,1641842.4263476012
25,bf16,value,ans_lane_shared,16,64,2097152,1415980,0,1728,1417708,1408349.53826116,1640618.5236851652
25,bf16,value,ans_lane_shared,256,8,2097152,1415516,0,216,1415732,1410010.8890031702,1642163.0390534683
25,bf16,value,ans_lane_shared,64,16,2097152,1415568,0,432,1416000,1409666.0561932025,1641842.4263476012
25,bf16,value,ans_raw,64,16,2097152,1641928,8192,304,1650424,1409666.0561932025,1641842.4263476012
25,bf16,value,zstd,64,16,2097152,1650604,0,304,1650908,1409666.0561932025,1641842.4263476012
25,fp8_e4m3_sat,key,ans_lane,16,64,1048576,871708,32768,1216,905692,870919.4370139182,870919.4370139182
25,fp8_e4m3_sat,key,ans_lane,256,8,1048576,872492,4096,152,876740,871942.1975300955,871942.1975300955
25,fp8_e4m3_sat,key,ans_lane,64,16,1048576,872308,8192,304,880804,871721.8300534586,871721.8300534586
25,fp8_e4m3_sat,key,ans_lane_shared,16,64,1048576,873560,0,1216,874776,870919.4370139182,870919.4370139182
25,fp8_e4m3_sat,key,ans_lane_shared,256,8,1048576,873332,0,152,873484,871942.1975300955,871942.1975300955
25,fp8_e4m3_sat,key,ans_lane_shared,64,16,1048576,873356,0,304,873660,871721.8300534586,871721.8300534586
25,fp8_e4m3_sat,key,zstd,64,16,1048576,877774,0,304,878078,871721.8300534586,871721.8300534586
25,fp8_e4m3_sat,value,ans_lane,16,64,1048576,869268,32768,1216,903252,868454.2831590571,868454.2831590571
25,fp8_e4m3_sat,value,ans_lane,256,8,1048576,870220,4096,152,874468,869652.4206350123,869652.4206350123
25,fp8_e4m3_sat,value,ans_lane,64,16,1048576,869936,8192,304,878432,869323.4805168903,869323.4805168903
25,fp8_e4m3_sat,value,ans_lane_shared,16,64,1048576,871504,0,1216,872720,868454.2831590571,868454.2831590571
25,fp8_e4m3_sat,value,ans_lane_shared,256,8,1048576,871288,0,152,871440,869652.4206350123,869652.4206350123
25,fp8_e4m3_sat,value,ans_lane_shared,64,16,1048576,871324,0,304,871628,869323.4805168903,869323.4805168903
25,fp8_e4m3_sat,value,zstd,64,16,1048576,876031,0,304,876335,869323.4805168903,869323.4805168903
25,native,convolution,ans_lane,,24,1572864,1062668,24576,648,1087892,1061442.2548168,1235057.1915143104
25,native,convolution,ans_lane_shared,,24,1572864,1064692,0,648,1065340,1061442.2548168,1235057.1915143104
25,native,convolution,zstd,,24,1572864,1241755,0,456,1242211,1061442.2548168,1235057.1915143104
25,native,recurrent,ans_lane,,24,50331648,42979744,49152,1032,43029928,42963368.30567409,47126351.305934995
25,native,recurrent,ans_lane_shared,,24,50331648,42992868,0,1032,42993900,42963368.30567409,47126351.305934995
25,native,recurrent,zstd,,24,50331648,47239429,0,456,47239885,42963368.30567409,47126351.305934995
26,bf16,key,ans_lane,16,288,9437184,6355540,294912,7776,6658228,6346944.2541952105,7390287.09557234
26,bf16,key,ans_lane,256,24,9437184,6360184,24576,648,6385408,6353830.15598956,7396588.08610402
26,bf16,key,ans_lane,64,72,9437184,6359300,73728,1944,6434972,6352528.127763949,7395409.514884035
26,bf16,key,ans_lane_shared,16,288,9437184,6363940,0,7776,6371716,6346944.2541952105,7390287.09557234
26,bf16,key,ans_lane_shared,256,24,9437184,6361792,0,648,6362440,6353830.15598956,7396588.08610402
26,bf16,key,ans_lane_shared,64,72,9437184,6362160,0,1944,6364104,6352528.127763949,7395409.514884035
26,bf16,key,ans_raw,64,72,9437184,7395784,36864,1368,7434016,6352528.127763949,7395409.514884035
26,bf16,key,zstd,64,72,9437184,7425988,0,1368,7427356,6352528.127763949,7395409.514884035
26,bf16,value,ans_lane,16,288,9437184,6362756,294912,7776,6665444,6354155.240877295,7398460.04287549
26,bf16,value,ans_lane,256,24,9437184,6368804,24576,648,6394028,6362429.045830607,7406047.7531904
26,bf16,value,ans_lane,64,72,9437184,6367308,73728,1944,6442980,6360525.532696884,7404320.711160667
26,bf16,value,ans_lane_shared,16,288,9437184,6374688,0,7776,6382464,6354155.240877295,7398460.04287549
26,bf16,value,ans_lane_shared,256,24,9437184,6372540,0,648,6373188,6362429.045830607,7406047.7531904
26,bf16,value,ans_lane_shared,64,72,9437184,6372928,0,1944,6374872,6360525.532696884,7404320.711160667
26,bf16,value,ans_raw,64,72,9437184,7404712,36864,1368,7442944,6360525.532696884,7404320.711160667
26,bf16,value,zstd,64,72,9437184,7441467,0,1368,7442835,6360525.532696884,7404320.711160667
26,fp8_e4m3_sat,key,ans_lane,16,288,4718592,3910420,147456,5472,4063348,3906832.531165087,3906832.531165087
26,fp8_e4m3_sat,key,ans_lane,256,24,4718592,3913860,12288,456,3926604,3911418.715356576,3911418.715356576
26,fp8_e4m3_sat,key,ans_lane,64,72,4718592,3913156,36864,1368,3951388,3910481.455832139,3910481.455832139
26,fp8_e4m3_sat,key,ans_lane_shared,16,288,4718592,3916712,0,5472,3922184,3906832.531165087,3906832.531165087
26,fp8_e4m3_sat,key,ans_lane_shared,256,24,4718592,3915644,0,456,3916100,3911418.715356576,3911418.715356576
26,fp8_e4m3_sat,key,ans_lane_shared,64,72,4718592,3915832,0,1368,3917200,3910481.455832139,3910481.455832139
26,fp8_e4m3_sat,key,zstd,64,72,4718592,3936729,0,1368,3938097,3910481.455832139,3910481.455832139
26,fp8_e4m3_sat,value,ans_lane,16,288,4718592,3914604,147456,5472,4067532,3910929.654457908,3910929.654457908
26,fp8_e4m3_sat,value,ans_lane,256,24,4718592,3919712,12288,456,3932456,3917235.416808418,3917235.416808418
26,fp8_e4m3_sat,value,ans_lane,64,72,4718592,3918268,36864,1368,3956500,3915532.0894882013,3915532.0894882013
26,fp8_e4m3_sat,value,ans_lane_shared,16,288,4718592,3925244,0,5472,3930716,3910929.654457908,3910929.654457908
26,fp8_e4m3_sat,value,ans_lane_shared,256,24,4718592,3924232,0,456,3924688,3917235.416808418,3917235.416808418
26,fp8_e4m3_sat,value,ans_lane_shared,64,72,4718592,3924420,0,1368,3925788,3915532.0894882013,3915532.0894882013
26,fp8_e4m3_sat,value,zstd,64,72,4718592,3945526,0,1368,3946894,3915532.0894882013,3915532.0894882013
26,native,convolution,ans_lane,,24,1572864,1062368,24576,648,1087592,1061138.882119971,1234761.6078860634
26,native,convolution,ans_lane_shared,,24,1572864,1064184,0,648,1064832,1061138.882119971,1234761.6078860634
26,native,convolution,zstd,,24,1572864,1241878,0,456,1242334,1061138.882119971,1234761.6078860634
26,native,recurrent,ans_lane,,24,50331648,42975316,49152,1032,43025500,42958955.623256356,47124737.52498472
26,native,recurrent,ans_lane_shared,,24,50331648,42999992,0,1032,43001024,42958955.623256356,47124737.52498472
26,native,recurrent,zstd,,24,50331648,47225139,0,456,47225595,42958955.623256356,47124737.52498472
27,bf16,key,ans_lane,16,672,22020096,14828760,688128,18144,15535032,14808738.20046009,17242691.88557754
27,bf16,key,ans_lane,256,48,22020096,14839668,49152,1296,14890116,14824933.717334758,17257503.28697925
27,bf16,key,ans_lane,64,168,22020096,14837404,172032,4536,15013972,14821588.978411632,17254485.7610337
27,bf16,key,ans_lane_shared,16,672,22020096,14847936,0,18144,14866080,14808738.20046009,17242691.88557754
27,bf16,key,ans_lane_shared,256,48,22020096,14842812,0,1296,14844108,14824933.717334758,17257503.28697925
27,bf16,key,ans_lane_shared,64,168,22020096,14843816,0,4536,14848352,14821588.978411632,17254485.7610337
27,bf16,key,ans_raw,64,168,22020096,17255348,86016,3192,17344556,14821588.978411632,17254485.7610337
27,bf16,key,zstd,64,168,22020096,17325912,0,3192,17329104,14821588.978411632,17254485.7610337
27,bf16,value,ans_lane,16,672,22020096,14846148,688128,18144,15552420,14826039.021289408,17262805.512956735
27,bf16,value,ans_lane,256,48,22020096,14858220,49152,1296,14908668,14843438.55929282,17278822.536480874
27,bf16,value,ans_lane,64,168,22020096,14855672,172032,4536,15032240,14839796.889639268,17275489.32347793
27,bf16,value,ans_lane_shared,16,672,22020096,14870528,0,18144,14888672,14826039.021289408,17262805.512956735
27,bf16,value,ans_lane_shared,256,48,22020096,14865452,0,1296,14866748,14843438.55929282,17278822.536480874
27,bf16,value,ans_lane_shared,64,168,22020096,14866424,0,4536,14870960,14839796.889639268,17275489.32347793
27,bf16,value,ans_raw,64,168,22020096,17276376,86016,3192,17365584,14839796.889639268,17275489.32347793
27,bf16,value,zstd,64,168,22020096,17362502,0,3192,17365694,14839796.889639268,17275489.32347793
27,fp8_e4m3_sat,key,ans_lane,16,672,11010048,9118908,344064,12768,9475740,9110551.207365878,9110551.207365878
27,fp8_e4m3_sat,key,ans_lane,256,48,11010048,9126548,24576,912,9152036,9120838.510028703,9120838.510028703
27,fp8_e4m3_sat,key,ans_lane,64,168,11010048,9124856,86016,3192,9214064,9118603.862582235,9118603.862582235
27,fp8_e4m3_sat,key,ans_lane_shared,16,672,11010048,9132548,0,12768,9145316,9110551.207365878,9110551.207365878
27,fp8_e4m3_sat,key,ans_lane_shared,256,48,11010048,9130052,0,912,9130964,9120838.510028703,9120838.510028703
27,fp8_e4m3_sat,key,ans_lane_shared,64,168,11010048,9130512,0,3192,9133704,9118603.862582235,9118603.862582235
27,fp8_e4m3_sat,key,zstd,64,168,11010048,9179277,0,3192,9182469,9118603.862582235,9118603.862582235
27,fp8_e4m3_sat,value,ans_lane,16,672,11010048,9133212,344064,12768,9490044,9124609.428728838,9124609.428728838
27,fp8_e4m3_sat,value,ans_lane,256,48,11010048,9142228,24576,912,9167716,9136451.73434161,9136451.73434161
27,fp8_e4m3_sat,value,ans_lane,64,168,11010048,9140120,86016,3192,9229328,9133729.270060271,9133729.270060271
27,fp8_e4m3_sat,value,ans_lane_shared,16,672,11010048,9153712,0,12768,9166480,9124609.428728838,9124609.428728838
27,fp8_e4m3_sat,value,ans_lane_shared,256,48,11010048,9151272,0,912,9152184,9136451.73434161,9136451.73434161
27,fp8_e4m3_sat,value,ans_lane_shared,64,168,11010048,9151756,0,3192,9154948,9133729.270060271,9133729.270060271
27,fp8_e4m3_sat,value,zstd,64,168,11010048,9204436,0,3192,9207628,9133729.270060271,9133729.270060271
27,native,convolution,ans_lane,,24,1572864,1063312,24576,648,1088536,1062085.456730329,1235691.0559949162
27,native,convolution,ans_lane_shared,,24,1572864,1065804,0,648,1066452,1062085.456730329,1235691.0559949162
27,native,convolution,zstd,,24,1572864,1242624,0,456,1243080,1062085.456730329,1235691.0559949162
27,native,recurrent,ans_lane,,24,50331648,42947404,49152,1032,42997588,42931052.800600976,47099810.97362474
27,native,recurrent,ans_lane_shared,,24,50331648,42963428,0,1032,42964460,42931052.800600976,47099810.97362474
27,native,recurrent,zstd,,24,50331648,47224470,0,456,47224926,42931052.800600976,47099810.97362474
28,bf16,key,ans_lane,16,672,22020096,14828844,688128,18144,15535116,14808795.707632972,17241778.401351646
28,bf16,key,ans_lane,256,48,22020096,14839624,49152,1296,14890072,14824887.53283226,17256472.451212805
28,bf16,key,ans_lane,64,168,22020096,14837464,172032,4536,15014032,14821673.602637442,17253575.906617835
28,bf16,key,ans_lane_shared,16,672,22020096,14847860,0,18144,14866004,14808795.707632972,17241778.401351646
28,bf16,key,ans_lane_shared,256,48,22020096,14842748,0,1296,14844044,14824887.53283226,17256472.451212805
28,bf16,key,ans_lane_shared,64,168,22020096,14843744,0,4536,14848280,14821673.602637442,17253575.906617835
28,bf16,key,ans_raw,64,168,22020096,17254468,86016,3192,17343676,14821673.602637442,17253575.906617835
28,bf16,key,zstd,64,168,22020096,17324780,0,3192,17327972,14821673.602637442,17253575.906617835
28,bf16,value,ans_lane,16,672,22020096,14846476,688128,18144,15552748,14826447.64323453,17263333.85272397
28,bf16,value,ans_lane,256,48,22020096,14858784,49152,1296,14909232,14844008.409038804,17279475.772732727
28,bf16,value,ans_lane,64,168,22020096,14855888,172032,4536,15032456,14840036.465274824,17275855.159366947
28,bf16,value,ans_lane_shared,16,672,22020096,14872024,0,18144,14890168,14826447.64323453,17263333.85272397
28,bf16,value,ans_lane_shared,256,48,22020096,14866804,0,1296,14868100,14844008.409038804,17279475.772732727
28,bf16,value,ans_lane_shared,64,168,22020096,14867844,0,4536,14872380,14840036.465274824,17275855.159366947
28,bf16,value,ans_raw,64,168,22020096,17276732,86016,3192,17365940,14840036.465274824,17275855.159366947
28,bf16,value,zstd,64,168,22020096,17362646,0,3192,17365838,14840036.465274824,17275855.159366947
28,fp8_e4m3_sat,key,ans_lane,16,672,11010048,9118680,344064,12768,9475512,9110358.012794636,9110358.012794636
28,fp8_e4m3_sat,key,ans_lane,256,48,11010048,9126340,24576,912,9151828,9120645.704824781,9120645.704824781
28,fp8_e4m3_sat,key,ans_lane,64,168,11010048,9124656,86016,3192,9213864,9118412.80459535,9118412.80459535
28,fp8_e4m3_sat,key,ans_lane_shared,16,672,11010048,9132316,0,12768,9145084,9110358.012794636,9110358.012794636
28,fp8_e4m3_sat,key,ans_lane_shared,256,48,11010048,9129764,0,912,9130676,9120645.704824781,9120645.704824781
28,fp8_e4m3_sat,key,ans_lane_shared,64,168,11010048,9130256,0,3192,9133448,9118412.80459535,9118412.80459535
28,fp8_e4m3_sat,key,zstd,64,168,11010048,9179382,0,3192,9182574,9118412.80459535,9118412.80459535
28,fp8_e4m3_sat,value,ans_lane,16,672,11010048,9133740,344064,12768,9490572,9125102.827504842,9125102.827504842
28,fp8_e4m3_sat,value,ans_lane,256,48,11010048,9142916,24576,912,9168404,9137117.28018457,9137117.28018457
28,fp8_e4m3_sat,value,ans_lane,64,168,11010048,9140420,86016,3192,9229628,9134012.429476762,9134012.429476762
28,fp8_e4m3_sat,value,ans_lane_shared,16,672,11010048,9155356,0,12768,9168124,9125102.827504842,9125102.827504842
28,fp8_e4m3_sat,value,ans_lane_shared,256,48,11010048,9152888,0,912,9153800,9137117.28018457,9137117.28018457
28,fp8_e4m3_sat,value,ans_lane_shared,64,168,11010048,9153348,0,3192,9156540,9134012.429476762,9134012.429476762
28,fp8_e4m3_sat,value,zstd,64,168,11010048,9204522,0,3192,9207714,9134012.429476762,9134012.429476762
28,native,convolution,ans_lane,,24,1572864,1062444,24576,648,1087668,1061208.8290978281,1234731.5705958242
28,native,convolution,ans_lane_shared,,24,1572864,1064496,0,648,1065144,1061208.8290978281,1234731.5705958242
28,native,convolution,zstd,,24,1572864,1241813,0,456,1242269,1061208.8290978281,1234731.5705958242
28,native,recurrent,ans_lane,,24,50331648,42960260,49152,1032,43010444,42943890.79417455,47109773.08328119
28,native,recurrent,ans_lane_shared,,24,50331648,42972220,0,1032,42973252,42943890.79417455,47109773.08328119
28,native,recurrent,zstd,,24,50331648,47221667,0,456,47222123,42943890.79417455,47109773.08328119
29,bf16,key,ans_lane,16,160,5242880,3532024,163840,4320,3700184,3527266.061705417,4106315.068459017
29,bf16,key,ans_lane,256,16,5242880,3534620,16384,432,3551436,3531070.482653274,4109792.184705719
29,bf16,key,ans_lane,64,40,5242880,3534116,40960,1080,3576156,3530352.569607519,4109152.3564888258
29,bf16,key,ans_lane_shared,16,160,5242880,3536988,0,4320,3541308,3527266.061705417,4106315.068459017
29,bf16,key,ans_lane_shared,256,16,5242880,3535812,0,432,3536244,3531070.482653274,4109792.184705719
29,bf16,key,ans_lane_shared,64,40,5242880,3536008,0,1080,3537088,3530352.569607519,4109152.3564888258
29,bf16,key,ans_raw,64,40,5242880,4109360,20480,760,4130600,3530352.569607519,4109152.3564888258
29,bf16,key,zstd,64,40,5242880,4126090,0,760,4126850,3530352.569607519,4109152.3564888258
29,bf16,value,ans_lane,16,160,5242880,3532636,163840,4320,3700796,3527867.2072717976,4108476.3520139595
29,bf16,value,ans_lane,256,16,5242880,3535672,16384,432,3552488,3532113.635248708,4112395.659252804
29,bf16,value,ans_lane,64,40,5242880,3535044,40960,1080,3577084,3531262.324574315,4111607.558798401
29,bf16,value,ans_lane_shared,16,160,5242880,3538892,0,4320,3543212,3527867.2072717976,4108476.3520139595
29,bf16,value,ans_lane_shared,256,16,5242880,3537708,0,432,3538140,3532113.635248708,4112395.659252804
29,bf16,value,ans_lane_shared,64,40,5242880,3537908,0,1080,3538988,3531262.324574315,4111607.558798401
29,bf16,value,ans_raw,64,40,5242880,4111812,20480,760,4133052,3531262.324574315,4111607.558798401
29,bf16,value,zstd,64,40,5242880,4132672,0,760,4133432,3531262.324574315,4111607.558798401
29,fp8_e4m3_sat,key,ans_lane,16,160,2621440,2174440,81920,3040,2259400,2172446.083802682,2172446.083802682
29,fp8_e4m3_sat,key,ans_lane,256,16,2621440,2176408,8192,304,2184904,2175047.8205605852,2175047.8205605852
29,fp8_e4m3_sat,key,ans_lane,64,40,2621440,2175960,20480,760,2197200,2174476.1173244915,2174476.1173244915
29,fp8_e4m3_sat,key,ans_lane_shared,16,160,2621440,2178276,0,3040,2181316,2172446.083802682,2172446.083802682
29,fp8_e4m3_sat,key,ans_lane_shared,256,16,2621440,2177680,0,304,2177984,2175047.8205605852,2175047.8205605852
29,fp8_e4m3_sat,key,ans_lane_shared,64,40,2621440,2177768,0,760,2178528,2174476.1173244915,2174476.1173244915
29,fp8_e4m3_sat,key,zstd,64,40,2621440,2189273,0,760,2190033,2174476.1173244915,2174476.1173244915
29,fp8_e4m3_sat,value,ans_lane,16,160,2621440,2172872,81920,3040,2257832,2170817.9523137654,2170817.9523137654
29,fp8_e4m3_sat,value,ans_lane,256,16,2621440,2175328,8192,304,2183824,2173910.014108093,2173910.014108093
29,fp8_e4m3_sat,value,ans_lane,64,40,2621440,2174732,20480,760,2195972,2173204.003548431,2173204.003548431
29,fp8_e4m3_sat,value,ans_lane_shared,16,160,2621440,2178304,0,3040,2181344,2170817.9523137654,2170817.9523137654
29,fp8_e4m3_sat,value,ans_lane_shared,256,16,2621440,2177728,0,304,2178032,2173910.014108093,2173910.014108093
29,fp8_e4m3_sat,value,ans_lane_shared,64,40,2621440,2177816,0,760,2178576,2173204.003548431,2173204.003548431
29,fp8_e4m3_sat,value,zstd,64,40,2621440,2189924,0,760,2190684,2173204.003548431,2173204.003548431
29,native,convolution,ans_lane,,24,1572864,1062936,24576,648,1088160,1061697.6486040007,1235534.1745106722
29,native,convolution,ans_lane_shared,,24,1572864,1065900,0,648,1066548,1061697.6486040007,1235534.1745106722
29,native,convolution,zstd,,24,1572864,1242328,0,456,1242784,1061697.6486040007,1235534.1745106722
29,native,recurrent,ans_lane,,24,50331648,42922220,49152,1032,42972404,42905856.44009974,47085218.136610605
29,native,recurrent,ans_lane_shared,,24,50331648,42934872,0,1032,42935904,42905856.44009974,47085218.136610605
29,native,recurrent,zstd,,24,50331648,47210877,0,456,47211333,42905856.44009974,47085218.136610605
3,bf16,key,ans_lane,16,96,3145728,2119216,98304,2592,2220112,2116360.589401209,2463634.068283962
3,bf16,key,ans_lane,256,8,3145728,2120888,8192,216,2129296,2118759.7578007914,2465821.7837054403
3,bf16,key,ans_lane,64,24,3145728,2120552,24576,648,2145776,2118290.5616234234,2465402.4338886854
3,bf16,key,ans_lane_shared,16,96,3145728,2122912,0,2592,2125504,2116360.589401209,2463634.068283962
3,bf16,key,ans_lane_shared,256,8,3145728,2122192,0,216,2122408,2118759.7578007914,2465821.7837054403
3,bf16,key,ans_lane_shared,64,24,3145728,2122320,0,648,2122968,2118290.5616234234,2465402.4338886854
3,bf16,key,ans_raw,64,24,3145728,2465532,12288,456,2478276,2118290.5616234234,2465402.4338886854
3,bf16,key,zstd,64,24,3145728,2475316,0,456,2475772,2118290.5616234234,2465402.4338886854
3,bf16,value,ans_lane,16,96,3145728,2113792,98304,2592,2214688,2110896.852034808,2459329.039717476
3,bf16,value,ans_lane,256,8,3145728,2116280,8192,216,2124688,2114157.662370565,2462293.513933959
3,bf16,value,ans_lane,64,24,3145728,2115708,24576,648,2140932,2113427.791026056,2461644.2896572696
3,bf16,value,ans_lane_shared,16,96,3145728,2122336,0,2592,2124928,2110896.852034808,2459329.039717476
3,bf16,value,ans_lane_shared,256,8,3145728,2121608,0,216,2121824,2114157.662370565,2462293.513933959
3,bf16,value,ans_lane_shared,64,24,3145728,2121748,0,648,2122396,2113427.791026056,2461644.2896572696
3,bf16,value,ans_raw,64,24,3145728,2461780,12288,456,2474524,2113427.791026056,2461644.2896572696
3,bf16,value,zstd,64,24,3145728,2474922,0,456,2475378,2113427.791026056,2461644.2896572696
3,fp8_e4m3_sat,key,ans_lane,16,96,1572864,1305336,49152,1824,1356312,1304158.9595917405,1304158.9595917405
3,fp8_e4m3_sat,key,ans_lane,256,8,1572864,1306576,4096,152,1310824,1305770.8687630282,1305770.8687630282
3,fp8_e4m3_sat,key,ans_lane,64,24,1572864,1306280,12288,456,1319024,1305409.0379563232,1305409.0379563232
3,fp8_e4m3_sat,key,ans_lane_shared,16,96,1572864,1308424,0,1824,1310248,1304158.9595917405,1304158.9595917405
3,fp8_e4m3_sat,key,ans_lane_shared,256,8,1572864,1308068,0,152,1308220,1305770.8687630282,1305770.8687630282
3,fp8_e4m3_sat,key,ans_lane_shared,64,24,1572864,1308132,0,456,1308588,1305409.0379563232,1305409.0379563232
3,fp8_e4m3_sat,key,zstd,64,24,1572864,1314648,0,456,1315104,1305409.0379563232,1305409.0379563232
3,fp8_e4m3_sat,value,ans_lane,16,96,1572864,1303308,49152,1824,1354284,1302079.6064522497,1302079.6064522497
3,fp8_e4m3_sat,value,ans_lane,256,8,1572864,1305692,4096,152,1309940,1304893.077490702,1304893.077490702
3,fp8_e4m3_sat,value,ans_lane,64,24,1572864,1305088,12288,456,1317832,1304185.5844236177,1304185.5844236177
3,fp8_e4m3_sat,value,ans_lane_shared,16,96,1572864,1307100,0,1824,1308924,1302079.6064522497,1302079.6064522497
3,fp8_e4m3_sat,value,ans_lane_shared,256,8,1572864,1306740,0,152,1306892,1304893.077490702,1304893.077490702
3,fp8_e4m3_sat,value,ans_lane_shared,64,24,1572864,1306800,0,456,1307256,1304185.5844236177,1304185.5844236177
3,fp8_e4m3_sat,value,zstd,64,24,1572864,1314175,0,456,1314631,1304185.5844236177,1304185.5844236177
3,native,convolution,ans_lane,,24,1572864,1062732,24576,648,1087956,1061511.6842614417,1235128.097070603
3,native,convolution,ans_lane_shared,,24,1572864,1064920,0,648,1065568,1061511.6842614417,1235128.097070603
3,native,convolution,zstd,,24,1572864,1242075,0,456,1242531,1061511.6842614417,1235128.097070603
3,native,recurrent,ans_lane,,24,50331648,42957912,49152,1032,43008096,42941543.39035043,47113617.50189029
3,native,recurrent,ans_lane_shared,,24,50331648,42972256,0,1032,42973288,42941543.39035043,47113617.50189029
3,native,recurrent,zstd,,24,50331648,47217742,0,456,47218198,42941543.39035043,47113617.50189029
30,bf16,key,ans_lane,16,384,12582912,8473688,393216,10368,8877272,8462245.771174675,9852349.239095906
30,bf16,key,ans_lane,256,24,12582912,8480156,24576,648,8505380,8471765.465412188,9861028.457983121
30,bf16,key,ans_lane,64,96,12582912,8478768,98304,2592,8579664,8469754.327520272,9859223.093509091
30,bf16,key,ans_lane_shared,16,384,12582912,8484980,0,10368,8495348,8462245.771174675,9852349.239095906
30,bf16,key,ans_lane_shared,256,24,12582912,8482032,0,648,8482680,8471765.465412188,9861028.457983121
30,bf16,key,ans_lane_shared,64,96,12582912,8482640,0,2592,8485232,8469754.327520272,9859223.093509091
30,bf16,key,ans_raw,64,96,12582912,9859724,49152,1824,9910700,8469754.327520272,9859223.093509091
30,bf16,key,zstd,64,96,12582912,9900037,0,1824,9901861,8469754.327520272,9859223.093509091
30,bf16,value,ans_lane,16,384,12582912,8482064,393216,10368,8885648,8470561.071597422,9862692.07324728
30,bf16,value,ans_lane,256,24,12582912,8490520,24576,648,8515744,8482125.355069973,9873312.68842135
30,bf16,value,ans_lane,64,96,12582912,8488104,98304,2592,8589000,8479058.09456614,9870517.690851742
30,bf16,value,ans_lane_shared,16,384,12582912,8498064,0,10368,8508432,8470561.071597422,9862692.07324728
30,bf16,value,ans_lane_shared,256,24,12582912,8495048,0,648,8495696,8482125.355069973,9873312.68842135
30,bf16,value,ans_lane_shared,64,96,12582912,8495628,0,2592,8498220,8479058.09456614,9870517.690851742
30,bf16,value,ans_raw,64,96,12582912,9871032,49152,1824,9922008,8479058.09456614,9870517.690851742
30,bf16,value,zstd,64,96,12582912,9920175,0,1824,9921999,8479058.09456614,9870517.690851742
30,fp8_e4m3_sat,key,ans_lane,16,384,6291456,5211904,196608,7296,5415808,5207108.574990532,5207108.574990532
30,fp8_e4m3_sat,key,ans_lane,256,24,6291456,5216768,12288,456,5229512,5213552.492907227,5213552.492907227
30,fp8_e4m3_sat,key,ans_lane,64,96,6291456,5215616,49152,1824,5266592,5212049.797809723,5212049.797809723
30,fp8_e4m3_sat,key,ans_lane_shared,16,384,6291456,5220232,0,7296,5227528,5207108.574990532,5207108.574990532
30,fp8_e4m3_sat,key,ans_lane_shared,256,24,6291456,5218812,0,456,5219268,5213552.492907227,5213552.492907227
30,fp8_e4m3_sat,key,ans_lane_shared,64,96,6291456,5219112,0,1824,5220936,5212049.797809723,5212049.797809723
30,fp8_e4m3_sat,key,zstd,64,96,6291456,5247013,0,1824,5248837,5212049.797809723,5212049.797809723
30,fp8_e4m3_sat,value,ans_lane,16,384,6291456,5217404,196608,7296,5421308,5212466.007383508,5212466.007383508
30,fp8_e4m3_sat,value,ans_lane,256,24,6291456,5224620,12288,456,5237364,5221356.2618098445,5221356.2618098445
30,fp8_e4m3_sat,value,ans_lane,64,96,6291456,5222180,49152,1824,5273156,5218536.285515843,5218536.285515843
30,fp8_e4m3_sat,value,ans_lane_shared,16,384,6291456,5231712,0,7296,5239008,5212466.007383508,5212466.007383508
30,fp8_e4m3_sat,value,ans_lane_shared,256,24,6291456,5230272,0,456,5230728,5221356.2618098445,5221356.2618098445
30,fp8_e4m3_sat,value,ans_lane_shared,64,96,6291456,5230564,0,1824,5232388,5218536.285515843,5218536.285515843
30,fp8_e4m3_sat,value,zstd,64,96,6291456,5258864,0,1824,5260688,5218536.285515843,5218536.285515843
30,native,convolution,ans_lane,,24,1572864,1062728,24576,648,1087952,1061508.0101591018,1235054.3106476068
30,native,convolution,ans_lane_shared,,24,1572864,1065524,0,648,1066172,1061508.0101591018,1235054.3106476068
30,native,convolution,zstd,,24,1572864,1241885,0,456,1242341,1061508.0101591018,1235054.3106476068
30,native,recurrent,ans_lane,,24,50331648,42943568,49152,1032,42993752,42927239.631798394,47101451.66891097
30,native,recurrent,ans_lane_shared,,24,50331648,42957768,0,1032,42958800,42927239.631798394,47101451.66891097
30,native,recurrent,zstd,,24,50331648,47211845,0,456,47212301,42927239.631798394,47101451.66891097
31,bf16,key,ans_lane,16,672,22020096,14828536,688128,18144,15534808,14808456.710927358,17242029.239672672
31,bf16,key,ans_lane,256,48,22020096,14839408,49152,1296,14889856,14824692.889911085,17256898.88583656
31,bf16,key,ans_lane,64,168,22020096,14837180,172032,4536,15013748,14821392.578787982,17253904.358460885
31,bf16,key,ans_lane_shared,16,672,22020096,14847376,0,18144,14865520,14808456.710927358,17242029.239672672
31,bf16,key,ans_lane_shared,256,48,22020096,14842244,0,1296,14843540,14824692.889911085,17256898.88583656
31,bf16,key,ans_lane_shared,64,168,22020096,14843216,0,4536,14847752,14821392.578787982,17253904.358460885
31,bf16,key,ans_raw,64,168,22020096,17254796,86016,3192,17344004,14821392.578787982,17253904.358460885
31,bf16,key,zstd,64,168,22020096,17326128,0,3192,17329320,14821392.578787982,17253904.358460885
31,bf16,value,ans_lane,16,672,22020096,14846216,688128,18144,15552488,14826240.722020704,17262955.892517675
31,bf16,value,ans_lane,256,48,22020096,14858792,49152,1296,14909240,14844010.676230622,17279300.351949256
31,bf16,value,ans_lane,64,168,22020096,14855896,172032,4536,15032464,14840042.509251935,17275687.320138983
31,bf16,value,ans_lane_shared,16,672,22020096,14871384,0,18144,14889528,14826240.722020704,17262955.892517675
31,bf16,value,ans_lane_shared,256,48,22020096,14866268,0,1296,14867564,14844010.676230622,17279300.351949256
31,bf16,value,ans_lane_shared,64,168,22020096,14867232,0,4536,14871768,14840042.509251935,17275687.320138983
31,bf16,value,ans_raw,64,168,22020096,17276576,86016,3192,17365784,14840042.509251935,17275687.320138983
31,bf16,value,zstd,64,168,22020096,17362637,0,3192,17365829,14840042.509251935,17275687.320138983
31,fp8_e4m3_sat,key,ans_lane,16,672,11010048,9116948,344064,12768,9473780,9108564.497864567,9108564.497864567
31,fp8_e4m3_sat,key,ans_lane,256,48,11010048,9124720,24576,912,9150208,9119011.615044145,9119011.615044145
31,fp8_e4m3_sat,key,ans_lane,64,168,11010048,9122980,86016,3192,9212188,9116732.266386006,9116732.266386006
31,fp8_e4m3_sat,key,ans_lane_shared,16,672,11010048,9130208,0,12768,9142976,9108564.497864567,9108564.497864567
31,fp8_e4m3_sat,key,ans_lane_shared,256,48,11010048,9127660,0,912,9128572,9119011.615044145,9119011.615044145
31,fp8_e4m3_sat,key,ans_lane_shared,64,168,11010048,9128128,0,3192,9131320,9116732.266386006,9116732.266386006
31,fp8_e4m3_sat,key,zstd,64,168,11010048,9177593,0,3192,9180785,9116732.266386006,9116732.266386006
31,fp8_e4m3_sat,value,ans_lane,16,672,11010048,9133528,344064,12768,9490360,9124914.390413469,9124914.390413469
31,fp8_e4m3_sat,value,ans_lane,256,48,11010048,9142936,24576,912,9168424,9137137.365313442,9137137.365313442
31,fp8_e4m3_sat,value,ans_lane,64,168,11010048,9140420,86016,3192,9229628,9134001.664476635,9134001.664476635
31,fp8_e4m3_sat,value,ans_lane_shared,16,672,11010048,9154760,0,12768,9167528,9124914.390413469,9124914.390413469
31,fp8_e4m3_sat,value,ans_lane_shared,256,48,11010048,9152300,0,912,9153212,9137137.365313442,9137137.365313442
31,fp8_e4m3_sat,value,ans_lane_shared,64,168,11010048,9152768,0,3192,9155960,9134001.664476635,9134001.664476635
31,fp8_e4m3_sat,value,zstd,64,168,11010048,9204490,0,3192,9207682,9134001.664476635,9134001.664476635
31,native,convolution,ans_lane,,24,1572864,1064228,24576,648,1089452,1063002.9324850598,1236305.9339586506
31,native,convolution,ans_lane_shared,,24,1572864,1066220,0,648,1066868,1063002.9324850598,1236305.9339586506
31,native,convolution,zstd,,24,1572864,1243445,0,456,1243901,1063002.9324850598,1236305.9339586506
31,native,recurrent,ans_lane,,24,50331648,42971820,49152,1032,43022004,42955447.27415861,47118315.27605718
31,native,recurrent,ans_lane_shared,,24,50331648,42984944,0,1032,42985976,42955447.27415861,47118315.27605718
31,native,recurrent,zstd,,24,50331648,47229309,0,456,47229765,42955447.27415861,47118315.27605718
32,bf16,key,ans_lane,16,160,5242880,3532012,163840,4320,3700172,3527254.757509516,4105893.7975996872
32,bf16,key,ans_lane,256,16,5242880,3534612,16384,432,3551428,3531074.9983102726,4109383.2031145147
32,bf16,key,ans_lane,64,40,5242880,3534116,40960,1080,3576156,3530362.3185029244,4108745.484811638
32,bf16,key,ans_lane_shared,16,160,5242880,3536880,0,4320,3541200,3527254.757509516,4105893.7975996872
32,bf16,key,ans_lane_shared,256,16,5242880,3535672,0,432,3536104,3531074.9983102726,4109383.2031145147
32,bf16,key,ans_lane_shared,64,40,5242880,3535880,0,1080,3536960,3530362.3185029244,4108745.484811638
32,bf16,key,ans_raw,64,40,5242880,4108940,20480,760,4130180,3530362.3185029244,4108745.484811638
32,bf16,key,zstd,64,40,5242880,4125756,0,760,4126516,3530362.3185029244,4108745.484811638
32,bf16,value,ans_lane,16,160,5242880,3533872,163840,4320,3702032,3529100.570356729,4109207.844647275
32,bf16,value,ans_lane,256,16,5242880,3536868,16384,432,3553684,3533316.038897096,4113093.5094896676
32,bf16,value,ans_lane,64,40,5242880,3536352,40960,1080,3578392,3532578.283444595,4112412.496415251
32,bf16,value,ans_lane_shared,16,160,5242880,3541016,0,4320,3545336,3529100.570356729,4109207.844647275
32,bf16,value,ans_lane_shared,256,16,5242880,3539828,0,432,3540260,3533316.038897096,4113093.5094896676
32,bf16,value,ans_lane_shared,64,40,5242880,3540032,0,1080,3541112,3532578.283444595,4112412.496415251
32,bf16,value,ans_raw,64,40,5242880,4112624,20480,760,4133864,3532578.283444595,4112412.496415251
32,bf16,value,zstd,64,40,5242880,4133345,0,760,4134105,3532578.283444595,4112412.496415251
32,fp8_e4m3_sat,key,ans_lane,16,160,2621440,2173968,81920,3040,2258928,2171998.9765555994,2171998.9765555994
32,fp8_e4m3_sat,key,ans_lane,256,16,2621440,2175936,8192,304,2184432,2174575.8713204595,2174575.8713204595
32,fp8_e4m3_sat,key,ans_lane,64,40,2621440,2175484,20480,760,2196724,2174018.563750484,2174018.563750484
32,fp8_e4m3_sat,key,ans_lane_shared,16,160,2621440,2177604,0,3040,2180644,2171998.9765555994,2171998.9765555994
32,fp8_e4m3_sat,key,ans_lane_shared,256,16,2621440,2177044,0,304,2177348,2174575.8713204595,2174575.8713204595
32,fp8_e4m3_sat,key,ans_lane_shared,64,40,2621440,2177116,0,760,2177876,2174018.563750484,2174018.563750484
32,fp8_e4m3_sat,key,zstd,64,40,2621440,2188741,0,760,2189501,2174018.563750484,2174018.563750484
32,fp8_e4m3_sat,value,ans_lane,16,160,2621440,2173852,81920,3040,2258812,2171801.700490118,2171801.700490118
32,fp8_e4m3_sat,value,ans_lane,256,16,2621440,2176256,8192,304,2184752,2174835.4109754865,2174835.4109754865
32,fp8_e4m3_sat,value,ans_lane,64,40,2621440,2175784,20480,760,2197024,2174242.8382675005,2174242.8382675005
32,fp8_e4m3_sat,value,ans_lane_shared,16,160,2621440,2180296,0,3040,2183336,2171801.700490118,2171801.700490118
32,fp8_e4m3_sat,value,ans_lane_shared,256,16,2621440,2179712,0,304,2180016,2174835.4109754865,2174835.4109754865
32,fp8_e4m3_sat,value,ans_lane_shared,64,40,2621440,2179816,0,760,2180576,2174242.8382675005,2174242.8382675005
32,fp8_e4m3_sat,value,zstd,64,40,2621440,2190813,0,760,2191573,2174242.8382675005,2174242.8382675005
32,native,convolution,ans_lane,,24,1572864,1062660,24576,648,1087884,1061421.981961617,1234890.9156707672
32,native,convolution,ans_lane_shared,,24,1572864,1065204,0,648,1065852,1061421.981961617,1234890.9156707672
32,native,convolution,zstd,,24,1572864,1241772,0,456,1242228,1061421.981961617,1234890.9156707672
32,native,recurrent,ans_lane,,24,50331648,42932448,49152,1032,42982632,42916058.47298647,47092520.1471935
32,native,recurrent,ans_lane_shared,,24,50331648,42947408,0,1032,42948440,42916058.47298647,47092520.1471935
32,native,recurrent,zstd,,24,50331648,47218504,0,456,47218960,42916058.47298647,47092520.1471935
33,bf16,key,ans_lane,16,384,12582912,8474004,393216,10368,8877588,8462546.953623552,9853469.885647357
33,bf16,key,ans_lane,256,24,12582912,8480440,24576,648,8505664,8472055.558796132,9862147.28884212
33,bf16,key,ans_lane,64,96,12582912,8479056,98304,2592,8579952,8470028.971148489,9860335.781007225
33,bf16,key,ans_lane_shared,16,384,12582912,8485088,0,10368,8495456,8462546.953623552,9853469.885647357
33,bf16,key,ans_lane_shared,256,24,12582912,8482128,0,648,8482776,8472055.558796132,9862147.28884212
33,bf16,key,ans_lane_shared,64,96,12582912,8482684,0,2592,8485276,8470028.971148489,9860335.781007225
33,bf16,key,ans_raw,64,96,12582912,9860828,49152,1824,9911804,8470028.971148489,9860335.781007225
33,bf16,key,zstd,64,96,12582912,9901367,0,1824,9903191,8470028.971148489,9860335.781007225
33,bf16,value,ans_lane,16,384,12582912,8481704,393216,10368,8885288,8470269.69579302,9862652.397969553
33,bf16,value,ans_lane,256,24,12582912,8489752,24576,648,8514976,8481355.692620233,9872828.36903596
33,bf16,value,ans_lane,64,96,12582912,8487380,98304,2592,8588276,8478332.433426533,9870056.708284328
33,bf16,value,ans_lane_shared,16,384,12582912,8496716,0,10368,8507084,8470269.69579302,9862652.397969553
33,bf16,value,ans_lane_shared,256,24,12582912,8493780,0,648,8494428,8481355.692620233,9872828.36903596
33,bf16,value,ans_lane_shared,64,96,12582912,8494336,0,2592,8496928,8478332.433426533,9870056.708284328
33,bf16,value,ans_raw,64,96,12582912,9870536,49152,1824,9921512,8478332.433426533,9870056.708284328
33,bf16,value,zstd,64,96,12582912,9920566,0,1824,9922390,8478332.433426533,9870056.708284328
33,fp8_e4m3_sat,key,ans_lane,16,384,6291456,5212552,196608,7296,5416456,5207715.598645423,5207715.598645423
33,fp8_e4m3_sat,key,ans_lane,256,24,6291456,5217176,12288,456,5229920,5213942.295939571,5213942.295939571
33,fp8_e4m3_sat,key,ans_lane,64,96,6291456,5216048,49152,1824,5267024,5212464.151823859,5212464.151823859
33,fp8_e4m3_sat,key,ans_lane_shared,16,384,6291456,5220444,0,7296,5227740,5207715.598645423,5207715.598645423
33,fp8_e4m3_sat,key,ans_lane_shared,256,24,6291456,5218996,0,456,5219452,5213942.295939571,5213942.295939571
33,fp8_e4m3_sat,key,ans_lane_shared,64,96,6291456,5219280,0,1824,5221104,5212464.151823859,5212464.151823859
33,fp8_e4m3_sat,key,zstd,64,96,6291456,5247383,0,1824,5249207,5212464.151823859,5212464.151823859
33,fp8_e4m3_sat,value,ans_lane,16,384,6291456,5217528,196608,7296,5421432,5212633.172341428,5212633.172341428
33,fp8_e4m3_sat,value,ans_lane,256,24,6291456,5224084,12288,456,5236828,5220829.150022107,5220829.150022107
33,fp8_e4m3_sat,value,ans_lane,64,96,6291456,5221708,49152,1824,5272684,5218089.481277168,5218089.481277168
33,fp8_e4m3_sat,value,ans_lane_shared,16,384,6291456,5230536,0,7296,5237832,5212633.172341428,5212633.172341428
33,fp8_e4m3_sat,value,ans_lane_shared,256,24,6291456,5229104,0,456,5229560,5220829.150022107,5220829.150022107
33,fp8_e4m3_sat,value,ans_lane_shared,64,96,6291456,5229392,0,1824,5231216,5218089.481277168,5218089.481277168
33,fp8_e4m3_sat,value,zstd,64,96,6291456,5258571,0,1824,5260395,5218089.481277168,5218089.481277168
33,native,convolution,ans_lane,,24,1572864,1062856,24576,648,1088080,1061616.98927766,1235093.5427024297
33,native,convolution,ans_lane_shared,,24,1572864,1065848,0,648,1066496,1061616.98927766,1235093.5427024297
33,native,convolution,zstd,,24,1572864,1241856,0,456,1242312,1061616.98927766,1235093.5427024297
33,native,recurrent,ans_lane,,24,50331648,42958224,49152,1032,43008408,42941871.03254072,47113623.555213675
33,native,recurrent,ans_lane_shared,,24,50331648,42973224,0,1032,42974256,42941871.03254072,47113623.555213675
33,native,recurrent,zstd,,24,50331648,47208511,0,456,47208967,42941871.03254072,47113623.555213675
34,bf16,key,ans_lane,16,352,11534336,7769140,360448,9504,8139092,7758598.931665053,9033196.156655742
34,bf16,key,ans_lane,256,24,11534336,7774916,24576,648,7800140,7767174.991254823,9041093.978963315
34,bf16,key,ans_lane,64,88,11534336,7773720,90112,2376,7866208,7765405.759411757,9039485.29291701
34,bf16,key,ans_lane_shared,16,352,11534336,7779404,0,9504,7788908,7758598.931665053,9033196.156655742
34,bf16,key,ans_lane_shared,256,24,11534336,7776608,0,648,7777256,7767174.991254823,9041093.978963315
34,bf16,key,ans_lane_shared,64,88,11534336,7777160,0,2376,7779536,7765405.759411757,9039485.29291701
34,bf16,key,ans_raw,64,88,11534336,9039936,45056,1672,9086664,7765405.759411757,9039485.29291701
34,bf16,key,zstd,64,88,11534336,9077057,0,1672,9078729,7765405.759411757,9039485.29291701
34,bf16,value,ans_lane,16,352,11534336,7735596,360448,9504,8105548,7725026.052058728,9001113.293414919
34,bf16,value,ans_lane,256,24,11534336,7742416,24576,648,7767640,7734612.780173749,9009981.160871886
34,bf16,value,ans_lane,64,88,11534336,7740700,90112,2376,7833188,7732342.550823233,9007897.755855046
34,bf16,value,ans_lane_shared,16,352,11534336,7789136,0,9504,7798640,7725026.052058728,9001113.293414919
34,bf16,value,ans_lane_shared,256,24,11534336,7786420,0,648,7787068,7734612.780173749,9009981.160871886
34,bf16,value,ans_lane_shared,64,88,11534336,7786952,0,2376,7789328,7732342.550823233,9007897.755855046
34,bf16,value,ans_raw,64,88,11534336,9008376,45056,1672,9055104,7732342.550823233,9007897.755855046
34,bf16,value,zstd,64,88,11534336,9054047,0,1672,9055719,7732342.550823233,9007897.755855046
34,fp8_e4m3_sat,key,ans_lane,16,352,5767168,4778640,180224,6688,4965552,4774291.856385789,4774291.856385789
34,fp8_e4m3_sat,key,ans_lane,256,24,5767168,4782912,12288,456,4795656,4779952.516285869,4779952.516285869
34,fp8_e4m3_sat,key,ans_lane,64,88,5767168,4781896,45056,1672,4828624,4778624.17458089,4778624.17458089
34,fp8_e4m3_sat,key,ans_lane_shared,16,352,5767168,4785812,0,6688,4792500,4774291.856385789,4774291.856385789
34,fp8_e4m3_sat,key,ans_lane_shared,256,24,5767168,4784464,0,456,4784920,4779952.516285869,4779952.516285869
34,fp8_e4m3_sat,key,ans_lane_shared,64,88,5767168,4784716,0,1672,4786388,4778624.17458089,4778624.17458089
34,fp8_e4m3_sat,key,zstd,64,88,5767168,4810542,0,1672,4812214,4778624.17458089,4778624.17458089
34,fp8_e4m3_sat,value,ans_lane,16,352,5767168,4782384,180224,6688,4969296,4777840.031109448,4777840.031109448
34,fp8_e4m3_sat,value,ans_lane,256,24,5767168,4787776,12288,456,4800520,4784773.454421526,4784773.454421526
34,fp8_e4m3_sat,value,ans_lane,64,88,5767168,4786208,45056,1672,4832936,4782844.098629371,4782844.098629371
34,fp8_e4m3_sat,value,ans_lane_shared,16,352,5767168,4795696,0,6688,4802384,4777840.031109448,4777840.031109448
34,fp8_e4m3_sat,value,ans_lane_shared,256,24,5767168,4794364,0,456,4794820,4784773.454421526,4784773.454421526
34,fp8_e4m3_sat,value,ans_lane_shared,64,88,5767168,4794628,0,1672,4796300,4782844.098629371,4782844.098629371
34,fp8_e4m3_sat,value,zstd,64,88,5767168,4819724,0,1672,4821396,4782844.098629371,4782844.098629371
34,native,convolution,ans_lane,,24,1572864,1063528,24576,648,1088752,1062304.0209120237,1235702.447250758
34,native,convolution,ans_lane_shared,,24,1572864,1066408,0,648,1067056,1062304.0209120237,1235702.447250758
34,native,convolution,zstd,,24,1572864,1242528,0,456,1242984,1062304.0209120237,1235702.447250758
34,native,recurrent,ans_lane,,24,50331648,42958848,49152,1032,43009032,42942504.444556944,47111066.74151357
34,native,recurrent,ans_lane_shared,,24,50331648,42974960,0,1032,42975992,42942504.444556944,47111066.74151357
34,native,recurrent,zstd,,24,50331648,47209405,0,456,47209861,42942504.444556944,47111066.74151357
35,bf16,key,ans_lane,16,320,10485760,7061572,327680,8640,7397892,7052030.883677239,8211067.916507322
35,bf16,key,ans_lane,256,24,10485760,7066880,24576,648,7092104,7059852.956819269,8218214.301110467
35,bf16,key,ans_lane,64,80,10485760,7065728,81920,2160,7149808,7058255.932600853,8216775.029652672
35,bf16,key,ans_lane_shared,16,320,10485760,7070796,0,8640,7079436,7052030.883677239,8211067.916507322
35,bf16,key,ans_lane_shared,256,24,10485760,7068352,0,648,7069000,7059852.956819269,8218214.301110467
35,bf16,key,ans_lane_shared,64,80,10485760,7068840,0,2160,7071000,7058255.932600853,8216775.029652672
35,bf16,key,ans_raw,64,80,10485760,8217196,40960,1520,8259676,7058255.932600853,8216775.029652672
35,bf16,key,zstd,64,80,10485760,8250767,0,1520,8252287,7058255.932600853,8216775.029652672
35,bf16,value,ans_lane,16,320,10485760,7071056,327680,8640,7407376,7061468.620126053,8221571.654549392
35,bf16,value,ans_lane,256,24,10485760,7077456,24576,648,7102680,7070412.178793641,8229796.171623466
35,bf16,value,ans_lane,64,80,10485760,7075708,81920,2160,7159788,7068171.151622194,8227756.676369823
35,bf16,value,ans_lane_shared,16,320,10485760,7084040,0,8640,7092680,7061468.620126053,8221571.654549392
35,bf16,value,ans_lane_shared,256,24,10485760,7081556,0,648,7082204,7070412.178793641,8229796.171623466
35,bf16,value,ans_lane_shared,64,80,10485760,7082020,0,2160,7084180,7068171.151622194,8227756.676369823
35,bf16,value,ans_raw,64,80,10485760,8228180,40960,1520,8270660,7068171.151622194,8227756.676369823
35,bf16,value,zstd,64,80,10485760,8269051,0,1520,8270571,7068171.151622194,8227756.676369823
35,fp8_e4m3_sat,key,ans_lane,16,320,5242880,4343500,163840,6080,4513420,4339474.394678436,4339474.394678436
35,fp8_e4m3_sat,key,ans_lane,256,24,5242880,4347300,12288,456,4360044,4344583.862291398,4344583.862291398
35,fp8_e4m3_sat,key,ans_lane,64,80,5242880,4346424,40960,1520,4388904,4343444.28500965,4343444.28500965
35,fp8_e4m3_sat,key,ans_lane_shared,16,320,5242880,4350068,0,6080,4356148,4339474.394678436,4339474.394678436
35,fp8_e4m3_sat,key,ans_lane_shared,256,24,5242880,4348824,0,456,4349280,4344583.862291398,4344583.862291398
35,fp8_e4m3_sat,key,ans_lane_shared,64,80,5242880,4349056,0,1520,4350576,4343444.28500965,4343444.28500965
35,fp8_e4m3_sat,key,zstd,64,80,5242880,4372574,0,1520,4374094,4343444.28500965,4343444.28500965
35,fp8_e4m3_sat,value,ans_lane,16,320,5242880,4350516,163840,6080,4520436,4346414.901510844,4346414.901510844
35,fp8_e4m3_sat,value,ans_lane,256,24,5242880,4355744,12288,456,4368488,4353017.92549726,4353017.92549726
35,fp8_e4m3_sat,value,ans_lane,64,80,5242880,4354064,40960,1520,4396544,4351042.732590893,4351042.732590893
35,fp8_e4m3_sat,value,ans_lane_shared,16,320,5242880,4361940,0,6080,4368020,4346414.901510844,4346414.901510844
35,fp8_e4m3_sat,value,ans_lane_shared,256,24,5242880,4360760,0,456,4361216,4353017.92549726,4353017.92549726
35,fp8_e4m3_sat,value,ans_lane_shared,64,80,5242880,4360984,0,1520,4362504,4351042.732590893,4351042.732590893
35,fp8_e4m3_sat,value,zstd,64,80,5242880,4384550,0,1520,4386070,4351042.732590893,4351042.732590893
35,native,convolution,ans_lane,,24,1572864,1064416,24576,648,1089640,1063180.7267651178,1236689.493226577
35,native,convolution,ans_lane_shared,,24,1572864,1067772,0,648,1068420,1063180.7267651178,1236689.493226577
35,native,convolution,zstd,,24,1572864,1243644,0,456,1244100,1063180.7267651178,1236689.493226577
35,native,recurrent,ans_lane,,24,50331648,42931572,49152,1032,42981756,42915201.69596231,47088976.16809484
35,native,recurrent,ans_lane_shared,,24,50331648,42943036,0,1032,42944068,42915201.69596231,47088976.16809484
35,native,recurrent,zstd,,24,50331648,47207865,0,456,47208321,42915201.69596231,47088976.16809484
36,bf16,key,ans_lane,16,352,11534336,7770108,360448,9504,8140060,7759576.659019665,9034715.635924125
36,bf16,key,ans_lane,256,24,11534336,7775888,24576,648,7801112,7768145.279005871,9042610.702051267
36,bf16,key,ans_lane,64,88,11534336,7774696,90112,2376,7867184,7766384.827835475,9040999.90462548
36,bf16,key,ans_lane_shared,16,352,11534336,7780724,0,9504,7790228,7759576.659019665,9034715.635924125
36,bf16,key,ans_lane_shared,256,24,11534336,7778020,0,648,7778668,7768145.279005871,9042610.702051267
36,bf16,key,ans_lane_shared,64,88,11534336,7778548,0,2376,7780924,7766384.827835475,9040999.90462548
36,bf16,key,ans_raw,64,88,11534336,9041484,45056,1672,9088212,7766384.827835475,9040999.90462548
36,bf16,key,zstd,64,88,11534336,9078017,0,1672,9079689,7766384.827835475,9040999.90462548
36,bf16,value,ans_lane,16,352,11534336,7735664,360448,9504,8105616,7725109.3777894145,9001710.90088464
36,bf16,value,ans_lane,256,24,11534336,7742560,24576,648,7767784,7734782.951974877,9010628.3394558
36,bf16,value,ans_lane,64,88,11534336,7740820,90112,2376,7833308,7732502.442164874,9008543.025566448
36,bf16,value,ans_lane_shared,16,352,11534336,7790028,0,9504,7799532,7725109.3777894145,9001710.90088464
36,bf16,value,ans_lane_shared,256,24,11534336,7787296,0,648,7787944,7734782.951974877,9010628.3394558
36,bf16,value,ans_lane_shared,64,88,11534336,7787836,0,2376,7790212,7732502.442164874,9008543.025566448
36,bf16,value,ans_raw,64,88,11534336,9008992,45056,1672,9055720,7732502.442164874,9008543.025566448
36,bf16,value,zstd,64,88,11534336,9055214,0,1672,9056886,7732502.442164874,9008543.025566448
36,fp8_e4m3_sat,key,ans_lane,16,352,5767168,4781696,180224,6688,4968608,4777333.431051961,4777333.431051961
36,fp8_e4m3_sat,key,ans_lane,256,24,5767168,4786020,12288,456,4798764,4783017.89647205,4783017.89647205
36,fp8_e4m3_sat,key,ans_lane,64,88,5767168,4785036,45056,1672,4831764,4781767.586948151,4781767.586948151
36,fp8_e4m3_sat,key,ans_lane_shared,16,352,5767168,4789516,0,6688,4796204,4777333.431051961,4777333.431051961
36,fp8_e4m3_sat,key,ans_lane_shared,256,24,5767168,4788228,0,456,4788684,4783017.89647205,4783017.89647205
36,fp8_e4m3_sat,key,ans_lane_shared,64,88,5767168,4788480,0,1672,4790152,4781767.586948151,4781767.586948151
36,fp8_e4m3_sat,key,zstd,64,88,5767168,4813994,0,1672,4815666,4781767.586948151,4781767.586948151
36,fp8_e4m3_sat,value,ans_lane,16,352,5767168,4782364,180224,6688,4969276,4777846.392952999,4777846.392952999
36,fp8_e4m3_sat,value,ans_lane,256,24,5767168,4787840,12288,456,4800584,4784833.526221874,4784833.526221874
36,fp8_e4m3_sat,value,ans_lane,64,88,5767168,4786328,45056,1672,4833056,4782963.307892247,4782963.307892247
36,fp8_e4m3_sat,value,ans_lane_shared,16,352,5767168,4796336,0,6688,4803024,4777846.392952999,4777846.392952999
36,fp8_e4m3_sat,value,ans_lane_shared,256,24,5767168,4794976,0,456,4795432,4784833.526221874,4784833.526221874
36,fp8_e4m3_sat,value,ans_lane_shared,64,88,5767168,4795232,0,1672,4796904,4782963.307892247,4782963.307892247
36,fp8_e4m3_sat,value,zstd,64,88,5767168,4819828,0,1672,4821500,4782963.307892247,4782963.307892247
36,native,convolution,ans_lane,,24,1572864,1061992,24576,648,1087216,1060763.9049166124,1234314.3398828385
36,native,convolution,ans_lane_shared,,24,1572864,1064136,0,648,1064784,1060763.9049166124,1234314.3398828385
36,native,convolution,zstd,,24,1572864,1240946,0,456,1241402,1060763.9049166124,1234314.3398828385
36,native,recurrent,ans_lane,,24,50331648,42986616,49152,1032,43036800,42970257.227883086,47134145.25834656
36,native,recurrent,ans_lane_shared,,24,50331648,43014960,0,1032,43015992,42970257.227883086,47134145.25834656
36,native,recurrent,zstd,,24,50331648,47246170,0,456,47246626,42970257.227883086,47134145.25834656
37,bf16,key,ans_lane,16,384,12582912,8478164,393216,10368,8881748,8466747.352582853,9857128.603059461
37,bf16,key,ans_lane,256,24,12582912,8484620,24576,648,8509844,8476233.832067708,9865785.003279945
37,bf16,key,ans_lane,64,96,12582912,8483204,98304,2592,8584100,8474189.909155384,9863932.267906945
37,bf16,key,ans_lane_shared,16,384,12582912,8489300,0,10368,8499668,8466747.352582853,9857128.603059461
37,bf16,key,ans_lane_shared,256,24,12582912,8486332,0,648,8486980,8476233.832067708,9865785.003279945
37,bf16,key,ans_lane_shared,64,96,12582912,8486900,0,2592,8489492,8474189.909155384,9863932.267906945
37,bf16,key,ans_raw,64,96,12582912,9864412,49152,1824,9915388,8474189.909155384,9863932.267906945
37,bf16,key,zstd,64,96,12582912,9904749,0,1824,9906573,8474189.909155384,9863932.267906945
37,bf16,value,ans_lane,16,384,12582912,8482092,393216,10368,8885676,8470664.358434258,9863289.199854948
37,bf16,value,ans_lane,256,24,12582912,8490004,24576,648,8515228,8481585.138658317,9873329.467832547
37,bf16,value,ans_lane,64,96,12582912,8487956,98304,2592,8588852,8478911.29675905,9870889.231213138
37,bf16,value,ans_lane_shared,16,384,12582912,8497188,0,10368,8507556,8470664.358434258,9863289.199854948
37,bf16,value,ans_lane_shared,256,24,12582912,8494232,0,648,8494880,8481585.138658317,9873329.467832547
37,bf16,value,ans_lane_shared,64,96,12582912,8494828,0,2592,8497420,8478911.29675905,9870889.231213138
37,bf16,value,ans_raw,64,96,12582912,9871404,49152,1824,9922380,8478911.29675905,9870889.231213138
37,bf16,value,zstd,64,96,12582912,9920734,0,1824,9922558,8478911.29675905,9870889.231213138
37,fp8_e4m3_sat,key,ans_lane,16,384,6291456,5217828,196608,7296,5421732,5213013.075294345,5213013.075294345
37,fp8_e4m3_sat,key,ans_lane,256,24,6291456,5222544,12288,456,5235288,5219283.595215394,5219283.595215394
37,fp8_e4m3_sat,key,ans_lane,64,96,6291456,5221364,49152,1824,5272340,5217780.908166555,5217780.908166555
37,fp8_e4m3_sat,key,ans_lane_shared,16,384,6291456,5225908,0,7296,5233204,5213013.075294345,5213013.075294345
37,fp8_e4m3_sat,key,ans_lane_shared,256,24,6291456,5224488,0,456,5224944,5219283.595215394,5219283.595215394
37,fp8_e4m3_sat,key,ans_lane_shared,64,96,6291456,5224772,0,1824,5226596,5217780.908166555,5217780.908166555
37,fp8_e4m3_sat,key,zstd,64,96,6291456,5252830,0,1824,5254654,5217780.908166555,5217780.908166555
37,fp8_e4m3_sat,value,ans_lane,16,384,6291456,5218444,196608,7296,5422348,5213515.465508424,5213515.465508424
37,fp8_e4m3_sat,value,ans_lane,256,24,6291456,5224736,12288,456,5237480,5221447.372962806,5221447.372962806
37,fp8_e4m3_sat,value,ans_lane,64,96,6291456,5222844,49152,1824,5273820,5219203.265072421,5219203.265072421
37,fp8_e4m3_sat,value,ans_lane_shared,16,384,6291456,5231440,0,7296,5238736,5213515.465508424,5213515.465508424
37,fp8_e4m3_sat,value,ans_lane_shared,256,24,6291456,5230000,0,456,5230456,5221447.372962806,5221447.372962806
37,fp8_e4m3_sat,value,ans_lane_shared,64,96,6291456,5230280,0,1824,5232104,5219203.265072421,5219203.265072421
37,fp8_e4m3_sat,value,zstd,64,96,6291456,5259392,0,1824,5261216,5219203.265072421,5219203.265072421
37,native,convolution,ans_lane,,24,1572864,1063732,24576,648,1088956,1062509.0172172848,1236117.4751637194
37,native,convolution,ans_lane_shared,,24,1572864,1066524,0,648,1067172,1062509.0172172848,1236117.4751637194
37,native,convolution,zstd,,24,1572864,1243057,0,456,1243513,1062509.0172172848,1236117.4751637194
37,native,recurrent,ans_lane,,24,50331648,42952480,49152,1032,43002664,42936126.03176959,47107112.81983894
37,native,recurrent,ans_lane_shared,,24,50331648,42966480,0,1032,42967512,42936126.03176959,47107112.81983894
37,native,recurrent,zstd,,24,50331648,47211350,0,456,47211806,42936126.03176959,47107112.81983894
38,bf16,key,ans_lane,16,352,11534336,7771856,360448,9504,8141808,7761375.530314762,9036284.146742284
38,bf16,key,ans_lane,256,24,11534336,7777792,24576,648,7803016,7770023.872010587,9044261.420741798
38,bf16,key,ans_lane,64,88,11534336,7776532,90112,2376,7869020,7768245.684073759,9042640.545626918
38,bf16,key,ans_lane_shared,16,352,11534336,7782408,0,9504,7791912,7761375.530314762,9036284.146742284
38,bf16,key,ans_lane_shared,256,24,11534336,7779696,0,648,7780344,7770023.872010587,9044261.420741798
38,bf16,key,ans_lane_shared,64,88,11534336,7780220,0,2376,7782596,7768245.684073759,9042640.545626918
38,bf16,key,ans_raw,64,88,11534336,9043108,45056,1672,9089836,7768245.684073759,9042640.545626918
38,bf16,key,zstd,64,88,11534336,9079904,0,1672,9081576,7768245.684073759,9042640.545626918
38,bf16,value,ans_lane,16,352,11534336,7736868,360448,9504,8106820,7726343.611119711,9002449.388986316
38,bf16,value,ans_lane,256,24,11534336,7743952,24576,648,7769176,7736165.079301713,9011508.68210772
38,bf16,value,ans_lane,64,88,11534336,7742200,90112,2376,7834688,7733873.648227199,9009411.294525752
38,bf16,value,ans_lane_shared,16,352,11534336,7790460,0,9504,7799964,7726343.611119711,9002449.388986316
38,bf16,value,ans_lane_shared,256,24,11534336,7787788,0,648,7788436,7736165.079301713,9011508.68210772
38,bf16,value,ans_lane_shared,64,88,11534336,7788340,0,2376,7790716,7733873.648227199,9009411.294525752
38,bf16,value,ans_raw,64,88,11534336,9009880,45056,1672,9056608,7733873.648227199,9009411.294525752
38,bf16,value,zstd,64,88,11534336,9056011,0,1672,9057683,7733873.648227199,9009411.294525752
38,fp8_e4m3_sat,key,ans_lane,16,352,5767168,4782548,180224,6688,4969460,4778163.779533487,4778163.779533487
38,fp8_e4m3_sat,key,ans_lane,256,24,5767168,4786896,12288,456,4799640,4783893.6318258,4783893.6318258
38,fp8_e4m3_sat,key,ans_lane,64,88,5767168,4785904,45056,1672,4832632,4782613.185965764,4782613.185965764
38,fp8_e4m3_sat,key,ans_lane_shared,16,352,5767168,4790256,0,6688,4796944,4778163.779533487,4778163.779533487
38,fp8_e4m3_sat,key,ans_lane_shared,256,24,5767168,4788940,0,456,4789396,4783893.6318258,4783893.6318258
38,fp8_e4m3_sat,key,ans_lane_shared,64,88,5767168,4789188,0,1672,4790860,4782613.185965764,4782613.185965764
38,fp8_e4m3_sat,key,zstd,64,88,5767168,4814970,0,1672,4816642,4782613.185965764,4782613.185965764
38,fp8_e4m3_sat,value,ans_lane,16,352,5767168,4783084,180224,6688,4969996,4778543.993148132,4778543.993148132
38,fp8_e4m3_sat,value,ans_lane,256,24,5767168,4788660,12288,456,4801404,4785645.874065397,4785645.874065397
38,fp8_e4m3_sat,value,ans_lane,64,88,5767168,4787100,45056,1672,4833828,4783746.547372122,4783746.547372122
38,fp8_e4m3_sat,value,ans_lane_shared,16,352,5767168,4796340,0,6688,4803028,4778543.993148132,4778543.993148132
38,fp8_e4m3_sat,value,ans_lane_shared,256,24,5767168,4795040,0,456,4795496,4785645.874065397,4785645.874065397
38,fp8_e4m3_sat,value,ans_lane_shared,64,88,5767168,4795304,0,1672,4796976,4783746.547372122,4783746.547372122
38,fp8_e4m3_sat,value,zstd,64,88,5767168,4820653,0,1672,4822325,4783746.547372122,4783746.547372122
38,native,convolution,ans_lane,,24,1572864,1064056,24576,648,1089280,1062829.7132388018,1236284.506126355
38,native,convolution,ans_lane_shared,,24,1572864,1067220,0,648,1067868,1062829.7132388018,1236284.506126355
38,native,convolution,zstd,,24,1572864,1243125,0,456,1243581,1062829.7132388018,1236284.506126355
38,native,recurrent,ans_lane,,24,50331648,42977136,49152,1032,43027320,42960791.610771656,47124239.32903241
38,native,recurrent,ans_lane_shared,,24,50331648,42994140,0,1032,42995172,42960791.610771656,47124239.32903241
38,native,recurrent,zstd,,24,50331648,47217784,0,456,47218240,42960791.610771656,47124239.32903241
39,bf16,key,ans_lane,16,352,11534336,7771112,360448,9504,8141064,7760569.21720131,9035150.590256006
39,bf16,key,ans_lane,256,24,11534336,7776884,24576,648,7802108,7769115.774406018,9043028.112681666
39,bf16,key,ans_lane,64,88,11534336,7775652,90112,2376,7868140,7767318.942053424,9041385.522546796
39,bf16,key,ans_lane_shared,16,352,11534336,7781616,0,9504,7791120,7760569.21720131,9035150.590256006
39,bf16,key,ans_lane_shared,256,24,11534336,7778936,0,648,7779584,7769115.774406018,9043028.112681666
39,bf16,key,ans_lane_shared,64,88,11534336,7779476,0,2376,7781852,7767318.942053424,9041385.522546796
39,bf16,key,ans_raw,64,88,11534336,9041836,45056,1672,9088564,7767318.942053424,9041385.522546796
39,bf16,key,zstd,64,88,11534336,9078544,0,1672,9080216,7767318.942053424,9041385.522546796
39,bf16,value,ans_lane,16,352,11534336,7737712,360448,9504,8107664,7727149.308726365,9003156.479393044
39,bf16,value,ans_lane,256,24,11534336,7744476,24576,648,7769700,7736686.219271021,9011992.182794314
39,bf16,value,ans_lane,64,88,11534336,7742656,90112,2376,7835144,7734307.768364939,9009797.387798369
39,bf16,value,ans_lane_shared,16,352,11534336,7791832,0,9504,7801336,7727149.308726365,9003156.479393044
39,bf16,value,ans_lane_shared,256,24,11534336,7789112,0,648,7789760,7736686.219271021,9011992.182794314
39,bf16,value,ans_lane_shared,64,88,11534336,7789612,0,2376,7791988,7734307.768364939,9009797.387798369
39,bf16,value,ans_raw,64,88,11534336,9010264,45056,1672,9056992,7734307.768364939,9009797.387798369
39,bf16,value,zstd,64,88,11534336,9056250,0,1672,9057922,7734307.768364939,9009797.387798369
39,fp8_e4m3_sat,key,ans_lane,16,352,5767168,4782820,180224,6688,4969732,4778405.666913446,4778405.666913446
39,fp8_e4m3_sat,key,ans_lane,256,24,5767168,4786948,12288,456,4799692,4783939.082386994,4783939.082386994
39,fp8_e4m3_sat,key,ans_lane,64,88,5767168,4785972,45056,1672,4832700,4782679.308638374,4782679.308638374
39,fp8_e4m3_sat,key,ans_lane_shared,16,352,5767168,4790624,0,6688,4797312,4778405.666913446,4778405.666913446
39,fp8_e4m3_sat,key,ans_lane_shared,256,24,5767168,4789288,0,456,4789744,4783939.082386994,4783939.082386994
39,fp8_e4m3_sat,key,ans_lane_shared,64,88,5767168,4789536,0,1672,4791208,4782679.308638374,4782679.308638374
39,fp8_e4m3_sat,key,zstd,64,88,5767168,4815127,0,1672,4816799,4782679.308638374,4782679.308638374
39,fp8_e4m3_sat,value,ans_lane,16,352,5767168,4784300,180224,6688,4971212,4779777.175051136,4779777.175051136
39,fp8_e4m3_sat,value,ans_lane,256,24,5767168,4789604,12288,456,4802348,4786565.655416168,4786565.655416168
39,fp8_e4m3_sat,value,ans_lane,64,88,5767168,4787956,45056,1672,4834684,4784568.2802824015,4784568.2802824015
39,fp8_e4m3_sat,value,ans_lane_shared,16,352,5767168,4797844,0,6688,4804532,4779777.175051136,4779777.175051136
39,fp8_e4m3_sat,value,ans_lane_shared,256,24,5767168,4796544,0,456,4797000,4786565.655416168,4786565.655416168
39,fp8_e4m3_sat,value,ans_lane_shared,64,88,5767168,4796796,0,1672,4798468,4784568.2802824015,4784568.2802824015
39,fp8_e4m3_sat,value,zstd,64,88,5767168,4821072,0,1672,4822744,4784568.2802824015,4784568.2802824015
39,native,convolution,ans_lane,,24,1572864,1062716,24576,648,1087940,1061486.5762176125,1235038.36779336
39,native,convolution,ans_lane_shared,,24,1572864,1064636,0,648,1065284,1061486.5762176125,1235038.36779336
39,native,convolution,zstd,,24,1572864,1241993,0,456,1242449,1061486.5762176125,1235038.36779336
39,native,recurrent,ans_lane,,24,50331648,42958468,49152,1032,43008652,42942103.164543435,47108550.80189192
39,native,recurrent,ans_lane_shared,,24,50331648,42971196,0,1032,42972228,42942103.164543435,47108550.80189192
39,native,recurrent,zstd,,24,50331648,47217529,0,456,47217985,42942103.164543435,47108550.80189192
4,bf16,key,ans_lane,16,64,2097152,1411864,65536,1728,1479128,1409968.803238646,1641736.8318746618
4,bf16,key,ans_lane,256,8,2097152,1412868,8192,216,1421276,1411439.976586432,1643085.8402570412
4,bf16,key,ans_lane,64,16,2097152,1412728,16384,432,1429544,1411229.4875665144,1642895.0809814853
4,bf16,key,ans_lane_shared,16,64,2097152,1414196,0,1728,1415924,1409968.803238646,1641736.8318746618
4,bf16,key,ans_lane_shared,256,8,2097152,1413736,0,216,1413952,1411439.976586432,1643085.8402570412
4,bf16,key,ans_lane_shared,64,16,2097152,1413804,0,432,1414236,1411229.4875665144,1642895.0809814853
4,bf16,key,ans_raw,64,16,2097152,1642988,8192,304,1651484,1411229.4875665144,1642895.0809814853
4,bf16,key,zstd,64,16,2097152,1649508,0,304,1649812,1411229.4875665144,1642895.0809814853
4,bf16,value,ans_lane,16,64,2097152,1410108,65536,1728,1477372,1408186.2856204102,1640072.593260126
4,bf16,value,ans_lane,256,8,2097152,1411320,8192,216,1419728,1409869.5188408631,1641627.3174601519
4,bf16,value,ans_lane,64,16,2097152,1411052,16384,432,1427868,1409541.0549821907,1641324.9187476644
4,bf16,value,ans_lane_shared,16,64,2097152,1415648,0,1728,1417376,1408186.2856204102,1640072.593260126
4,bf16,value,ans_lane_shared,256,8,2097152,1415188,0,216,1415404,1409869.5188408631,1641627.3174601519
4,bf16,value,ans_lane_shared,64,16,2097152,1415260,0,432,1415692,1409541.0549821907,1641324.9187476644
4,bf16,value,ans_raw,64,16,2097152,1641412,8192,304,1649908,1409541.0549821907,1641324.9187476644
4,bf16,value,zstd,64,16,2097152,1650111,0,304,1650415,1409541.0549821907,1641324.9187476644
4,fp8_e4m3_sat,key,ans_lane,16,64,1048576,869516,32768,1216,903500,868713.8852293305,868713.8852293305
4,fp8_e4m3_sat,key,ans_lane,256,8,1048576,870228,4096,152,874476,869679.9364177866,869679.9364177866
4,fp8_e4m3_sat,key,ans_lane,64,16,1048576,870112,8192,304,878608,869526.6264051289,869526.6264051289
4,fp8_e4m3_sat,key,ans_lane_shared,16,64,1048576,871420,0,1216,872636,868713.8852293305,868713.8852293305
4,fp8_e4m3_sat,key,ans_lane_shared,256,8,1048576,871200,0,152,871352,869679.9364177866,869679.9364177866
4,fp8_e4m3_sat,key,ans_lane_shared,64,16,1048576,871244,0,304,871548,869526.6264051289,869526.6264051289
4,fp8_e4m3_sat,key,zstd,64,16,1048576,875662,0,304,875966,869526.6264051289,869526.6264051289
4,fp8_e4m3_sat,value,ans_lane,16,64,1048576,869420,32768,1216,903404,868599.0993019342,868599.0993019342
4,fp8_e4m3_sat,value,ans_lane,256,8,1048576,870400,4096,152,874648,869830.2872945808,869830.2872945808
4,fp8_e4m3_sat,value,ans_lane,64,16,1048576,870108,8192,304,878604,869510.3641162569,869510.3641162569
4,fp8_e4m3_sat,value,ans_lane_shared,16,64,1048576,871492,0,1216,872708,868599.0993019342,868599.0993019342
4,fp8_e4m3_sat,value,ans_lane_shared,256,8,1048576,871268,0,152,871420,869830.2872945808,869830.2872945808
4,fp8_e4m3_sat,value,ans_lane_shared,64,16,1048576,871292,0,304,871596,869510.3641162569,869510.3641162569
4,fp8_e4m3_sat,value,zstd,64,16,1048576,876240,0,304,876544,869510.3641162569,869510.3641162569
4,native,convolution,ans_lane,,24,1572864,1062268,24576,648,1087492,1061029.5764332584,1234721.5296340936
4,native,convolution,ans_lane_shared,,24,1572864,1064236,0,648,1064884,1061029.5764332584,1234721.5296340936
4,native,convolution,zstd,,24,1572864,1241678,0,456,1242134,1061029.5764332584,1234721.5296340936
4,native,recurrent,ans_lane,,24,50331648,42993404,49152,1032,43043588,42977056.17378311,47137648.68610122
4,native,recurrent,ans_lane_shared,,24,50331648,43015448,0,1032,43016480,42977056.17378311,47137648.68610122
4,native,recurrent,zstd,,24,50331648,47228482,0,456,47228938,42977056.17378311,47137648.68610122
40,bf16,key,ans_lane,16,736,24117248,16240660,753664,19872,17014196,16218657.420782924,18884738.897483207
40,bf16,key,ans_lane,256,48,24117248,16252704,49152,1296,16303152,16236596.494112011,18901141.599183373
40,bf16,key,ans_lane,64,184,24117248,16250100,188416,4968,16443484,16232798.559116801,18897709.100359693
40,bf16,key,ans_lane_shared,16,736,24117248,16260920,0,19872,16280792,16218657.420782924,18884738.897483207
40,bf16,key,ans_lane_shared,256,48,24117248,16255156,0,1296,16256452,16236596.494112011,18901141.599183373
40,bf16,key,ans_lane_shared,64,184,24117248,16256284,0,4968,16261252,16232798.559116801,18897709.100359693
40,bf16,key,ans_raw,64,184,24117248,18898632,94208,3496,18996336,16232798.559116801,18897709.100359693
40,bf16,key,zstd,64,184,24117248,18977414,0,3496,18980910,16232798.559116801,18897709.100359693
40,bf16,value,ans_lane,16,736,24117248,16261408,753664,19872,17034944,16239430.872712668,18908047.78559009
40,bf16,value,ans_lane,256,48,24117248,16275360,49152,1296,16325808,16259197.252658237,18926218.79934875
40,bf16,value,ans_lane,64,184,24117248,16271824,188416,4968,16465208,16254441.344985656,18921864.53754127
40,bf16,value,ans_lane_shared,16,736,24117248,16288392,0,19872,16308264,16239430.872712668,18908047.78559009
40,bf16,value,ans_lane_shared,256,48,24117248,16282664,0,1296,16283960,16259197.252658237,18926218.79934875
40,bf16,value,ans_lane_shared,64,184,24117248,16283772,0,4968,16288740,16254441.344985656,18921864.53754127
40,bf16,value,ans_raw,64,184,24117248,18922828,94208,3496,19020532,16254441.344985656,18921864.53754127
40,bf16,value,zstd,64,184,24117248,19017118,0,3496,19020614,16254441.344985656,18921864.53754127
40,fp8_e4m3_sat,key,ans_lane,16,736,12058624,9982824,376832,13984,10373640,9973555.57038398,9973555.57038398
40,fp8_e4m3_sat,key,ans_lane,256,48,12058624,9991496,24576,912,10016984,9985217.35712315,9985217.35712315
40,fp8_e4m3_sat,key,ans_lane,64,184,12058624,9989380,94208,3496,10087084,9982448.124243127,9982448.124243127
40,fp8_e4m3_sat,key,ans_lane_shared,16,736,12058624,9996988,0,13984,10010972,9973555.57038398,9973555.57038398
40,fp8_e4m3_sat,key,ans_lane_shared,256,48,12058624,9994180,0,912,9995092,9985217.35712315,9985217.35712315
40,fp8_e4m3_sat,key,ans_lane_shared,64,184,12058624,9994716,0,3496,9998212,9982448.124243127,9982448.124243127
40,fp8_e4m3_sat,key,zstd,64,184,12058624,10048719,0,3496,10052215,9982448.124243127,9982448.124243127
40,fp8_e4m3_sat,value,ans_lane,16,736,12058624,10005460,376832,13984,10396276,9996058.644755285,9996058.644755285
40,fp8_e4m3_sat,value,ans_lane,256,48,12058624,10016244,24576,912,10041732,10009918.700133666,10009918.700133666
40,fp8_e4m3_sat,value,ans_lane,64,184,12058624,10013080,94208,3496,10110784,10006078.726130895,10006078.726130895
40,fp8_e4m3_sat,value,ans_lane_shared,16,736,12058624,10028292,0,13984,10042276,9996058.644755285,9996058.644755285
40,fp8_e4m3_sat,value,ans_lane_shared,256,48,12058624,10025496,0,912,10026408,10009918.700133666,10009918.700133666
40,fp8_e4m3_sat,value,ans_lane_shared,64,184,12058624,10026064,0,3496,10029560,10006078.726130895,10006078.726130895
40,fp8_e4m3_sat,value,zstd,64,184,12058624,10082598,0,3496,10086094,10006078.726130895,10006078.726130895
40,native,convolution,ans_lane,,24,1572864,1063200,24576,648,1088424,1061979.5889778733,1235540.3662495255
40,native,convolution,ans_lane_shared,,24,1572864,1065708,0,648,1066356,1061979.5889778733,1235540.3662495255
40,native,convolution,zstd,,24,1572864,1242438,0,456,1242894,1061979.5889778733,1235540.3662495255
40,native,recurrent,ans_lane,,24,50331648,42951212,49152,1032,43001396,42934832.65758558,47105061.18004824
40,native,recurrent,ans_lane_shared,,24,50331648,42967916,0,1032,42968948,42934832.65758558,47105061.18004824
40,native,recurrent,zstd,,24,50331648,47224247,0,456,47224703,42934832.65758558,47105061.18004824
41,bf16,key,ans_lane,16,128,4194304,2825240,131072,3456,2959768,2821440.2659415766,3284662.1296859193
41,bf16,key,ans_lane,256,8,4194304,2827472,8192,216,2835880,2824658.2239080733,3287624.0232074154
41,bf16,key,ans_lane,64,32,4194304,2826936,32768,864,2860568,2823925.2615899984,3286962.8133622957
41,bf16,key,ans_lane_shared,16,128,4194304,2829224,0,3456,2832680,2821440.2659415766,3284662.1296859193
41,bf16,key,ans_lane_shared,256,8,4194304,2828240,0,216,2828456,2824658.2239080733,3287624.0232074154
41,bf16,key,ans_lane_shared,64,32,4194304,2828436,0,864,2829300,2823925.2615899984,3286962.8133622957
41,bf16,key,ans_raw,64,32,4194304,3287124,16384,608,3304116,2823925.2615899984,3286962.8133622957
41,bf16,key,zstd,64,32,4194304,3300590,0,608,3301198,2823925.2615899984,3286962.8133622957
41,bf16,value,ans_lane,16,128,4194304,2820324,131072,3456,2954852,2816493.4508896167,3280462.7600575658
41,bf16,value,ans_lane,256,8,4194304,2822712,8192,216,2831120,2819890.8095290745,3283614.305960089
41,bf16,value,ans_lane,64,32,4194304,2822152,32768,864,2855784,2819110.58518546,3282889.5877421102
41,bf16,value,ans_lane_shared,16,128,4194304,2831884,0,3456,2835340,2816493.4508896167,3280462.7600575658
41,bf16,value,ans_lane_shared,256,8,4194304,2830884,0,216,2831100,2819890.8095290745,3283614.305960089
41,bf16,value,ans_lane_shared,64,32,4194304,2831084,0,864,2831948,2819110.58518546,3282889.5877421102
41,bf16,value,ans_raw,64,32,4194304,3283052,16384,608,3300044,2819110.58518546,3282889.5877421102
41,bf16,value,zstd,64,32,4194304,3300112,0,608,3300720,2819110.58518546,3282889.5877421102
41,fp8_e4m3_sat,key,ans_lane,16,128,2097152,1739352,65536,2432,1807320,1737758.7291409092,1737758.7291409092
41,fp8_e4m3_sat,key,ans_lane,256,8,2097152,1741032,4096,152,1745280,1739953.4396835228,1739953.4396835228
41,fp8_e4m3_sat,key,ans_lane,64,32,2097152,1740552,16384,608,1757544,1739363.0539545515,1739363.0539545515
41,fp8_e4m3_sat,key,ans_lane_shared,16,128,2097152,1742408,0,2432,1744840,1737758.7291409092,1737758.7291409092
41,fp8_e4m3_sat,key,ans_lane_shared,256,8,2097152,1741912,0,152,1742064,1739953.4396835228,1739953.4396835228
41,fp8_e4m3_sat,key,ans_lane_shared,64,32,2097152,1742000,0,608,1742608,1739363.0539545515,1739363.0539545515
41,fp8_e4m3_sat,key,zstd,64,32,2097152,1751150,0,608,1751758,1739363.0539545515,1739363.0539545515
41,fp8_e4m3_sat,value,ans_lane,16,128,2097152,1738884,65536,2432,1806852,1737221.4893181436,1737221.4893181436
41,fp8_e4m3_sat,value,ans_lane,256,8,2097152,1740764,4096,152,1745012,1739644.387769187,1739644.387769187
41,fp8_e4m3_sat,value,ans_lane,64,32,2097152,1740248,16384,608,1757240,1739010.6151492137,1739010.6151492137
41,fp8_e4m3_sat,value,ans_lane_shared,16,128,2097152,1743428,0,2432,1745860,1737221.4893181436,1737221.4893181436
41,fp8_e4m3_sat,value,ans_lane_shared,256,8,2097152,1742944,0,152,1743096,1739644.387769187,1739644.387769187
41,fp8_e4m3_sat,value,ans_lane_shared,64,32,2097152,1743040,0,608,1743648,1739010.6151492137,1739010.6151492137
41,fp8_e4m3_sat,value,zstd,64,32,2097152,1752414,0,608,1753022,1739010.6151492137,1739010.6151492137
41,native,convolution,ans_lane,,24,1572864,1062008,24576,648,1087232,1060768.1626098515,1234453.8535609005
41,native,convolution,ans_lane_shared,,24,1572864,1063740,0,648,1064388,1060768.1626098515,1234453.8535609005
41,native,convolution,zstd,,24,1572864,1241596,0,456,1242052,1060768.1626098515,1234453.8535609005
41,native,recurrent,ans_lane,,24,50331648,42969464,49152,1032,43019648,42953115.919062234,47120971.1074222
41,native,recurrent,ans_lane_shared,,24,50331648,42992628,0,1032,42993660,42953115.919062234,47120971.1074222
41,native,recurrent,zstd,,24,50331648,47227006,0,456,47227462,42953115.919062234,47120971.1074222
42,bf16,key,ans_lane,16,448,14680064,9888408,458752,12096,10359256,9875039.274582267,11496822.851485182
42,bf16,key,ans_lane,256,32,14680064,9895788,32768,864,9929420,9885980.048891174,11506811.659062235
42,bf16,key,ans_lane,64,112,14680064,9894256,114688,3024,10011968,9883757.92249893,11504812.399396038
42,bf16,key,ans_lane_shared,16,448,14680064,9901564,0,12096,9913660,9875039.274582267,11496822.851485182
42,bf16,key,ans_lane_shared,256,32,14680064,9898152,0,864,9899016,9885980.048891174,11506811.659062235
42,bf16,key,ans_lane_shared,64,112,14680064,9898820,0,3024,9901844,9883757.92249893,11504812.399396038
42,bf16,key,ans_raw,64,112,14680064,11505392,57344,2128,11564864,9883757.92249893,11504812.399396038
42,bf16,key,zstd,64,112,14680064,11551832,0,2128,11553960,9883757.92249893,11504812.399396038
42,bf16,value,ans_lane,16,448,14680064,9898196,458752,12096,10369044,9884854.428342907,11509200.828310665
42,bf16,value,ans_lane,256,32,14680064,9907240,32768,864,9940872,9897394.130489618,11520714.541762428
42,bf16,value,ans_lane,64,112,14680064,9904960,114688,3024,10022672,9894433.70327467,11517996.723533515
42,bf16,value,ans_lane_shared,16,448,14680064,9917732,0,12096,9929828,9884854.428342907,11509200.828310665
42,bf16,value,ans_lane_shared,256,32,14680064,9914332,0,864,9915196,9897394.130489618,11520714.541762428
42,bf16,value,ans_lane_shared,64,112,14680064,9914972,0,3024,9917996,9894433.70327467,11517996.723533515
42,bf16,value,ans_raw,64,112,14680064,11518592,57344,2128,11578064,9894433.70327467,11517996.723533515
42,bf16,value,zstd,64,112,14680064,11575511,0,2128,11577639,9894433.70327467,11517996.723533515
42,fp8_e4m3_sat,key,ans_lane,16,448,7340032,6086964,229376,8512,6324852,6081359.228772968,6081359.228772968
42,fp8_e4m3_sat,key,ans_lane,256,32,7340032,6092296,16384,608,6109288,6088507.667416611,6088507.667416611
42,fp8_e4m3_sat,key,ans_lane,64,112,7340032,6091128,57344,2128,6150600,6086947.046747365,6086947.046747365
42,fp8_e4m3_sat,key,ans_lane_shared,16,448,7340032,6096820,0,8512,6105332,6081359.228772968,6081359.228772968
42,fp8_e4m3_sat,key,ans_lane_shared,256,32,7340032,6095184,0,608,6095792,6088507.667416611,6088507.667416611
42,fp8_e4m3_sat,key,ans_lane_shared,64,112,7340032,6095484,0,2128,6097612,6086947.046747365,6086947.046747365
42,fp8_e4m3_sat,key,zstd,64,112,7340032,6128112,0,2128,6130240,6086947.046747365,6086947.046747365
42,fp8_e4m3_sat,value,ans_lane,16,448,7340032,6089836,229376,8512,6327724,6084063.137961688,6084063.137961688
42,fp8_e4m3_sat,value,ans_lane,256,32,7340032,6097132,16384,608,6114124,6093270.801979709,6093270.801979709
42,fp8_e4m3_sat,value,ans_lane,64,112,7340032,6094984,57344,2128,6154456,6090692.451428879,6090692.451428879
42,fp8_e4m3_sat,value,ans_lane_shared,16,448,7340032,6107448,0,8512,6115960,6084063.137961688,6084063.137961688
42,fp8_e4m3_sat,value,ans_lane_shared,256,32,7340032,6105800,0,608,6106408,6093270.801979709,6093270.801979709
42,fp8_e4m3_sat,value,ans_lane_shared,64,112,7340032,6106128,0,2128,6108256,6090692.451428879,6090692.451428879
42,fp8_e4m3_sat,value,zstd,64,112,7340032,6137420,0,2128,6139548,6090692.451428879,6090692.451428879
42,native,convolution,ans_lane,,24,1572864,1063060,24576,648,1088284,1061830.2431764673,1235319.249179736
42,native,convolution,ans_lane_shared,,24,1572864,1064844,0,648,1065492,1061830.2431764673,1235319.249179736
42,native,convolution,zstd,,24,1572864,1242308,0,456,1242764,1061830.2431764673,1235319.249179736
42,native,recurrent,ans_lane,,24,50331648,43030580,49152,1032,43080764,43014230.28481701,47166467.4255402
42,native,recurrent,ans_lane_shared,,24,50331648,43078072,0,1032,43079104,43014230.28481701,47166467.4255402
42,native,recurrent,zstd,,24,50331648,47230311,0,456,47230767,43014230.28481701,47166467.4255402
43,bf16,key,ans_lane,16,384,12582912,8476524,393216,10368,8880108,8465067.733370086,9855462.168256622
43,bf16,key,ans_lane,256,24,12582912,8482824,24576,648,8508048,8474440.416803,9864049.599506702
43,bf16,key,ans_lane,64,96,12582912,8481404,98304,2592,8582300,8472384.843161,9862187.413315147
43,bf16,key,ans_lane_shared,16,384,12582912,8487860,0,10368,8498228,8465067.733370086,9855462.168256622
43,bf16,key,ans_lane_shared,256,24,12582912,8484868,0,648,8485516,8474440.416803,9864049.599506702
43,bf16,key,ans_lane_shared,64,96,12582912,8485464,0,2592,8488056,8472384.843161,9862187.413315147
43,bf16,key,ans_raw,64,96,12582912,9862692,49152,1824,9913668,8472384.843161,9862187.413315147
43,bf16,key,zstd,64,96,12582912,9902825,0,1824,9904649,8472384.843161,9862187.413315147
43,bf16,value,ans_lane,16,384,12582912,8486128,393216,10368,8889712,8474684.13890028,9866407.464764748
43,bf16,value,ans_lane,256,24,12582912,8493888,24576,648,8519112,8485485.569541777,9876337.738879746
43,bf16,value,ans_lane,64,96,12582912,8491788,98304,2592,8592684,8482759.517386815,9873846.95199438
43,bf16,value,ans_lane_shared,16,384,12582912,8502080,0,10368,8512448,8474684.13890028,9866407.464764748
43,bf16,value,ans_lane_shared,256,24,12582912,8499104,0,648,8499752,8485485.569541777,9876337.738879746
43,bf16,value,ans_lane_shared,64,96,12582912,8499696,0,2592,8502288,8482759.517386815,9873846.95199438
43,bf16,value,ans_raw,64,96,12582912,9874340,49152,1824,9925316,8482759.517386815,9873846.95199438
43,bf16,value,zstd,64,96,12582912,9923128,0,1824,9924952,8482759.517386815,9873846.95199438
43,fp8_e4m3_sat,key,ans_lane,16,384,6291456,5217956,196608,7296,5421860,5213201.731117047,5213201.731117047
43,fp8_e4m3_sat,key,ans_lane,256,24,6291456,5222592,12288,456,5235336,5219341.865124892,5219341.865124892
43,fp8_e4m3_sat,key,ans_lane,64,96,6291456,5221400,49152,1824,5272376,5217842.732162556,5217842.732162556
43,fp8_e4m3_sat,key,ans_lane_shared,16,384,6291456,5226648,0,7296,5233944,5213201.731117047,5213201.731117047
43,fp8_e4m3_sat,key,ans_lane_shared,256,24,6291456,5225192,0,456,5225648,5219341.865124892,5219341.865124892
43,fp8_e4m3_sat,key,ans_lane_shared,64,96,6291456,5225492,0,1824,5227316,5217842.732162556,5217842.732162556
43,fp8_e4m3_sat,key,zstd,64,96,6291456,5252905,0,1824,5254729,5217842.732162556,5217842.732162556
43,fp8_e4m3_sat,value,ans_lane,16,384,6291456,5221832,196608,7296,5425736,5216943.635853167,5216943.635853167
43,fp8_e4m3_sat,value,ans_lane,256,24,6291456,5228020,12288,456,5240764,5224758.530139814,5224758.530139814
43,fp8_e4m3_sat,value,ans_lane,64,96,6291456,5226028,49152,1824,5277004,5222389.597534863,5222389.597534863
43,fp8_e4m3_sat,value,ans_lane_shared,16,384,6291456,5235836,0,7296,5243132,5216943.635853167,5216943.635853167
43,fp8_e4m3_sat,value,ans_lane_shared,256,24,6291456,5234412,0,456,5234868,5224758.530139814,5224758.530139814
43,fp8_e4m3_sat,value,ans_lane_shared,64,96,6291456,5234708,0,1824,5236532,5222389.597534863,5222389.597534863
43,fp8_e4m3_sat,value,zstd,64,96,6291456,5262305,0,1824,5264129,5222389.597534863,5222389.597534863
43,native,convolution,ans_lane,,24,1572864,1063540,24576,648,1088764,1062314.0950325616,1235633.7033809607
43,native,convolution,ans_lane_shared,,24,1572864,1066148,0,648,1066796,1062314.0950325616,1235633.7033809607
43,native,convolution,zstd,,24,1572864,1242453,0,456,1242909,1062314.0950325616,1235633.7033809607
43,native,recurrent,ans_lane,,24,50331648,42934812,49152,1032,42984996,42918452.33717298,47091375.76814713
43,native,recurrent,ans_lane_shared,,24,50331648,42947556,0,1032,42948588,42918452.33717298,47091375.76814713
43,native,recurrent,zstd,,24,50331648,47207804,0,456,47208260,42918452.33717298,47091375.76814713
44,bf16,key,ans_lane,16,384,12582912,8478580,393216,10368,8882164,8467129.892352212,9857353.347848013
44,bf16,key,ans_lane,256,24,12582912,8484892,24576,648,8510116,8476500.215592587,9865936.284180025
44,bf16,key,ans_lane,64,96,12582912,8483528,98304,2592,8584424,8474528.741421862,9864145.873508194
44,bf16,key,ans_lane_shared,16,384,12582912,8490008,0,10368,8500376,8467129.892352212,9857353.347848013
44,bf16,key,ans_lane_shared,256,24,12582912,8486992,0,648,8487640,8476500.215592587,9865936.284180025
44,bf16,key,ans_lane_shared,64,96,12582912,8487576,0,2592,8490168,8474528.741421862,9864145.873508194
44,bf16,key,ans_raw,64,96,12582912,9864664,49152,1824,9915640,8474528.741421862,9864145.873508194
44,bf16,key,zstd,64,96,12582912,9904412,0,1824,9906236,8474528.741421862,9864145.873508194
44,bf16,value,ans_lane,16,384,12582912,8487388,393216,10368,8890972,8475905.12982641,9867420.680829743
44,bf16,value,ans_lane,256,24,12582912,8495224,24576,648,8520448,8486805.055607866,9877459.967172336
44,bf16,value,ans_lane,64,96,12582912,8493368,98304,2592,8594264,8484293.64284577,9875152.240745595
44,bf16,value,ans_lane_shared,16,384,12582912,8503896,0,10368,8514264,8475905.12982641,9867420.680829743
44,bf16,value,ans_lane_shared,256,24,12582912,8500896,0,648,8501544,8486805.055607866,9877459.967172336
44,bf16,value,ans_lane_shared,64,96,12582912,8501516,0,2592,8504108,8484293.64284577,9875152.240745595
44,bf16,value,ans_raw,64,96,12582912,9875636,49152,1824,9926612,8484293.64284577,9875152.240745595
44,bf16,value,zstd,64,96,12582912,9924402,0,1824,9926226,8484293.64284577,9875152.240745595
44,fp8_e4m3_sat,key,ans_lane,16,384,6291456,5221028,196608,7296,5424932,5216234.112661367,5216234.112661367
44,fp8_e4m3_sat,key,ans_lane,256,24,6291456,5225680,12288,456,5238424,5222433.870637909,5222433.870637909
44,fp8_e4m3_sat,key,ans_lane,64,96,6291456,5224624,49152,1824,5275600,5221039.1469751885,5221039.1469751885
44,fp8_e4m3_sat,key,ans_lane_shared,16,384,6291456,5229952,0,7296,5237248,5216234.112661367,5216234.112661367
44,fp8_e4m3_sat,key,ans_lane_shared,256,24,6291456,5228524,0,456,5228980,5222433.870637909,5222433.870637909
44,fp8_e4m3_sat,key,ans_lane_shared,64,96,6291456,5228788,0,1824,5230612,5221039.1469751885,5221039.1469751885
44,fp8_e4m3_sat,key,zstd,64,96,6291456,5256392,0,1824,5258216,5221039.1469751885,5221039.1469751885
44,fp8_e4m3_sat,value,ans_lane,16,384,6291456,5223604,196608,7296,5427508,5218681.890178599,5218681.890178599
44,fp8_e4m3_sat,value,ans_lane,256,24,6291456,5229820,12288,456,5242564,5226530.376603758,5226530.376603758
44,fp8_e4m3_sat,value,ans_lane,64,96,6291456,5228184,49152,1824,5279160,5224538.245970154,5224538.245970154
44,fp8_e4m3_sat,value,ans_lane_shared,16,384,6291456,5238168,0,7296,5245464,5218681.890178599,5218681.890178599
44,fp8_e4m3_sat,value,ans_lane_shared,256,24,6291456,5236720,0,456,5237176,5226530.376603758,5226530.376603758
44,fp8_e4m3_sat,value,ans_lane_shared,64,96,6291456,5237008,0,1824,5238832,5224538.245970154,5224538.245970154
44,fp8_e4m3_sat,value,zstd,64,96,6291456,5264462,0,1824,5266286,5224538.245970154,5224538.245970154
44,native,convolution,ans_lane,,24,1572864,1063676,24576,648,1088900,1062450.3091930668,1235830.6621332131
44,native,convolution,ans_lane_shared,,24,1572864,1066412,0,648,1067060,1062450.3091930668,1235830.6621332131
44,native,convolution,zstd,,24,1572864,1242760,0,456,1243216,1062450.3091930668,1235830.6621332131
44,native,recurrent,ans_lane,,24,50331648,42938056,49152,1032,42988240,42921688.90452927,47093899.26410888
44,native,recurrent,ans_lane_shared,,24,50331648,42952212,0,1032,42953244,42921688.90452927,47093899.26410888
44,native,recurrent,zstd,,24,50331648,47209907,0,456,47210363,42921688.90452927,47093899.26410888
45,bf16,key,ans_lane,16,448,14680064,9887772,458752,12096,10358620,9874508.587484613,11497235.24985647
45,bf16,key,ans_lane,256,32,14680064,9895204,32768,864,9928836,9885399.628938366,11507184.205385935
45,bf16,key,ans_lane,64,112,14680064,9893656,114688,3024,10011368,9883132.970112855,11505134.07663249
45,bf16,key,ans_lane_shared,16,448,14680064,9900816,0,12096,9912912,9874508.587484613,11497235.24985647
45,bf16,key,ans_lane_shared,256,32,14680064,9897372,0,864,9898236,9885399.628938366,11507184.205385935
45,bf16,key,ans_lane_shared,64,112,14680064,9898048,0,3024,9901072,9883132.970112855,11505134.07663249
45,bf16,key,ans_raw,64,112,14680064,11505740,57344,2128,11565212,9883132.970112855,11505134.07663249
45,bf16,key,zstd,64,112,14680064,11552967,0,2128,11555095,9883132.970112855,11505134.07663249
45,bf16,value,ans_lane,16,448,14680064,9899520,458752,12096,10370368,9886140.127456643,11510210.774608914
45,bf16,value,ans_lane,256,32,14680064,9908580,32768,864,9942212,9898721.144820582,11521772.787214993
45,bf16,value,ans_lane,64,112,14680064,9906240,114688,3024,10023952,9895682.345452258,11519000.973645866
45,bf16,value,ans_lane_shared,16,448,14680064,9917972,0,12096,9930068,9886140.127456643,11510210.774608914
45,bf16,value,ans_lane_shared,256,32,14680064,9914580,0,864,9915444,9898721.144820582,11521772.787214993
45,bf16,value,ans_lane_shared,64,112,14680064,9915236,0,3024,9918260,9895682.345452258,11519000.973645866
45,bf16,value,ans_raw,64,112,14680064,11519584,57344,2128,11579056,9895682.345452258,11519000.973645866
45,bf16,value,zstd,64,112,14680064,11576710,0,2128,11578838,9895682.345452258,11519000.973645866
45,fp8_e4m3_sat,key,ans_lane,16,448,7340032,6084852,229376,8512,6322740,6079297.2449762225,6079297.2449762225
45,fp8_e4m3_sat,key,ans_lane,256,32,7340032,6090336,16384,608,6107328,6086511.132909367,6086511.132909367
45,fp8_e4m3_sat,key,ans_lane,64,112,7340032,6088996,57344,2128,6148468,6084814.203308293,6084814.203308293
45,fp8_e4m3_sat,key,ans_lane_shared,16,448,7340032,6094636,0,8512,6103148,6079297.2449762225,6079297.2449762225
45,fp8_e4m3_sat,key,ans_lane_shared,256,32,7340032,6092968,0,608,6093576,6086511.132909367,6086511.132909367
45,fp8_e4m3_sat,key,ans_lane_shared,64,112,7340032,6093256,0,2128,6095384,6084814.203308293,6084814.203308293
45,fp8_e4m3_sat,key,zstd,64,112,7340032,6125535,0,2128,6127663,6084814.203308293,6084814.203308293
45,fp8_e4m3_sat,value,ans_lane,16,448,7340032,6091732,229376,8512,6329620,6085978.203992083,6085978.203992083
45,fp8_e4m3_sat,value,ans_lane,256,32,7340032,6098836,16384,608,6115828,6095018.733535927,6095018.733535927
45,fp8_e4m3_sat,value,ans_lane,64,112,7340032,6096692,57344,2128,6156164,6092442.06989657,6092442.06989657
45,fp8_e4m3_sat,value,ans_lane_shared,16,448,7340032,6107880,0,8512,6116392,6085978.203992083,6085978.203992083
45,fp8_e4m3_sat,value,ans_lane_shared,256,32,7340032,6106184,0,608,6106792,6095018.733535927,6095018.733535927
45,fp8_e4m3_sat,value,ans_lane_shared,64,112,7340032,6106524,0,2128,6108652,6092442.06989657,6092442.06989657
45,fp8_e4m3_sat,value,zstd,64,112,7340032,6139328,0,2128,6141456,6092442.06989657,6092442.06989657
45,native,convolution,ans_lane,,24,1572864,1062808,24576,648,1088032,1061578.297670181,1235117.0705940563
45,native,convolution,ans_lane_shared,,24,1572864,1064740,0,648,1065388,1061578.297670181,1235117.0705940563
45,native,convolution,zstd,,24,1572864,1241987,0,456,1242443,1061578.297670181,1235117.0705940563
45,native,recurrent,ans_lane,,24,50331648,42941568,49152,1032,42991752,42925211.06761268,47096177.95697642
45,native,recurrent,ans_lane_shared,,24,50331648,42953728,0,1032,42954760,42925211.06761268,47096177.95697642
45,native,recurrent,zstd,,24,50331648,47211367,0,456,47211823,42925211.06761268,47096177.95697642
5,bf16,key,ans_lane,16,64,2097152,1411984,65536,1728,1479248,1410076.1350739612,1641776.8367792317
5,bf16,key,ans_lane,256,8,2097152,1412996,8192,216,1421404,1411566.874405416,1643133.6245807335
5,bf16,key,ans_lane,64,16,2097152,1412816,16384,432,1429632,1411314.9973303487,1642917.4968282478
5,bf16,key,ans_lane_shared,16,64,2097152,1414152,0,1728,1415880,1410076.1350739612,1641776.8367792317
5,bf16,key,ans_lane_shared,256,8,2097152,1413676,0,216,1413892,1411566.874405416,1643133.6245807335
5,bf16,key,ans_lane_shared,64,16,2097152,1413748,0,432,1414180,1411314.9973303487,1642917.4968282478
5,bf16,key,ans_raw,64,16,2097152,1643004,8192,304,1651500,1411314.9973303487,1642917.4968282478
5,bf16,key,zstd,64,16,2097152,1649577,0,304,1649881,1411314.9973303487,1642917.4968282478
5,bf16,value,ans_lane,16,64,2097152,1409716,65536,1728,1476980,1407782.1148678893,1639911.0409860702
5,bf16,value,ans_lane,256,8,2097152,1411432,8192,216,1419840,1409992.2000648556,1641936.313423159
5,bf16,value,ans_lane,64,16,2097152,1410676,16384,432,1427492,1409164.9853529118,1641195.8428927527
5,bf16,value,ans_lane_shared,16,64,2097152,1415664,0,1728,1417392,1407782.1148678893,1639911.0409860702
5,bf16,value,ans_lane_shared,256,8,2097152,1415168,0,216,1415384,1409992.2000648556,1641936.313423159
5,bf16,value,ans_lane_shared,64,16,2097152,1415236,0,432,1415668,1409164.9853529118,1641195.8428927527
5,bf16,value,ans_raw,64,16,2097152,1641276,8192,304,1649772,1409164.9853529118,1641195.8428927527
5,bf16,value,zstd,64,16,2097152,1649871,0,304,1650175,1409164.9853529118,1641195.8428927527
5,fp8_e4m3_sat,key,ans_lane,16,64,1048576,869140,32768,1216,903124,868348.4050910897,868348.4050910897
5,fp8_e4m3_sat,key,ans_lane,256,8,1048576,869908,4096,152,874156,869360.816073972,869360.816073972
5,fp8_e4m3_sat,key,ans_lane,64,16,1048576,869724,8192,304,878220,869145.5266803256,869145.5266803256
5,fp8_e4m3_sat,key,ans_lane_shared,16,64,1048576,870840,0,1216,872056,868348.4050910897,868348.4050910897
5,fp8_e4m3_sat,key,ans_lane_shared,256,8,1048576,870600,0,152,870752,869360.816073972,869360.816073972
5,fp8_e4m3_sat,key,ans_lane_shared,64,16,1048576,870632,0,304,870936,869145.5266803256,869145.5266803256
5,fp8_e4m3_sat,key,zstd,64,16,1048576,875138,0,304,875442,869145.5266803256,869145.5266803256
5,fp8_e4m3_sat,value,ans_lane,16,64,1048576,869156,32768,1216,903140,868328.1693087735,868328.1693087735
5,fp8_e4m3_sat,value,ans_lane,256,8,1048576,870872,4096,152,875120,870298.3732729558,870298.3732729558
5,fp8_e4m3_sat,value,ans_lane,64,16,1048576,869932,8192,304,878428,869329.949004799,869329.949004799
5,fp8_e4m3_sat,value,ans_lane_shared,16,64,1048576,871740,0,1216,872956,868328.1693087735,868328.1693087735
5,fp8_e4m3_sat,value,ans_lane_shared,256,8,1048576,871512,0,152,871664,870298.3732729558,870298.3732729558
5,fp8_e4m3_sat,value,ans_lane_shared,64,16,1048576,871544,0,304,871848,869329.949004799,869329.949004799
5,fp8_e4m3_sat,value,zstd,64,16,1048576,875801,0,304,876105,869329.949004799,869329.949004799
5,native,convolution,ans_lane,,24,1572864,1062884,24576,648,1088108,1061655.283559656,1235227.720340029
5,native,convolution,ans_lane_shared,,24,1572864,1065164,0,648,1065812,1061655.283559656,1235227.720340029
5,native,convolution,zstd,,24,1572864,1241938,0,456,1242394,1061655.283559656,1235227.720340029
5,native,recurrent,ans_lane,,24,50331648,42936532,49152,1032,42986716,42920157.76246174,47092661.83342483
5,native,recurrent,ans_lane_shared,,24,50331648,42949684,0,1032,42950716,42920157.76246174,47092661.83342483
5,native,recurrent,zstd,,24,50331648,47217733,0,456,47218189,42920157.76246174,47092661.83342483
6,bf16,key,ans_lane,16,672,22020096,14848824,688128,18144,15555096,14828812.855484199,17261428.131158326
6,bf16,key,ans_lane,256,48,22020096,14859788,49152,1296,14910236,14845052.091395147,17276288.66726196
6,bf16,key,ans_lane,64,168,22020096,14857536,172032,4536,15034104,14841717.940023541,17273275.912894133
6,bf16,key,ans_lane_shared,16,672,22020096,14870944,0,18144,14889088,14828812.855484199,17261428.131158326
6,bf16,key,ans_lane_shared,256,48,22020096,14865828,0,1296,14867124,14845052.091395147,17276288.66726196
6,bf16,key,ans_lane_shared,64,168,22020096,14866868,0,4536,14871404,14841717.940023541,17273275.912894133
6,bf16,key,ans_raw,64,168,22020096,17274180,86016,3192,17363388,14841717.940023541,17273275.912894133
6,bf16,key,zstd,64,168,22020096,17343605,0,3192,17346797,14841717.940023541,17273275.912894133
6,bf16,value,ans_lane,16,672,22020096,14835448,688128,18144,15541720,14815377.164525151,17253102.037972756
6,bf16,value,ans_lane,256,48,22020096,14847920,49152,1296,14898368,14833133.861440668,17269413.54275153
6,bf16,value,ans_lane,64,168,22020096,14845128,172032,4536,15021696,14829281.286296854,17265906.189323507
6,bf16,value,ans_lane_shared,16,672,22020096,14858028,0,18144,14876172,14815377.164525151,17253102.037972756
6,bf16,value,ans_lane_shared,256,48,22020096,14852808,0,1296,14854104,14833133.861440668,17269413.54275153
6,bf16,value,ans_lane_shared,64,168,22020096,14853820,0,4536,14858356,14829281.286296854,17265906.189323507
6,bf16,value,ans_raw,64,168,22020096,17266780,86016,3192,17355988,14829281.286296854,17265906.189323507
6,bf16,value,zstd,64,168,22020096,17354020,0,3192,17357212,14829281.286296854,17265906.189323507
6,fp8_e4m3_sat,key,ans_lane,16,672,11010048,9144008,344064,12768,9500840,9135591.519445993,9135591.519445993
6,fp8_e4m3_sat,key,ans_lane,256,48,11010048,9151820,24576,912,9177308,9146113.802517103,9146113.802517103
6,fp8_e4m3_sat,key,ans_lane,64,168,11010048,9149980,86016,3192,9239188,9143705.064144775,9143705.064144775
6,fp8_e4m3_sat,key,ans_lane_shared,16,672,11010048,9161160,0,12768,9173928,9135591.519445993,9135591.519445993
6,fp8_e4m3_sat,key,ans_lane_shared,256,48,11010048,9158676,0,912,9159588,9146113.802517103,9146113.802517103
6,fp8_e4m3_sat,key,ans_lane_shared,64,168,11010048,9159160,0,3192,9162352,9143705.064144775,9143705.064144775
6,fp8_e4m3_sat,key,zstd,64,168,11010048,9206058,0,3192,9209250,9143705.064144775,9143705.064144775
6,fp8_e4m3_sat,value,ans_lane,16,672,11010048,9126908,344064,12768,9483740,9118376.626219999,9118376.626219999
6,fp8_e4m3_sat,value,ans_lane,256,48,11010048,9136512,24576,912,9162000,9130831.675891563,9130831.675891563
6,fp8_e4m3_sat,value,ans_lane,64,168,11010048,9134148,86016,3192,9223356,9127840.315835308,9127840.315835308
6,fp8_e4m3_sat,value,ans_lane_shared,16,672,11010048,9145300,0,12768,9158068,9118376.626219999,9118376.626219999
6,fp8_e4m3_sat,value,ans_lane_shared,256,48,11010048,9142744,0,912,9143656,9130831.675891563,9130831.675891563
6,fp8_e4m3_sat,value,ans_lane_shared,64,168,11010048,9143248,0,3192,9146440,9127840.315835308,9127840.315835308
6,fp8_e4m3_sat,value,zstd,64,168,11010048,9197901,0,3192,9201093,9127840.315835308,9127840.315835308
6,native,convolution,ans_lane,,24,1572864,1062508,24576,648,1087732,1061273.811727006,1234865.895899275
6,native,convolution,ans_lane_shared,,24,1572864,1064420,0,648,1065068,1061273.811727006,1234865.895899275
6,native,convolution,zstd,,24,1572864,1241737,0,456,1242193,1061273.811727006,1234865.895899275
6,native,recurrent,ans_lane,,24,50331648,42995844,49152,1032,43046028,42979493.069271326,47138799.68417508
6,native,recurrent,ans_lane_shared,,24,50331648,43014244,0,1032,43015276,42979493.069271326,47138799.68417508
6,native,recurrent,zstd,,24,50331648,47237770,0,456,47238226,42979493.069271326,47138799.68417508
7,bf16,key,ans_lane,16,704,23068672,15546700,720896,19008,16286604,15525738.613609012,18073313.577551264
7,bf16,key,ans_lane,256,48,23068672,15558112,49152,1296,15608560,15542692.455726624,18088793.886326898
7,bf16,key,ans_lane,64,176,23068672,15555728,180224,4752,15740704,15539195.925679127,18085651.82332375
7,bf16,key,ans_lane_shared,16,704,23068672,15569164,0,19008,15588172,15525738.613609012,18073313.577551264
7,bf16,key,ans_lane_shared,256,48,23068672,15563776,0,1296,15565072,15542692.455726624,18088793.886326898
7,bf16,key,ans_lane_shared,64,176,23068672,15564852,0,4752,15569604,15539195.925679127,18085651.82332375
7,bf16,key,ans_raw,64,176,23068672,18086576,90112,3344,18180032,15539195.925679127,18085651.82332375
7,bf16,key,zstd,64,176,23068672,18158861,0,3344,18162205,15539195.925679127,18085651.82332375
7,bf16,value,ans_lane,16,704,23068672,15548864,720896,19008,16288768,15527825.967079319,18081240.23834608
7,bf16,value,ans_lane,256,48,23068672,15562516,49152,1296,15612964,15547078.65862316,18098894.45578837
7,bf16,value,ans_lane,64,176,23068672,15559152,180224,4752,15744128,15542553.81738649,18094768.68979997
7,bf16,value,ans_lane_shared,16,704,23068672,15574620,0,19008,15593628,15527825.967079319,18081240.23834608
7,bf16,value,ans_lane_shared,256,48,23068672,15569176,0,1296,15570472,15547078.65862316,18098894.45578837
7,bf16,value,ans_lane_shared,64,176,23068672,15570216,0,4752,15574968,15542553.81738649,18094768.68979997
7,bf16,value,ans_raw,64,176,23068672,18095684,90112,3344,18189140,15542553.81738649,18094768.68979997
7,bf16,value,zstd,64,176,23068672,18186592,0,3344,18189936,15542553.81738649,18094768.68979997
7,fp8_e4m3_sat,key,ans_lane,16,704,11534336,9572068,360448,13376,9945892,9563332.186591994,9563332.186591994
7,fp8_e4m3_sat,key,ans_lane,256,48,11534336,9580128,24576,912,9605616,9574186.430996023,9574186.430996023
7,fp8_e4m3_sat,key,ans_lane,64,176,11534336,9578292,90112,3344,9671748,9571751.605533786,9571751.605533786
7,fp8_e4m3_sat,key,ans_lane_shared,16,704,11534336,9589224,0,13376,9602600,9563332.186591994,9563332.186591994
7,fp8_e4m3_sat,key,ans_lane_shared,256,48,11534336,9586560,0,912,9587472,9574186.430996023,9574186.430996023
7,fp8_e4m3_sat,key,ans_lane_shared,64,176,11534336,9587072,0,3344,9590416,9571751.605533786,9571751.605533786
7,fp8_e4m3_sat,key,zstd,64,176,11534336,9637419,0,3344,9640763,9571751.605533786,9571751.605533786
7,fp8_e4m3_sat,value,ans_lane,16,704,11534336,9565420,360448,13376,9939244,9556419.682635983,9556419.682635983
7,fp8_e4m3_sat,value,ans_lane,256,48,11534336,9576268,24576,912,9601756,9570231.578240031,9570231.578240031
7,fp8_e4m3_sat,value,ans_lane,64,176,11534336,9573204,90112,3344,9666660,9566504.930700868,9566504.930700868
7,fp8_e4m3_sat,value,ans_lane_shared,16,704,11534336,9587336,0,13376,9600712,9556419.682635983,9556419.682635983
7,fp8_e4m3_sat,value,ans_lane_shared,256,48,11534336,9584696,0,912,9585608,9570231.578240031,9570231.578240031
7,fp8_e4m3_sat,value,ans_lane_shared,64,176,11534336,9585228,0,3344,9588572,9566504.930700868,9566504.930700868
7,fp8_e4m3_sat,value,zstd,64,176,11534336,9640167,0,3344,9643511,9566504.930700868,9566504.930700868
7,native,convolution,ans_lane,,24,1572864,1062760,24576,648,1087984,1061532.840475629,1235230.5187905424
7,native,convolution,ans_lane_shared,,24,1572864,1065044,0,648,1065692,1061532.840475629,1235230.5187905424
7,native,convolution,zstd,,24,1572864,1242035,0,456,1242491,1061532.840475629,1235230.5187905424
7,native,recurrent,ans_lane,,24,50331648,42936560,49152,1032,42986744,42920221.40426838,47093567.76107848
7,native,recurrent,ans_lane_shared,,24,50331648,42949036,0,1032,42950068,42920221.40426838,47093567.76107848
7,native,recurrent,zstd,,24,50331648,47214841,0,456,47215297,42920221.40426838,47093567.76107848
8,bf16,key,ans_lane,16,736,24117248,16244416,753664,19872,17017952,16222534.640701594,18886888.648170322
8,bf16,key,ans_lane,256,48,24117248,16256432,49152,1296,16306880,16240352.040664105,18903160.677706152
8,bf16,key,ans_lane,64,184,24117248,16253992,188416,4968,16447376,16236696.325735943,18899853.807246618
8,bf16,key,ans_lane_shared,16,736,24117248,16266524,0,19872,16286396,16222534.640701594,18886888.648170322
8,bf16,key,ans_lane_shared,256,48,24117248,16260816,0,1296,16262112,16240352.040664105,18903160.677706152
8,bf16,key,ans_lane_shared,64,184,24117248,16261956,0,4968,16266924,16236696.325735943,18899853.807246618
8,bf16,key,ans_raw,64,184,24117248,18900808,94208,3496,18998512,16236696.325735943,18899853.807246618
8,bf16,key,zstd,64,184,24117248,18976489,0,3496,18979985,16236696.325735943,18899853.807246618
8,bf16,value,ans_lane,16,736,24117248,16256200,753664,19872,17029736,16234223.213115249,18902778.77209719
8,bf16,value,ans_lane,256,48,24117248,16270064,49152,1296,16320512,16253921.412373967,18920888.543268517
8,bf16,value,ans_lane,64,184,24117248,16266816,188416,4968,16460200,16249467.39080102,18916819.167722486
8,bf16,value,ans_lane_shared,16,736,24117248,16283440,0,19872,16303312,16234223.213115249,18902778.77209719
8,bf16,value,ans_lane_shared,256,48,24117248,16277772,0,1296,16279068,16253921.412373967,18920888.543268517
8,bf16,value,ans_lane_shared,64,184,24117248,16278916,0,4968,16283884,16249467.39080102,18916819.167722486
8,bf16,value,ans_raw,64,184,24117248,18917768,94208,3496,19015472,16249467.39080102,18916819.167722486
8,bf16,value,zstd,64,184,24117248,19012593,0,3496,19016089,16249467.39080102,18916819.167722486
8,fp8_e4m3_sat,key,ans_lane,16,736,12058624,9996196,376832,13984,10387012,9987005.913997464,9987005.913997464
8,fp8_e4m3_sat,key,ans_lane,256,48,12058624,10004688,24576,912,10030176,9998477.014820158,9998477.014820158
8,fp8_e4m3_sat,key,ans_lane,64,184,12058624,10002844,94208,3496,10100548,9996002.362972856,9996002.362972856
8,fp8_e4m3_sat,key,ans_lane_shared,16,736,12058624,10012476,0,13984,10026460,9987005.913997464,9987005.913997464
8,fp8_e4m3_sat,key,ans_lane_shared,256,48,12058624,10009760,0,912,10010672,9998477.014820158,9998477.014820158
8,fp8_e4m3_sat,key,ans_lane_shared,64,184,12058624,10010292,0,3496,10013788,9996002.362972856,9996002.362972856
8,fp8_e4m3_sat,key,zstd,64,184,12058624,10064053,0,3496,10067549,9996002.362972856,9996002.362972856
8,fp8_e4m3_sat,value,ans_lane,16,736,12058624,9999920,376832,13984,10390736,9990438.703786556,9990438.703786556
8,fp8_e4m3_sat,value,ans_lane,256,48,12058624,10010476,24576,912,10035964,10004175.448648337,10004175.448648337
8,fp8_e4m3_sat,value,ans_lane,64,184,12058624,10007680,94208,3496,10105384,10000670.2066758,10000670.2066758
8,fp8_e4m3_sat,value,ans_lane_shared,16,736,12058624,10023056,0,13984,10037040,9990438.703786556,9990438.703786556
8,fp8_e4m3_sat,value,ans_lane_shared,256,48,12058624,10020268,0,912,10021180,10004175.448648337,10004175.448648337
8,fp8_e4m3_sat,value,ans_lane_shared,64,184,12058624,10020800,0,3496,10024296,10000670.2066758,10000670.2066758
8,fp8_e4m3_sat,value,zstd,64,184,12058624,10077914,0,3496,10081410,10000670.2066758,10000670.2066758
8,native,convolution,ans_lane,,24,1572864,1062828,24576,648,1088052,1061596.576403381,1235260.138982465
8,native,convolution,ans_lane_shared,,24,1572864,1064776,0,648,1065424,1061596.576403381,1235260.138982465
8,native,convolution,zstd,,24,1572864,1242183,0,456,1242639,1061596.576403381,1235260.138982465
8,native,recurrent,ans_lane,,24,50331648,42954748,49152,1032,43004932,42938374.8526201,47107759.46843889
8,native,recurrent,ans_lane_shared,,24,50331648,42966920,0,1032,42967952,42938374.8526201,47107759.46843889
8,native,recurrent,zstd,,24,50331648,47225167,0,456,47225623,42938374.8526201,47107759.46843889
9,bf16,key,ans_lane,16,96,3145728,2117636,98304,2592,2218532,2114753.6635155077,2462176.683322958
9,bf16,key,ans_lane,256,8,3145728,2119268,8192,216,2127676,2117141.963108295,2464365.143862679
9,bf16,key,ans_lane,64,24,3145728,2118956,24576,648,2144180,2116677.7506841193,2463942.2851101933
9,bf16,key,ans_lane_shared,16,96,3145728,2121076,0,2592,2123668,2114753.6635155077,2462176.683322958
9,bf16,key,ans_lane_shared,256,8,3145728,2120336,0,216,2120552,2117141.963108295,2464365.143862679
9,bf16,key,ans_lane_shared,64,24,3145728,2120476,0,648,2121124,2116677.7506841193,2463942.2851101933
9,bf16,key,ans_raw,64,24,3145728,2464072,12288,456,2476816,2116677.7506841193,2463942.2851101933
9,bf16,key,zstd,64,24,3145728,2473780,0,456,2474236,2116677.7506841193,2463942.2851101933
9,bf16,value,ans_lane,16,96,3145728,2116216,98304,2592,2217112,2113354.9590948843,2461348.4581201235
9,bf16,value,ans_lane,256,8,3145728,2118204,8192,216,2126612,2116075.628580545,2463846.7015599385
9,bf16,value,ans_lane,64,24,3145728,2117756,24576,648,2142980,2115481.827800613,2463303.4026868516
9,bf16,value,ans_lane_shared,16,96,3145728,2125164,0,2592,2127756,2113354.9590948843,2461348.4581201235
9,bf16,value,ans_lane_shared,256,8,3145728,2124420,0,216,2124636,2116075.628580545,2463846.7015599385
9,bf16,value,ans_lane_shared,64,24,3145728,2124556,0,648,2125204,2115481.827800613,2463303.4026868516
9,bf16,value,ans_raw,64,24,3145728,2463432,12288,456,2476176,2115481.827800613,2463303.4026868516
9,bf16,value,zstd,64,24,3145728,2476363,0,456,2476819,2115481.827800613,2463303.4026868516
9,fp8_e4m3_sat,key,ans_lane,16,96,1572864,1304156,49152,1824,1355132,1302968.7529167205,1302968.7529167205
9,fp8_e4m3_sat,key,ans_lane,256,8,1572864,1305340,4096,152,1309588,1304532.8764250174,1304532.8764250174
9,fp8_e4m3_sat,key,ans_lane,64,24,1572864,1305100,12288,456,1317844,1304206.676299181,1304206.676299181
9,fp8_e4m3_sat,key,ans_lane_shared,16,96,1572864,1306956,0,1824,1308780,1302968.7529167205,1302968.7529167205
9,fp8_e4m3_sat,key,ans_lane_shared,256,8,1572864,1306604,0,152,1306756,1304532.8764250174,1304532.8764250174
9,fp8_e4m3_sat,key,ans_lane_shared,64,24,1572864,1306672,0,456,1307128,1304206.676299181,1304206.676299181
9,fp8_e4m3_sat,key,zstd,64,24,1572864,1313427,0,456,1313883,1304206.676299181,1304206.676299181
9,fp8_e4m3_sat,value,ans_lane,16,96,1572864,1304684,49152,1824,1355660,1303446.1389396987,1303446.1389396987
9,fp8_e4m3_sat,value,ans_lane,256,8,1572864,1306384,4096,152,1310632,1305554.6537130682,1305554.6537130682
9,fp8_e4m3_sat,value,ans_lane,64,24,1572864,1305952,12288,456,1318696,1305039.62643951,1305039.62643951
9,fp8_e4m3_sat,value,ans_lane_shared,16,96,1572864,1308528,0,1824,1310352,1303446.1389396987,1303446.1389396987
9,fp8_e4m3_sat,value,ans_lane_shared,256,8,1572864,1308164,0,152,1308316,1305554.6537130682,1305554.6537130682
9,fp8_e4m3_sat,value,ans_lane_shared,64,24,1572864,1308228,0,456,1308684,1305039.62643951,1305039.62643951
9,fp8_e4m3_sat,value,zstd,64,24,1572864,1315072,0,456,1315528,1305039.62643951,1305039.62643951
9,native,convolution,ans_lane,,24,1572864,1062636,24576,648,1087860,1061419.8936109985,1235192.3565892405
9,native,convolution,ans_lane_shared,,24,1572864,1065488,0,648,1066136,1061419.8936109985,1235192.3565892405
9,native,convolution,zstd,,24,1572864,1242042,0,456,1242498,1061419.8936109985,1235192.3565892405
9,native,recurrent,ans_lane,,24,50331648,42934212,49152,1032,42984396,42917849.867581844,47090577.53119147
9,native,recurrent,ans_lane_shared,,24,50331648,42947344,0,1032,42948376,42917849.867581844,47090577.53119147
9,native,recurrent,zstd,,24,50331648,47213362,0,456,47213818,42917849.867581844,47090577.53119147
