turn_idx,format,state_kind,codec,block_tokens,units,raw_bytes,payload_bytes,table_bytes,header_bytes,compressed_total_bytes,entropy_lane_bytes,entropy_raw_bytes
0,bf16,key,ans_lane,16,1008,33030144,22545956,1032192,27216,23605364,22516120.850822125,26116200.369741254
0,bf16,key,ans_lane,256,72,33030144,22565752,73728,1944,22641424,22543710.28862896,26141083.16951754
0,bf16,key,ans_lane,64,252,33030144,22560400,258048,6804,22825252,22536807.541339546,26134976.584178925
0,bf16,key,ans_lane_shared,16,1008,33030144,22595272,0,27216,22622488,22516120.850822125,26116200.369741254
0,bf16,key,ans_lane_shared,256,72,33030144,22587564,0,1944,22589508,22543710.28862896,26141083.16951754
0,bf16,key,ans_lane_shared,64,252,33030144,22589096,0,6804,22595900,22536807.541339546,26134976.584178925
0,bf16,key,ans_raw,64,252,33030144,26136296,129024,4788,26270108,22536807.541339546,26134976.584178925
0,bf16,key,zstd,64,252,33030144,26170807,0,4788,26175595,22536807.541339546,26134976.584178925
0,bf16,value,ans_lane,16,1008,33030144,22153344,1032192,27216,23212752,22123214.201026082,25786286.705642033
0,bf16,value,ans_lane,256,72,33030144,22177788,73728,1944,22253460,22155593.346453913,25815297.931351468
0,bf16,value,ans_lane,64,252,33030144,22171312,258048,6804,22436164,22147484.083730865,25808194.70214099
0,bf16,value,ans_lane_shared,16,1008,33030144,22198744,0,27216,22225960,22123214.201026082,25786286.705642033
0,bf16,value,ans_lane_shared,256,72,33030144,22191008,0,1944,22192952,22155593.346453913,25815297.931351468
0,bf16,value,ans_lane_shared,64,252,33030144,22192496,0,6804,22199300,22147484.083730865,25808194.70214099
0,bf16,value,ans_raw,64,252,33030144,25809508,129024,4788,25943320,22147484.083730865,25808194.70214099
0,bf16,value,zstd,64,252,33030144,25710192,0,4788,25714980,22147484.083730865,25808194.70214099
0,fp8_e4m3_sat,key,ans_lane,16,1008,16515072,14059808,516096,19152,14595056,14048719.808595033,14048719.808595033
0,fp8_e4m3_sat,key,ans_lane,256,72,16515072,14077088,36864,1368,14115320,14070092.87745279,14070092.87745279
0,fp8_e4m3_sat,key,ans_lane,64,252,16515072,14071724,129024,4788,14205536,14063870.096070142,14063870.096070142
0,fp8_e4m3_sat,key,ans_lane_shared,16,1008,16515072,14093564,0,19152,14112716,14048719.808595033,14048719.808595033
0,fp8_e4m3_sat,key,ans_lane_shared,256,72,16515072,14089780,0,1368,14091148,14070092.87745279,14070092.87745279
0,fp8_e4m3_sat,key,ans_lane_shared,64,252,16515072,14090544,0,4788,14095332,14063870.096070142,14063870.096070142
0,fp8_e4m3_sat,key,zstd,64,252,16515072,14089044,0,4788,14093832,14063870.096070142,14063870.096070142
0,fp8_e4m3_sat,value,ans_lane,16,1008,16515072,13369152,516096,19152,13904400,13354369.334038207,13354369.334038207
0,fp8_e4m3_sat,value,ans_lane,256,72,16515072,13388944,36864,1368,13427176,13378494.719979566,13378494.719979566
0,fp8_e4m3_sat,value,ans_lane,64,252,16515072,13382820,129024,4788,13516632,13371371.384722741,13371371.384722741
0,fp8_e4m3_sat,value,ans_lane_shared,16,1008,16515072,13408232,0,19152,13427384,13354369.334038207,13354369.334038207
0,fp8_e4m3_sat,value,ans_lane_shared,256,72,16515072,13404500,0,1368,13405868,13378494.719979566,13378494.719979566
0,fp8_e4m3_sat,value,ans_lane_shared,64,252,16515072,13405216,0,4788,13410004,13371371.384722741,13371371.384722741
0,fp8_e4m3_sat,value,zstd,64,252,16515072,13368206,0,4788,13372994,13371371.384722741,13371371.384722741
1,bf16,key,ans_lane,16,145440,4765777920,3241584088,148930560,3926880,3394441528,3237257334.9895067,3756422306.4375405
1,bf16,key,ans_lane,256,9108,4765777920,3244144956,9326592,245916,3253717464,3240965100.3338437,3759823246.638281
1,bf16,key,ans_lane,64,36360,4765777920,3243529860,37232640,981720,3281744220,3240114980.84849,3759051297.3438716
1,bf16,key,ans_lane_shared,16,145440,4765777920,3245849760,0,3926880,3249776640,3237257334.9895067,3756422306.4375405
1,bf16,key,ans_lane_shared,256,9108,4765777920,3244723936,0,245916,3244969852,3240965100.3338437,3759823246.638281
1,bf16,key,ans_lane_shared,64,36360,4765777920,3244948996,0,981720,3245930716,3240114980.84849,3759051297.3438716
1,bf16,key,ans_raw,64,36360,4765777920,3759243244,18616320,690840,3778550404,3240114980.84849,3759051297.3438716
1,bf16,key,zstd,64,36360,4765777920,3763116117,0,690840,3763806957,3240114980.84849,3759051297.3438716
1,bf16,value,ans_lane,16,145440,4765777920,3195816040,148930560,3926880,3348673480,3191471250.952694,3719993247.736704
1,bf16,value,ans_lane,256,9108,4765777920,3198990812,9326592,245916,3208563320,3195799955.417844,3723964278.581669
1,bf16,value,ans_lane,64,36360,4765777920,3198094632,37232640,981720,3236308992,3194662900.689358,3722929596.5767207
1,bf16,value,ans_lane_shared,16,145440,4765777920,3200667380,0,3926880,3204594260,3191471250.952694,3719993247.736704
1,bf16,value,ans_lane_shared,256,9108,4765777920,3199542708,0,245916,3199788624,3195799955.417844,3723964278.581669
1,bf16,value,ans_lane_shared,64,36360,4765777920,3199767236,0,981720,3200748956,3194662900.689358,3722929596.5767207
1,bf16,value,ans_raw,64,36360,4765777920,3723119756,18616320,690840,3742426916,3194662900.689358,3722929596.5767207
1,bf16,value,zstd,64,36360,4765777920,3707953086,0,690840,3708643926,3194662900.689358,3722929596.5767207
1,fp8_e4m3_sat,key,ans_lane,16,145440,2382888960,2023090968,74465280,2763360,2100319608,2021491423.922465,2021491423.922465
1,fp8_e4m3_sat,key,ans_lane,256,9108,2382888960,2025344056,4663296,173052,2030180404,2024333163.3278863,2024333163.3278863
1,fp8_e4m3_sat,key,ans_lane,64,36360,2382888960,2024696108,18616320,690840,2044003268,2023558705.4009247,2023558705.4009247
1,fp8_e4m3_sat,key,ans_lane_shared,16,145440,2382888960,2026873900,0,2763360,2029637260,2021491423.922465,2021491423.922465
1,fp8_e4m3_sat,key,ans_lane_shared,256,9108,2382888960,2026330220,0,173052,2026503272,2024333163.3278863,2024333163.3278863
1,fp8_e4m3_sat,key,ans_lane_shared,64,36360,2382888960,2026438560,0,690840,2027129400,2023558705.4009247,2023558705.4009247
1,fp8_e4m3_sat,key,zstd,64,36360,2382888960,2026796646,0,690840,2027487486,2023558705.4009247,2023558705.4009247
1,fp8_e4m3_sat,value,ans_lane,16,145440,2382888960,1929909028,74465280,2763360,2007137668,1927775463.6058412,1927775463.6058412
1,fp8_e4m3_sat,value,ans_lane,256,9108,2382888960,1932346300,4663296,173052,1937182648,1930819710.8894835,1930819710.8894835
1,fp8_e4m3_sat,value,ans_lane,64,36360,2382888960,1931519864,18616320,690840,1950827024,1929856562.4143503,1929856562.4143503
1,fp8_e4m3_sat,value,ans_lane_shared,16,145440,2382888960,1933424600,0,2763360,1936187960,1927775463.6058412,1927775463.6058412
1,fp8_e4m3_sat,value,ans_lane_shared,256,9108,2382888960,1932879204,0,173052,1933052256,1930819710.8894835,1930819710.8894835
1,fp8_e4m3_sat,value,ans_lane_shared,64,36360,2382888960,1932988296,0,690840,1933679136,1929856562.4143503,1929856562.4143503
1,fp8_e4m3_sat,value,zstd,64,36360,2382888960,1929426924,0,690840,1930117764,1929856562.4143503,1929856562.4143503
10,bf16,key,ans_lane,16,288,9437184,6416248,294912,7776,6718936,6407695.163288738,7435631.279251177
10,bf16,key,ans_lane,256,36,9437184,6420896,36864,972,6458732,6414441.2580259815,7441845.570385326
10,bf16,key,ans_lane,64,72,9437184,6420088,73728,1944,6495760,6413310.368338297,7440818.514081801
10,bf16,key,ans_lane_shared,16,288,9437184,6424684,0,7776,6432460,6407695.163288738,7435631.279251177
10,bf16,key,ans_lane_shared,256,36,9437184,6422588,0,972,6423560,6414441.2580259815,7441845.570385326
10,bf16,key,ans_lane_shared,64,72,9437184,6422896,0,1944,6424840,6413310.368338297,7440818.514081801
10,bf16,key,ans_raw,64,72,9437184,7441200,36864,1368,7479432,6413310.368338297,7440818.514081801
10,bf16,key,zstd,64,72,9437184,7437992,0,1368,7439360,6413310.368338297,7440818.514081801
10,bf16,value,ans_lane,16,288,9437184,6324592,294912,7776,6627280,6315967.04832217,7362619.07438169
10,bf16,value,ans_lane,256,36,9437184,6330108,36864,972,6367944,6323605.51440935,7369662.241254845
10,bf16,value,ans_lane,64,72,9437184,6328832,73728,1944,6404504,6322027.230140391,7368207.764275222
10,bf16,value,ans_lane_shared,16,288,9437184,6338728,0,7776,6346504,6315967.04832217,7362619.07438169
10,bf16,value,ans_lane_shared,256,36,9437184,6336672,0,972,6337644,6323605.51440935,7369662.241254845
10,bf16,value,ans_lane_shared,64,72,9437184,6336988,0,1944,6338932,6322027.230140391,7368207.764275222
10,bf16,value,ans_raw,64,72,9437184,7368588,36864,1368,7406820,6322027.230140391,7368207.764275222
10,bf16,value,zstd,64,72,9437184,7320059,0,1368,7321427,6322027.230140391,7368207.764275222
10,fp8_e4m3_sat,key,ans_lane,16,288,4718592,4006052,147456,5472,4158980,4002861.093144005,4002861.093144005
10,fp8_e4m3_sat,key,ans_lane,256,36,4718592,4009904,18432,684,4029020,4007795.2338078707,4007795.2338078707
10,fp8_e4m3_sat,key,ans_lane,64,72,4718592,4009092,36864,1368,4047324,4006832.1495415503,4006832.1495415503
10,fp8_e4m3_sat,key,ans_lane_shared,16,288,4718592,4013492,0,5472,4018964,4002861.093144005,4002861.093144005
10,fp8_e4m3_sat,key,ans_lane_shared,256,36,4718592,4012468,0,684,4013152,4007795.2338078707,4007795.2338078707
10,fp8_e4m3_sat,key,ans_lane_shared,64,72,4718592,4012596,0,1368,4013964,4006832.1495415503,4006832.1495415503
10,fp8_e4m3_sat,key,zstd,64,72,4718592,4005876,0,1368,4007244,4006832.1495415503,4006832.1495415503
10,fp8_e4m3_sat,value,ans_lane,16,288,4718592,3819956,147456,5472,3972884,3815734.0927331722,3815734.0927331722
10,fp8_e4m3_sat,value,ans_lane,256,36,4718592,3824020,18432,684,3843136,3820899.6438890724,3820899.6438890724
10,fp8_e4m3_sat,value,ans_lane,64,72,4718592,3822868,36864,1368,3861100,3819572.8808360253,3819572.8808360253
10,fp8_e4m3_sat,value,ans_lane_shared,16,288,4718592,3826240,0,5472,3831712,3815734.0927331722,3815734.0927331722
10,fp8_e4m3_sat,value,ans_lane_shared,256,36,4718592,3825288,0,684,3825972,3820899.6438890724,3820899.6438890724
10,fp8_e4m3_sat,value,ans_lane_shared,64,72,4718592,3825432,0,1368,3826800,3819572.8808360253,3819572.8808360253
10,fp8_e4m3_sat,value,zstd,64,72,4718592,3811059,0,1368,3812427,3819572.8808360253,3819572.8808360253
11,bf16,key,ans_lane,16,1152,37748736,25682464,1179648,31104,26893216,25648240.69837342,29758414.70095078
11,bf16,key,ans_lane,256,72,37748736,25702168,73728,1944,25777840,25676982.76316753,29784857.112857964
11,bf16,key,ans_lane,64,288,37748736,25697428,294912,7776,26000116,25670427.1564564,29778887.306155697
11,bf16,key,ans_lane_shared,16,1152,37748736,25715264,0,31104,25746368,25648240.69837342,29758414.70095078
11,bf16,key,ans_lane_shared,256,72,37748736,25706252,0,1944,25708196,25676982.76316753,29784857.112857964
11,bf16,key,ans_lane_shared,64,288,37748736,25708060,0,7776,25715836,25670427.1564564,29778887.306155697
11,bf16,key,ans_raw,64,288,37748736,29780408,147456,5472,29933336,25670427.1564564,29778887.306155697
11,bf16,key,zstd,64,288,37748736,29804142,0,5472,29809614,25670427.1564564,29778887.306155697
11,bf16,value,ans_lane,16,1152,37748736,25317000,1179648,31104,26527752,25282723.478289172,29468840.39781592
11,bf16,value,ans_lane,256,72,37748736,25340180,73728,1944,25415852,25314896.781352684,29498386.746832553
11,bf16,value,ans_lane,64,288,37748736,25333752,294912,7776,25636440,25306592.99307157,29490822.95151966
11,bf16,value,ans_lane_shared,16,1152,37748736,25352524,0,31104,25383628,25282723.478289172,29468840.39781592
11,bf16,value,ans_lane_shared,256,72,37748736,25343568,0,1944,25345512,25314896.781352684,29498386.746832553
11,bf16,value,ans_lane_shared,64,288,37748736,25345284,0,7776,25353060,25306592.99307157,29490822.95151966
11,bf16,value,ans_raw,64,288,37748736,29492284,147456,5472,29645212,25306592.99307157,29490822.95151966
11,bf16,value,zstd,64,288,37748736,29353305,0,5472,29358777,25306592.99307157,29490822.95151966
11,fp8_e4m3_sat,key,ans_lane,16,1152,18874368,16041824,589824,21888,16653536,16029149.850485558,16029149.850485558
11,fp8_e4m3_sat,key,ans_lane,256,72,18874368,16058792,36864,1368,16097024,16050735.913065411,16050735.913065411
11,fp8_e4m3_sat,key,ans_lane,64,288,18874368,16053912,147456,5472,16206840,16044867.688703867,16044867.688703867
11,fp8_e4m3_sat,key,ans_lane_shared,16,1152,18874368,16070800,0,21888,16092688,16029149.850485558,16029149.850485558
11,fp8_e4m3_sat,key,ans_lane_shared,256,72,18874368,16066468,0,1368,16067836,16050735.913065411,16050735.913065411
11,fp8_e4m3_sat,key,ans_lane_shared,64,288,18874368,16067356,0,5472,16072828,16044867.688703867,16044867.688703867
11,fp8_e4m3_sat,key,zstd,64,288,18874368,16068310,0,5472,16073782,16044867.688703867,16044867.688703867
11,fp8_e4m3_sat,value,ans_lane,16,1152,18874368,15290868,589824,21888,15902580,15273960.410243493,15273960.410243493
11,fp8_e4m3_sat,value,ans_lane,256,72,18874368,15307344,36864,1368,15345576,15295198.929168312,15295198.929168312
11,fp8_e4m3_sat,value,ans_lane,64,288,18874368,15301808,147456,5472,15454736,15288595.979871862,15288595.979871862
11,fp8_e4m3_sat,value,ans_lane_shared,16,1152,18874368,15314708,0,21888,15336596,15273960.410243493,15273960.410243493
11,fp8_e4m3_sat,value,ans_lane_shared,256,72,18874368,15310368,0,1368,15311736,15295198.929168312,15295198.929168312
11,fp8_e4m3_sat,value,ans_lane_shared,64,288,18874368,15311236,0,5472,15316708,15288595.979871862,15288595.979871862
11,fp8_e4m3_sat,value,zstd,64,288,18874368,15277633,0,5472,15283105,15288595.979871862,15288595.979871862
12,bf16,key,ans_lane,16,5040,165150720,112346532,5160960,136080,117643572,112196552.51809888,130177621.11571844
12,bf16,key,ans_lane,256,324,165150720,112434260,331776,8748,112774784,112323993.4846576,130294631.73718165
12,bf16,key,ans_lane,64,1260,165150720,112413368,1290240,34020,113737628,112295041.02836257,130268326.11819082
12,bf16,key,ans_lane_shared,16,5040,165150720,112493648,0,136080,112629728,112196552.51809888,130177621.11571844
12,bf16,key,ans_lane_shared,256,324,165150720,112454792,0,8748,112463540,112323993.4846576,130294631.73718165
12,bf16,key,ans_lane_shared,64,1260,165150720,112462440,0,34020,112496460,112295041.02836257,130268326.11819082
12,bf16,key,ans_raw,64,1260,165150720,130274992,645120,23940,130944052,112295041.02836257,130268326.11819082
12,bf16,key,zstd,64,1260,165150720,130429191,0,23940,130453131,112295041.02836257,130268326.11819082
12,bf16,value,ans_lane,16,5040,165150720,110774388,5160960,136080,116071428,110623717.52765265,128933972.05620547
12,bf16,value,ans_lane,256,324,165150720,110881388,331776,8748,111221912,110770757.30880497,129068955.1441624
12,bf16,value,ans_lane,64,1260,165150720,110852636,1290240,34020,112176896,110733752.59347136,129035251.26261827
12,bf16,value,ans_lane_shared,16,5040,165150720,110939116,0,136080,111075196,110623717.52765265,128933972.05620547
12,bf16,value,ans_lane_shared,256,324,165150720,110900328,0,8748,110909076,110770757.30880497,129068955.1441624
12,bf16,value,ans_lane_shared,64,1260,165150720,110907940,0,34020,110941960,110733752.59347136,129035251.26261827
12,bf16,value,ans_raw,64,1260,165150720,129041748,645120,23940,129710808,110733752.59347136,129035251.26261827
12,bf16,value,zstd,64,1260,165150720,128552465,0,23940,128576405,110733752.59347136,129035251.26261827
12,fp8_e4m3_sat,key,ans_lane,16,5040,82575360,70154596,2580480,95760,72830836,70099273.8993141,70099273.8993141
12,fp8_e4m3_sat,key,ans_lane,256,324,82575360,70231528,165888,6156,70403572,70196269.22520211,70196269.22520211
12,fp8_e4m3_sat,key,ans_lane,64,1260,82575360,70209324,645120,23940,70878384,70169761.14869624,70169761.14869624
12,fp8_e4m3_sat,key,ans_lane_shared,16,5040,82575360,70286768,0,95760,70382528,70099273.8993141,70099273.8993141
12,fp8_e4m3_sat,key,ans_lane_shared,256,324,82575360,70268100,0,6156,70274256,70196269.22520211,70196269.22520211
12,fp8_e4m3_sat,key,ans_lane_shared,64,1260,82575360,70271844,0,23940,70295784,70169761.14869624,70169761.14869624
12,fp8_e4m3_sat,key,zstd,64,1260,82575360,70287392,0,23940,70311332,70169761.14869624,70169761.14869624
12,fp8_e4m3_sat,value,ans_lane,16,5040,82575360,66908660,2580480,95760,69584900,66834717.27013883,66834717.27013883
12,fp8_e4m3_sat,value,ans_lane,256,324,82575360,66990208,165888,6156,67162252,66937123.43792179,66937123.43792179
12,fp8_e4m3_sat,value,ans_lane,64,1260,82575360,66963920,645120,23940,67632980,66906198.60980952,66906198.60980952
12,fp8_e4m3_sat,value,ans_lane_shared,16,5040,82575360,67027372,0,95760,67123132,66834717.27013883,66834717.27013883
12,fp8_e4m3_sat,value,ans_lane_shared,256,324,82575360,67008476,0,6156,67014632,66937123.43792179,66937123.43792179
12,fp8_e4m3_sat,value,ans_lane_shared,64,1260,82575360,67012196,0,23940,67036136,66906198.60980952,66906198.60980952
12,fp8_e4m3_sat,value,zstd,64,1260,82575360,66895029,0,23940,66918969,66906198.60980952,66906198.60980952
13,bf16,key,ans_lane,16,3600,117964800,80247376,3686400,97200,84030976,80140263.55560042,92983018.82489796
13,bf16,key,ans_lane,256,252,117964800,80310544,258048,6804,80575396,80231607.54558633,93066900.88314609
13,bf16,key,ans_lane,64,900,117964800,80295624,921600,24300,81241524,80211063.83993106,93048212.31596115
13,bf16,key,ans_lane_shared,16,3600,117964800,80354340,0,97200,80451540,80140263.55560042,92983018.82489796
13,bf16,key,ans_lane_shared,256,252,117964800,80326760,0,6804,80333564,80231607.54558633,93066900.88314609
13,bf16,key,ans_lane_shared,64,900,117964800,80332096,0,24300,80356396,80211063.83993106,93048212.31596115
13,bf16,key,ans_raw,64,900,117964800,93052944,460800,17100,93530844,80211063.83993106,93048212.31596115
13,bf16,key,zstd,64,900,117964800,93126085,0,17100,93143185,80211063.83993106,93048212.31596115
13,bf16,value,ans_lane,16,3600,117964800,79125160,3686400,97200,82908760,79017533.98431052,92095629.79310134
13,bf16,value,ans_lane,256,252,117964800,79205332,258048,6804,79470184,79126096.59775142,92195369.18829337
13,bf16,value,ans_lane,64,900,117964800,79182776,921600,24300,80128676,79097886.3636461,92169630.47435084
13,bf16,value,ans_lane_shared,16,3600,117964800,79244880,0,97200,79342080,79017533.98431052,92095629.79310134
13,bf16,value,ans_lane_shared,256,252,117964800,79217268,0,6804,79224072,79126096.59775142,92195369.18829337
13,bf16,value,ans_lane_shared,64,900,117964800,79222492,0,24300,79246792,79097886.3636461,92169630.47435084
13,bf16,value,ans_raw,64,900,117964800,92174304,460800,17100,92652204,79097886.3636461,92169630.47435084
13,bf16,value,zstd,64,900,117964800,91778421,0,17100,91795521,79097886.3636461,92169630.47435084
13,fp8_e4m3_sat,key,ans_lane,16,3600,58982400,50111756,1843200,68400,52023356,50072199.92678186,50072199.92678186
13,fp8_e4m3_sat,key,ans_lane,256,252,58982400,50168004,129024,4788,50301816,50142771.88522263,50142771.88522263
13,fp8_e4m3_sat,key,ans_lane,64,900,58982400,50151780,460800,17100,50629680,50123598.995545484,50123598.995545484
13,fp8_e4m3_sat,key,ans_lane_shared,16,3600,58982400,50209432,0,68400,50277832,50072199.92678186,50072199.92678186
13,fp8_e4m3_sat,key,ans_lane_shared,256,252,58982400,50196056,0,4788,50200844,50142771.88522263,50142771.88522263
13,fp8_e4m3_sat,key,ans_lane_shared,64,900,58982400,50198680,0,17100,50215780,50123598.995545484,50123598.995545484
13,fp8_e4m3_sat,key,zstd,64,900,58982400,50194188,0,17100,50211288,50123598.995545484,50123598.995545484
13,fp8_e4m3_sat,value,ans_lane,16,3600,58982400,47794532,1843200,68400,49706132,47741620.90824001,47741620.90824001
13,fp8_e4m3_sat,value,ans_lane,256,252,58982400,47857192,129024,4788,47991004,47819183.3523151,47819183.3523151
13,fp8_e4m3_sat,value,ans_lane,64,900,58982400,47835988,460800,17100,48313888,47794805.06027146,47794805.06027146
13,fp8_e4m3_sat,value,ans_lane_shared,16,3600,58982400,47881096,0,68400,47949496,47741620.90824001,47741620.90824001
13,fp8_e4m3_sat,value,ans_lane_shared,256,252,58982400,47867756,0,4788,47872544,47819183.3523151,47819183.3523151
13,fp8_e4m3_sat,value,ans_lane_shared,64,900,58982400,47870340,0,17100,47887440,47794805.06027146,47794805.06027146
13,fp8_e4m3_sat,value,zstd,64,900,58982400,47781599,0,17100,47798699,47794805.06027146,47794805.06027146
14,bf16,key,ans_lane,16,8208,268959744,182932596,8404992,221616,191559204,182688537.8281853,211967236.32003376
14,bf16,key,ans_lane,256,540,268959744,183075840,552960,14580,183643380,182896036.72575268,212157858.9874368
14,bf16,key,ans_lane,64,2052,268959744,183042060,2101248,55404,185198712,182849149.98682976,212115170.5343548
14,bf16,key,ans_lane_shared,16,8208,268959744,183175492,0,221616,183397108,182688537.8281853,211967236.32003376
14,bf16,key,ans_lane_shared,256,540,268959744,183112208,0,14580,183126788,182896036.72575268,212157858.9874368
14,bf16,key,ans_lane_shared,64,2052,268959744,183124748,0,55404,183180152,182849149.98682976,212115170.5343548
14,bf16,key,ans_raw,64,2052,268959744,212125992,1050624,38988,213215604,182849149.98682976,212115170.5343548
14,bf16,key,zstd,64,2052,268959744,212358923,0,38988,212397911,182849149.98682976,212115170.5343548
14,bf16,value,ans_lane,16,8208,268959744,180401136,8404992,221616,189027744,180156067.78684843,209978115.24860168
14,bf16,value,ans_lane,256,540,268959744,180573884,552960,14580,181141424,180393632.06607872,210196370.42595163
14,bf16,value,ans_lane,64,2052,268959744,180528092,2101248,55404,182684744,180334477.1846261,210142492.07721588
14,bf16,value,ans_lane_shared,16,8208,268959744,180666444,0,221616,180888060,180156067.78684843,209978115.24860168
14,bf16,value,ans_lane_shared,256,540,268959744,180603132,0,14580,180617712,180393632.06607872,210196370.42595163
14,bf16,value,ans_lane_shared,64,2052,268959744,180615784,0,55404,180671188,180334477.1846261,210142492.07721588
14,bf16,value,ans_raw,64,2052,268959744,210153232,1050624,38988,211242844,180334477.1846261,210142492.07721588
14,bf16,value,zstd,64,2052,268959744,209332742,0,38988,209371730,180334477.1846261,210142492.07721588
14,fp8_e4m3_sat,key,ans_lane,16,8208,134479872,114232736,4202496,155952,118591184,114142567.12893975,114142567.12893975
14,fp8_e4m3_sat,key,ans_lane,256,540,134479872,114358432,276480,10260,114645172,114300884.7148881,114300884.7148881
14,fp8_e4m3_sat,key,ans_lane,64,2052,134479872,114322500,1050624,38988,115412112,114258165.08562312,114258165.08562312
14,fp8_e4m3_sat,key,ans_lane_shared,16,8208,134479872,114455236,0,155952,114611188,114142567.12893975,114142567.12893975
14,fp8_e4m3_sat,key,ans_lane_shared,256,540,134479872,114424744,0,10260,114435004,114300884.7148881,114300884.7148881
14,fp8_e4m3_sat,key,ans_lane_shared,64,2052,134479872,114430684,0,38988,114469672,114258165.08562312,114258165.08562312
14,fp8_e4m3_sat,key,zstd,64,2052,134479872,114436080,0,38988,114475068,114258165.08562312,114258165.08562312
14,fp8_e4m3_sat,value,ans_lane,16,8208,134479872,108989200,4202496,155952,113347648,108868772.01655917,108868772.01655917
14,fp8_e4m3_sat,value,ans_lane,256,540,134479872,109119036,276480,10260,109405776,109032698.13646245,109032698.13646245
14,fp8_e4m3_sat,value,ans_lane,64,2052,134479872,109078052,1050624,38988,110167664,108984052.10691705,108984052.10691705
14,fp8_e4m3_sat,value,ans_lane_shared,16,8208,134479872,109176868,0,155952,109332820,108868772.01655917,108868772.01655917
14,fp8_e4m3_sat,value,ans_lane_shared,256,540,134479872,109146160,0,10260,109156420,109032698.13646245,109032698.13646245
14,fp8_e4m3_sat,value,ans_lane_shared,64,2052,134479872,109152128,0,38988,109191116,108984052.10691705,108984052.10691705
14,fp8_e4m3_sat,value,zstd,64,2052,134479872,108959087,0,38988,108998075,108984052.10691705,108984052.10691705
15,bf16,key,ans_lane,16,7920,259522560,176529116,8110080,213840,184853036,176293428.85274652,204543026.69236153
15,bf16,key,ans_lane,256,504,259522560,176667840,516096,13608,177197544,176494548.16387168,204727614.01995906
15,bf16,key,ans_lane,64,1980,259522560,176634832,2027520,53460,178715812,176448798.5858846,204686035.2248835
15,bf16,key,ans_lane_shared,16,7920,259522560,176762908,0,213840,176976748,176293428.85274652,204543026.69236153
15,bf16,key,ans_lane_shared,256,504,259522560,176701708,0,13608,176715316,176494548.16387168,204727614.01995906
15,bf16,key,ans_lane_shared,64,1980,259522560,176713960,0,53460,176767420,176448798.5858846,204686035.2248835
15,bf16,key,ans_raw,64,1980,259522560,204696500,1013760,37620,205747880,176448798.5858846,204686035.2248835
15,bf16,key,zstd,64,1980,259522560,204891682,0,37620,204929302,176448798.5858846,204686035.2248835
15,bf16,value,ans_lane,16,7920,259522560,174086864,8110080,213840,182410784,173850596.09169853,202622177.80378065
15,bf16,value,ans_lane,256,504,259522560,174255904,516096,13608,174785608,174082016.923446,202834351.89384332
15,bf16,value,ans_lane,64,1980,259522560,174210272,2027520,53460,176291252,174023359.71454385,202780986.61484435
15,bf16,value,ans_lane_shared,16,7920,259522560,174345812,0,213840,174559652,173850596.09169853,202622177.80378065
15,bf16,value,ans_lane_shared,256,504,259522560,174284664,0,13608,174298272,174082016.923446,202834351.89384332
15,bf16,value,ans_lane_shared,64,1980,259522560,174296768,0,53460,174350228,174023359.71454385,202780986.61484435
15,bf16,value,ans_raw,64,1980,259522560,202791368,1013760,37620,203842748,174023359.71454385,202780986.61484435
15,bf16,value,zstd,64,1980,259522560,201937185,0,37620,201974805,174023359.71454385,202780986.61484435
15,fp8_e4m3_sat,key,ans_lane,16,7920,129761280,110280108,4055040,150480,114485628,110192858.15330972,110192858.15330972
15,fp8_e4m3_sat,key,ans_lane,256,504,129761280,110403396,258048,9576,110671020,110347896.63707277,110347896.63707277
15,fp8_e4m3_sat,key,ans_lane,64,1980,129761280,110367684,1013760,37620,111419064,110305462.73472326,110305462.73472326
15,fp8_e4m3_sat,key,ans_lane_shared,16,7920,129761280,110499616,0,150480,110650096,110192858.15330972,110192858.15330972
15,fp8_e4m3_sat,key,ans_lane_shared,256,504,129761280,110470184,0,9576,110479760,110347896.63707277,110347896.63707277
15,fp8_e4m3_sat,key,ans_lane_shared,64,1980,129761280,110476132,0,37620,110513752,110305462.73472326,110305462.73472326
15,fp8_e4m3_sat,key,zstd,64,1980,129761280,110466349,0,37620,110503969,110305462.73472326,110305462.73472326
15,fp8_e4m3_sat,value,ans_lane,16,7920,129761280,105158552,4055040,150480,109364072,105042350.2029328,105042350.2029328
15,fp8_e4m3_sat,value,ans_lane,256,504,129761280,105285416,258048,9576,105553040,105202224.85102776,105202224.85102776
15,fp8_e4m3_sat,value,ans_lane,64,1980,129761280,105244636,1013760,37620,106296016,105153941.54995395,105153941.54995395
15,fp8_e4m3_sat,value,ans_lane_shared,16,7920,129761280,105342432,0,150480,105492912,105042350.2029328,105042350.2029328
15,fp8_e4m3_sat,value,ans_lane_shared,256,504,129761280,105312760,0,9576,105322336,105202224.85102776,105202224.85102776
15,fp8_e4m3_sat,value,ans_lane_shared,64,1980,129761280,105318696,0,37620,105356316,105153941.54995395,105153941.54995395
15,fp8_e4m3_sat,value,zstd,64,1980,129761280,105119540,0,37620,105157160,105153941.54995395,105153941.54995395
16,bf16,key,ans_lane,16,5760,188743680,128341108,5898240,155520,134394868,128169715.00641145,148716044.8161605
16,bf16,key,ans_lane,256,360,188743680,128443136,368640,9720,128821496,128317186.02685921,148851435.9756383
16,bf16,key,ans_lane,64,1440,188743680,128418996,1474560,38880,129932436,128283633.02716894,148820890.1662443
16,bf16,key,ans_lane_shared,16,5760,188743680,128514572,0,155520,128670092,128169715.00641145,148716044.8161605
16,bf16,key,ans_lane_shared,256,360,188743680,128470088,0,9720,128479808,128317186.02685921,148851435.9756383
16,bf16,key,ans_lane_shared,64,1440,188743680,128478936,0,38880,128517816,128283633.02716894,148820890.1662443
16,bf16,key,ans_raw,64,1440,188743680,148828492,737280,27360,149593132,128283633.02716894,148820890.1662443
16,bf16,key,zstd,64,1440,188743680,148984652,0,27360,149012012,128283633.02716894,148820890.1662443
16,bf16,value,ans_lane,16,5760,188743680,126604300,5898240,155520,132658060,126432257.85779116,147357065.80986932
16,bf16,value,ans_lane,256,360,188743680,126728992,368640,9720,127107352,126602656.20522211,147513456.7324295
16,bf16,value,ans_lane,64,1440,188743680,126695088,1474560,38880,128208528,126559189.75424865,147473850.2888143
16,bf16,value,ans_lane_shared,16,5760,188743680,126795420,0,155520,126950940,126432257.85779116,147357065.80986932
16,bf16,value,ans_lane_shared,256,360,188743680,126750872,0,9720,126760592,126602656.20522211,147513456.7324295
16,bf16,value,ans_lane_shared,64,1440,188743680,126759636,0,38880,126798516,126559189.75424865,147473850.2888143
16,bf16,value,ans_raw,64,1440,188743680,147481436,737280,27360,148246076,126559189.75424865,147473850.2888143
16,bf16,value,zstd,64,1440,188743680,146949871,0,27360,146977231,126559189.75424865,147473850.2888143
16,fp8_e4m3_sat,key,ans_lane,16,5760,94371840,80179364,2949120,109440,83237924,80115806.48126644,80115806.48126644
16,fp8_e4m3_sat,key,ans_lane,256,360,94371840,80270452,184320,6840,80461612,80230138.63785441,80230138.63785441
16,fp8_e4m3_sat,key,ans_lane,64,1440,94371840,80244984,737280,27360,81009624,80199768.38100654,80199768.38100654
16,fp8_e4m3_sat,key,ans_lane_shared,16,5760,94371840,80343632,0,109440,80453072,80115806.48126644,80115806.48126644
16,fp8_e4m3_sat,key,ans_lane_shared,256,360,94371840,80322184,0,6840,80329024,80230138.63785441,80230138.63785441
16,fp8_e4m3_sat,key,ans_lane_shared,64,1440,94371840,80326440,0,27360,80353800,80199768.38100654,80199768.38100654
16,fp8_e4m3_sat,key,zstd,64,1440,94371840,80348176,0,27360,80375536,80199768.38100654,80199768.38100654
16,fp8_e4m3_sat,value,ans_lane,16,5760,94371840,76471428,2949120,109440,79529988,76386852.60529369,76386852.60529369
16,fp8_e4m3_sat,value,ans_lane,256,360,94371840,76566880,184320,6840,76758040,76506267.07329273,76506267.07329273
16,fp8_e4m3_sat,value,ans_lane,64,1440,94371840,76536120,737280,27360,77300760,76470062.01360673,76470062.01360673
16,fp8_e4m3_sat,value,ans_lane_shared,16,5760,94371840,76609728,0,109440,76719168,76386852.60529369,76386852.60529369
16,fp8_e4m3_sat,value,ans_lane_shared,256,360,94371840,76588168,0,6840,76595008,76506267.07329273,76506267.07329273
16,fp8_e4m3_sat,value,ans_lane_shared,64,1440,94371840,76592352,0,27360,76619712,76470062.01360673,76470062.01360673
16,fp8_e4m3_sat,value,zstd,64,1440,94371840,76489922,0,27360,76517282,76470062.01360673,76470062.01360673
17,bf16,key,ans_lane,16,26496,868220928,590463648,27131904,715392,618310944,589674877.7332091,684198414.8147593
17,bf16,key,ans_lane,256,1656,868220928,590927672,1695744,44712,592668128,590348053.0489318,684816986.7886484
17,bf16,key,ans_lane,64,6624,868220928,590816908,6782976,178848,597778732,590194436.6634738,684677003.7310424
17,bf16,key,ans_lane_shared,16,26496,868220928,591260408,0,715392,591975800,589674877.7332091,684198414.8147593
17,bf16,key,ans_lane_shared,256,1656,868220928,591055036,0,44712,591099748,590348053.0489318,684816986.7886484
17,bf16,key,ans_lane_shared,64,6624,868220928,591096136,0,178848,591274984,590194436.6634738,684677003.7310424
17,bf16,key,ans_raw,64,6624,868220928,684711956,3391488,125856,688229300,590194436.6634738,684677003.7310424
17,bf16,key,zstd,64,6624,868220928,685453241,0,125856,685579097,590194436.6634738,684677003.7310424
17,bf16,value,ans_lane,16,26496,868220928,582409940,27131904,715392,610257236,581618702.7286663,677870776.0440785
17,bf16,value,ans_lane,256,1656,868220928,582972364,1695744,44712,584712820,582391154.241756,678579780.1610757
17,bf16,value,ans_lane,64,6624,868220928,582824720,6782976,178848,589786544,582199469.5870818,678405251.6656032
17,bf16,value,ans_lane_shared,16,26496,868220928,583280104,0,715392,583995496,581618702.7286663,677870776.0440785
17,bf16,value,ans_lane_shared,256,1656,868220928,583075276,0,44712,583119988,582391154.241756,678579780.1610757
17,bf16,value,ans_lane_shared,64,6624,868220928,583116456,0,178848,583295304,582199469.5870818,678405251.6656032
17,bf16,value,ans_raw,64,6624,868220928,678439844,3391488,125856,681957188,582199469.5870818,678405251.6656032
17,bf16,value,zstd,64,6624,868220928,675787300,0,125856,675913156,582199469.5870818,678405251.6656032
17,fp8_e4m3_sat,key,ans_lane,16,26496,434110464,368862776,13565952,503424,382932152,368570665.5646083,368570665.5646083
17,fp8_e4m3_sat,key,ans_lane,256,1656,434110464,369270392,847872,31464,370149728,369084763.3879641,369084763.3879641
17,fp8_e4m3_sat,key,ans_lane,64,6624,434110464,369153320,3391488,125856,372670664,368945115.3736114,368945115.3736114
17,fp8_e4m3_sat,key,ans_lane_shared,16,26496,434110464,369640712,0,503424,370144136,368570665.5646083,368570665.5646083
17,fp8_e4m3_sat,key,ans_lane_shared,256,1656,434110464,369541640,0,31464,369573104,369084763.3879641,369084763.3879641
17,fp8_e4m3_sat,key,ans_lane_shared,64,6624,434110464,369561540,0,125856,369687396,368945115.3736114,368945115.3736114
17,fp8_e4m3_sat,key,zstd,64,6624,434110464,369519028,0,125856,369644884,368945115.3736114,368945115.3736114
17,fp8_e4m3_sat,value,ans_lane,16,26496,434110464,351828940,13565952,503424,365898316,351439413.05782324,351439413.05782324
17,fp8_e4m3_sat,value,ans_lane,256,1656,434110464,352252180,847872,31464,353131516,351973325.7626238,351973325.7626238
17,fp8_e4m3_sat,value,ans_lane,64,6624,434110464,352121032,3391488,125856,355638376,351817569.34224856,351817569.34224856
17,fp8_e4m3_sat,value,ans_lane_shared,16,26496,434110464,352451892,0,503424,352955316,351439413.05782324,351439413.05782324
17,fp8_e4m3_sat,value,ans_lane_shared,256,1656,434110464,352352808,0,31464,352384272,351973325.7626238,351973325.7626238
17,fp8_e4m3_sat,value,ans_lane_shared,64,6624,434110464,352372564,0,125856,352498420,351817569.34224856,351817569.34224856
17,fp8_e4m3_sat,value,zstd,64,6624,434110464,351758236,0,125856,351884092,351817569.34224856,351817569.34224856
18,bf16,key,ans_lane,16,3600,117964800,80221648,3686400,97200,84005248,80114639.76290242,92957403.98404278
18,bf16,key,ans_lane,256,252,117964800,80283712,258048,6804,80548564,80204697.05348676,93040139.19667788
18,bf16,key,ans_lane,64,900,117964800,80269828,921600,24300,81215728,80185278.6582052,93022442.76650415
18,bf16,key,ans_lane_shared,16,3600,117964800,80330356,0,97200,80427556,80114639.76290242,92957403.98404278
18,bf16,key,ans_lane_shared,256,252,117964800,80302920,0,6804,80309724,80204697.05348676,93040139.19667788
18,bf16,key,ans_lane_shared,64,900,117964800,80308248,0,24300,80332548,80185278.6582052,93022442.76650415
18,bf16,key,ans_raw,64,900,117964800,93027200,460800,17100,93505100,80185278.6582052,93022442.76650415
18,bf16,key,zstd,64,900,117964800,93115696,0,17100,93132796,80185278.6582052,93022442.76650415
18,bf16,value,ans_lane,16,3600,117964800,79123784,3686400,97200,82907384,79016055.53058082,92094055.65906349
18,bf16,value,ans_lane,256,252,117964800,79198548,258048,6804,79463400,79119334.42573376,92188888.79845746
18,bf16,value,ans_lane,64,900,117964800,79181276,921600,24300,80127176,79096292.2373385,92167914.14444286
18,bf16,value,ans_lane_shared,16,3600,117964800,79244660,0,97200,79341860,79016055.53058082,92094055.65906349
18,bf16,value,ans_lane_shared,256,252,117964800,79217100,0,6804,79223904,79119334.42573376,92188888.79845746
18,bf16,value,ans_lane_shared,64,900,117964800,79222444,0,24300,79246744,79096292.2373385,92167914.14444286
18,bf16,value,ans_raw,64,900,117964800,92172612,460800,17100,92650512,79096292.2373385,92167914.14444286
18,bf16,value,zstd,64,900,117964800,91827072,0,17100,91844172,79096292.2373385,92167914.14444286
18,fp8_e4m3_sat,key,ans_lane,16,3600,58982400,50122700,1843200,68400,52034300,50082961.75382728,50082961.75382728
18,fp8_e4m3_sat,key,ans_lane,256,252,58982400,50177044,129024,4788,50310856,50151732.450767875,50151732.450767875
18,fp8_e4m3_sat,key,ans_lane,64,900,58982400,50162972,460800,17100,50640872,50134718.532248676,50134718.532248676
18,fp8_e4m3_sat,key,ans_lane_shared,16,3600,58982400,50235788,0,68400,50304188,50082961.75382728,50082961.75382728
18,fp8_e4m3_sat,key,ans_lane_shared,256,252,58982400,50222444,0,4788,50227232,50151732.450767875,50151732.450767875
18,fp8_e4m3_sat,key,ans_lane_shared,64,900,58982400,50224968,0,17100,50242068,50134718.532248676,50134718.532248676
18,fp8_e4m3_sat,key,zstd,64,900,58982400,50212476,0,17100,50229576,50134718.532248676,50134718.532248676
18,fp8_e4m3_sat,value,ans_lane,16,3600,58982400,47795628,1843200,68400,49707228,47742586.97753348,47742586.97753348
18,fp8_e4m3_sat,value,ans_lane,256,252,58982400,47851308,129024,4788,47985120,47813322.197653994,47813322.197653994
18,fp8_e4m3_sat,value,ans_lane,64,900,58982400,47837016,460800,17100,48314916,47795732.79247541,47795732.79247541
18,fp8_e4m3_sat,value,ans_lane_shared,16,3600,58982400,47884016,0,68400,47952416,47742586.97753348,47742586.97753348
18,fp8_e4m3_sat,value,ans_lane_shared,256,252,58982400,47870652,0,4788,47875440,47813322.197653994,47813322.197653994
18,fp8_e4m3_sat,value,ans_lane_shared,64,900,58982400,47873264,0,17100,47890364,47795732.79247541,47795732.79247541
18,fp8_e4m3_sat,value,zstd,64,900,58982400,47788992,0,17100,47806092,47795732.79247541,47795732.79247541
19,bf16,key,ans_lane,16,8064,264241152,179729132,8257536,217728,188204396,179489383.41227502,208253878.05710292
19,bf16,key,ans_lane,256,504,264241152,179871228,516096,13608,180400932,179694803.49999043,208442608.25260228
19,bf16,key,ans_lane,64,2016,264241152,179837620,2064384,54432,181956436,179648100.76725084,208400048.92439428
19,bf16,key,ans_lane_shared,16,8064,264241152,179974408,0,217728,180192136,179489383.41227502,208253878.05710292
19,bf16,key,ans_lane_shared,256,504,264241152,179912128,0,13608,179925736,179694803.49999043,208442608.25260228
19,bf16,key,ans_lane_shared,64,2016,264241152,179924412,0,54432,179978844,179648100.76725084,208400048.92439428
19,bf16,key,ans_raw,64,2016,264241152,208410688,1032192,38304,209481184,179648100.76725084,208400048.92439428
19,bf16,key,zstd,64,2016,264241152,208634496,0,38304,208672800,179648100.76725084,208400048.92439428
19,bf16,value,ans_lane,16,8064,264241152,177272976,8257536,217728,185748240,177031909.34872058,206322360.10793558
19,bf16,value,ans_lane,256,504,264241152,177441396,516096,13608,177971100,177264519.7220262,206535860.42535353
19,bf16,value,ans_lane,64,2016,264241152,177395528,2064384,54432,179514344,177205237.8815827,206481821.24977997
19,bf16,value,ans_lane_shared,16,8064,264241152,177546484,0,217728,177764212,177031909.34872058,206322360.10793558
19,bf16,value,ans_lane_shared,256,504,264241152,177484312,0,13608,177497920,177264519.7220262,206535860.42535353
19,bf16,value,ans_lane_shared,64,2016,264241152,177496808,0,54432,177551240,177205237.8815827,206481821.24977997
19,bf16,value,ans_raw,64,2016,264241152,206492428,1032192,38304,207562924,177205237.8815827,206481821.24977997
19,bf16,value,zstd,64,2016,264241152,205732335,0,38304,205770639,177205237.8815827,206481821.24977997
19,fp8_e4m3_sat,key,ans_lane,16,8064,132120576,112315616,4128768,153216,116597600,112226584.46436478,112226584.46436478
19,fp8_e4m3_sat,key,ans_lane,256,504,132120576,112440952,258048,9576,112708576,112384496.15036447,112384496.15036447
19,fp8_e4m3_sat,key,ans_lane,64,2016,132120576,112404712,1032192,38304,113475208,112341455.86067833,112341455.86067833
19,fp8_e4m3_sat,key,ans_lane_shared,16,8064,132120576,112569036,0,153216,112722252,112226584.46436478,112226584.46436478
19,fp8_e4m3_sat,key,ans_lane_shared,256,504,132120576,112538960,0,9576,112548536,112384496.15036447,112384496.15036447
19,fp8_e4m3_sat,key,ans_lane_shared,64,2016,132120576,112544876,0,38304,112583180,112341455.86067833,112341455.86067833
19,fp8_e4m3_sat,key,zstd,64,2016,132120576,112526357,0,38304,112564661,112341455.86067833,112341455.86067833
19,fp8_e4m3_sat,value,ans_lane,16,8064,132120576,107088492,4128768,153216,111370476,106969980.24537776,106969980.24537776
19,fp8_e4m3_sat,value,ans_lane,256,504,132120576,107213576,258048,9576,107481200,107128702.03720771,107128702.03720771
19,fp8_e4m3_sat,value,ans_lane,64,2016,132120576,107172916,1032192,38304,108243412,107080456.0604715,107080456.0604715
19,fp8_e4m3_sat,value,ans_lane_shared,16,8064,132120576,107289224,0,153216,107442440,106969980.24537776,106969980.24537776
19,fp8_e4m3_sat,value,ans_lane_shared,256,504,132120576,107258992,0,9576,107268568,107128702.03720771,107128702.03720771
19,fp8_e4m3_sat,value,ans_lane_shared,64,2016,132120576,107265004,0,38304,107303308,107080456.0604715,107080456.0604715
19,fp8_e4m3_sat,value,zstd,64,2016,132120576,107081190,0,38304,107119494,107080456.0604715,107080456.0604715
2,bf16,key,ans_lane,16,720,23592960,16040496,737280,19440,16797216,16019085.763293447,18586939.38666407
2,bf16,key,ans_lane,256,72,23592960,16052724,73728,1944,16128396,16036743.239566348,18603170.65273689
2,bf16,key,ans_lane,64,180,23592960,16050160,184320,4860,16239340,16033258.265590489,18600009.84444705
2,bf16,key,ans_lane_shared,16,720,23592960,16061600,0,19440,16081040,16019085.763293447,18586939.38666407
2,bf16,key,ans_lane_shared,256,72,23592960,16056260,0,1944,16058204,16036743.239566348,18603170.65273689
2,bf16,key,ans_lane_shared,64,180,23592960,16057156,0,4860,16062016,16033258.265590489,18600009.84444705
2,bf16,key,ans_raw,64,180,23592960,18600960,92160,3420,18696540,16033258.265590489,18600009.84444705
2,bf16,key,zstd,64,180,23592960,18610620,0,3420,18614040,16033258.265590489,18600009.84444705
2,bf16,value,ans_lane,16,720,23592960,15820240,737280,19440,16576960,15798707.365412291,18415337.33965651
2,bf16,value,ans_lane,256,72,23592960,15834712,73728,1944,15910384,15818679.565341525,18433709.237791896
2,bf16,value,ans_lane,64,180,23592960,15831316,184320,4860,16020496,15814310.710487466,18429708.922330387
2,bf16,value,ans_lane_shared,16,720,23592960,15843112,0,19440,15862552,15798707.365412291,18415337.33965651
2,bf16,value,ans_lane_shared,256,72,23592960,15837756,0,1944,15839700,15818679.565341525,18433709.237791896
2,bf16,value,ans_lane_shared,64,180,23592960,15838668,0,4860,15843528,15814310.710487466,18429708.922330387
2,bf16,value,ans_raw,64,180,23592960,18430676,92160,3420,18526256,15814310.710487466,18429708.922330387
2,bf16,value,zstd,64,180,23592960,18345043,0,3420,18348463,15814310.710487466,18429708.922330387
2,fp8_e4m3_sat,key,ans_lane,16,720,11796480,10015940,368640,13680,10398260,10008030.17885817,10008030.17885817
2,fp8_e4m3_sat,key,ans_lane,256,72,11796480,10026328,36864,1368,10064560,10021182.840521734,10021182.840521734
2,fp8_e4m3_sat,key,ans_lane,64,180,11796480,10023612,92160,3420,10119192,10017968.501330439,10017968.501330439
2,fp8_e4m3_sat,key,ans_lane_shared,16,720,11796480,10034504,0,13680,10048184,10008030.17885817,10008030.17885817
2,fp8_e4m3_sat,key,ans_lane_shared,256,72,11796480,10031916,0,1368,10033284,10021182.840521734,10021182.840521734
2,fp8_e4m3_sat,key,ans_lane_shared,64,180,11796480,10032344,0,3420,10035764,10017968.501330439,10017968.501330439
2,fp8_e4m3_sat,key,zstd,64,180,11796480,10033054,0,3420,10036474,10017968.501330439,10017968.501330439
2,fp8_e4m3_sat,value,ans_lane,16,720,11796480,9556192,368640,13680,9938512,9545618.177310688,9545618.177310688
2,fp8_e4m3_sat,value,ans_lane,256,72,11796480,9567028,36864,1368,9605260,9559296.657661121,9559296.657661121
2,fp8_e4m3_sat,value,ans_lane,64,180,11796480,9563952,92160,3420,9659532,9555676.988710804,9555676.988710804
2,fp8_e4m3_sat,value,ans_lane_shared,16,720,11796480,9572184,0,13680,9585864,9545618.177310688,9545618.177310688
2,fp8_e4m3_sat,value,ans_lane_shared,256,72,11796480,9569608,0,1368,9570976,9559296.657661121,9559296.657661121
2,fp8_e4m3_sat,value,ans_lane_shared,64,180,11796480,9570056,0,3420,9573476,9555676.988710804,9555676.988710804
2,fp8_e4m3_sat,value,zstd,64,180,11796480,9547818,0,3420,9551238,9555676.988710804,9555676.988710804
20,bf16,key,ans_lane,16,576,18874368,12837064,589824,15552,13442440,12819919.988865688,14875163.358171431
20,bf16,key,ans_lane,256,36,18874368,12847120,36864,972,12884956,12834525.381640995,14888564.17989107
20,bf16,key,ans_lane,64,144,18874368,12844636,147456,3888,12995980,12831107.783527391,14885465.006472675
20,bf16,key,ans_lane_shared,16,576,18874368,12854344,0,15552,12869896,12819919.988865688,14875163.358171431
20,bf16,key,ans_lane_shared,256,36,18874368,12849824,0,972,12850796,12834525.381640995,14888564.17989107
20,bf16,key,ans_lane_shared,64,144,18874368,12850716,0,3888,12854604,12831107.783527391,14885465.006472675
20,bf16,key,ans_raw,64,144,18874368,14886212,73728,2736,14962676,12831107.783527391,14885465.006472675
20,bf16,key,zstd,64,144,18874368,14878678,0,2736,14881414,12831107.783527391,14885465.006472675
20,bf16,value,ans_lane,16,576,18874368,12660896,589824,15552,13266272,12643655.255205445,14735846.556291744
20,bf16,value,ans_lane,256,36,18874368,12673764,36864,972,12711600,12661120.128480671,14751882.930235019
20,bf16,value,ans_lane,64,144,18874368,12669852,147456,3888,12821196,12656271.143481322,14747455.531883847
20,bf16,value,ans_lane_shared,16,576,18874368,12681316,0,15552,12696868,12643655.255205445,14735846.556291744
20,bf16,value,ans_lane_shared,256,36,18874368,12676792,0,972,12677764,12661120.128480671,14751882.930235019
20,bf16,value,ans_lane_shared,64,144,18874368,12677676,0,3888,12681564,12656271.143481322,14747455.531883847
20,bf16,value,ans_raw,64,144,18874368,14748200,73728,2736,14824664,12656271.143481322,14747455.531883847
20,bf16,value,zstd,64,144,18874368,14642437,0,2736,14645173,12656271.143481322,14747455.531883847
20,fp8_e4m3_sat,key,ans_lane,16,576,9437184,8019204,294912,10944,8325060,8012881.550418043,8012881.550418043
20,fp8_e4m3_sat,key,ans_lane,256,36,9437184,8028188,18432,684,8047304,8024164.523665571,8024164.523665571
20,fp8_e4m3_sat,key,ans_lane,64,144,9437184,8025352,73728,2736,8101816,8020856.970631028,8020856.970631028
20,fp8_e4m3_sat,key,ans_lane_shared,16,576,9437184,8037368,0,10944,8048312,8012881.550418043,8012881.550418043
20,fp8_e4m3_sat,key,ans_lane_shared,256,36,9437184,8035216,0,684,8035900,8024164.523665571,8024164.523665571
20,fp8_e4m3_sat,key,ans_lane_shared,64,144,9437184,8035624,0,2736,8038360,8020856.970631028,8020856.970631028
20,fp8_e4m3_sat,key,zstd,64,144,9437184,8017573,0,2736,8020309,8020856.970631028,8020856.970631028
20,fp8_e4m3_sat,value,ans_lane,16,576,9437184,7641092,294912,10944,7946948,7632612.3902670285,7632612.3902670285
20,fp8_e4m3_sat,value,ans_lane,256,36,9437184,7651052,18432,684,7670168,7644977.09138055,7644977.09138055
20,fp8_e4m3_sat,value,ans_lane,64,144,9437184,7647384,73728,2736,7723848,7640772.521884947,7640772.521884947
20,fp8_e4m3_sat,value,ans_lane_shared,16,576,9437184,7656512,0,10944,7667456,7632612.3902670285,7632612.3902670285
20,fp8_e4m3_sat,value,ans_lane_shared,256,36,9437184,7654340,0,684,7655024,7644977.09138055,7644977.09138055
20,fp8_e4m3_sat,value,ans_lane_shared,64,144,9437184,7654788,0,2736,7657524,7640772.521884947,7640772.521884947
20,fp8_e4m3_sat,value,zstd,64,144,9437184,7620192,0,2736,7622928,7640772.521884947,7640772.521884947
21,bf16,key,ans_lane,16,5616,184025088,125120984,5750784,151632,131023400,124953939.52412339,144987319.31579882
21,bf16,key,ans_lane,256,360,184025088,125218796,368640,9720,125597156,125095869.5394006,145117684.67552912
21,bf16,key,ans_lane,64,1404,184025088,125195220,1437696,37908,126670824,125063258.92506169,145088034.39568722
21,bf16,key,ans_lane_shared,16,5616,184025088,125292744,0,151632,125444376,124953939.52412339,144987319.31579882
21,bf16,key,ans_lane_shared,256,360,184025088,125249276,0,9720,125258996,125095869.5394006,145117684.67552912
21,bf16,key,ans_lane_shared,64,1404,184025088,125257920,0,37908,125295828,125063258.92506169,145088034.39568722
21,bf16,key,ans_raw,64,1404,184025088,145095484,718848,26676,145841008,125063258.92506169,145088034.39568722
21,bf16,key,zstd,64,1404,184025088,145177601,0,26676,145204277,125063258.92506169,145088034.39568722
21,bf16,value,ans_lane,16,5616,184025088,123471364,5750784,151632,129373780,123303582.29773419,143699582.80574235
21,bf16,value,ans_lane,256,360,184025088,123589420,368640,9720,123967780,123466154.41711001,143848895.14506692
21,bf16,value,ans_lane,64,1404,184025088,123557324,1437696,37908,125032928,123424833.98169115,143811218.01638472
21,bf16,value,ans_lane_shared,16,5616,184025088,123663736,0,151632,123815368,123303582.29773419,143699582.80574235
21,bf16,value,ans_lane_shared,256,360,184025088,123620548,0,9720,123630268,123466154.41711001,143848895.14506692
21,bf16,value,ans_lane_shared,64,1404,184025088,123629160,0,37908,123667068,123424833.98169115,143811218.01638472
21,bf16,value,ans_raw,64,1404,184025088,143818572,718848,26676,144564096,123424833.98169115,143811218.01638472
21,bf16,value,zstd,64,1404,184025088,143078912,0,26676,143105588,123424833.98169115,143811218.01638472
21,fp8_e4m3_sat,key,ans_lane,16,5616,92012544,78175776,2875392,106704,81157872,78113831.36932772,78113831.36932772
21,fp8_e4m3_sat,key,ans_lane,256,360,92012544,78261788,184320,6840,78452948,78222410.08567259,78222410.08567259
21,fp8_e4m3_sat,key,ans_lane,64,1404,92012544,78236436,718848,26676,78981960,78192352.47929665,78192352.47929665
21,fp8_e4m3_sat,key,ans_lane_shared,16,5616,92012544,78352228,0,106704,78458932,78113831.36932772,78113831.36932772
21,fp8_e4m3_sat,key,ans_lane_shared,256,360,92012544,78331360,0,6840,78338200,78222410.08567259,78222410.08567259
21,fp8_e4m3_sat,key,ans_lane_shared,64,1404,92012544,78335432,0,26676,78362108,78192352.47929665,78192352.47929665
21,fp8_e4m3_sat,key,zstd,64,1404,92012544,78259559,0,26676,78286235,78192352.47929665,78192352.47929665
21,fp8_e4m3_sat,value,ans_lane,16,5616,92012544,74573968,2875392,106704,77556064,74491480.29729635,74491480.29729635
21,fp8_e4m3_sat,value,ans_lane,256,360,92012544,74662380,184320,6840,74853540,74603221.57438765,74603221.57438765
21,fp8_e4m3_sat,value,ans_lane,64,1404,92012544,74633496,718848,26676,75379020,74569149.35963553,74569149.35963553
21,fp8_e4m3_sat,value,ans_lane_shared,16,5616,92012544,74716744,0,106704,74823448,74491480.29729635,74491480.29729635
21,fp8_e4m3_sat,value,ans_lane_shared,256,360,92012544,74695664,0,6840,74702504,74603221.57438765,74603221.57438765
21,fp8_e4m3_sat,value,ans_lane_shared,64,1404,92012544,74699896,0,26676,74726572,74569149.35963553,74569149.35963553
21,fp8_e4m3_sat,value,zstd,64,1404,92012544,74490435,0,26676,74517111,74569149.35963553,74569149.35963553
22,bf16,key,ans_lane,16,3744,122683392,83414024,3833856,101088,87348968,83302559.28272486,96655589.25950547
22,bf16,key,ans_lane,256,252,122683392,83480304,258048,6804,83745156,83398257.6227477,96743465.22416142
22,bf16,key,ans_lane,64,936,122683392,83464288,958464,25272,84448024,83376344.13312997,96723532.17631003
22,bf16,key,ans_lane_shared,16,3744,122683392,83531048,0,101088,83632136,83302559.28272486,96655589.25950547
22,bf16,key,ans_lane_shared,256,252,122683392,83502216,0,6804,83509020,83398257.6227477,96743465.22416142
22,bf16,key,ans_lane_shared,64,936,122683392,83507788,0,25272,83533060,83376344.13312997,96723532.17631003
22,bf16,key,ans_raw,64,936,122683392,96728456,479232,17784,97225472,83376344.13312997,96723532.17631003
22,bf16,key,zstd,64,936,122683392,96821292,0,17784,96839076,83376344.13312997,96723532.17631003
22,bf16,value,ans_lane,16,3744,122683392,82305948,3833856,101088,86240892,82194152.2524353,95794472.70042714
22,bf16,value,ans_lane,256,252,122683392,82385356,258048,6804,82650208,82303068.72018689,95894270.38839959
22,bf16,value,ans_lane,64,936,122683392,82364244,958464,25272,83347980,82275796.52109042,95869493.59813966
22,bf16,value,ans_lane_shared,16,3744,122683392,82432460,0,101088,82533548,82194152.2524353,95794472.70042714
22,bf16,value,ans_lane_shared,256,252,122683392,82403700,0,6804,82410504,82303068.72018689,95894270.38839959
22,bf16,value,ans_lane_shared,64,936,122683392,82409408,0,25272,82434680,82275796.52109042,95869493.59813966
22,bf16,value,ans_raw,64,936,122683392,95874320,479232,17784,96371336,82275796.52109042,95869493.59813966
22,bf16,value,zstd,64,936,122683392,95490407,0,17784,95508191,82275796.52109042,95869493.59813966
22,fp8_e4m3_sat,key,ans_lane,16,3744,61341696,52122988,1916928,71136,54111052,52081756.43989276,52081756.43989276
22,fp8_e4m3_sat,key,ans_lane,256,252,61341696,52181920,129024,4788,52315732,52155697.31682151,52155697.31682151
22,fp8_e4m3_sat,key,ans_lane,64,936,61341696,52164712,479232,17784,52661728,52135362.36702967,52135362.36702967
22,fp8_e4m3_sat,key,ans_lane_shared,16,3744,61341696,52243868,0,71136,52315004,52081756.43989276,52081756.43989276
22,fp8_e4m3_sat,key,ans_lane_shared,256,252,61341696,52230036,0,4788,52234824,52155697.31682151,52155697.31682151
22,fp8_e4m3_sat,key,ans_lane_shared,64,936,61341696,52232732,0,17784,52250516,52135362.36702967,52135362.36702967
22,fp8_e4m3_sat,key,zstd,64,936,61341696,52204964,0,17784,52222748,52135362.36702967,52135362.36702967
22,fp8_e4m3_sat,value,ans_lane,16,3744,61341696,49723952,1916928,71136,51712016,49668877.12162086,49668877.12162086
22,fp8_e4m3_sat,value,ans_lane,256,252,61341696,49783500,129024,4788,49917312,49743992.75603192,49743992.75603192
22,fp8_e4m3_sat,value,ans_lane,64,936,61341696,49764536,479232,17784,50261552,49721604.86161827,49721604.86161827
22,fp8_e4m3_sat,value,ans_lane_shared,16,3744,61341696,49816244,0,71136,49887380,49668877.12162086,49668877.12162086
22,fp8_e4m3_sat,value,ans_lane_shared,256,252,61341696,49802304,0,4788,49807092,49743992.75603192,49743992.75603192
22,fp8_e4m3_sat,value,ans_lane_shared,64,936,61341696,49805036,0,17784,49822820,49721604.86161827,49721604.86161827
22,fp8_e4m3_sat,value,zstd,64,936,61341696,49701387,0,17784,49719171,49721604.86161827,49721604.86161827
23,bf16,key,ans_lane,16,6480,212336640,144362656,6635520,174960,151173136,144169884.4953003,167283899.00671852
23,bf16,key,ans_lane,256,432,212336640,144475024,442368,11664,144929056,144332974.27374923,167433822.80987033
23,bf16,key,ans_lane,64,1620,212336640,144449196,1658880,43740,146151816,144296867.8874245,167400938.03535
23,bf16,key,ans_lane_shared,16,6480,212336640,144561620,0,174960,144736580,144169884.4953003,167283899.00671852
23,bf16,key,ans_lane_shared,256,432,212336640,144511888,0,11664,144523552,144332974.27374923,167433822.80987033
23,bf16,key,ans_lane_shared,64,1620,212336640,144521664,0,43740,144565404,144296867.8874245,167400938.03535
23,bf16,key,ans_raw,64,1620,212336640,167409512,829440,30780,168269732,144296867.8874245,167400938.03535
23,bf16,key,zstd,64,1620,212336640,167698559,0,30780,167729339,144296867.8874245,167400938.03535
23,bf16,value,ans_lane,16,6480,212336640,142430696,6635520,174960,149241176,142237045.5224005,165776229.95825943
23,bf16,value,ans_lane,256,432,212336640,142565948,442368,11664,143019980,142423565.84155694,165947538.3532608
23,bf16,value,ans_lane,64,1620,212336640,142530964,1658880,43740,144233584,142378037.4628188,165906059.4173247
23,bf16,value,ans_lane_shared,16,6480,212336640,142648844,0,174960,142823804,142237045.5224005,165776229.95825943
23,bf16,value,ans_lane_shared,256,432,212336640,142598872,0,11664,142610536,142423565.84155694,165947538.3532608
23,bf16,value,ans_lane_shared,64,1620,212336640,142608708,0,43740,142652448,142378037.4628188,165906059.4173247
23,bf16,value,ans_raw,64,1620,212336640,165914500,829440,30780,166774720,142378037.4628188,165906059.4173247
23,bf16,value,zstd,64,1620,212336640,165471040,0,30780,165501820,142378037.4628188,165906059.4173247
23,fp8_e4m3_sat,key,ans_lane,16,6480,106168320,90207012,3317760,123120,93647892,90135621.63489151,90135621.63489151
23,fp8_e4m3_sat,key,ans_lane,256,432,106168320,90305548,221184,8208,90534940,90260092.73132455,90260092.73132455
23,fp8_e4m3_sat,key,ans_lane,64,1620,106168320,90278212,829440,30780,91138432,90227350.82590869,90227350.82590869
23,fp8_e4m3_sat,key,ans_lane_shared,16,6480,106168320,90413116,0,123120,90536236,90135621.63489151,90135621.63489151
23,fp8_e4m3_sat,key,ans_lane_shared,256,432,106168320,90389004,0,8208,90397212,90260092.73132455,90260092.73132455
23,fp8_e4m3_sat,key,ans_lane_shared,64,1620,106168320,90393680,0,30780,90424460,90227350.82590869,90227350.82590869
23,fp8_e4m3_sat,key,zstd,64,1620,106168320,90432408,0,30780,90463188,90227350.82590869,90227350.82590869
23,fp8_e4m3_sat,value,ans_lane,16,6480,106168320,86056572,3317760,123120,89497452,85961326.28682198,85961326.28682198
23,fp8_e4m3_sat,value,ans_lane,256,432,106168320,86156984,221184,8208,86386376,86088695.15671438,86088695.15671438
23,fp8_e4m3_sat,value,ans_lane,64,1620,106168320,86126348,829440,30780,86986568,86052054.04100007,86052054.04100007
23,fp8_e4m3_sat,value,ans_lane_shared,16,6480,106168320,86215160,0,123120,86338280,85961326.28682198,85961326.28682198
23,fp8_e4m3_sat,value,ans_lane_shared,256,432,106168320,86190984,0,8208,86199192,86088695.15671438,86088695.15671438
23,fp8_e4m3_sat,value,ans_lane_shared,64,1620,106168320,86195704,0,30780,86226484,86052054.04100007,86052054.04100007
23,fp8_e4m3_sat,value,zstd,64,1620,106168320,86124073,0,30780,86154853,86052054.04100007,86052054.04100007
24,bf16,key,ans_lane,16,3024,99090432,67362772,3096576,81648,70540996,67272967.91348454,78060697.8265783
24,bf16,key,ans_lane,256,216,99090432,67415148,221184,5832,67642164,67348767.52382012,78130343.19058292
24,bf16,key,ans_lane,64,756,99090432,67403420,774144,20412,68197976,67332447.81743641,78115461.04605575
24,bf16,key,ans_lane_shared,16,3024,99090432,67456732,0,81648,67538380,67272967.91348454,78060697.8265783
24,bf16,key,ans_lane_shared,256,216,99090432,67433352,0,5832,67439184,67348767.52382012,78130343.19058292
24,bf16,key,ans_lane_shared,64,756,99090432,67437780,0,20412,67458192,67332447.81743641,78115461.04605575
24,bf16,key,ans_raw,64,756,99090432,78119428,387072,14364,78520864,67332447.81743641,78115461.04605575
24,bf16,key,zstd,64,756,99090432,78195750,0,14364,78210114,67332447.81743641,78115461.04605575
24,bf16,value,ans_lane,16,3024,99090432,66474140,3096576,81648,69652364,66383812.246716976,77368664.98356733
24,bf16,value,ans_lane,256,216,99090432,66537272,221184,5832,66764288,66470703.00960608,77448523.69409694
24,bf16,value,ans_lane,64,756,99090432,66522036,774144,20412,67316592,66450709.46786626,77430245.85308541
24,bf16,value,ans_lane_shared,16,3024,99090432,66573800,0,81648,66655448,66383812.246716976,77368664.98356733
24,bf16,value,ans_lane_shared,256,216,99090432,66550688,0,5832,66556520,66470703.00960608,77448523.69409694
24,bf16,value,ans_lane_shared,64,756,99090432,66555120,0,20412,66575532,66450709.46786626,77430245.85308541
24,bf16,value,ans_raw,64,756,99090432,77434236,387072,14364,77835672,66450709.46786626,77430245.85308541
24,bf16,value,zstd,64,756,99090432,77121012,0,14364,77135376,66450709.46786626,77430245.85308541
24,fp8_e4m3_sat,key,ans_lane,16,3024,49545216,42103940,1548288,57456,43709684,42070707.81348578,42070707.81348578
24,fp8_e4m3_sat,key,ans_lane,256,216,49545216,42149532,110592,4104,42264228,42128298.46770544,42128298.46770544
24,fp8_e4m3_sat,key,ans_lane,64,756,49545216,42137288,387072,14364,42538724,42113680.481718525,42113680.481718525
24,fp8_e4m3_sat,key,ans_lane_shared,16,3024,49545216,42199952,0,57456,42257408,42070707.81348578,42070707.81348578
24,fp8_e4m3_sat,key,ans_lane_shared,256,216,49545216,42188792,0,4104,42192896,42128298.46770544,42128298.46770544
24,fp8_e4m3_sat,key,ans_lane_shared,64,756,49545216,42190948,0,14364,42205312,42113680.481718525,42113680.481718525
24,fp8_e4m3_sat,key,zstd,64,756,49545216,42171765,0,14364,42186129,42113680.481718525,42113680.481718525
24,fp8_e4m3_sat,value,ans_lane,16,3024,49545216,40169428,1548288,57456,41775172,40125032.096262574,40125032.096262574
24,fp8_e4m3_sat,value,ans_lane,256,216,49545216,40216680,110592,4104,40331376,40184755.43724226,40184755.43724226
24,fp8_e4m3_sat,value,ans_lane,64,756,49545216,40203520,387072,14364,40604956,40168905.28951655,40168905.28951655
24,fp8_e4m3_sat,value,ans_lane_shared,16,3024,49545216,40241196,0,57456,40298652,40125032.096262574,40125032.096262574
24,fp8_e4m3_sat,value,ans_lane_shared,256,216,49545216,40229948,0,4104,40234052,40184755.43724226,40184755.43724226
24,fp8_e4m3_sat,value,ans_lane_shared,64,756,49545216,40232104,0,14364,40246468,40168905.28951655,40168905.28951655
24,fp8_e4m3_sat,value,zstd,64,756,49545216,40150280,0,14364,40164644,40168905.28951655,40168905.28951655
25,bf16,key,ans_lane,16,1152,37748736,25657724,1179648,31104,26868476,25623417.977954514,29732496.45752016
25,bf16,key,ans_lane,256,72,37748736,25678120,73728,1944,25753792,25652896.433001682,29759547.160580844
25,bf16,key,ans_lane,64,288,37748736,25673104,294912,7776,25975792,25646039.365962707,29753305.31403802
25,bf16,key,ans_lane_shared,16,1152,37748736,25693516,0,31104,25724620,25623417.977954514,29732496.45752016
25,bf16,key,ans_lane_shared,256,72,37748736,25684648,0,1944,25686592,25652896.433001682,29759547.160580844
25,bf16,key,ans_lane_shared,64,288,37748736,25686460,0,7776,25694236,25646039.365962707,29753305.31403802
25,bf16,key,ans_raw,64,288,37748736,29754884,147456,5472,29907812,25646039.365962707,29753305.31403802
25,bf16,key,zstd,64,288,37748736,29785911,0,5472,29791383,25646039.365962707,29753305.31403802
25,bf16,value,ans_lane,16,1152,37748736,25321660,1179648,31104,26532412,25287258.922843374,29472104.275711767
25,bf16,value,ans_lane,256,72,37748736,25347392,73728,1944,25423064,25322128.180445123,29504032.989577092
25,bf16,value,ans_lane,64,288,37748736,25339476,294912,7776,25642164,25312338.376384463,29495128.92581823
25,bf16,value,ans_lane_shared,16,1152,37748736,25361608,0,31104,25392712,25287258.922843374,29472104.275711767
25,bf16,value,ans_lane_shared,256,72,37748736,25352744,0,1944,25354688,25322128.180445123,29504032.989577092
25,bf16,value,ans_lane_shared,64,288,37748736,25354588,0,7776,25362364,25312338.376384463,29495128.92581823
25,bf16,value,ans_raw,64,288,37748736,29496660,147456,5472,29649588,25312338.376384463,29495128.92581823
25,bf16,value,zstd,64,288,37748736,29381061,0,5472,29386533,25312338.376384463,29495128.92581823
25,fp8_e4m3_sat,key,ans_lane,16,1152,18874368,16032280,589824,21888,16643992,16019561.88690912,16019561.88690912
25,fp8_e4m3_sat,key,ans_lane,256,72,18874368,16050324,36864,1368,16088556,16042270.00243163,16042270.00243163
25,fp8_e4m3_sat,key,ans_lane,64,288,18874368,16045056,147456,5472,16197984,16036012.070588471,16036012.070588471
25,fp8_e4m3_sat,key,ans_lane_shared,16,1152,18874368,16069744,0,21888,16091632,16019561.88690912,16019561.88690912
25,fp8_e4m3_sat,key,ans_lane_shared,256,72,18874368,16065364,0,1368,16066732,16042270.00243163,16042270.00243163
25,fp8_e4m3_sat,key,ans_lane_shared,64,288,18874368,16066216,0,5472,16071688,16036012.070588471,16036012.070588471
25,fp8_e4m3_sat,key,zstd,64,288,18874368,16063273,0,5472,16068745,16036012.070588471,16036012.070588471
25,fp8_e4m3_sat,value,ans_lane,16,1152,18874368,15300764,589824,21888,15912476,15283830.956994433,15283830.956994433
25,fp8_e4m3_sat,value,ans_lane,256,72,18874368,15320852,36864,1368,15359084,15308787.454990119,15308787.454990119
25,fp8_e4m3_sat,value,ans_lane,64,288,18874368,15313348,147456,5472,15466276,15300170.359856993,15300170.359856993
25,fp8_e4m3_sat,value,ans_lane_shared,16,1152,18874368,15330752,0,21888,15352640,15283830.956994433,15283830.956994433
25,fp8_e4m3_sat,value,ans_lane_shared,256,72,18874368,15326348,0,1368,15327716,15308787.454990119,15308787.454990119
25,fp8_e4m3_sat,value,ans_lane_shared,64,288,18874368,15327192,0,5472,15332664,15300170.359856993,15300170.359856993
25,fp8_e4m3_sat,value,zstd,64,288,18874368,15297090,0,5472,15302562,15300170.359856993,15300170.359856993
26,bf16,key,ans_lane,16,1440,47185920,32068704,1474560,38880,33582144,32025775.762438457,37161131.3328031
26,bf16,key,ans_lane,256,108,47185920,32093864,110592,2916,32207372,32062176.369450722,37194602.79224374
26,bf16,key,ans_lane,64,360,47185920,32087776,368640,9720,32466136,32053924.274551176,37187079.557596125
26,bf16,key,ans_lane_shared,16,1440,47185920,32113596,0,38880,32152476,32025775.762438457,37161131.3328031
26,bf16,key,ans_lane_shared,256,108,47185920,32102512,0,2916,32105428,32062176.369450722,37194602.79224374
26,bf16,key,ans_lane_shared,64,360,47185920,32104580,0,9720,32114300,32053924.274551176,37187079.557596125
26,bf16,key,ans_raw,64,360,47185920,37188964,184320,6840,37380124,32053924.274551176,37187079.557596125
26,bf16,key,zstd,64,360,47185920,37195403,0,6840,37202243,32053924.274551176,37187079.557596125
26,bf16,value,ans_lane,16,1440,47185920,31660280,1474560,38880,33173720,31617348.144857775,36847786.83683369
26,bf16,value,ans_lane,256,108,47185920,31689568,110592,2916,31803076,31657829.733845513,36885023.87969436
26,bf16,value,ans_lane,64,360,47185920,31681460,368640,9720,32059820,31647516.87380566,36875583.80263078
26,bf16,value,ans_lane_shared,16,1440,47185920,31709384,0,38880,31748264,31617348.144857775,36847786.83683369
26,bf16,value,ans_lane_shared,256,108,47185920,31698416,0,2916,31701332,31657829.733845513,36885023.87969436
26,bf16,value,ans_lane_shared,64,360,47185920,31700448,0,9720,31710168,31647516.87380566,36875583.80263078
26,bf16,value,ans_raw,64,360,47185920,36877460,184320,6840,37068620,31647516.87380566,36875583.80263078
26,bf16,value,zstd,64,360,47185920,36676786,0,6840,36683626,31647516.87380566,36875583.80263078
26,fp8_e4m3_sat,key,ans_lane,16,1440,23592960,20040584,737280,27360,20805224,20024673.737249155,20024673.737249155
26,fp8_e4m3_sat,key,ans_lane,256,108,23592960,20063028,55296,2052,20120376,20052868.94566035,20052868.94566035
26,fp8_e4m3_sat,key,ans_lane,64,360,23592960,20056168,184320,6840,20247328,20044905.741292246,20044905.741292246
26,fp8_e4m3_sat,key,ans_lane_shared,16,1440,23592960,20087072,0,27360,20114432,20024673.737249155,20024673.737249155
26,fp8_e4m3_sat,key,ans_lane_shared,256,108,23592960,20081784,0,2052,20083836,20052868.94566035,20052868.94566035
26,fp8_e4m3_sat,key,ans_lane_shared,64,360,23592960,20082800,0,6840,20089640,20044905.741292246,20044905.741292246
26,fp8_e4m3_sat,key,zstd,64,360,23592960,20060408,0,6840,20067248,20044905.741292246,20044905.741292246
26,fp8_e4m3_sat,value,ans_lane,16,1440,23592960,19124652,737280,27360,19889292,19103552.60046415,19103552.60046415
26,fp8_e4m3_sat,value,ans_lane,256,108,23592960,19146456,55296,2052,19203804,19131186.917810604,19131186.917810604
26,fp8_e4m3_sat,value,ans_lane,64,360,23592960,19138960,184320,6840,19330120,19122449.273230974,19122449.273230974
26,fp8_e4m3_sat,value,ans_lane_shared,16,1440,23592960,19161012,0,27360,19188372,19103552.60046415,19103552.60046415
26,fp8_e4m3_sat,value,ans_lane_shared,256,108,23592960,19155712,0,2052,19157764,19131186.917810604,19131186.917810604
26,fp8_e4m3_sat,value,ans_lane_shared,64,360,23592960,19156752,0,6840,19163592,19122449.273230974,19122449.273230974
26,fp8_e4m3_sat,value,zstd,64,360,23592960,19095187,0,6840,19102027,19122449.273230974,19122449.273230974
27,bf16,key,ans_lane,16,5184,169869312,115485164,5308416,139968,120933548,115330802.03819935,133825811.66638678
27,bf16,key,ans_lane,256,324,169869312,115576272,331776,8748,115916796,115462816.46881902,133947096.8248518
27,bf16,key,ans_lane,64,1296,169869312,115554336,1327104,34992,116916432,115432452.31422032,133919460.74698688
27,bf16,key,ans_lane_shared,16,5184,169869312,115645000,0,139968,115784968,115330802.03819935,133825811.66638678
27,bf16,key,ans_lane_shared,256,324,169869312,115604992,0,8748,115613740,115462816.46881902,133947096.8248518
27,bf16,key,ans_lane_shared,64,1296,169869312,115612988,0,34992,115647980,115432452.31422032,133919460.74698688
27,bf16,key,ans_raw,64,1296,169869312,133926320,663552,24624,134614496,115432452.31422032,133919460.74698688
27,bf16,key,zstd,64,1296,169869312,134061180,0,24624,134085804,115432452.31422032,133919460.74698688
27,bf16,value,ans_lane,16,5184,169869312,113962420,5308416,139968,119410804,113807688.58609678,132635882.08593607
27,bf16,value,ans_lane,256,324,169869312,114068724,331776,8748,114409248,113954997.5070438,132771040.05557309
27,bf16,value,ans_lane,64,1296,169869312,114040700,1327104,34992,115402796,113918403.24605268,132737756.7373788
27,bf16,value,ans_lane_shared,16,5184,169869312,114140524,0,139968,114280492,113807688.58609678,132635882.08593607
27,bf16,value,ans_lane_shared,256,324,169869312,114100524,0,8748,114109272,113954997.5070438,132771040.05557309
27,bf16,value,ans_lane_shared,64,1296,169869312,114108580,0,34992,114143572,113918403.24605268,132737756.7373788
27,bf16,value,ans_raw,64,1296,169869312,132744476,663552,24624,133432652,113918403.24605268,132737756.7373788
27,bf16,value,zstd,64,1296,169869312,132231292,0,24624,132255916,113918403.24605268,132737756.7373788
27,fp8_e4m3_sat,key,ans_lane,16,5184,84934656,72175888,2654208,98496,74928592,72118739.99104218,72118739.99104218
27,fp8_e4m3_sat,key,ans_lane,256,324,84934656,72255968,165888,6156,72428012,72219797.32581222,72219797.32581222
27,fp8_e4m3_sat,key,ans_lane,64,1296,84934656,72232532,663552,24624,72920708,72191958.36601685,72191958.36601685
27,fp8_e4m3_sat,key,ans_lane_shared,16,5184,84934656,72343056,0,98496,72441552,72118739.99104218,72118739.99104218
27,fp8_e4m3_sat,key,ans_lane_shared,256,324,84934656,72323748,0,6156,72329904,72219797.32581222,72219797.32581222
27,fp8_e4m3_sat,key,ans_lane_shared,64,1296,84934656,72327560,0,24624,72352184,72191958.36601685,72191958.36601685
27,fp8_e4m3_sat,key,zstd,64,1296,84934656,72311672,0,24624,72336296,72191958.36601685,72191958.36601685
27,fp8_e4m3_sat,value,ans_lane,16,5184,84934656,68862696,2654208,98496,71615400,68786491.75276832,68786491.75276832
27,fp8_e4m3_sat,value,ans_lane,256,324,84934656,68940740,165888,6156,69112784,68886271.14268166,68886271.14268166
27,fp8_e4m3_sat,value,ans_lane,64,1296,84934656,68916220,663552,24624,69604396,68856811.1321604,68856811.1321604
27,fp8_e4m3_sat,value,ans_lane_shared,16,5184,84934656,68994776,0,98496,69093272,68786491.75276832,68786491.75276832
27,fp8_e4m3_sat,value,ans_lane_shared,256,324,84934656,68975568,0,6156,68981724,68886271.14268166,68886271.14268166
27,fp8_e4m3_sat,value,ans_lane_shared,64,1296,84934656,68979484,0,24624,69004108,68856811.1321604,68856811.1321604
27,fp8_e4m3_sat,value,zstd,64,1296,84934656,68850101,0,24624,68874725,68856811.1321604,68856811.1321604
28,bf16,key,ans_lane,16,6480,212336640,144384336,6635520,174960,151194816,144191559.89081052,167310866.59192154
28,bf16,key,ans_lane,256,432,212336640,144497924,442368,11664,144951956,144355869.41773483,167461733.97221395
28,bf16,key,ans_lane,64,1620,212336640,144471220,1658880,43740,146173840,144318826.03687236,167428045.96868485
28,bf16,key,ans_lane_shared,16,6480,212336640,144585556,0,174960,144760516,144191559.89081052,167310866.59192154
28,bf16,key,ans_lane_shared,256,432,212336640,144535328,0,11664,144546992,144355869.41773483,167461733.97221395
28,bf16,key,ans_lane_shared,64,1620,212336640,144545112,0,43740,144588852,144318826.03687236,167428045.96868485
28,bf16,key,ans_raw,64,1620,212336640,167436596,829440,30780,168296816,144318826.03687236,167428045.96868485
28,bf16,key,zstd,64,1620,212336640,167649843,0,30780,167680623,144318826.03687236,167428045.96868485
28,bf16,value,ans_lane,16,6480,212336640,142444692,6635520,174960,149255172,142251070.80549493,165791492.4367674
28,bf16,value,ans_lane,256,432,212336640,142581140,442368,11664,143035172,142438725.28512862,165963861.17503598
28,bf16,value,ans_lane,64,1620,212336640,142544552,1658880,43740,144247172,142391634.6396929,165920951.58423036
28,bf16,value,ans_lane_shared,16,6480,212336640,142666444,0,174960,142841404,142251070.80549493,165791492.4367674
28,bf16,value,ans_lane_shared,256,432,212336640,142616812,0,11664,142628476,142438725.28512862,165963861.17503598
28,bf16,value,ans_lane_shared,64,1620,212336640,142626728,0,43740,142670468,142391634.6396929,165920951.58423036
28,bf16,value,ans_raw,64,1620,212336640,165929300,829440,30780,166789520,142391634.6396929,165920951.58423036
28,bf16,value,zstd,64,1620,212336640,165351023,0,30780,165381803,142391634.6396929,165920951.58423036
28,fp8_e4m3_sat,key,ans_lane,16,6480,106168320,90214044,3317760,123120,93654924,90143029.53098562,90143029.53098562
28,fp8_e4m3_sat,key,ans_lane,256,432,106168320,90313904,221184,8208,90543296,90268652.95626861,90268652.95626861
28,fp8_e4m3_sat,key,ans_lane,64,1620,106168320,90285440,829440,30780,91145660,90234702.05128326,90234702.05128326
28,fp8_e4m3_sat,key,ans_lane_shared,16,6480,106168320,90427280,0,123120,90550400,90143029.53098562,90143029.53098562
28,fp8_e4m3_sat,key,ans_lane_shared,256,432,106168320,90403280,0,8208,90411488,90268652.95626861,90268652.95626861
28,fp8_e4m3_sat,key,ans_lane_shared,64,1620,106168320,90408048,0,30780,90438828,90234702.05128326,90234702.05128326
28,fp8_e4m3_sat,key,zstd,64,1620,106168320,90384725,0,30780,90415505,90234702.05128326,90234702.05128326
28,fp8_e4m3_sat,value,ans_lane,16,6480,106168320,86072924,3317760,123120,89513804,85977734.62167838,85977734.62167838
28,fp8_e4m3_sat,value,ans_lane,256,432,106168320,86175472,221184,8208,86404864,86107147.09825331,86107147.09825331
28,fp8_e4m3_sat,value,ans_lane,64,1620,106168320,86142304,829440,30780,87002524,86068157.49262698,86068157.49262698
28,fp8_e4m3_sat,value,ans_lane_shared,16,6480,106168320,86237564,0,123120,86360684,85977734.62167838,85977734.62167838
28,fp8_e4m3_sat,value,ans_lane_shared,256,432,106168320,86213184,0,8208,86221392,86107147.09825331,86107147.09825331
28,fp8_e4m3_sat,value,ans_lane_shared,64,1620,106168320,86217928,0,30780,86248708,86068157.49262698,86068157.49262698
28,fp8_e4m3_sat,value,zstd,64,1620,106168320,86066749,0,30780,86097529,86068157.49262698,86068157.49262698
29,bf16,key,ans_lane,16,1440,47185920,32090488,1474560,38880,33603928,32047638.63061598,37183502.12513015
29,bf16,key,ans_lane,256,108,47185920,32115672,110592,2916,32229180,32084007.874991484,37216870.541910276
29,bf16,key,ans_lane,64,360,47185920,32109880,368640,9720,32488240,32076026.50156629,37209610.85786374
29,bf16,key,ans_lane_shared,16,1440,47185920,32135804,0,38880,32174684,32047638.63061598,37183502.12513015
29,bf16,key,ans_lane_shared,256,108,47185920,32124764,0,2916,32127680,32084007.874991484,37216870.541910276
29,bf16,key,ans_lane_shared,64,360,47185920,32126904,0,9720,32136624,32076026.50156629,37209610.85786374
29,bf16,key,ans_raw,64,360,47185920,37211520,184320,6840,37402680,32076026.50156629,37209610.85786374
29,bf16,key,zstd,64,360,47185920,37262359,0,6840,37269199,32076026.50156629,37209610.85786374
29,bf16,value,ans_lane,16,1440,47185920,31658712,1474560,38880,33172152,31615720.99364186,36846864.281515285
29,bf16,value,ans_lane,256,108,47185920,31689640,110592,2916,31803148,31657867.98709044,36885524.01608967
29,bf16,value,ans_lane,64,360,47185920,31681500,368640,9720,32059860,31647496.07117314,36876092.32973741
29,bf16,value,ans_lane_shared,16,1440,47185920,31709608,0,38880,31748488,31615720.99364186,36846864.281515285
29,bf16,value,ans_lane_shared,256,108,47185920,31698532,0,2916,31701448,31657867.98709044,36885524.01608967
29,bf16,value,ans_lane_shared,64,360,47185920,31700668,0,9720,31710388,31647496.07117314,36876092.32973741
29,bf16,value,ans_raw,64,360,47185920,36877936,184320,6840,37069096,31647496.07117314,36876092.32973741
29,bf16,value,zstd,64,360,47185920,36753381,0,6840,36760221,31647496.07117314,36876092.32973741
29,fp8_e4m3_sat,key,ans_lane,16,1440,23592960,20057528,737280,27360,20822168,20041724.79859418,20041724.79859418
29,fp8_e4m3_sat,key,ans_lane,256,108,23592960,20079804,55296,2052,20137152,20069737.362806305,20069737.362806305
29,fp8_e4m3_sat,key,ans_lane,64,360,23592960,20073560,184320,6840,20264720,20062307.418300837,20062307.418300837
29,fp8_e4m3_sat,key,ans_lane_shared,16,1440,23592960,20105700,0,27360,20133060,20041724.79859418,20041724.79859418
29,fp8_e4m3_sat,key,ans_lane_shared,256,108,23592960,20100380,0,2052,20102432,20069737.362806305,20069737.362806305
29,fp8_e4m3_sat,key,ans_lane_shared,64,360,23592960,20101408,0,6840,20108248,20062307.418300837,20062307.418300837
29,fp8_e4m3_sat,key,zstd,64,360,23592960,20103165,0,6840,20110005,20062307.418300837,20062307.418300837
29,fp8_e4m3_sat,value,ans_lane,16,1440,23592960,19134560,737280,27360,19899200,19113362.35677748,19113362.35677748
29,fp8_e4m3_sat,value,ans_lane,256,108,23592960,19157988,55296,2052,19215336,19142724.38161879,19142724.38161879
29,fp8_e4m3_sat,value,ans_lane,64,360,23592960,19150632,184320,6840,19341792,19134113.26401207,19134113.26401207
29,fp8_e4m3_sat,value,ans_lane_shared,16,1440,23592960,19172488,0,27360,19199848,19113362.35677748,19113362.35677748
29,fp8_e4m3_sat,value,ans_lane_shared,256,108,23592960,19167216,0,2052,19169268,19142724.38161879,19142724.38161879
29,fp8_e4m3_sat,value,ans_lane_shared,64,360,23592960,19168232,0,6840,19175072,19134113.26401207,19134113.26401207
29,fp8_e4m3_sat,value,zstd,64,360,23592960,19137865,0,6840,19144705,19134113.26401207,19134113.26401207
3,bf16,key,ans_lane,16,1008,33030144,22469568,1032192,27216,23528976,22439681.341056935,26033858.01730831
3,bf16,key,ans_lane,256,72,33030144,22487976,73728,1944,22563648,22465845.248890977,26057829.948253028
3,bf16,key,ans_lane,64,252,33030144,22483616,258048,6804,22748468,22459948.628290005,26052500.36328267
3,bf16,key,ans_lane_shared,16,1008,33030144,22499476,0,27216,22526692,22439681.341056935,26033858.01730831
3,bf16,key,ans_lane_shared,256,72,33030144,22491744,0,1944,22493688,22465845.248890977,26057829.948253028
3,bf16,key,ans_lane_shared,64,252,33030144,22493200,0,6804,22500004,22459948.628290005,26052500.36328267
3,bf16,key,ans_raw,64,252,33030144,26053828,129024,4788,26187640,22459948.628290005,26052500.36328267
3,bf16,key,zstd,64,252,33030144,26080956,0,4788,26085744,22459948.628290005,26052500.36328267
3,bf16,value,ans_lane,16,1008,33030144,22168660,1032192,27216,23228068,22138550.30801337,25799050.73892229
3,bf16,value,ans_lane,256,72,33030144,22193216,73728,1944,22268888,22171032.950430207,25828723.453019682
3,bf16,value,ans_lane,64,252,33030144,22186084,258048,6804,22450936,22162311.65117687,25820807.4223141
3,bf16,value,ans_lane_shared,16,1008,33030144,22204756,0,27216,22231972,22138550.30801337,25799050.73892229
3,bf16,value,ans_lane_shared,256,72,33030144,22197020,0,1944,22198964,22171032.950430207,25828723.453019682
3,bf16,value,ans_lane_shared,64,252,33030144,22198468,0,6804,22205272,22162311.65117687,25820807.4223141
3,bf16,value,ans_raw,64,252,33030144,25822124,129024,4788,25955936,22162311.65117687,25820807.4223141
3,bf16,value,zstd,64,252,33030144,25723255,0,4788,25728043,22162311.65117687,25820807.4223141
3,fp8_e4m3_sat,key,ans_lane,16,1008,16515072,14035760,516096,19152,14571008,14024759.011671955,14024759.011671955
3,fp8_e4m3_sat,key,ans_lane,256,72,16515072,14052560,36864,1368,14090792,14045531.59180918,14045531.59180918
3,fp8_e4m3_sat,key,ans_lane,64,252,16515072,14047756,129024,4788,14181568,14039896.546972232,14039896.546972232
3,fp8_e4m3_sat,key,ans_lane_shared,16,1008,16515072,14063004,0,19152,14082156,14024759.011671955,14024759.011671955
3,fp8_e4m3_sat,key,ans_lane_shared,256,72,16515072,14059240,0,1368,14060608,14045531.59180918,14045531.59180918
3,fp8_e4m3_sat,key,ans_lane_shared,64,252,16515072,14059936,0,4788,14064724,14039896.546972232,14039896.546972232
3,fp8_e4m3_sat,key,zstd,64,252,16515072,14065951,0,4788,14070739,14039896.546972232,14039896.546972232
3,fp8_e4m3_sat,value,ans_lane,16,1008,16515072,13390616,516096,19152,13925864,13375718.63208971,13375718.63208971
3,fp8_e4m3_sat,value,ans_lane,256,72,16515072,13410752,36864,1368,13448984,13400091.688528068,13400091.688528068
3,fp8_e4m3_sat,value,ans_lane,64,252,16515072,13403708,129024,4788,13537520,13392133.636961263,13392133.636961263
3,fp8_e4m3_sat,value,ans_lane_shared,16,1008,16515072,13417700,0,19152,13436852,13375718.63208971,13375718.63208971
3,fp8_e4m3_sat,value,ans_lane_shared,256,72,16515072,13414060,0,1368,13415428,13400091.688528068,13400091.688528068
3,fp8_e4m3_sat,value,ans_lane_shared,64,252,16515072,13414808,0,4788,13419596,13392133.636961263,13392133.636961263
3,fp8_e4m3_sat,value,zstd,64,252,16515072,13393312,0,4788,13398100,13392133.636961263,13392133.636961263
30,bf16,key,ans_lane,16,3456,113246208,77027736,3538944,93312,80659992,76924993.93374103,89250991.61086997
30,bf16,key,ans_lane,256,216,113246208,77088544,221184,5832,77315560,77012963.99200556,89331711.23929188
30,bf16,key,ans_lane,64,864,113246208,77073668,884736,23328,77981732,76992473.44684249,89313097.99367145
30,bf16,key,ans_lane_shared,16,3456,113246208,77135572,0,93312,77228884,76924993.93374103,89250991.61086997
30,bf16,key,ans_lane_shared,256,216,113246208,77108900,0,5832,77114732,77012963.99200556,89331711.23929188
30,bf16,key,ans_lane_shared,64,864,113246208,77114220,0,23328,77137548,76992473.44684249,89313097.99367145
30,bf16,key,ans_raw,64,864,113246208,89317672,442368,16416,89776456,76992473.44684249,89313097.99367145
30,bf16,key,zstd,64,864,113246208,89396491,0,16416,89412907,76992473.44684249,89313097.99367145
30,bf16,value,ans_lane,16,3456,113246208,75983120,3538944,93312,79615376,75879879.20735693,88432133.15554672
30,bf16,value,ans_lane,256,216,113246208,76057888,221184,5832,76284904,75982105.47714712,88525874.56312992
30,bf16,value,ans_lane,64,864,113246208,76036264,884736,23328,76944328,75954778.8367688,88501050.80704303
30,bf16,value,ans_lane_shared,16,3456,113246208,76105384,0,93312,76198696,75879879.20735693,88432133.15554672
30,bf16,value,ans_lane_shared,256,216,113246208,76078620,0,5832,76084452,75982105.47714712,88525874.56312992
30,bf16,value,ans_lane_shared,64,864,113246208,76084020,0,23328,76107348,75954778.8367688,88501050.80704303
30,bf16,value,ans_raw,64,864,113246208,88505568,442368,16416,88964352,75954778.8367688,88501050.80704303
30,bf16,value,zstd,64,864,113246208,88123894,0,16416,88140310,75954778.8367688,88501050.80704303
30,fp8_e4m3_sat,key,ans_lane,16,3456,56623104,48142072,1769472,65664,49977208,48104116.07356577,48104116.07356577
30,fp8_e4m3_sat,key,ans_lane,256,216,56623104,48195696,110592,4104,48310392,48171626.773236334,48171626.773236334
30,fp8_e4m3_sat,key,ans_lane,64,864,56623104,48179964,442368,16416,48638748,48152963.47717989,48152963.47717989
30,fp8_e4m3_sat,key,ans_lane_shared,16,3456,56623104,48256372,0,65664,48322036,48104116.07356577,48104116.07356577
30,fp8_e4m3_sat,key,ans_lane_shared,256,216,56623104,48243544,0,4104,48247648,48171626.773236334,48171626.773236334
30,fp8_e4m3_sat,key,ans_lane_shared,64,864,56623104,48246140,0,16416,48262556,48152963.47717989,48152963.47717989
30,fp8_e4m3_sat,key,zstd,64,864,56623104,48220003,0,16416,48236419,48152963.47717989,48152963.47717989
30,fp8_e4m3_sat,value,ans_lane,16,3456,56623104,45904072,1769472,65664,47739208,45853297.1141347,45853297.1141347
30,fp8_e4m3_sat,value,ans_lane,256,216,56623104,45961228,110592,4104,46075924,45924861.58552409,45924861.58552409
30,fp8_e4m3_sat,value,ans_lane,64,864,56623104,45941136,442368,16416,46399920,45901559.6911082,45901559.6911082
30,fp8_e4m3_sat,value,ans_lane_shared,16,3456,56623104,45996684,0,65664,46062348,45853297.1141347,45853297.1141347
30,fp8_e4m3_sat,value,ans_lane_shared,256,216,56623104,45983748,0,4104,45987852,45924861.58552409,45924861.58552409
30,fp8_e4m3_sat,value,ans_lane_shared,64,864,56623104,45986296,0,16416,46002712,45901559.6911082,45901559.6911082
30,fp8_e4m3_sat,value,zstd,64,864,56623104,45878398,0,16416,45894814,45901559.6911082,45901559.6911082
31,bf16,key,ans_lane,16,2160,70778880,48129024,2211840,58320,50399184,48064721.35022282,55771921.70394974
31,bf16,key,ans_lane,256,144,70778880,48166696,147456,3888,48318040,48119358.933904245,55822070.51258002
31,bf16,key,ans_lane,64,540,70778880,48157552,552960,14580,48725092,48106862.15979135,55810741.23388027
31,bf16,key,ans_lane_shared,16,2160,70778880,48195736,0,58320,48254056,48064721.35022282,55771921.70394974
31,bf16,key,ans_lane_shared,256,144,70778880,48178920,0,3888,48182808,48119358.933904245,55822070.51258002
31,bf16,key,ans_lane_shared,64,540,70778880,48182244,0,14580,48196824,48106862.15979135,55810741.23388027
31,bf16,key,ans_raw,64,540,70778880,55813588,276480,10260,56100328,48106862.15979135,55810741.23388027
31,bf16,key,zstd,64,540,70778880,55922440,0,10260,55932700,48106862.15979135,55810741.23388027
31,bf16,value,ans_lane,16,2160,70778880,47477792,2211840,58320,49747952,47413278.13034879,55260279.535285525
31,bf16,value,ans_lane,256,144,70778880,47523972,147456,3888,47675316,47476493.188790366,55318275.28456931
31,bf16,value,ans_lane,64,540,70778880,47511212,552960,14580,48078752,47460236.13799669,55303464.63247354
31,bf16,value,ans_lane_shared,16,2160,70778880,47551072,0,58320,47609392,47413278.13034879,55260279.535285525
31,bf16,value,ans_lane_shared,256,144,70778880,47534572,0,3888,47538460,47476493.188790366,55318275.28456931
31,bf16,value,ans_lane_shared,64,540,70778880,47537860,0,14580,47552440,47460236.13799669,55303464.63247354
31,bf16,value,ans_raw,64,540,70778880,55306284,276480,10260,55593024,47460236.13799669,55303464.63247354
31,bf16,value,zstd,64,540,70778880,55165218,0,10260,55175478,47460236.13799669,55303464.63247354
31,fp8_e4m3_sat,key,ans_lane,16,2160,35389440,30066960,1105920,41040,31213920,30043251.640872397,30043251.640872397
31,fp8_e4m3_sat,key,ans_lane,256,144,35389440,30099868,73728,2736,30176332,30084824.550323084,30084824.550323084
31,fp8_e4m3_sat,key,ans_lane,64,540,35389440,30090140,276480,10260,30376880,30073272.54299299,30073272.54299299
31,fp8_e4m3_sat,key,ans_lane_shared,16,2160,35389440,30137916,0,41040,30178956,30043251.640872397,30043251.640872397
31,fp8_e4m3_sat,key,ans_lane_shared,256,144,35389440,30129784,0,2736,30132520,30084824.550323084,30084824.550323084
31,fp8_e4m3_sat,key,ans_lane_shared,64,540,35389440,30131396,0,10260,30141656,30073272.54299299,30073272.54299299
31,fp8_e4m3_sat,key,zstd,64,540,35389440,30149847,0,10260,30160107,30073272.54299299,30073272.54299299
31,fp8_e4m3_sat,value,ans_lane,16,2160,35389440,28698948,1105920,41040,29845908,28667122.827108175,28667122.827108175
31,fp8_e4m3_sat,value,ans_lane,256,144,35389440,28733700,73728,2736,28810164,28710904.09641156,28710904.09641156
31,fp8_e4m3_sat,value,ans_lane,64,540,35389440,28721984,276480,10260,29008724,28697198.897335935,28697198.897335935
31,fp8_e4m3_sat,value,ans_lane_shared,16,2160,35389440,28752504,0,41040,28793544,28667122.827108175,28667122.827108175
31,fp8_e4m3_sat,value,ans_lane_shared,256,144,35389440,28744484,0,2736,28747220,28710904.09641156,28710904.09641156
31,fp8_e4m3_sat,value,ans_lane_shared,64,540,35389440,28746044,0,10260,28756304,28697198.897335935,28697198.897335935
31,fp8_e4m3_sat,value,zstd,64,540,35389440,28724334,0,10260,28734594,28697198.897335935,28697198.897335935
4,bf16,key,ans_lane,16,720,23592960,16043956,737280,19440,16800676,16022578.820669614,18590695.600691408
4,bf16,key,ans_lane,256,72,23592960,16055628,73728,1944,16131300,16039633.067747254,18606355.551358983
4,bf16,key,ans_lane,64,180,23592960,16053428,184320,4860,16242608,16036505.958787052,18603520.436346985
4,bf16,key,ans_lane_shared,16,720,23592960,16064812,0,19440,16084252,16022578.820669614,18590695.600691408
4,bf16,key,ans_lane_shared,256,72,23592960,16059472,0,1944,16061416,16039633.067747254,18606355.551358983
4,bf16,key,ans_lane_shared,64,180,23592960,16060364,0,4860,16065224,16036505.958787052,18603520.436346985
4,bf16,key,ans_raw,64,180,23592960,18604448,92160,3420,18700028,16036505.958787052,18603520.436346985
4,bf16,key,zstd,64,180,23592960,18636210,0,3420,18639630,16036505.958787052,18603520.436346985
4,bf16,value,ans_lane,16,720,23592960,15823176,737280,19440,16579896,15801643.641538864,18417631.25701767
4,bf16,value,ans_lane,256,72,23592960,15837016,73728,1944,15912688,15821017.5007136,18435310.577840265
4,bf16,value,ans_lane,64,180,23592960,15834332,184320,4860,16023512,15817346.920445701,18432012.080487918
4,bf16,value,ans_lane_shared,16,720,23592960,15845908,0,19440,15865348,15801643.641538864,18417631.25701767
4,bf16,value,ans_lane_shared,256,72,23592960,15840620,0,1944,15842564,15821017.5007136,18435310.577840265
4,bf16,value,ans_lane_shared,64,180,23592960,15841520,0,4860,15846380,15817346.920445701,18432012.080487918
4,bf16,value,ans_raw,64,180,23592960,18432936,92160,3420,18528516,15817346.920445701,18432012.080487918
4,bf16,value,zstd,64,180,23592960,18374846,0,3420,18378266,15817346.920445701,18432012.080487918
4,fp8_e4m3_sat,key,ans_lane,16,720,11796480,10018392,368640,13680,10400712,10010458.562698195,10010458.562698195
4,fp8_e4m3_sat,key,ans_lane,256,72,11796480,10028236,36864,1368,10066468,10023057.656732686,10023057.656732686
4,fp8_e4m3_sat,key,ans_lane,64,180,11796480,10026040,92160,3420,10121620,10020376.90243017,10020376.90243017
4,fp8_e4m3_sat,key,ans_lane_shared,16,720,11796480,10037000,0,13680,10050680,10010458.562698195,10010458.562698195
4,fp8_e4m3_sat,key,ans_lane_shared,256,72,11796480,10034364,0,1368,10035732,10023057.656732686,10023057.656732686
4,fp8_e4m3_sat,key,ans_lane_shared,64,180,11796480,10034808,0,3420,10038228,10020376.90243017,10020376.90243017
4,fp8_e4m3_sat,key,zstd,64,180,11796480,10040340,0,3420,10043760,10020376.90243017,10020376.90243017
4,fp8_e4m3_sat,value,ans_lane,16,720,11796480,9557876,368640,13680,9940196,9547293.410759494,9547293.410759494
4,fp8_e4m3_sat,value,ans_lane,256,72,11796480,9567796,36864,1368,9606028,9560139.711487016,9560139.711487016
4,fp8_e4m3_sat,value,ans_lane,64,180,11796480,9565596,92160,3420,9661176,9557364.165296264,9557364.165296264
4,fp8_e4m3_sat,value,ans_lane_shared,16,720,11796480,9573624,0,13680,9587304,9547293.410759494,9547293.410759494
4,fp8_e4m3_sat,value,ans_lane_shared,256,72,11796480,9571028,0,1368,9572396,9560139.711487016,9560139.711487016
4,fp8_e4m3_sat,value,ans_lane_shared,64,180,11796480,9571452,0,3420,9574872,9557364.165296264,9557364.165296264
4,fp8_e4m3_sat,value,zstd,64,180,11796480,9561301,0,3420,9564721,9557364.165296264,9557364.165296264
6,bf16,key,ans_lane,16,3600,117964800,80225728,3686400,97200,84009328,80118672.84326427,92961527.5910098
6,bf16,key,ans_lane,256,252,117964800,80288336,258048,6804,80553188,80209383.68037358,93044788.59164086
6,bf16,key,ans_lane,64,900,117964800,80273996,921600,24300,81219896,80189446.73600368,93026662.75940561
6,bf16,key,ans_lane_shared,16,3600,117964800,80330692,0,97200,80427892,80118672.84326427,92961527.5910098
6,bf16,key,ans_lane_shared,256,252,117964800,80302920,0,6804,80309724,80209383.68037358,93044788.59164086
6,bf16,key,ans_lane_shared,64,900,117964800,80308244,0,24300,80332544,80189446.73600368,93026662.75940561
6,bf16,key,ans_raw,64,900,117964800,93031396,460800,17100,93509296,80189446.73600368,93026662.75940561
6,bf16,key,zstd,64,900,117964800,93115609,0,17100,93132709,80189446.73600368,93026662.75940561
6,bf16,value,ans_lane,16,3600,117964800,79107816,3686400,97200,82891416,79000373.5617024,92081239.61458126
6,bf16,value,ans_lane,256,252,117964800,79185576,258048,6804,79450428,79106370.95730941,92178550.23688734
6,bf16,value,ans_lane,64,900,117964800,79164080,921600,24300,80109980,79079174.7275454,92153811.46532081
6,bf16,value,ans_lane_shared,16,3600,117964800,79227016,0,97200,79324216,79000373.5617024,92081239.61458126
6,bf16,value,ans_lane_shared,256,252,117964800,79199444,0,6804,79206248,79106370.95730941,92178550.23688734
6,bf16,value,ans_lane_shared,64,900,117964800,79204788,0,24300,79229088,79079174.7275454,92153811.46532081
6,bf16,value,ans_raw,64,900,117964800,92158512,460800,17100,92636412,79079174.7275454,92153811.46532081
6,bf16,value,zstd,64,900,117964800,91788444,0,17100,91805544,79079174.7275454,92153811.46532081
6,fp8_e4m3_sat,key,ans_lane,16,3600,58982400,50120260,1843200,68400,52031860,50080710.393553816,50080710.393553816
6,fp8_e4m3_sat,key,ans_lane,256,252,58982400,50175228,129024,4788,50309040,50149955.46267296,50149955.46267296
6,fp8_e4m3_sat,key,ans_lane,64,900,58982400,50160256,460800,17100,50638156,50132105.58100298,50132105.58100298
6,fp8_e4m3_sat,key,ans_lane_shared,16,3600,58982400,50214900,0,68400,50283300,50080710.393553816,50080710.393553816
6,fp8_e4m3_sat,key,ans_lane_shared,256,252,58982400,50201644,0,4788,50206432,50149955.46267296,50149955.46267296
6,fp8_e4m3_sat,key,ans_lane_shared,64,900,58982400,50204192,0,17100,50221292,50132105.58100298,50132105.58100298
6,fp8_e4m3_sat,key,zstd,64,900,58982400,50203448,0,17100,50220548,50132105.58100298,50132105.58100298
6,fp8_e4m3_sat,value,ans_lane,16,3600,58982400,47779040,1843200,68400,49690640,47726210.42903965,47726210.42903965
6,fp8_e4m3_sat,value,ans_lane,256,252,58982400,47838344,129024,4788,47972156,47800363.69702412,47800363.69702412
6,fp8_e4m3_sat,value,ans_lane,64,900,58982400,47818552,460800,17100,48296452,47777346.27290418,47777346.27290418
6,fp8_e4m3_sat,value,ans_lane_shared,16,3600,58982400,47864920,0,68400,47933320,47726210.42903965,47726210.42903965
6,fp8_e4m3_sat,value,ans_lane_shared,256,252,58982400,47851576,0,4788,47856364,47800363.69702412,47800363.69702412
6,fp8_e4m3_sat,value,ans_lane_shared,64,900,58982400,47854196,0,17100,47871296,47777346.27290418,47777346.27290418
6,fp8_e4m3_sat,value,zstd,64,900,58982400,47761838,0,17100,47778938,47777346.27290418,47777346.27290418
7,bf16,key,ans_lane,16,3024,99090432,67371876,3096576,81648,70550100,67281850.70084861,78069039.16025594
7,bf16,key,ans_lane,256,216,99090432,67424100,221184,5832,67651116,67357727.91197084,78138730.94148779
7,bf16,key,ans_lane,64,756,99090432,67412436,774144,20412,68206992,67341319.56918186,78123788.9630277
7,bf16,key,ans_lane_shared,16,3024,99090432,67460168,0,81648,67541816,67281850.70084861,78069039.16025594
7,bf16,key,ans_lane_shared,256,216,99090432,67436956,0,5832,67442788,67357727.91197084,78138730.94148779
7,bf16,key,ans_lane_shared,64,756,99090432,67441452,0,20412,67461864,67341319.56918186,78123788.9630277
7,bf16,key,ans_raw,64,756,99090432,78127756,387072,14364,78529192,67341319.56918186,78123788.9630277
7,bf16,key,zstd,64,756,99090432,78239794,0,14364,78254158,67341319.56918186,78123788.9630277
7,bf16,value,ans_lane,16,3024,99090432,66457392,3096576,81648,69635616,66367050.8753961,77354648.1802964
7,bf16,value,ans_lane,256,216,99090432,66520472,221184,5832,66747488,66453898.108313516,77434286.71090274
7,bf16,value,ans_lane,64,756,99090432,66504628,774144,20412,67299184,66433324.99216928,77415548.669568
7,bf16,value,ans_lane_shared,16,3024,99090432,66553060,0,81648,66634708,66367050.8753961,77354648.1802964
7,bf16,value,ans_lane_shared,256,216,99090432,66529948,0,5832,66535780,66453898.108313516,77434286.71090274
7,bf16,value,ans_lane_shared,64,756,99090432,66534396,0,20412,66554808,66433324.99216928,77415548.669568
7,bf16,value,ans_raw,64,756,99090432,77419524,387072,14364,77820960,66433324.99216928,77415548.669568
7,bf16,value,zstd,64,756,99090432,77172985,0,14364,77187349,66433324.99216928,77415548.669568
7,fp8_e4m3_sat,key,ans_lane,16,3024,49545216,42084896,1548288,57456,43690640,42051677.364589125,42051677.364589125
7,fp8_e4m3_sat,key,ans_lane,256,216,49545216,42130596,110592,4104,42245292,42109295.308597304,42109295.308597304
7,fp8_e4m3_sat,key,ans_lane,64,756,49545216,42118492,387072,14364,42519928,42094764.66592385,42094764.66592385
7,fp8_e4m3_sat,key,ans_lane_shared,16,3024,49545216,42164216,0,57456,42221672,42051677.364589125,42051677.364589125
7,fp8_e4m3_sat,key,ans_lane_shared,256,216,49545216,42153112,0,4104,42157216,42109295.308597304,42109295.308597304
7,fp8_e4m3_sat,key,ans_lane_shared,64,756,49545216,42155284,0,14364,42169648,42094764.66592385,42094764.66592385
7,fp8_e4m3_sat,key,zstd,64,756,49545216,42171235,0,14364,42185599,42094764.66592385,42094764.66592385
7,fp8_e4m3_sat,value,ans_lane,16,3024,49545216,40146900,1548288,57456,41752644,40102566.42928002,40102566.42928002
7,fp8_e4m3_sat,value,ans_lane,256,216,49545216,40193928,110592,4104,40308624,40162036.48541344,40162036.48541344
7,fp8_e4m3_sat,value,ans_lane,64,756,49545216,40180120,387072,14364,40581556,40145519.989216544,40145519.989216544
7,fp8_e4m3_sat,value,ans_lane_shared,16,3024,49545216,40213544,0,57456,40271000,40102566.42928002,40102566.42928002
7,fp8_e4m3_sat,value,ans_lane_shared,256,216,49545216,40202228,0,4104,40206332,40162036.48541344,40162036.48541344
7,fp8_e4m3_sat,value,ans_lane_shared,64,756,49545216,40204420,0,14364,40218784,40145519.989216544,40145519.989216544
7,fp8_e4m3_sat,value,zstd,64,756,49545216,40159685,0,14364,40174049,40145519.989216544,40145519.989216544
8,bf16,key,ans_lane,16,4320,141557760,96266388,4423680,116640,100806708,96137869.58332832,111547958.53659604
8,bf16,key,ans_lane,256,288,141557760,96342284,294912,7776,96644972,96247661.67537199,111648797.58787039
8,bf16,key,ans_lane,64,1080,141557760,96323996,1105920,29160,97459076,96222598.93406837,111625992.59679617
8,bf16,key,ans_lane_shared,16,4320,141557760,96393620,0,116640,96510260,96137869.58332832,111547958.53659604
8,bf16,key,ans_lane_shared,256,288,141557760,96360344,0,7776,96368120,96247661.67537199,111648797.58787039
8,bf16,key,ans_lane_shared,64,1080,141557760,96366828,0,29160,96395988,96222598.93406837,111625992.59679617
8,bf16,key,ans_raw,64,1080,141557760,111631660,552960,20520,112205140,96222598.93406837,111625992.59679617
8,bf16,key,zstd,64,1080,141557760,111728018,0,20520,111748538,96222598.93406837,111625992.59679617
8,bf16,value,ans_lane,16,4320,141557760,94957992,4423680,116640,99498312,94829009.90536569,110522482.90813251
8,bf16,value,ans_lane,256,288,141557760,95048588,294912,7776,95351276,94953676.75453909,110636988.99194656
8,bf16,value,ans_lane,64,1080,141557760,95025364,1105920,29160,96160444,94923447.10121273,110609436.24764943
8,bf16,value,ans_lane_shared,16,4320,141557760,95100600,0,116640,95217240,94829009.90536569,110522482.90813251
8,bf16,value,ans_lane_shared,256,288,141557760,95067216,0,7776,95074992,94953676.75453909,110636988.99194656
8,bf16,value,ans_lane_shared,64,1080,141557760,95073768,0,29160,95102928,94923447.10121273,110609436.24764943
8,bf16,value,ans_raw,64,1080,141557760,110615072,552960,20520,111188552,94923447.10121273,110609436.24764943
8,bf16,value,zstd,64,1080,141557760,110150681,0,20520,110171201,94923447.10121273,110609436.24764943
8,fp8_e4m3_sat,key,ans_lane,16,4320,70778880,60127744,2211840,82080,62421664,60080278.67998028,60080278.67998028
8,fp8_e4m3_sat,key,ans_lane,256,288,70778880,60194664,147456,5472,60347592,60164380.480994366,60164380.480994366
8,fp8_e4m3_sat,key,ans_lane,64,1080,70778880,60175064,552960,20520,60748544,60141219.18929471,60141219.18929471
8,fp8_e4m3_sat,key,ans_lane_shared,16,4320,70778880,60241664,0,82080,60323744,60080278.67998028,60080278.67998028
8,fp8_e4m3_sat,key,ans_lane_shared,256,288,70778880,60225480,0,5472,60230952,60164380.480994366,60164380.480994366
8,fp8_e4m3_sat,key,ans_lane_shared,64,1080,70778880,60228592,0,20520,60249112,60141219.18929471,60141219.18929471
8,fp8_e4m3_sat,key,zstd,64,1080,70778880,60225294,0,20520,60245814,60141219.18929471,60141219.18929471
8,fp8_e4m3_sat,value,ans_lane,16,4320,70778880,57359356,2211840,82080,59653276,57295871.32561624,57295871.32561624
8,fp8_e4m3_sat,value,ans_lane,256,288,70778880,57427188,147456,5472,57580116,57381586.102220014,57381586.102220014
8,fp8_e4m3_sat,value,ans_lane,64,1080,70778880,57406524,552960,20520,57980004,57357061.949673615,57357061.949673615
8,fp8_e4m3_sat,value,ans_lane_shared,16,4320,70778880,57462388,0,82080,57544468,57295871.32561624,57295871.32561624
8,fp8_e4m3_sat,value,ans_lane_shared,256,288,70778880,57446172,0,5472,57451644,57381586.102220014,57381586.102220014
8,fp8_e4m3_sat,value,ans_lane_shared,64,1080,70778880,57449356,0,20520,57469876,57357061.949673615,57357061.949673615
8,fp8_e4m3_sat,value,zstd,64,1080,70778880,57333888,0,20520,57354408,57357061.949673615,57357061.949673615
9,bf16,key,ans_lane,16,1152,37748736,25673004,1179648,31104,26883756,25638771.95875016,29747633.19028142
9,bf16,key,ans_lane,256,72,37748736,25693652,73728,1944,25769324,25668444.49825826,29774823.459592048
9,bf16,key,ans_lane,64,288,37748736,25688556,294912,7776,25991244,25661457.163341545,29768467.533170972
9,bf16,key,ans_lane_shared,16,1152,37748736,25706720,0,31104,25737824,25638771.95875016,29747633.19028142
9,bf16,key,ans_lane_shared,256,72,37748736,25697880,0,1944,25699824,25668444.49825826,29774823.459592048
9,bf16,key,ans_lane_shared,64,288,37748736,25699640,0,7776,25707416,25661457.163341545,29768467.533170972
9,bf16,key,ans_raw,64,288,37748736,29769984,147456,5472,29922912,25661457.163341545,29768467.533170972
9,bf16,key,zstd,64,288,37748736,29814081,0,5472,29819553,25661457.163341545,29768467.533170972
9,bf16,value,ans_lane,16,1152,37748736,25323836,1179648,31104,26534588,25289392.415171925,29474202.0034379
9,bf16,value,ans_lane,256,72,37748736,25349448,73728,1944,25425120,25324156.770760752,29506197.195551127
9,bf16,value,ans_lane,64,288,37748736,25341260,294912,7776,25643948,25314093.374177344,29496981.97615627
9,bf16,value,ans_lane_shared,16,1152,37748736,25361144,0,31104,25392248,25289392.415171925,29474202.0034379
9,bf16,value,ans_lane_shared,256,72,37748736,25352200,0,1944,25354144,25324156.770760752,29506197.195551127
9,bf16,value,ans_lane_shared,64,288,37748736,25353940,0,7776,25361716,25314093.374177344,29496981.97615627
9,bf16,value,ans_raw,64,288,37748736,29498492,147456,5472,29651420,25314093.374177344,29496981.97615627
9,bf16,value,zstd,64,288,37748736,29408519,0,5472,29413991,25314093.374177344,29496981.97615627
9,fp8_e4m3_sat,key,ans_lane,16,1152,18874368,16033892,589824,21888,16645604,16021155.439816454,16021155.439816454
9,fp8_e4m3_sat,key,ans_lane,256,72,18874368,16052116,36864,1368,16090348,16044066.98241765,16044066.98241765
9,fp8_e4m3_sat,key,ans_lane,64,288,18874368,16046564,147456,5472,16199492,16037496.08299975,16037496.08299975
9,fp8_e4m3_sat,key,ans_lane_shared,16,1152,18874368,16063740,0,21888,16085628,16021155.439816454,16021155.439816454
9,fp8_e4m3_sat,key,ans_lane_shared,256,72,18874368,16059504,0,1368,16060872,16044066.98241765,16044066.98241765
9,fp8_e4m3_sat,key,ans_lane_shared,64,288,18874368,16060376,0,5472,16065848,16037496.08299975,16037496.08299975
9,fp8_e4m3_sat,key,zstd,64,288,18874368,16068556,0,5472,16074028,16037496.08299975,16037496.08299975
9,fp8_e4m3_sat,value,ans_lane,16,1152,18874368,15303532,589824,21888,15915244,15286596.521558214,15286596.521558214
9,fp8_e4m3_sat,value,ans_lane,256,72,18874368,15323496,36864,1368,15361728,15311344.030558223,15311344.030558223
9,fp8_e4m3_sat,value,ans_lane,64,288,18874368,15315568,147456,5472,15468496,15302373.338308088,15302373.338308088
9,fp8_e4m3_sat,value,ans_lane_shared,16,1152,18874368,15329872,0,21888,15351760,15286596.521558214,15286596.521558214
9,fp8_e4m3_sat,value,ans_lane_shared,256,72,18874368,15325532,0,1368,15326900,15311344.030558223,15311344.030558223
9,fp8_e4m3_sat,value,ans_lane_shared,64,288,18874368,15326396,0,5472,15331868,15302373.338308088,15302373.338308088
9,fp8_e4m3_sat,value,zstd,64,288,18874368,15305621,0,5472,15311093,15302373.338308088,15302373.338308088
