turn_idx,format,state_kind,codec,block_tokens,units,raw_bytes,payload_bytes,table_bytes,header_bytes,compressed_total_bytes,entropy_lane_bytes,entropy_raw_bytes
0,bf16,key,ans_lane,16,320,10485760,7062284,327680,8640,7398604,7052753.507050716,8212316.050134674
0,bf16,key,ans_lane,256,24,10485760,7067640,24576,648,7092864,7060613.510392203,8219472.379989871
0,bf16,key,ans_lane,64,80,10485760,7066484,81920,2160,7150564,7058952.400050562,8217997.9982463345
0,bf16,key,ans_lane_shared,16,320,10485760,7072692,0,8640,7081332,7052753.507050716,8212316.050134674
0,bf16,key,ans_lane_shared,256,24,10485760,7070272,0,648,7070920,7060613.510392203,8219472.379989871
0,bf16,key,ans_lane_shared,64,80,10485760,7070732,0,2160,7072892,7058952.400050562,8217997.9982463345
0,bf16,key,ans_raw,64,80,10485760,8218408,40960,1520,8260888,7058952.400050562,8217997.9982463345
0,bf16,key,zstd,64,80,10485760,8251453,0,1520,8252973,7058952.400050562,8217997.9982463345
0,bf16,value,ans_lane,16,320,10485760,7067444,327680,8640,7403764,7057864.250680218,8218007.3739746
0,bf16,value,ans_lane,256,24,10485760,7073556,24576,648,7098780,7066515.204296981,8225917.335408839
0,bf16,value,ans_lane,64,80,10485760,7072188,81920,2160,7156268,7064641.467310978,8224224.414974686
0,bf16,value,ans_lane_shared,16,320,10485760,7080020,0,8640,7088660,7057864.250680218,8218007.3739746
0,bf16,value,ans_lane_shared,256,24,10485760,7077564,0,648,7078212,7066515.204296981,8225917.335408839
0,bf16,value,ans_lane_shared,64,80,10485760,7078020,0,2160,7080180,7064641.467310978,8224224.414974686
0,bf16,value,ans_raw,64,80,10485760,8224620,40960,1520,8267100,7064641.467310978,8224224.414974686
0,bf16,value,zstd,64,80,10485760,8268224,0,1520,8269744,7064641.467310978,8224224.414974686
0,fp8_e4m3_sat,key,ans_lane,16,320,5242880,4347164,163840,6080,4517084,4343176.6339847725,4343176.6339847725
0,fp8_e4m3_sat,key,ans_lane,256,24,5242880,4351148,12288,456,4363892,4348438.7722797515,4348438.7722797515
0,fp8_e4m3_sat,key,ans_lane,64,80,5242880,4350168,40960,1520,4392648,4347198.641331125,4347198.641331125
0,fp8_e4m3_sat,key,ans_lane_shared,16,320,5242880,4355164,0,6080,4361244,4343176.6339847725,4343176.6339847725
0,fp8_e4m3_sat,key,ans_lane_shared,256,24,5242880,4353936,0,456,4354392,4348438.7722797515,4348438.7722797515
0,fp8_e4m3_sat,key,ans_lane_shared,64,80,5242880,4354156,0,1520,4355676,4347198.641331125,4347198.641331125
0,fp8_e4m3_sat,key,zstd,64,80,5242880,4376899,0,1520,4378419,4347198.641331125,4347198.641331125
0,fp8_e4m3_sat,value,ans_lane,16,320,5242880,4353388,163840,6080,4523308,4349371.997637504,4349371.997637504
0,fp8_e4m3_sat,value,ans_lane,256,24,5242880,4358524,12288,456,4371268,4355914.487007572,4355914.487007572
0,fp8_e4m3_sat,value,ans_lane,64,80,5242880,4357172,40960,1520,4399652,4354224.289471192,4354224.289471192
0,fp8_e4m3_sat,value,ans_lane_shared,16,320,5242880,4364604,0,6080,4370684,4349371.997637504,4349371.997637504
0,fp8_e4m3_sat,value,ans_lane_shared,256,24,5242880,4363360,0,456,4363816,4355914.487007572,4355914.487007572
0,fp8_e4m3_sat,value,ans_lane_shared,64,80,5242880,4363592,0,1520,4365112,4354224.289471192,4354224.289471192
0,fp8_e4m3_sat,value,zstd,64,80,5242880,4386106,0,1520,4387626,4354224.289471192,4354224.289471192
0,native,convolution,ans_lane,,24,1572864,1064564,24576,648,1089788,1063337.983019708,1236831.232253034
0,native,convolution,ans_lane_shared,,24,1572864,1067744,0,648,1068392,1063337.983019708,1236831.232253034
0,native,convolution,zstd,,24,1572864,1244151,0,456,1244607,1063337.983019708,1236831.232253034
0,native,recurrent,ans_lane,,24,50331648,42953752,49152,1032,43003936,42937392.65937302,47108131.016857
0,native,recurrent,ans_lane_shared,,24,50331648,42966208,0,1032,42967240,42937392.65937302,47108131.016857
0,native,recurrent,zstd,,24,50331648,47231400,0,456,47231856,42937392.65937302,47108131.016857
1,bf16,key,ans_lane,16,32064,1050673152,706673096,32833536,865728,740372360,705717507.1120058,821967405.2067673
1,bf16,key,ans_lane,256,2008,1050673152,707221280,2056192,54216,709331688,706520638.925532,822698767.7831277
1,bf16,key,ans_lane,64,8016,1050673152,707096804,8208384,216432,715521620,706342808.8824648,822539609.2390052
1,bf16,key,ans_lane_shared,16,32064,1050673152,707542796,0,865728,708408524,705717507.1120058,821967405.2067673
1,bf16,key,ans_lane_shared,256,2008,1050673152,707294344,0,54216,707348560,706520638.925532,822698767.7831277
1,bf16,key,ans_lane_shared,64,8016,1050673152,707343976,0,216432,707560408,706342808.8824648,822539609.2390052
1,bf16,key,ans_raw,64,8016,1050673152,822581540,4104192,152304,826838036,706342808.8824648,822539609.2390052
1,bf16,key,zstd,64,8016,1050673152,826079745,0,152304,826232049,706342808.8824648,822539609.2390052
1,bf16,value,ans_lane,16,32064,1050673152,708385844,32833536,865728,742085108,707428262.1591334,823666028.057252
1,bf16,value,ans_lane,256,2008,1050673152,709052720,2056192,54216,711163128,708350471.3786341,824512738.2217926
1,bf16,value,ans_lane,64,8016,1050673152,708881780,8208384,216432,717306596,708125894.3258443,824308671.7199469
1,bf16,value,ans_lane_shared,16,32064,1050673152,709397280,0,865728,710263008,707428262.1591334,823666028.057252
1,bf16,value,ans_lane_shared,256,2008,1050673152,709148300,0,54216,709202516,708350471.3786341,824512738.2217926
1,bf16,value,ans_lane_shared,64,8016,1050673152,709198260,0,216432,709414692,708125894.3258443,824308671.7199469
1,bf16,value,ans_raw,64,8016,1050673152,824350740,4104192,152304,828607236,708125894.3258443,824308671.7199469
1,bf16,value,zstd,64,8016,1050673152,828723940,0,152304,828876244,708125894.3258443,824308671.7199469
1,fp8_e4m3_sat,key,ans_lane,16,32064,525336576,433903072,16416768,609216,450929056,433497329.18939185,433497329.18939185
1,fp8_e4m3_sat,key,ans_lane,256,2008,525336576,434309000,1028096,38152,435375248,434033894.42855203,434033894.42855203
1,fp8_e4m3_sat,key,ans_lane,64,8016,525336576,434203332,4104192,152304,438459828,433899206.7622089,433899206.7622089
1,fp8_e4m3_sat,key,ans_lane_shared,16,32064,525336576,434494956,0,609216,435104172,433497329.18939185,433497329.18939185
1,fp8_e4m3_sat,key,ans_lane_shared,256,2008,525336576,434374388,0,38152,434412540,434033894.42855203,434033894.42855203
1,fp8_e4m3_sat,key,ans_lane_shared,64,8016,525336576,434398408,0,152304,434550712,433899206.7622089,433899206.7622089
1,fp8_e4m3_sat,key,zstd,64,8016,525336576,436699128,0,152304,436851432,433899206.7622089,433899206.7622089
1,fp8_e4m3_sat,value,ans_lane,16,32064,525336576,436143220,16416768,609216,453169204,435737441.11747956,435737441.11747956
1,fp8_e4m3_sat,value,ans_lane,256,2008,525336576,436699452,1028096,38152,437765700,436432716.0830346,436432716.0830346
1,fp8_e4m3_sat,value,ans_lane,64,8016,525336576,436536932,4104192,152304,440793428,436238029.6080071,436238029.6080071
1,fp8_e4m3_sat,value,ans_lane_shared,16,32064,525336576,436914920,0,609216,437524136,435737441.11747956,435737441.11747956
1,fp8_e4m3_sat,value,ans_lane_shared,256,2008,525336576,436794416,0,38152,436832568,436432716.0830346,436432716.0830346
1,fp8_e4m3_sat,value,ans_lane_shared,64,8016,525336576,436818296,0,152304,436970600,436238029.6080071,436238029.6080071
1,fp8_e4m3_sat,value,zstd,64,8016,525336576,439615339,0,152304,439767643,436238029.6080071,436238029.6080071
1,native,convolution,ans_lane,,24,1572864,1066664,24576,648,1091888,1065433.4439409613,1238856.4253469163
1,native,convolution,ans_lane_shared,,24,1572864,1070460,0,648,1071108,1065433.4439409613,1238856.4253469163
1,native,convolution,zstd,,24,1572864,1245868,0,456,1246324,1065433.4439409613,1238856.4253469163
1,native,recurrent,ans_lane,,24,50331648,43008172,49152,1032,43058356,42991822.361520655,47148870.59439397
1,native,recurrent,ans_lane_shared,,24,50331648,43022680,0,1032,43023712,42991822.361520655,47148870.59439397
1,native,recurrent,zstd,,24,50331648,47253878,0,456,47254334,42991822.361520655,47148870.59439397
10,bf16,key,ans_lane,16,3520,115343360,77551172,3604480,95040,81250692,77446269.43204688,90213466.89617376
10,bf16,key,ans_lane,256,224,115343360,77610652,229376,6048,77846076,77533687.89272825,90293095.63949412
10,bf16,key,ans_lane,64,880,115343360,77597220,901120,23760,78522100,77514471.95564988,90275895.4550585
10,bf16,key,ans_lane_shared,16,3520,115343360,77647372,0,95040,77742412,77446269.43204688,90213466.89617376
10,bf16,key,ans_lane_shared,256,224,115343360,77620080,0,6048,77626128,77533687.89272825,90293095.63949412
10,bf16,key,ans_lane_shared,64,880,115343360,77625492,0,23760,77649252,77514471.95564988,90275895.4550585
10,bf16,key,ans_raw,64,880,115343360,90280448,450560,16720,90747728,77514471.95564988,90275895.4550585
10,bf16,key,zstd,64,880,115343360,90669158,0,16720,90685878,77514471.95564988,90275895.4550585
10,bf16,value,ans_lane,16,3520,115343360,77866444,3604480,95040,81565964,77761303.22037986,90511010.17094965
10,bf16,value,ans_lane,256,224,115343360,77938512,229376,6048,78173936,77861370.55357769,90603000.2375567
10,bf16,value,ans_lane,64,880,115343360,77920296,901120,23760,78845176,77837211.4883915,90580963.09234954
10,bf16,value,ans_lane_shared,16,3520,115343360,77980552,0,95040,78075592,77761303.22037986,90511010.17094965
10,bf16,value,ans_lane_shared,256,224,115343360,77953264,0,6048,77959312,77861370.55357769,90603000.2375567
10,bf16,value,ans_lane_shared,64,880,115343360,77958728,0,23760,77982488,77837211.4883915,90580963.09234954
10,bf16,value,ans_raw,64,880,115343360,90585616,450560,16720,91052896,77837211.4883915,90580963.09234954
10,bf16,value,zstd,64,880,115343360,91060528,0,16720,91077248,77837211.4883915,90580963.09234954
10,fp8_e4m3_sat,key,ans_lane,16,3520,57671680,47599856,1802240,66880,49468976,47555071.58486284,47555071.58486284
10,fp8_e4m3_sat,key,ans_lane,256,224,57671680,47643768,114688,4256,47762712,47613244.08330271,47613244.08330271
10,fp8_e4m3_sat,key,ans_lane,64,880,57671680,47632296,450560,16720,48099576,47598606.879525974,47598606.879525974
10,fp8_e4m3_sat,key,ans_lane_shared,16,3520,57671680,47668356,0,66880,47735236,47555071.58486284,47555071.58486284
10,fp8_e4m3_sat,key,ans_lane_shared,256,224,57671680,47655140,0,4256,47659396,47613244.08330271,47613244.08330271
10,fp8_e4m3_sat,key,ans_lane_shared,64,880,57671680,47657788,0,16720,47674508,47598606.879525974,47598606.879525974
10,fp8_e4m3_sat,key,zstd,64,880,57671680,47903289,0,16720,47920009,47598606.879525974,47598606.879525974
10,fp8_e4m3_sat,value,ans_lane,16,3520,57671680,47976984,1802240,66880,49846104,47932490.93008305,47932490.93008305
10,fp8_e4m3_sat,value,ans_lane,256,224,57671680,48037316,114688,4256,48156260,48007959.71306597,48007959.71306597
10,fp8_e4m3_sat,value,ans_lane,64,880,57671680,48019664,450560,16720,48486944,47986959.81831085,47986959.81831085
10,fp8_e4m3_sat,value,ans_lane_shared,16,3520,57671680,48068752,0,66880,48135632,47932490.93008305,47932490.93008305
10,fp8_e4m3_sat,value,ans_lane_shared,256,224,57671680,48055612,0,4256,48059868,48007959.71306597,48007959.71306597
10,fp8_e4m3_sat,value,ans_lane_shared,64,880,57671680,48058240,0,16720,48074960,47986959.81831085,47986959.81831085
10,fp8_e4m3_sat,value,zstd,64,880,57671680,48355918,0,16720,48372638,47986959.81831085,47986959.81831085
10,native,convolution,ans_lane,,24,1572864,1067336,24576,648,1092560,1066111.6991561665,1239370.815693846
10,native,convolution,ans_lane_shared,,24,1572864,1073432,0,648,1074080,1066111.6991561665,1239370.815693846
10,native,convolution,zstd,,24,1572864,1246288,0,456,1246744,1066111.6991561665,1239370.815693846
10,native,recurrent,ans_lane,,24,50331648,42984740,49152,1032,43034924,42968378.48765282,47129761.14836085
10,native,recurrent,ans_lane_shared,,24,50331648,42999428,0,1032,43000460,42968378.48765282,47129761.14836085
10,native,recurrent,zstd,,24,50331648,47237048,0,456,47237504,42968378.48765282,47129761.14836085
11,bf16,key,ans_lane,16,2048,67108864,45125076,2097152,55296,47277524,45063933.70988155,52491764.08221445
11,bf16,key,ans_lane,256,128,67108864,45160040,131072,3456,45294568,45115262.7227436,52538469.93802026
11,bf16,key,ans_lane,64,512,67108864,45152180,524288,13824,45690292,45103984.02790696,52528380.61072933
11,bf16,key,ans_lane_shared,16,2048,67108864,45181752,0,55296,45237048,45063933.70988155,52491764.08221445
11,bf16,key,ans_lane_shared,256,128,67108864,45165816,0,3456,45169272,45115262.7227436,52538469.93802026
11,bf16,key,ans_lane_shared,64,512,67108864,45168996,0,13824,45182820,45103984.02790696,52528380.61072933
11,bf16,key,ans_raw,64,512,67108864,52531076,262144,9728,52802948,45103984.02790696,52528380.61072933
11,bf16,key,zstd,64,512,67108864,52755713,0,9728,52765441,45103984.02790696,52528380.61072933
11,bf16,value,ans_lane,16,2048,67108864,45304948,2097152,55296,47457396,45243774.052693926,52662426.39225764
11,bf16,value,ans_lane,256,128,67108864,45347036,131072,3456,45481564,45302168.71039913,52716078.24933286
11,bf16,value,ans_lane,64,512,67108864,45336824,524288,13824,45874936,45288579.52428708,52703705.3353553
11,bf16,value,ans_lane_shared,16,2048,67108864,45373404,0,55296,45428700,45243774.052693926,52662426.39225764
11,bf16,value,ans_lane_shared,256,128,67108864,45357592,0,3456,45361048,45302168.71039913,52716078.24933286
11,bf16,value,ans_lane_shared,64,512,67108864,45360812,0,13824,45374636,45288579.52428708,52703705.3353553
11,bf16,value,ans_raw,64,512,67108864,52706436,262144,9728,52978308,45288579.52428708,52703705.3353553
11,bf16,value,zstd,64,512,67108864,52983535,0,9728,52993263,45288579.52428708,52703705.3353553
11,fp8_e4m3_sat,key,ans_lane,16,2048,33554432,27699628,1048576,38912,28787116,27673519.360687982,27673519.360687982
11,fp8_e4m3_sat,key,ans_lane,256,128,33554432,27725720,65536,2432,27793688,27707990.69976207,27707990.69976207
11,fp8_e4m3_sat,key,ans_lane,64,512,33554432,27718872,262144,9728,27990744,27699332.777465492,27699332.777465492
11,fp8_e4m3_sat,key,ans_lane_shared,16,2048,33554432,27740592,0,38912,27779504,27673519.360687982,27673519.360687982
11,fp8_e4m3_sat,key,ans_lane_shared,256,128,33554432,27732868,0,2432,27735300,27707990.69976207,27707990.69976207
11,fp8_e4m3_sat,key,ans_lane_shared,64,512,33554432,27734352,0,9728,27744080,27699332.777465492,27699332.777465492
11,fp8_e4m3_sat,key,zstd,64,512,33554432,27876811,0,9728,27886539,27699332.777465492,27699332.777465492
11,fp8_e4m3_sat,value,ans_lane,16,2048,33554432,27911316,1048576,38912,28998804,27885436.64945367,27885436.64945367
11,fp8_e4m3_sat,value,ans_lane,256,128,33554432,27946524,65536,2432,28014492,27929451.62801836,27929451.62801836
11,fp8_e4m3_sat,value,ans_lane,64,512,33554432,27936820,262144,9728,28208692,27917759.231019795,27917759.231019795
11,fp8_e4m3_sat,value,ans_lane_shared,16,2048,33554432,27967952,0,38912,28006864,27885436.64945367,27885436.64945367
11,fp8_e4m3_sat,value,ans_lane_shared,256,128,33554432,27960260,0,2432,27962692,27929451.62801836,27929451.62801836
11,fp8_e4m3_sat,value,ans_lane_shared,64,512,33554432,27961784,0,9728,27971512,27917759.231019795,27917759.231019795
11,fp8_e4m3_sat,value,zstd,64,512,33554432,28132437,0,9728,28142165,27917759.231019795,27917759.231019795
11,native,convolution,ans_lane,,24,1572864,1065752,24576,648,1090976,1064516.496615484,1237952.6527814926
11,native,convolution,ans_lane_shared,,24,1572864,1069568,0,648,1070216,1064516.496615484,1237952.6527814926
11,native,convolution,zstd,,24,1572864,1244918,0,456,1245374,1064516.496615484,1237952.6527814926
11,native,recurrent,ans_lane,,24,50331648,43054368,49152,1032,43104552,43038050.258590326,47179984.39538587
11,native,recurrent,ans_lane_shared,,24,50331648,43087520,0,1032,43088552,43038050.258590326,47179984.39538587
11,native,recurrent,zstd,,24,50331648,47262391,0,456,47262847,43038050.258590326,47179984.39538587
12,bf16,key,ans_lane,16,3584,117440512,78953364,3670016,96768,82720148,78846454.14576447,91847731.28762299
12,bf16,key,ans_lane,256,224,117440512,79013900,229376,6048,79249324,78935548.80978836,91928908.66750361
12,bf16,key,ans_lane,64,896,117440512,79000136,917504,24192,79941832,78915885.43122174,91911259.8780708
12,bf16,key,ans_lane_shared,16,3584,117440512,79053160,0,96768,79149928,78846454.14576447,91847731.28762299
12,bf16,key,ans_lane_shared,256,224,117440512,79025368,0,6048,79031416,78935548.80978836,91928908.66750361
12,bf16,key,ans_lane_shared,64,896,117440512,79030960,0,24192,79055152,78915885.43122174,91911259.8780708
12,bf16,key,ans_raw,64,896,117440512,91915900,458752,17024,92391676,78915885.43122174,91911259.8780708
12,bf16,key,zstd,64,896,117440512,92311773,0,17024,92328797,78915885.43122174,91911259.8780708
12,bf16,value,ans_lane,16,3584,117440512,79283964,3670016,96768,83050748,79176935.32567163,92159496.25851186
12,bf16,value,ans_lane,256,224,117440512,79358296,229376,6048,79593720,79279777.5757061,92254094.9568082
12,bf16,value,ans_lane,64,896,117440512,79339264,917504,24192,80280960,79254714.76561789,92231207.14496632
12,bf16,value,ans_lane_shared,16,3584,117440512,79403424,0,96768,79500192,79176935.32567163,92159496.25851186
12,bf16,value,ans_lane_shared,256,224,117440512,79375656,0,6048,79381704,79279777.5757061,92254094.9568082
12,bf16,value,ans_lane_shared,64,896,117440512,79381256,0,24192,79405448,79254714.76561789,92231207.14496632
12,bf16,value,ans_raw,64,896,117440512,92235820,458752,17024,92711596,79254714.76561789,92231207.14496632
12,bf16,value,zstd,64,896,117440512,92718523,0,17024,92735547,79254714.76561789,92231207.14496632
12,fp8_e4m3_sat,key,ans_lane,16,3584,58720256,48441916,1835008,68096,50345020,48396307.2892007,48396307.2892007
12,fp8_e4m3_sat,key,ans_lane,256,224,58720256,48486724,114688,4256,48605668,48455602.69539773,48455602.69539773
12,fp8_e4m3_sat,key,ans_lane,64,896,58720256,48475052,458752,17024,48950828,48440652.95102075,48440652.95102075
12,fp8_e4m3_sat,key,ans_lane_shared,16,3584,58720256,48514524,0,68096,48582620,48396307.2892007,48396307.2892007
12,fp8_e4m3_sat,key,ans_lane_shared,256,224,58720256,48501180,0,4256,48505436,48455602.69539773,48455602.69539773
12,fp8_e4m3_sat,key,ans_lane_shared,64,896,58720256,48503912,0,17024,48520936,48440652.95102075,48440652.95102075
12,fp8_e4m3_sat,key,zstd,64,896,58720256,48749548,0,17024,48766572,48440652.95102075,48440652.95102075
12,fp8_e4m3_sat,value,ans_lane,16,3584,58720256,48848456,1835008,68096,50751560,48803157.57372184,48803157.57372184
12,fp8_e4m3_sat,value,ans_lane,256,224,58720256,48910860,114688,4256,49029804,48881045.24275382,48881045.24275382
12,fp8_e4m3_sat,value,ans_lane,64,896,58720256,48892612,458752,17024,49368388,48859241.488001816,48859241.488001816
12,fp8_e4m3_sat,value,ans_lane_shared,16,3584,58720256,48947556,0,68096,49015652,48803157.57372184,48803157.57372184
12,fp8_e4m3_sat,value,ans_lane_shared,256,224,58720256,48934000,0,4256,48938256,48881045.24275382,48881045.24275382
12,fp8_e4m3_sat,value,ans_lane_shared,64,896,58720256,48936612,0,17024,48953636,48859241.488001816,48859241.488001816
12,fp8_e4m3_sat,value,zstd,64,896,58720256,49234988,0,17024,49252012,48859241.488001816,48859241.488001816
12,native,convolution,ans_lane,,24,1572864,1062756,24576,648,1087980,1061538.2484724866,1235167.9415959527
12,native,convolution,ans_lane_shared,,24,1572864,1064724,0,648,1065372,1061538.2484724866,1235167.9415959527
12,native,convolution,zstd,,24,1572864,1242423,0,456,1242879,1061538.2484724866,1235167.9415959527
12,native,recurrent,ans_lane,,24,50331648,42994004,49152,1032,43044188,42977659.652726136,47135854.40398528
12,native,recurrent,ans_lane_shared,,24,50331648,43006096,0,1032,43007128,42977659.652726136,47135854.40398528
12,native,recurrent,zstd,,24,50331648,47239569,0,456,47240025,42977659.652726136,47135854.40398528
13,bf16,key,ans_lane,16,2176,71303168,47940848,2228224,58752,50227824,47875929.807175234,55768801.83808311
13,bf16,key,ans_lane,256,136,71303168,47977660,139264,3672,48120596,47930082.31378404,55818185.12496077
13,bf16,key,ans_lane,64,544,71303168,47969376,557056,14688,48541120,47918175.07602941,55807520.582424484
13,bf16,key,ans_lane_shared,16,2176,71303168,48001472,0,58752,48060224,47875929.807175234,55768801.83808311
13,bf16,key,ans_lane_shared,256,136,71303168,47984728,0,3672,47988400,47930082.31378404,55818185.12496077
13,bf16,key,ans_lane_shared,64,544,71303168,47988092,0,14688,48002780,47918175.07602941,55807520.582424484
13,bf16,key,ans_raw,64,544,71303168,55810380,278528,10336,56099244,47918175.07602941,55807520.582424484
13,bf16,key,zstd,64,544,71303168,56050460,0,10336,56060796,47918175.07602941,55807520.582424484
13,bf16,value,ans_lane,16,2176,71303168,48129520,2228224,58752,50416496,48064584.10889723,55945745.73407606
13,bf16,value,ans_lane,256,136,71303168,48173740,139264,3672,48316676,48126066.51274149,56002291.64293235
13,bf16,value,ans_lane,64,544,71303168,48163044,557056,14688,48734788,48111706.35170217,55989195.38022564
13,bf16,value,ans_lane_shared,16,2176,71303168,48207744,0,58752,48266496,48064584.10889723,55945745.73407606
13,bf16,value,ans_lane_shared,256,136,71303168,48190784,0,3672,48194456,48126066.51274149,56002291.64293235
13,bf16,value,ans_lane_shared,64,544,71303168,48194172,0,14688,48208860,48111706.35170217,55989195.38022564
13,bf16,value,ans_raw,64,544,71303168,55991976,278528,10336,56280840,48111706.35170217,55989195.38022564
13,bf16,value,zstd,64,544,71303168,56286839,0,10336,56297175,48111706.35170217,55989195.38022564
13,fp8_e4m3_sat,key,ans_lane,16,2176,35651584,29418984,1114112,41344,30574440,29391251.628493275,29391251.628493275
13,fp8_e4m3_sat,key,ans_lane,256,136,35651584,29446268,69632,2584,29518484,29427358.189028148,29427358.189028148
13,fp8_e4m3_sat,key,ans_lane,64,544,35651584,29439212,278528,10336,29728076,29418343.510660294,29418343.510660294
13,fp8_e4m3_sat,key,ans_lane_shared,16,2176,35651584,29463476,0,41344,29504820,29391251.628493275,29391251.628493275
13,fp8_e4m3_sat,key,ans_lane_shared,256,136,35651584,29455332,0,2584,29457916,29427358.189028148,29427358.189028148
13,fp8_e4m3_sat,key,ans_lane_shared,64,544,35651584,29456940,0,10336,29467276,29418343.510660294,29418343.510660294
13,fp8_e4m3_sat,key,zstd,64,544,35651584,29606140,0,10336,29616476,29418343.510660294,29418343.510660294
13,fp8_e4m3_sat,value,ans_lane,16,2176,35651584,29659352,1114112,41344,30814808,29632017.077693988,29632017.077693988
13,fp8_e4m3_sat,value,ans_lane,256,136,35651584,29696288,69632,2584,29768504,29678258.567092143,29678258.567092143
13,fp8_e4m3_sat,value,ans_lane,64,544,35651584,29686132,278528,10336,29974996,29665955.789782707,29665955.789782707
13,fp8_e4m3_sat,value,ans_lane_shared,16,2176,35651584,29718844,0,41344,29760188,29632017.077693988,29632017.077693988
13,fp8_e4m3_sat,value,ans_lane_shared,256,136,35651584,29710732,0,2584,29713316,29678258.567092143,29678258.567092143
13,fp8_e4m3_sat,value,ans_lane_shared,64,544,35651584,29712388,0,10336,29722724,29665955.789782707,29665955.789782707
13,fp8_e4m3_sat,value,zstd,64,544,35651584,29894454,0,10336,29904790,29665955.789782707,29665955.789782707
13,native,convolution,ans_lane,,24,1572864,1065200,24576,648,1090424,1063979.9289897976,1237361.982428038
13,native,convolution,ans_lane_shared,,24,1572864,1070472,0,648,1071120,1063979.9289897976,1237361.982428038
13,native,convolution,zstd,,24,1572864,1244343,0,456,1244799,1063979.9289897976,1237361.982428038
13,native,recurrent,ans_lane,,24,50331648,42988016,49152,1032,43038200,42971670.222808465,47129822.47881413
13,native,recurrent,ans_lane_shared,,24,50331648,43015536,0,1032,43016568,42971670.222808465,47129822.47881413
13,native,recurrent,zstd,,24,50331648,47237986,0,456,47238442,42971670.222808465,47129822.47881413
14,bf16,key,ans_lane,16,480,15728640,10575040,491520,12960,11079520,10560669.487656591,12301910.894782927
14,bf16,key,ans_lane,256,32,15728640,10583036,32768,864,10616668,10572511.122829324,12312732.748634903
14,bf16,key,ans_lane,64,120,15728640,10581248,122880,3240,10707368,10569957.059657855,12310440.443747994
14,bf16,key,ans_lane_shared,16,480,15728640,10588356,0,12960,10601316,10560669.487656591,12301910.894782927
14,bf16,key,ans_lane_shared,256,32,15728640,10584632,0,864,10585496,10572511.122829324,12312732.748634903
14,bf16,key,ans_lane_shared,64,120,15728640,10585376,0,3240,10588616,10569957.059657855,12310440.443747994
14,bf16,key,ans_raw,64,120,15728640,12311056,61440,2280,12374776,10569957.059657855,12310440.443747994
14,bf16,key,zstd,64,120,15728640,12364383,0,2280,12366663,10569957.059657855,12310440.443747994
14,bf16,value,ans_lane,16,480,15728640,10615980,491520,12960,11120460,10601690.214704512,12340512.617280597
14,bf16,value,ans_lane,256,32,15728640,10625372,32768,864,10659004,10614839.776321575,12352627.716513757
14,bf16,value,ans_lane,64,120,15728640,10623148,122880,3240,10749268,10611837.93935354,12349872.531862
14,bf16,value,ans_lane_shared,16,480,15728640,10631380,0,12960,10644340,10601690.214704512,12340512.617280597
14,bf16,value,ans_lane_shared,256,32,15728640,10627700,0,864,10628564,10614839.776321575,12352627.716513757
14,bf16,value,ans_lane_shared,64,120,15728640,10628420,0,3240,10631660,10611837.93935354,12349872.531862
14,bf16,value,ans_raw,64,120,15728640,12350492,61440,2280,12414212,10611837.93935354,12349872.531862
14,bf16,value,zstd,64,120,15728640,12415601,0,2280,12417881,10611837.93935354,12349872.531862
14,fp8_e4m3_sat,key,ans_lane,16,480,7864320,6488372,245760,9120,6743252,6482192.4716286585,6482192.4716286585
14,fp8_e4m3_sat,key,ans_lane,256,32,7864320,6494192,16384,608,6511184,6490000.755119209,6490000.755119209
14,fp8_e4m3_sat,key,ans_lane,64,120,7864320,6492648,61440,2280,6556368,6488045.594872202,6488045.594872202
14,fp8_e4m3_sat,key,ans_lane_shared,16,480,7864320,6498160,0,9120,6507280,6482192.4716286585,6482192.4716286585
14,fp8_e4m3_sat,key,ans_lane_shared,256,32,7864320,6496364,0,608,6496972,6490000.755119209,6490000.755119209
14,fp8_e4m3_sat,key,ans_lane_shared,64,120,7864320,6496728,0,2280,6499008,6488045.594872202,6488045.594872202
14,fp8_e4m3_sat,key,zstd,64,120,7864320,6529313,0,2280,6531593,6488045.594872202,6488045.594872202
14,fp8_e4m3_sat,value,ans_lane,16,480,7864320,6539532,245760,9120,6794412,6533518.897096229,6533518.897096229
14,fp8_e4m3_sat,value,ans_lane,256,32,7864320,6547244,16384,608,6564236,6543215.2278856,6543215.2278856
14,fp8_e4m3_sat,value,ans_lane,64,120,7864320,6545156,61440,2280,6608876,6540699.409005261,6540699.409005261
14,fp8_e4m3_sat,value,ans_lane_shared,16,480,7864320,6552240,0,9120,6561360,6533518.897096229,6533518.897096229
14,fp8_e4m3_sat,value,ans_lane_shared,256,32,7864320,6550444,0,608,6551052,6543215.2278856,6543215.2278856
14,fp8_e4m3_sat,value,ans_lane_shared,64,120,7864320,6550800,0,2280,6553080,6540699.409005261,6540699.409005261
14,fp8_e4m3_sat,value,zstd,64,120,7864320,6591248,0,2280,6593528,6540699.409005261,6540699.409005261
14,native,convolution,ans_lane,,24,1572864,1063032,24576,648,1088256,1061816.2116954566,1235227.2140545337
14,native,convolution,ans_lane_shared,,24,1572864,1064940,0,648,1065588,1061816.2116954566,1235227.2140545337
14,native,convolution,zstd,,24,1572864,1242562,0,456,1243018,1061816.2116954566,1235227.2140545337
14,native,recurrent,ans_lane,,24,50331648,43006640,49152,1032,43056824,42990292.26598089,47145065.14336485
14,native,recurrent,ans_lane_shared,,24,50331648,43019996,0,1032,43021028,42990292.26598089,47145065.14336485
14,native,recurrent,zstd,,24,50331648,47243334,0,456,47243790,42990292.26598089,47145065.14336485
15,bf16,key,ans_lane,16,672,22020096,14806208,688128,18144,15512480,14786180.76250245,17224257.044095457
15,bf16,key,ans_lane,256,48,22020096,14817616,49152,1296,14868064,14802856.652738782,17239455.898127925
15,bf16,key,ans_lane,64,168,22020096,14815064,172032,4536,14991632,14799257.609410422,17236243.190368507
15,bf16,key,ans_lane_shared,16,672,22020096,14824900,0,18144,14843044,14786180.76250245,17224257.044095457
15,bf16,key,ans_lane_shared,256,48,22020096,14819732,0,1296,14821028,14802856.652738782,17239455.898127925
15,bf16,key,ans_lane_shared,64,168,22020096,14820752,0,4536,14825288,14799257.609410422,17236243.190368507
15,bf16,key,ans_raw,64,168,22020096,17237132,86016,3192,17326340,14799257.609410422,17236243.190368507
15,bf16,key,zstd,64,168,22020096,17311090,0,3192,17314282,14799257.609410422,17236243.190368507
15,bf16,value,ans_lane,16,672,22020096,14867184,688128,18144,15573456,14847120.560126798,17280716.261461314
15,bf16,value,ans_lane,256,48,22020096,14881132,49152,1296,14931580,14866352.859429976,17298330.841282185
15,bf16,value,ans_lane,64,168,22020096,14877832,172032,4536,15054400,14861930.09898236,17294318.862184756
15,bf16,value,ans_lane_shared,16,672,22020096,14890328,0,18144,14908472,14847120.560126798,17280716.261461314
15,bf16,value,ans_lane_shared,256,48,22020096,14885176,0,1296,14886472,14866352.859429976,17298330.841282185
15,bf16,value,ans_lane_shared,64,168,22020096,14886136,0,4536,14890672,14861930.09898236,17294318.862184756
15,bf16,value,ans_raw,64,168,22020096,17295184,86016,3192,17384392,14861930.09898236,17294318.862184756
15,bf16,value,zstd,64,168,22020096,17386071,0,3192,17389263,14861930.09898236,17294318.862184756
15,fp8_e4m3_sat,key,ans_lane,16,672,11010048,9087236,344064,12768,9444068,9078712.561744787,9078712.561744787
15,fp8_e4m3_sat,key,ans_lane,256,48,11010048,9095816,24576,912,9121304,9089933.545326779,9089933.545326779
15,fp8_e4m3_sat,key,ans_lane,64,168,11010048,9093572,86016,3192,9182780,9087112.939673658,9087112.939673658
15,fp8_e4m3_sat,key,ans_lane_shared,16,672,11010048,9101044,0,12768,9113812,9078712.561744787,9078712.561744787
15,fp8_e4m3_sat,key,ans_lane_shared,256,48,11010048,9098504,0,912,9099416,9089933.545326779,9089933.545326779
15,fp8_e4m3_sat,key,ans_lane_shared,64,168,11010048,9098948,0,3192,9102140,9087112.939673658,9087112.939673658
15,fp8_e4m3_sat,key,zstd,64,168,11010048,9144859,0,3192,9148051,9087112.939673658,9087112.939673658
15,fp8_e4m3_sat,value,ans_lane,16,672,11010048,9160148,344064,12768,9516980,9151692.84965143,9151692.84965143
15,fp8_e4m3_sat,value,ans_lane,256,48,11010048,9172020,24576,912,9197508,9166395.259296827,9166395.259296827
15,fp8_e4m3_sat,value,ans_lane,64,168,11010048,9168704,86016,3192,9257912,9162473.789040374,9162473.789040374
15,fp8_e4m3_sat,value,ans_lane_shared,16,672,11010048,9179920,0,12768,9192688,9151692.84965143,9151692.84965143
15,fp8_e4m3_sat,value,ans_lane_shared,256,48,11010048,9177464,0,912,9178376,9166395.259296827,9166395.259296827
15,fp8_e4m3_sat,value,ans_lane_shared,64,168,11010048,9177944,0,3192,9181136,9162473.789040374,9162473.789040374
15,fp8_e4m3_sat,value,zstd,64,168,11010048,9232823,0,3192,9236015,9162473.789040374,9162473.789040374
15,native,convolution,ans_lane,,24,1572864,1065652,24576,648,1090876,1064423.9822566854,1237711.6722543896
15,native,convolution,ans_lane_shared,,24,1572864,1068256,0,648,1068904,1064423.9822566854,1237711.6722543896
15,native,convolution,zstd,,24,1572864,1244710,0,456,1245166,1064423.9822566854,1237711.6722543896
15,native,recurrent,ans_lane,,24,50331648,43044592,49152,1032,43094776,43028257.359060064,47175398.57858234
15,native,recurrent,ans_lane_shared,,24,50331648,43066544,0,1032,43067576,43028257.359060064,47175398.57858234
15,native,recurrent,zstd,,24,50331648,47245493,0,456,47245949,43028257.359060064,47175398.57858234
16,bf16,key,ans_lane,16,960,31457280,21149248,983040,25920,22158208,21120534.96261828,24602854.5592052
16,bf16,key,ans_lane,256,64,31457280,21165460,65536,1728,21232724,21144424.537726,24624627.763294946
16,bf16,key,ans_lane,64,240,31457280,21161964,245760,6480,21414204,21139303.40094776,24620020.584705103
16,bf16,key,ans_lane_shared,16,960,31457280,21176204,0,25920,21202124,21120534.96261828,24602854.5592052
16,bf16,key,ans_lane_shared,256,64,31457280,21168836,0,1728,21170564,21144424.537726,24624627.763294946
16,bf16,key,ans_lane_shared,64,240,31457280,21170296,0,6480,21176776,21139303.40094776,24620020.584705103
16,bf16,key,ans_raw,64,240,31457280,24621308,122880,4560,24748748,21139303.40094776,24620020.584705103
16,bf16,key,zstd,64,240,31457280,24727230,0,4560,24731790,21139303.40094776,24620020.584705103
16,bf16,value,ans_lane,16,960,31457280,21233452,983040,25920,22242412,21204835.09908071,24682974.708709758
16,bf16,value,ans_lane,256,64,31457280,21252892,65536,1728,21320156,21231813.41631291,24707863.075838417
16,bf16,value,ans_lane,64,240,31457280,21248188,245760,6480,21500428,21225494.130210415,24702051.310253877
16,bf16,value,ans_lane_shared,16,960,31457280,21264872,0,25920,21290792,21204835.09908071,24682974.708709758
16,bf16,value,ans_lane_shared,256,64,31457280,21257512,0,1728,21259240,21231813.41631291,24707863.075838417
16,bf16,value,ans_lane_shared,64,240,31457280,21259004,0,6480,21265484,21225494.130210415,24702051.310253877
16,bf16,value,ans_raw,64,240,31457280,24703304,122880,4560,24830744,21225494.130210415,24702051.310253877
16,bf16,value,zstd,64,240,31457280,24832963,0,4560,24837523,21225494.130210415,24702051.310253877
16,fp8_e4m3_sat,key,ans_lane,16,960,15728640,12976708,491520,18240,13486468,12964424.371477695,12964424.371477695
16,fp8_e4m3_sat,key,ans_lane,256,64,15728640,12988704,32768,1216,13022688,12980319.734120764,12980319.734120764
16,fp8_e4m3_sat,key,ans_lane,64,240,15728640,12985716,122880,4560,13113156,12976507.330042291,12976507.330042291
16,fp8_e4m3_sat,key,ans_lane_shared,16,960,15728640,12996612,0,18240,13014852,12964424.371477695,12964424.371477695
16,fp8_e4m3_sat,key,ans_lane_shared,256,64,15728640,12993004,0,1216,12994220,12980319.734120764,12980319.734120764
16,fp8_e4m3_sat,key,ans_lane_shared,64,240,15728640,12993712,0,4560,12998272,12976507.330042291,12976507.330042291
16,fp8_e4m3_sat,key,zstd,64,240,15728640,13058680,0,4560,13063240,12976507.330042291,12976507.330042291
16,fp8_e4m3_sat,value,ans_lane,16,960,15728640,13080304,491520,18240,13590064,13068200.359139489,13068200.359139489
16,fp8_e4m3_sat,value,ans_lane,256,64,15728640,13096620,32768,1216,13130604,13088597.094989456,13088597.094989456
16,fp8_e4m3_sat,value,ans_lane,64,240,15728640,13092060,122880,4560,13219500,13083121.874821248,13083121.874821248
16,fp8_e4m3_sat,value,ans_lane_shared,16,960,15728640,13106724,0,18240,13124964,13068200.359139489,13068200.359139489
16,fp8_e4m3_sat,value,ans_lane_shared,256,64,15728640,13103156,0,1216,13104372,13088597.094989456,13088597.094989456
16,fp8_e4m3_sat,value,ans_lane_shared,64,240,15728640,13103860,0,4560,13108420,13083121.874821248,13083121.874821248
16,fp8_e4m3_sat,value,zstd,64,240,15728640,13183755,0,4560,13188315,13083121.874821248,13083121.874821248
16,native,convolution,ans_lane,,24,1572864,1066056,24576,648,1091280,1064824.275261509,1238095.7447617617
16,native,convolution,ans_lane_shared,,24,1572864,1070540,0,648,1071188,1064824.275261509,1238095.7447617617
16,native,convolution,zstd,,24,1572864,1245041,0,456,1245497,1064824.275261509,1238095.7447617617
16,native,recurrent,ans_lane,,24,50331648,42993904,49152,1032,43044088,42977529.7575204,47134790.932313606
16,native,recurrent,ans_lane_shared,,24,50331648,43008212,0,1032,43009244,42977529.7575204,47134790.932313606
16,native,recurrent,zstd,,24,50331648,47239029,0,456,47239485,42977529.7575204,47134790.932313606
18,bf16,key,ans_lane,16,10816,354418688,238347444,11075584,292032,249715060,238025006.33597538,277255080.83985764
18,bf16,key,ans_lane,256,680,354418688,238530788,696320,18360,239245468,238294286.42027822,277500533.67639536
18,bf16,key,ans_lane,64,2704,354418688,238489876,2768896,73008,241331780,238235495.4211955,277447797.836996
18,bf16,key,ans_lane_shared,16,10816,354418688,238648036,0,292032,238940068,238025006.33597538,277255080.83985764
18,bf16,key,ans_lane_shared,256,680,354418688,238564292,0,18360,238582652,238294286.42027822,277500533.67639536
18,bf16,key,ans_lane_shared,64,2704,354418688,238580800,0,73008,238653808,238235495.4211955,277447797.836996
18,bf16,key,ans_raw,64,2704,354418688,277461956,1384448,51376,278897780,238235495.4211955,277447797.836996
18,bf16,key,zstd,64,2704,354418688,278656829,0,51376,278708205,238235495.4211955,277447797.836996
18,bf16,value,ans_lane,16,10816,354418688,239295616,11075584,292032,250663232,238972424.3229633,278145031.6636465
18,bf16,value,ans_lane,256,680,354418688,239516868,696320,18360,240231548,239279972.31349522,278427913.766089
18,bf16,value,ans_lane,64,2704,354418688,239461296,2768896,73008,242303200,239206457.94802037,278360898.3955974
18,bf16,value,ans_lane_shared,16,10816,354418688,239656472,0,292032,239948504,238972424.3229633,278145031.6636465
18,bf16,value,ans_lane_shared,256,680,354418688,239572432,0,18360,239590792,239279972.31349522,278427913.766089
18,bf16,value,ans_lane_shared,64,2704,354418688,239589304,0,73008,239662312,239206457.94802037,278360898.3955974
18,bf16,value,ans_raw,64,2704,354418688,278374992,1384448,51376,279810816,239206457.94802037,278360898.3955974
18,bf16,value,zstd,64,2704,354418688,279835234,0,51376,279886610,239206457.94802037,278360898.3955974
18,fp8_e4m3_sat,key,ans_lane,16,10816,177209344,146262168,5537792,205504,152005464,146123896.44976175,146123896.44976175
18,fp8_e4m3_sat,key,ans_lane,256,680,177209344,146397512,348160,12920,146758592,146303376.975397,146303376.975397
18,fp8_e4m3_sat,key,ans_lane,64,2704,177209344,146362540,1384448,51376,147798364,146258731.9529135,146258731.9529135
18,fp8_e4m3_sat,key,ans_lane_shared,16,10816,177209344,146481480,0,205504,146686984,146123896.44976175,146123896.44976175
18,fp8_e4m3_sat,key,ans_lane_shared,256,680,177209344,146440552,0,12920,146453472,146303376.975397,146303376.975397
18,fp8_e4m3_sat,key,ans_lane_shared,64,2704,177209344,146448612,0,51376,146499988,146258731.9529135,146258731.9529135
18,fp8_e4m3_sat,key,zstd,64,2704,177209344,147194326,0,51376,147245702,146258731.9529135,146258731.9529135
18,fp8_e4m3_sat,value,ans_lane,16,10816,177209344,147448024,5537792,205504,153191320,147311847.83625576,147311847.83625576
18,fp8_e4m3_sat,value,ans_lane,256,680,177209344,147634328,348160,12920,147995408,147544391.8440974,147544391.8440974
18,fp8_e4m3_sat,value,ans_lane,64,2704,177209344,147580740,1384448,51376,149016564,147480494.22805476,147480494.22805476
18,fp8_e4m3_sat,value,ans_lane_shared,16,10816,177209344,147753540,0,205504,147959044,147311847.83625576,147311847.83625576
18,fp8_e4m3_sat,value,ans_lane_shared,256,680,177209344,147713048,0,12920,147725968,147544391.8440974,147544391.8440974
18,fp8_e4m3_sat,value,ans_lane_shared,64,2704,177209344,147721140,0,51376,147772516,147480494.22805476,147480494.22805476
18,fp8_e4m3_sat,value,zstd,64,2704,177209344,148610649,0,51376,148662025,147480494.22805476,147480494.22805476
18,native,convolution,ans_lane,,24,1572864,1064988,24576,648,1090212,1063778.064183056,1237281.8170130688
18,native,convolution,ans_lane_shared,,24,1572864,1068240,0,648,1068888,1063778.064183056,1237281.8170130688
18,native,convolution,zstd,,24,1572864,1244305,0,456,1244761,1063778.064183056,1237281.8170130688
18,native,recurrent,ans_lane,,24,50331648,43009152,49152,1032,43059336,42992823.99566493,47146527.03944012
18,native,recurrent,ans_lane_shared,,24,50331648,43028516,0,1032,43029548,42992823.99566493,47146527.03944012
18,native,recurrent,zstd,,24,50331648,47245669,0,456,47246125,42992823.99566493,47146527.03944012
19,bf16,key,ans_lane,16,544,17825792,11981884,557056,14688,12553628,11965572.974303396,13939510.947694724
19,bf16,key,ans_lane,256,40,17825792,11990888,40960,1080,12032928,11978946.349609407,13951698.727275405
19,bf16,key,ans_lane,64,136,17825792,11988968,139264,3672,12131904,11976157.05453137,13949194.807004932
19,bf16,key,ans_lane_shared,16,544,17825792,11996880,0,14688,12011568,11965572.974303396,13939510.947694724
19,bf16,key,ans_lane_shared,256,40,17825792,11992756,0,1080,11993836,11978946.349609407,13951698.727275405
19,bf16,key,ans_lane_shared,64,136,17825792,11993548,0,3672,11997220,11976157.05453137,13949194.807004932
19,bf16,key,ans_raw,64,136,17825792,13949912,69632,2584,14022128,11976157.05453137,13949194.807004932
19,bf16,key,zstd,64,136,17825792,14009978,0,2584,14012562,11976157.05453137,13949194.807004932
19,bf16,value,ans_lane,16,544,17825792,12030828,557056,14688,12602572,12014547.559490805,13985582.790922018
19,bf16,value,ans_lane,256,40,17825792,12042576,40960,1080,12084616,12030609.871628258,14000385.599900154
19,bf16,value,ans_lane,64,136,17825792,12039568,139264,3672,12182504,12026733.731153669,13996832.33282004
19,bf16,value,ans_lane_shared,16,544,17825792,12049068,0,14688,12063756,12014547.559490805,13985582.790922018
19,bf16,value,ans_lane_shared,256,40,17825792,12044944,0,1080,12046024,12030609.871628258,14000385.599900154
19,bf16,value,ans_lane_shared,64,136,17825792,12045740,0,3672,12049412,12026733.731153669,13996832.33282004
19,bf16,value,ans_raw,64,136,17825792,13997540,69632,2584,14069756,12026733.731153669,13996832.33282004
19,bf16,value,zstd,64,136,17825792,14071190,0,2584,14073774,12026733.731153669,13996832.33282004
19,fp8_e4m3_sat,key,ans_lane,16,544,8912896,7349880,278528,10336,7638744,7342937.324563025,7342937.324563025
19,fp8_e4m3_sat,key,ans_lane,256,40,8912896,7356604,20480,760,7377844,7351833.038941923,7351833.038941923
19,fp8_e4m3_sat,key,ans_lane,64,136,8912896,7354960,69632,2584,7427176,7349716.065033791,7349716.065033791
19,fp8_e4m3_sat,key,ans_lane_shared,16,544,8912896,7360844,0,10336,7371180,7342937.324563025,7342937.324563025
19,fp8_e4m3_sat,key,ans_lane_shared,256,40,8912896,7358820,0,760,7359580,7351833.038941923,7351833.038941923
19,fp8_e4m3_sat,key,ans_lane_shared,64,136,8912896,7359208,0,2584,7361792,7349716.065033791,7349716.065033791
19,fp8_e4m3_sat,key,zstd,64,136,8912896,7396689,0,2584,7399273,7349716.065033791,7349716.065033791
19,fp8_e4m3_sat,value,ans_lane,16,544,8912896,7411596,278528,10336,7700460,7404717.911178572,7404717.911178572
19,fp8_e4m3_sat,value,ans_lane,256,40,8912896,7421748,20480,760,7442988,7417210.150068687,7417210.150068687
19,fp8_e4m3_sat,value,ans_lane,64,136,8912896,7418720,69632,2584,7490936,7413668.619167758,7413668.619167758
19,fp8_e4m3_sat,value,ans_lane_shared,16,544,8912896,7427124,0,10336,7437460,7404717.911178572,7404717.911178572
19,fp8_e4m3_sat,value,ans_lane_shared,256,40,8912896,7425116,0,760,7425876,7417210.150068687,7417210.150068687
19,fp8_e4m3_sat,value,ans_lane_shared,64,136,8912896,7425520,0,2584,7428104,7413668.619167758,7413668.619167758
19,fp8_e4m3_sat,value,zstd,64,136,8912896,7470672,0,2584,7473256,7413668.619167758,7413668.619167758
19,native,convolution,ans_lane,,24,1572864,1064868,24576,648,1090092,1063647.9590355118,1237204.38738494
19,native,convolution,ans_lane_shared,,24,1572864,1067348,0,648,1067996,1063647.9590355118,1237204.38738494
19,native,convolution,zstd,,24,1572864,1244457,0,456,1244913,1063647.9590355118,1237204.38738494
19,native,recurrent,ans_lane,,24,50331648,42985508,49152,1032,43035692,42969147.86210942,47130294.4697385
19,native,recurrent,ans_lane_shared,,24,50331648,42996628,0,1032,42997660,42969147.86210942,47130294.4697385
19,native,recurrent,zstd,,24,50331648,47239990,0,456,47240446,42969147.86210942,47130294.4697385
2,bf16,key,ans_lane,16,1056,34603008,23276640,1081344,28512,24386496,23245150.19792328,27073316.65969384
2,bf16,key,ans_lane,256,72,34603008,23294476,73728,1944,23370148,23271332.85451098,27097154.329362858
2,bf16,key,ans_lane,64,264,34603008,23290440,270336,7128,23567904,23265600.511224993,27092042.71067389
2,bf16,key,ans_lane_shared,16,1056,34603008,23304996,0,28512,23333508,23245150.19792328,27073316.65969384
2,bf16,key,ans_lane_shared,256,72,34603008,23296932,0,1944,23298876,23271332.85451098,27097154.329362858
2,bf16,key,ans_lane_shared,64,264,34603008,23298524,0,7128,23305652,23265600.511224993,27092042.71067389
2,bf16,key,ans_raw,64,264,34603008,27093412,135168,5016,27233596,23265600.511224993,27092042.71067389
2,bf16,key,zstd,64,264,34603008,27208727,0,5016,27213743,23265600.511224993,27092042.71067389
2,bf16,value,ans_lane,16,1056,34603008,23351092,1081344,28512,24460948,23319513.62409011,27145556.235655308
2,bf16,value,ans_lane,256,72,34603008,23373108,73728,1944,23448780,23349933.22143936,27173483.24054802
2,bf16,value,ans_lane,64,264,34603008,23367172,270336,7128,23644636,23342270.00659357,27166505.961714033
2,bf16,value,ans_lane_shared,16,1056,34603008,23384180,0,28512,23412692,23319513.62409011,27145556.235655308
2,bf16,value,ans_lane_shared,256,72,34603008,23376080,0,1944,23378024,23349933.22143936,27173483.24054802
2,bf16,value,ans_lane_shared,64,264,34603008,23377696,0,7128,23384824,23342270.00659357,27166505.961714033
2,bf16,value,ans_raw,64,264,34603008,27167888,135168,5016,27308072,23342270.00659357,27166505.961714033
2,bf16,value,zstd,64,264,34603008,27310310,0,5016,27315326,23342270.00659357,27166505.961714033
2,fp8_e4m3_sat,key,ans_lane,16,1056,17301504,14294420,540672,20064,14855156,14281021.417149104,14281021.417149104
2,fp8_e4m3_sat,key,ans_lane,256,72,17301504,14307724,36864,1368,14345956,14298600.571663214,14298600.571663214
2,fp8_e4m3_sat,key,ans_lane,64,264,17301504,14304264,135168,5016,14444448,14294200.698705032,14294200.698705032
2,fp8_e4m3_sat,key,ans_lane_shared,16,1056,17301504,14313980,0,20064,14334044,14281021.417149104,14281021.417149104
2,fp8_e4m3_sat,key,ans_lane_shared,256,72,17301504,14309988,0,1368,14311356,14298600.571663214,14298600.571663214
2,fp8_e4m3_sat,key,ans_lane_shared,64,264,17301504,14310756,0,5016,14315772,14294200.698705032,14294200.698705032
2,fp8_e4m3_sat,key,zstd,64,264,17301504,14386369,0,5016,14391385,14294200.698705032,14294200.698705032
2,fp8_e4m3_sat,value,ans_lane,16,1056,17301504,14385284,540672,20064,14946020,14371917.352457343,14371917.352457343
2,fp8_e4m3_sat,value,ans_lane,256,72,17301504,14403808,36864,1368,14442040,14394961.66177133,14394961.66177133
2,fp8_e4m3_sat,value,ans_lane,64,264,17301504,14397976,135168,5016,14538160,14388137.263692336,14388137.263692336
2,fp8_e4m3_sat,value,ans_lane_shared,16,1056,17301504,14410476,0,20064,14430540,14371917.352457343,14371917.352457343
2,fp8_e4m3_sat,value,ans_lane_shared,256,72,17301504,14406520,0,1368,14407888,14394961.66177133,14394961.66177133
2,fp8_e4m3_sat,value,ans_lane_shared,64,264,17301504,14407276,0,5016,14412292,14388137.263692336,14388137.263692336
2,fp8_e4m3_sat,value,zstd,64,264,17301504,14499153,0,5016,14504169,14388137.263692336,14388137.263692336
2,native,convolution,ans_lane,,24,1572864,1066120,24576,648,1091344,1064886.6551616406,1238111.364105882
2,native,convolution,ans_lane_shared,,24,1572864,1070612,0,648,1071260,1064886.6551616406,1238111.364105882
2,native,convolution,zstd,,24,1572864,1245066,0,456,1245522,1064886.6551616406,1238111.364105882
2,native,recurrent,ans_lane,,24,50331648,43019460,49152,1032,43069644,43003142.025548175,47156282.56757358
2,native,recurrent,ans_lane_shared,,24,50331648,43038980,0,1032,43040012,43003142.025548175,47156282.56757358
2,native,recurrent,zstd,,24,50331648,47237275,0,456,47237731,43003142.025548175,47156282.56757358
20,bf16,key,ans_lane,16,256,8388608,5639048,262144,6912,5908104,5631415.97612693,6559949.899917227
20,bf16,key,ans_lane,256,16,8388608,5643376,16384,432,5660192,5637778.33319867,6565745.69531499
20,bf16,key,ans_lane,64,64,8388608,5642388,65536,1728,5709652,5636369.4442149615,6564482.886152366
20,bf16,key,ans_lane_shared,16,256,8388608,5646180,0,6912,5653092,5631415.97612693,6559949.899917227
20,bf16,key,ans_lane_shared,256,16,8388608,5644216,0,432,5644648,5637778.33319867,6565745.69531499
20,bf16,key,ans_lane_shared,64,64,8388608,5644608,0,1728,5646336,5636369.4442149615,6564482.886152366
20,bf16,key,ans_raw,64,64,8388608,6564812,32768,1216,6598796,5636369.4442149615,6564482.886152366
20,bf16,key,zstd,64,64,8388608,6593388,0,1216,6594604,5636369.4442149615,6564482.886152366
20,bf16,value,ans_lane,16,256,8388608,5664376,262144,6912,5933432,5656712.607504826,6583694.820794055
20,bf16,value,ans_lane,256,16,8388608,5669820,16384,432,5686636,5664209.660015351,6590598.653512199
20,bf16,value,ans_lane,64,64,8388608,5668416,65536,1728,5735680,5662392.276752949,6588933.237440587
20,bf16,value,ans_lane_shared,16,256,8388608,5673004,0,6912,5679916,5656712.607504826,6583694.820794055
20,bf16,value,ans_lane_shared,256,16,8388608,5670992,0,432,5671424,5664209.660015351,6590598.653512199
20,bf16,value,ans_lane_shared,64,64,8388608,5671380,0,1728,5673108,5662392.276752949,6588933.237440587
20,bf16,value,ans_raw,64,64,8388608,6589272,32768,1216,6623256,5662392.276752949,6588933.237440587
20,bf16,value,zstd,64,64,8388608,6623619,0,1216,6624835,5662392.276752949,6588933.237440587
20,fp8_e4m3_sat,key,ans_lane,16,256,4194304,3459516,131072,4864,3595452,3456237.1003017556,3456237.1003017556
20,fp8_e4m3_sat,key,ans_lane,256,16,4194304,3462768,8192,304,3471264,3460534.2214353927,3460534.2214353927
20,fp8_e4m3_sat,key,ans_lane,64,64,4194304,3461928,32768,1216,3495912,3459471.2411024007,3459471.2411024007
20,fp8_e4m3_sat,key,ans_lane_shared,16,256,4194304,3464776,0,4864,3469640,3456237.1003017556,3456237.1003017556
20,fp8_e4m3_sat,key,ans_lane_shared,256,16,4194304,3463804,0,304,3464108,3460534.2214353927,3460534.2214353927
20,fp8_e4m3_sat,key,ans_lane_shared,64,64,4194304,3464000,0,1216,3465216,3459471.2411024007,3459471.2411024007
20,fp8_e4m3_sat,key,zstd,64,64,4194304,3481487,0,1216,3482703,3459471.2411024007,3459471.2411024007
20,fp8_e4m3_sat,value,ans_lane,16,256,4194304,3490924,131072,4864,3626860,3487736.4135417477,3487736.4135417477
20,fp8_e4m3_sat,value,ans_lane,256,16,4194304,3495632,8192,304,3504128,3493522.4119669027,3493522.4119669027
20,fp8_e4m3_sat,value,ans_lane,64,64,4194304,3494280,32768,1216,3528264,3491926.176791277,3491926.176791277
20,fp8_e4m3_sat,value,ans_lane_shared,16,256,4194304,3498332,0,4864,3503196,3487736.4135417477,3487736.4135417477
20,fp8_e4m3_sat,value,ans_lane_shared,256,16,4194304,3497368,0,304,3497672,3493522.4119669027,3493522.4119669027
20,fp8_e4m3_sat,value,ans_lane_shared,64,64,4194304,3497572,0,1216,3498788,3491926.176791277,3491926.176791277
20,fp8_e4m3_sat,value,zstd,64,64,4194304,3518829,0,1216,3520045,3491926.176791277,3491926.176791277
20,native,convolution,ans_lane,,24,1572864,1065076,24576,648,1090300,1063845.7315494216,1237325.2329208518
20,native,convolution,ans_lane_shared,,24,1572864,1068012,0,648,1068660,1063845.7315494216,1237325.2329208518
20,native,convolution,zstd,,24,1572864,1244477,0,456,1244933,1063845.7315494216,1237325.2329208518
20,native,recurrent,ans_lane,,24,50331648,43028244,49152,1032,43078428,43011905.75339494,47160475.602814324
20,native,recurrent,ans_lane_shared,,24,50331648,43044748,0,1032,43045780,43011905.75339494,47160475.602814324
20,native,recurrent,zstd,,24,50331648,47249107,0,456,47249563,43011905.75339494,47160475.602814324
21,bf16,key,ans_lane,16,672,22020096,14807896,688128,18144,15514168,14787864.861791575,17225116.855005216
21,bf16,key,ans_lane,256,48,22020096,14819404,49152,1296,14869852,14804661.804077746,17240428.81255609
21,bf16,key,ans_lane,64,168,22020096,14816868,172032,4536,14993436,14801029.741247883,17237168.06347826
21,bf16,key,ans_lane_shared,16,672,22020096,14826808,0,18144,14844952,14787864.861791575,17225116.855005216
21,bf16,key,ans_lane_shared,256,48,22020096,14821664,0,1296,14822960,14804661.804077746,17240428.81255609
21,bf16,key,ans_lane_shared,64,168,22020096,14822656,0,4536,14827192,14801029.741247883,17237168.06347826
21,bf16,key,ans_raw,64,168,22020096,17238040,86016,3192,17327248,14801029.741247883,17237168.06347826
21,bf16,key,zstd,64,168,22020096,17312444,0,3192,17315636,14801029.741247883,17237168.06347826
21,bf16,value,ans_lane,16,672,22020096,14865348,688128,18144,15571620,14845235.6291491,17279566.693894368
21,bf16,value,ans_lane,256,48,22020096,14879376,49152,1296,14929824,14864590.197037902,17297383.31043074
21,bf16,value,ans_lane,64,168,22020096,14875600,172032,4536,15052168,14859750.052940316,17292958.383218702
21,bf16,value,ans_lane_shared,16,672,22020096,14888352,0,18144,14906496,14845235.6291491,17279566.693894368
21,bf16,value,ans_lane_shared,256,48,22020096,14883260,0,1296,14884556,14864590.197037902,17297383.31043074
21,bf16,value,ans_lane_shared,64,168,22020096,14884244,0,4536,14888780,14859750.052940316,17292958.383218702
21,bf16,value,ans_raw,64,168,22020096,17293816,86016,3192,17383024,14859750.052940316,17292958.383218702
21,bf16,value,zstd,64,168,22020096,17384589,0,3192,17387781,14859750.052940316,17292958.383218702
21,fp8_e4m3_sat,key,ans_lane,16,672,11010048,9088300,344064,12768,9445132,9079706.326443298,9079706.326443298
21,fp8_e4m3_sat,key,ans_lane,256,48,11010048,9096824,24576,912,9122312,9090952.519735226,9090952.519735226
21,fp8_e4m3_sat,key,ans_lane,64,168,11010048,9094592,86016,3192,9183800,9088136.980040085,9088136.980040085
21,fp8_e4m3_sat,key,ans_lane_shared,16,672,11010048,9102096,0,12768,9114864,9079706.326443298,9079706.326443298
21,fp8_e4m3_sat,key,ans_lane_shared,256,48,11010048,9099600,0,912,9100512,9090952.519735226,9090952.519735226
21,fp8_e4m3_sat,key,ans_lane_shared,64,168,11010048,9100064,0,3192,9103256,9088136.980040085,9088136.980040085
21,fp8_e4m3_sat,key,zstd,64,168,11010048,9146320,0,3192,9149512,9088136.980040085,9088136.980040085
21,fp8_e4m3_sat,value,ans_lane,16,672,11010048,9157116,344064,12768,9513948,9148636.325733988,9148636.325733988
21,fp8_e4m3_sat,value,ans_lane,256,48,11010048,9169156,24576,912,9194644,9163514.21616626,9163514.21616626
21,fp8_e4m3_sat,value,ans_lane,64,168,11010048,9165404,86016,3192,9254612,9159174.785584075,9159174.785584075
21,fp8_e4m3_sat,value,ans_lane_shared,16,672,11010048,9177356,0,12768,9190124,9148636.325733988,9148636.325733988
21,fp8_e4m3_sat,value,ans_lane_shared,256,48,11010048,9174872,0,912,9175784,9163514.21616626,9163514.21616626
21,fp8_e4m3_sat,value,ans_lane_shared,64,168,11010048,9175336,0,3192,9178528,9159174.785584075,9159174.785584075
21,fp8_e4m3_sat,value,zstd,64,168,11010048,9229676,0,3192,9232868,9159174.785584075,9159174.785584075
21,native,convolution,ans_lane,,24,1572864,1065592,24576,648,1090816,1064364.1778697423,1237712.0506124233
21,native,convolution,ans_lane_shared,,24,1572864,1070216,0,648,1070864,1064364.1778697423,1237712.0506124233
21,native,convolution,zstd,,24,1572864,1222913,0,456,1223369,1064364.1778697423,1237712.0506124233
21,native,recurrent,ans_lane,,24,50331648,42970460,49152,1032,43020644,42954108.08474361,47119711.72652966
21,native,recurrent,ans_lane_shared,,24,50331648,42980200,0,1032,42981232,42954108.08474361,47119711.72652966
21,native,recurrent,zstd,,24,50331648,47233846,0,456,47234302,42954108.08474361,47119711.72652966
22,bf16,key,ans_lane,16,512,16777216,11286044,524288,13824,11824156,11270750.267381014,13127906.068796374
22,bf16,key,ans_lane,256,32,16777216,11294776,32768,864,11328408,11283580.825012455,13139615.585017009
22,bf16,key,ans_lane,64,128,16777216,11292784,131072,3456,11427312,11280731.980023755,13137061.784682477
22,bf16,key,ans_lane_shared,16,512,16777216,11300224,0,13824,11314048,11270750.267381014,13127906.068796374
22,bf16,key,ans_lane_shared,256,32,16777216,11296232,0,864,11297096,11283580.825012455,13139615.585017009
22,bf16,key,ans_lane_shared,64,128,16777216,11297028,0,3456,11300484,11280731.980023755,13137061.784682477
22,bf16,key,ans_raw,64,128,16777216,13137764,65536,2432,13205732,11280731.980023755,13137061.784682477
22,bf16,key,zstd,64,128,16777216,13193986,0,2432,13196418,11280731.980023755,13137061.784682477
22,bf16,value,ans_lane,16,512,16777216,11328316,524288,13824,11866428,11313041.99820964,13167528.52640474
22,bf16,value,ans_lane,256,32,16777216,11338892,32768,864,11372524,11327681.991581203,13180981.199455965
22,bf16,value,ans_lane,64,128,16777216,11336380,131072,3456,11470908,11324314.241004365,13177914.436307622
22,bf16,value,ans_lane_shared,16,512,16777216,11346308,0,13824,11360132,11313041.99820964,13167528.52640474
22,bf16,value,ans_lane_shared,256,32,16777216,11342276,0,864,11343140,11327681.991581203,13180981.199455965
22,bf16,value,ans_lane_shared,64,128,16777216,11343068,0,3456,11346524,11324314.241004365,13177914.436307622
22,bf16,value,ans_raw,64,128,16777216,13178580,65536,2432,13246548,11324314.241004365,13177914.436307622
22,bf16,value,zstd,64,128,16777216,13247414,0,2432,13249846,11324314.241004365,13177914.436307622
22,fp8_e4m3_sat,key,ans_lane,16,512,8388608,6929260,262144,9728,7201132,6922703.855549695,6922703.855549695
22,fp8_e4m3_sat,key,ans_lane,256,32,8388608,6935648,16384,608,6952640,6931192.917423102,6931192.917423102
22,fp8_e4m3_sat,key,ans_lane,64,128,8388608,6933936,65536,2432,7001904,6929026.792628016,6929026.792628016
22,fp8_e4m3_sat,key,ans_lane_shared,16,512,8388608,6939444,0,9728,6949172,6922703.855549695,6922703.855549695
22,fp8_e4m3_sat,key,ans_lane_shared,256,32,8388608,6937516,0,608,6938124,6931192.917423102,6931192.917423102
22,fp8_e4m3_sat,key,ans_lane_shared,64,128,8388608,6937868,0,2432,6940300,6929026.792628016,6929026.792628016
22,fp8_e4m3_sat,key,zstd,64,128,8388608,6973813,0,2432,6976245,6929026.792628016,6929026.792628016
22,fp8_e4m3_sat,value,ans_lane,16,512,8388608,6980500,262144,9728,7252372,6974039.27472851,6974039.27472851
22,fp8_e4m3_sat,value,ans_lane,256,32,8388608,6989384,16384,608,7006376,6985119.844011049,6985119.844011049
22,fp8_e4m3_sat,value,ans_lane,64,128,8388608,6986988,65536,2432,7054956,6982215.090668284,6982215.090668284
22,fp8_e4m3_sat,value,ans_lane_shared,16,512,8388608,6996200,0,9728,7005928,6974039.27472851,6974039.27472851
22,fp8_e4m3_sat,value,ans_lane_shared,256,32,8388608,6994272,0,608,6994880,6985119.844011049,6985119.844011049
22,fp8_e4m3_sat,value,ans_lane_shared,64,128,8388608,6994644,0,2432,6997076,6982215.090668284,6982215.090668284
22,fp8_e4m3_sat,value,zstd,64,128,8388608,7035430,0,2432,7037862,6982215.090668284,6982215.090668284
22,native,convolution,ans_lane,,24,1572864,1063616,24576,648,1088840,1062381.025262222,1235783.0876446138
22,native,convolution,ans_lane_shared,,24,1572864,1066036,0,648,1066684,1062381.025262222,1235783.0876446138
22,native,convolution,zstd,,24,1572864,1242960,0,456,1243416,1062381.025262222,1235783.0876446138
22,native,recurrent,ans_lane,,24,50331648,42997384,49152,1032,43047568,42981041.0991988,47138061.596873224
22,native,recurrent,ans_lane_shared,,24,50331648,43015936,0,1032,43016968,42981041.0991988,47138061.596873224
22,native,recurrent,zstd,,24,50331648,47237359,0,456,47237815,42981041.0991988,47138061.596873224
23,bf16,key,ans_lane,16,1088,35651584,23975200,1114112,29376,25118688,23942824.735604115,27889672.75305319
23,bf16,key,ans_lane,256,72,35651584,23993500,73728,1944,24069172,23969709.293917805,27914187.139323104
23,bf16,key,ans_lane,64,272,35651584,23989460,278528,7344,24275332,23963835.80002889,27908916.242927562
23,bf16,key,ans_lane_shared,16,1088,35651584,24005360,0,29376,24034736,23942824.735604115,27889672.75305319
23,bf16,key,ans_lane_shared,256,72,35651584,23997024,0,1944,23998968,23969709.293917805,27914187.139323104
23,bf16,key,ans_lane_shared,64,272,35651584,23998720,0,7344,24006064,23963835.80002889,27908916.242927562
23,bf16,key,ans_raw,64,272,35651584,27910336,139264,5168,28054768,23963835.80002889,27908916.242927562
23,bf16,key,zstd,64,272,35651584,28030260,0,5168,28035428,23963835.80002889,27908916.242927562
23,bf16,value,ans_lane,16,1088,35651584,24071136,1114112,29376,25214624,24038651.553005073,27979207.353246342
23,bf16,value,ans_lane,256,72,35651584,24093140,73728,1944,24168812,24069278.032094926,28007381.0046117
23,bf16,value,ans_lane,64,272,35651584,24087744,278528,7344,24373616,24062112.187492695,28000852.39760354
23,bf16,value,ans_lane_shared,16,1088,35651584,24107440,0,29376,24136816,24038651.553005073,27979207.353246342
23,bf16,value,ans_lane_shared,256,72,35651584,24099008,0,1944,24100952,24069278.032094926,28007381.0046117
23,bf16,value,ans_lane_shared,64,272,35651584,24100676,0,7344,24108020,24062112.187492695,28000852.39760354
23,bf16,value,ans_raw,64,272,35651584,28002292,139264,5168,28146724,24062112.187492695,28000852.39760354
23,bf16,value,zstd,64,272,35651584,28149530,0,5168,28154698,24062112.187492695,28000852.39760354
23,fp8_e4m3_sat,key,ans_lane,16,1088,17825792,14712988,557056,20672,15290716,14699059.0070683,14699059.0070683
23,fp8_e4m3_sat,key,ans_lane,256,72,17825792,14726344,36864,1368,14764576,14716846.348092208,14716846.348092208
23,fp8_e4m3_sat,key,ans_lane,64,272,17825792,14722828,139264,5168,14867260,14712357.342399338,14712357.342399338
23,fp8_e4m3_sat,key,ans_lane_shared,16,1088,17825792,14735176,0,20672,14755848,14699059.0070683,14699059.0070683
23,fp8_e4m3_sat,key,ans_lane_shared,256,72,17825792,14731108,0,1368,14732476,14716846.348092208,14716846.348092208
23,fp8_e4m3_sat,key,ans_lane_shared,64,272,17825792,14731904,0,5168,14737072,14712357.342399338,14712357.342399338
23,fp8_e4m3_sat,key,zstd,64,272,17825792,14806461,0,5168,14811629,14712357.342399338,14712357.342399338
23,fp8_e4m3_sat,value,ans_lane,16,1088,17825792,14831424,557056,20672,15409152,14817739.930902524,14817739.930902524
23,fp8_e4m3_sat,value,ans_lane,256,72,17825792,14849892,36864,1368,14888124,14840809.890312864,14840809.890312864
23,fp8_e4m3_sat,value,ans_lane,64,272,17825792,14844712,139264,5168,14989144,14834627.47899553,14834627.47899553
23,fp8_e4m3_sat,value,ans_lane_shared,16,1088,17825792,14862604,0,20672,14883276,14817739.930902524,14817739.930902524
23,fp8_e4m3_sat,value,ans_lane_shared,256,72,17825792,14858520,0,1368,14859888,14840809.890312864,14840809.890312864
23,fp8_e4m3_sat,value,ans_lane_shared,64,272,17825792,14859344,0,5168,14864512,14834627.47899553,14834627.47899553
23,fp8_e4m3_sat,value,zstd,64,272,17825792,14948492,0,5168,14953660,14834627.47899553,14834627.47899553
23,native,convolution,ans_lane,,24,1572864,1066248,24576,648,1091472,1065024.3067026122,1238355.984960388
23,native,convolution,ans_lane_shared,,24,1572864,1071344,0,648,1071992,1065024.3067026122,1238355.984960388
23,native,convolution,zstd,,24,1572864,1245108,0,456,1245564,1065024.3067026122,1238355.984960388
23,native,recurrent,ans_lane,,24,50331648,43062124,49152,1032,43112308,43045791.71577189,47189071.26502176
23,native,recurrent,ans_lane_shared,,24,50331648,43097596,0,1032,43098628,43045791.71577189,47189071.26502176
23,native,recurrent,zstd,,24,50331648,47251457,0,456,47251913,43045791.71577189,47189071.26502176
24,bf16,key,ans_lane,16,32,1048576,704268,32768,864,737900,703298.8088868451,819498.7540737754
24,bf16,key,ans_lane,256,8,1048576,704676,8192,216,713084,703923.5248143672,820071.0163475377
24,bf16,key,ans_lane,64,8,1048576,704676,8192,216,713084,703923.5248143672,820071.0163475377
24,bf16,key,ans_lane_shared,16,32,1048576,705148,0,864,706012,703298.8088868451,819498.7540737754
24,bf16,key,ans_lane_shared,256,8,1048576,704956,0,216,705172,703923.5248143672,820071.0163475377
24,bf16,key,ans_lane_shared,64,8,1048576,704956,0,216,705172,703923.5248143672,820071.0163475377
24,bf16,key,ans_raw,64,8,1048576,820112,4096,152,824360,703923.5248143672,820071.0163475377
24,bf16,key,zstd,64,8,1048576,823730,0,152,823882,703923.5248143672,820071.0163475377
24,bf16,value,ans_lane,16,32,1048576,707040,32768,864,740672,706094.7907908625,821996.751293819
24,bf16,value,ans_lane,256,8,1048576,707524,8192,216,715932,706767.8746811005,822620.302826015
24,bf16,value,ans_lane,64,8,1048576,707524,8192,216,715932,706767.8746811005,822620.302826015
24,bf16,value,ans_lane_shared,16,32,1048576,708080,0,864,708944,706094.7907908625,821996.751293819
24,bf16,value,ans_lane_shared,256,8,1048576,707868,0,216,708084,706767.8746811005,822620.302826015
24,bf16,value,ans_lane_shared,64,8,1048576,707868,0,216,708084,706767.8746811005,822620.302826015
24,bf16,value,ans_raw,64,8,1048576,822664,4096,152,826912,706767.8746811005,822620.302826015
24,bf16,value,zstd,64,8,1048576,826989,0,152,827141,706767.8746811005,822620.302826015
24,fp8_e4m3_sat,key,ans_lane,16,32,524288,431768,16384,608,448760,431365.01255285105,431365.01255285105
24,fp8_e4m3_sat,key,ans_lane,256,8,524288,432080,4096,152,436328,431772.3465579487,431772.3465579487
24,fp8_e4m3_sat,key,ans_lane,64,8,524288,432080,4096,152,436328,431772.3465579487,431772.3465579487
24,fp8_e4m3_sat,key,ans_lane_shared,16,32,524288,432428,0,608,433036,431365.01255285105,431365.01255285105
24,fp8_e4m3_sat,key,ans_lane_shared,256,8,524288,432348,0,152,432500,431772.3465579487,431772.3465579487
24,fp8_e4m3_sat,key,ans_lane_shared,64,8,524288,432348,0,152,432500,431772.3465579487,431772.3465579487
24,fp8_e4m3_sat,key,zstd,64,8,524288,434478,0,152,434630,431772.3465579487,431772.3465579487
24,fp8_e4m3_sat,value,ans_lane,16,32,524288,435272,16384,608,452264,434863.34806347976,434863.34806347976
24,fp8_e4m3_sat,value,ans_lane,256,8,524288,435652,4096,152,439900,435352.1139607128,435352.1139607128
24,fp8_e4m3_sat,value,ans_lane,64,8,524288,435652,4096,152,439900,435352.1139607128,435352.1139607128
24,fp8_e4m3_sat,value,ans_lane_shared,16,32,524288,436144,0,608,436752,434863.34806347976,434863.34806347976
24,fp8_e4m3_sat,value,ans_lane_shared,256,8,524288,436056,0,152,436208,435352.1139607128,435352.1139607128
24,fp8_e4m3_sat,value,ans_lane_shared,64,8,524288,436056,0,152,436208,435352.1139607128,435352.1139607128
24,fp8_e4m3_sat,value,zstd,64,8,524288,438742,0,152,438894,435352.1139607128,435352.1139607128
24,native,convolution,ans_lane,,24,1572864,1064280,24576,648,1089504,1063057.9638572994,1236613.5433826162
24,native,convolution,ans_lane_shared,,24,1572864,1066368,0,648,1067016,1063057.9638572994,1236613.5433826162
24,native,convolution,zstd,,24,1572864,1243749,0,456,1244205,1063057.9638572994,1236613.5433826162
24,native,recurrent,ans_lane,,24,50331648,43037340,49152,1032,43087524,43021010.01666486,47168217.07990831
24,native,recurrent,ans_lane_shared,,24,50331648,43058652,0,1032,43059684,43021010.01666486,47168217.07990831
24,native,recurrent,zstd,,24,50331648,47252122,0,456,47252578,43021010.01666486,47168217.07990831
25,bf16,key,ans_lane,16,672,22020096,14805216,688128,18144,15511488,14785188.027976774,17223083.616558738
25,bf16,key,ans_lane,256,48,22020096,14816548,49152,1296,14866996,14801791.192949696,17238181.923453666
25,bf16,key,ans_lane,64,168,22020096,14813964,172032,4536,14990532,14798191.14019632,17234981.862756383
25,bf16,key,ans_lane_shared,16,672,22020096,14824140,0,18144,14842284,14785188.027976774,17223083.616558738
25,bf16,key,ans_lane_shared,256,48,22020096,14819060,0,1296,14820356,14801791.192949696,17238181.923453666
25,bf16,key,ans_lane_shared,64,168,22020096,14820060,0,4536,14824596,14798191.14019632,17234981.862756383
25,bf16,key,ans_raw,64,168,22020096,17235860,86016,3192,17325068,14798191.14019632,17234981.862756383
25,bf16,key,zstd,64,168,22020096,17310549,0,3192,17313741,14798191.14019632,17234981.862756383
25,bf16,value,ans_lane,16,672,22020096,14867708,688128,18144,15573980,14847641.202449474,17281397.68298093
25,bf16,value,ans_lane,256,48,22020096,14880820,49152,1296,14931268,14866058.123156583,17298338.06650039
25,bf16,value,ans_lane,64,168,22020096,14877772,172032,4536,15054340,14861959.243466066,17294598.7888932
25,bf16,value,ans_lane_shared,16,672,22020096,14889636,0,18144,14907780,14847641.202449474,17281397.68298093
25,bf16,value,ans_lane_shared,256,48,22020096,14884456,0,1296,14885752,14866058.123156583,17298338.06650039
25,bf16,value,ans_lane_shared,64,168,22020096,14885428,0,4536,14889964,14861959.243466066,17294598.7888932
25,bf16,value,ans_raw,64,168,22020096,17295472,86016,3192,17384680,14861959.243466066,17294598.7888932
25,bf16,value,zstd,64,168,22020096,17386520,0,3192,17389712,14861959.243466066,17294598.7888932
25,fp8_e4m3_sat,key,ans_lane,16,672,11010048,9082668,344064,12768,9439500,9074045.8570732,9074045.8570732
25,fp8_e4m3_sat,key,ans_lane,256,48,11010048,9091068,24576,912,9116556,9085179.20699993,9085179.20699993
25,fp8_e4m3_sat,key,ans_lane,64,168,11010048,9088848,86016,3192,9178056,9082393.78689064,9082393.78689064
25,fp8_e4m3_sat,key,ans_lane_shared,16,672,11010048,9096828,0,12768,9109596,9074045.8570732,9074045.8570732
25,fp8_e4m3_sat,key,ans_lane_shared,256,48,11010048,9094336,0,912,9095248,9085179.20699993,9085179.20699993
25,fp8_e4m3_sat,key,ans_lane_shared,64,168,11010048,9094824,0,3192,9098016,9082393.78689064,9082393.78689064
25,fp8_e4m3_sat,key,zstd,64,168,11010048,9140332,0,3192,9143524,9082393.78689064,9082393.78689064
25,fp8_e4m3_sat,value,ans_lane,16,672,11010048,9162376,344064,12768,9519208,9153905.150877438,9153905.150877438
25,fp8_e4m3_sat,value,ans_lane,256,48,11010048,9173064,24576,912,9198552,9167502.213070508,9167502.213070508
25,fp8_e4m3_sat,value,ans_lane,64,168,11010048,9170268,86016,3192,9259476,9164058.072370233,9164058.072370233
25,fp8_e4m3_sat,value,ans_lane_shared,16,672,11010048,9180944,0,12768,9193712,9153905.150877438,9153905.150877438
25,fp8_e4m3_sat,value,ans_lane_shared,256,48,11010048,9178432,0,912,9179344,9167502.213070508,9167502.213070508
25,fp8_e4m3_sat,value,ans_lane_shared,64,168,11010048,9178928,0,3192,9182120,9164058.072370233,9164058.072370233
25,fp8_e4m3_sat,value,zstd,64,168,11010048,9234752,0,3192,9237944,9164058.072370233,9164058.072370233
25,native,convolution,ans_lane,,24,1572864,1067616,24576,648,1092840,1066408.8136804209,1239457.5296222758
25,native,convolution,ans_lane_shared,,24,1572864,1071760,0,648,1072408,1066408.8136804209,1239457.5296222758
25,native,convolution,zstd,,24,1572864,1246700,0,456,1247156,1066408.8136804209,1239457.5296222758
25,native,recurrent,ans_lane,,24,50331648,43014872,49152,1032,43065056,42998518.19621824,47152206.6681932
25,native,recurrent,ans_lane_shared,,24,50331648,43032308,0,1032,43033340,42998518.19621824,47152206.6681932
25,native,recurrent,zstd,,24,50331648,47243822,0,456,47244278,42998518.19621824,47152206.6681932
26,bf16,key,ans_lane,16,1088,35651584,23965944,1114112,29376,25109432,23933462.035217047,27880676.258904416
26,bf16,key,ans_lane,256,72,35651584,23984384,73728,1944,24060056,23960576.056587,27905421.07693715
26,bf16,key,ans_lane,64,272,35651584,23980164,278528,7344,24266036,23954580.674686965,27900046.96216721
26,bf16,key,ans_lane_shared,16,1088,35651584,23996856,0,29376,24026232,23933462.035217047,27880676.258904416
26,bf16,key,ans_lane_shared,256,72,35651584,23988512,0,1944,23990456,23960576.056587,27905421.07693715
26,bf16,key,ans_lane_shared,64,272,35651584,23990152,0,7344,23997496,23954580.674686965,27900046.96216721
26,bf16,key,ans_raw,64,272,35651584,27901460,139264,5168,28045892,23954580.674686965,27900046.96216721
26,bf16,key,zstd,64,272,35651584,28020767,0,5168,28025935,23954580.674686965,27900046.96216721
26,bf16,value,ans_lane,16,1088,35651584,24069224,1114112,29376,25212712,24036726.793782923,27977128.188575726
26,bf16,value,ans_lane,256,72,35651584,24091300,73728,1944,24166972,24067449.036180347,28005390.051009838
26,bf16,value,ans_lane,64,272,35651584,24085876,278528,7344,24371748,24060223.907487404,27998787.68143963
26,bf16,value,ans_lane_shared,16,1088,35651584,24104796,0,29376,24134172,24036726.793782923,27977128.188575726
26,bf16,value,ans_lane_shared,256,72,35651584,24096432,0,1944,24098376,24067449.036180347,28005390.051009838
26,bf16,value,ans_lane_shared,64,272,35651584,24098088,0,7344,24105432,24060223.907487404,27998787.68143963
26,bf16,value,ans_raw,64,272,35651584,28000212,139264,5168,28144644,24060223.907487404,27998787.68143963
26,bf16,value,zstd,64,272,35651584,28147612,0,5168,28152780,24060223.907487404,27998787.68143963
26,fp8_e4m3_sat,key,ans_lane,16,1088,17825792,14697908,557056,20672,15275636,14683942.283488637,14683942.283488637
26,fp8_e4m3_sat,key,ans_lane,256,72,17825792,14711516,36864,1368,14749748,14702012.44392261,14702012.44392261
26,fp8_e4m3_sat,key,ans_lane,64,272,17825792,14707840,139264,5168,14852272,14697377.70526037,14697377.70526037
26,fp8_e4m3_sat,key,ans_lane_shared,16,1088,17825792,14720944,0,20672,14741616,14683942.283488637,14683942.283488637
26,fp8_e4m3_sat,key,ans_lane_shared,256,72,17825792,14716900,0,1368,14718268,14702012.44392261,14702012.44392261
26,fp8_e4m3_sat,key,ans_lane_shared,64,272,17825792,14717692,0,5168,14722860,14697377.70526037,14697377.70526037
26,fp8_e4m3_sat,key,zstd,64,272,17825792,14791104,0,5168,14796272,14697377.70526037,14697377.70526037
26,fp8_e4m3_sat,value,ans_lane,16,1088,17825792,14830848,557056,20672,15408576,14817181.871164445,14817181.871164445
26,fp8_e4m3_sat,value,ans_lane,256,72,17825792,14849460,36864,1368,14887692,14840387.905139321,14840387.905139321
26,fp8_e4m3_sat,value,ans_lane,64,272,17825792,14844236,139264,5168,14988668,14834184.370565528,14834184.370565528
26,fp8_e4m3_sat,value,ans_lane_shared,16,1088,17825792,14861276,0,20672,14881948,14817181.871164445,14817181.871164445
26,fp8_e4m3_sat,value,ans_lane_shared,256,72,17825792,14857236,0,1368,14858604,14840387.905139321,14840387.905139321
26,fp8_e4m3_sat,value,ans_lane_shared,64,272,17825792,14858020,0,5168,14863188,14834184.370565528,14834184.370565528
26,fp8_e4m3_sat,value,zstd,64,272,17825792,14948404,0,5168,14953572,14834184.370565528,14834184.370565528
26,native,convolution,ans_lane,,24,1572864,1066336,24576,648,1091560,1065109.9400184487,1238442.7736172453
26,native,convolution,ans_lane_shared,,24,1572864,1072048,0,648,1072696,1065109.9400184487,1238442.7736172453
26,native,convolution,zstd,,24,1572864,1245574,0,456,1246030,1065109.9400184487,1238442.7736172453
26,native,recurrent,ans_lane,,24,50331648,43037652,49152,1032,43087836,43021301.9189064,47168288.867795326
26,native,recurrent,ans_lane_shared,,24,50331648,43065044,0,1032,43066076,43021301.9189064,47168288.867795326
26,native,recurrent,zstd,,24,50331648,47244052,0,456,47244508,43021301.9189064,47168288.867795326
27,bf16,key,ans_lane,16,128,4194304,2820572,131072,3456,2955100,2816706.0290936967,3281183.8437848613
27,bf16,key,ans_lane,256,8,4194304,2822700,8192,216,2831108,2819894.7429645536,3284097.0789304995
27,bf16,key,ans_lane,64,32,4194304,2822200,32768,864,2855832,2819181.6156243365,3283454.815906324
27,bf16,key,ans_lane_shared,16,128,4194304,2824220,0,3456,2827676,2816706.0290936967,3281183.8437848613
27,bf16,key,ans_lane_shared,256,8,4194304,2823240,0,216,2823456,2819894.7429645536,3284097.0789304995
27,bf16,key,ans_lane_shared,64,32,4194304,2823436,0,864,2824300,2819181.6156243365,3283454.815906324
27,bf16,key,ans_raw,64,32,4194304,3283640,16384,608,3300632,2819181.6156243365,3283454.815906324
27,bf16,key,zstd,64,32,4194304,3297760,0,608,3298368,2819181.6156243365,3283454.815906324
27,bf16,value,ans_lane,16,128,4194304,2832092,131072,3456,2966620,2828234.5155760096,3291718.2856230503
27,bf16,value,ans_lane,256,8,4194304,2834668,8192,216,2843076,2831862.5885963747,3295058.891708862
27,bf16,value,ans_lane,64,32,4194304,2834028,32768,864,2867660,2831011.9793059314,3294279.8919173665
27,bf16,value,ans_lane_shared,16,128,4194304,2836448,0,3456,2839904,2828234.5155760096,3291718.2856230503
27,bf16,value,ans_lane_shared,256,8,4194304,2835468,0,216,2835684,2831862.5885963747,3295058.891708862
27,bf16,value,ans_lane_shared,64,32,4194304,2835680,0,864,2836544,2831011.9793059314,3294279.8919173665
27,bf16,value,ans_raw,64,32,4194304,3294444,16384,608,3311436,2831011.9793059314,3294279.8919173665
27,bf16,value,zstd,64,32,4194304,3311644,0,608,3312252,2831011.9793059314,3294279.8919173665
27,fp8_e4m3_sat,key,ans_lane,16,128,2097152,1730220,65536,2432,1798188,1728579.2917915834,1728579.2917915834
27,fp8_e4m3_sat,key,ans_lane,256,8,2097152,1731776,4096,152,1736024,1730657.413527117,1730657.413527117
27,fp8_e4m3_sat,key,ans_lane,64,32,2097152,1731384,16384,608,1748376,1730151.2061586352,1730151.2061586352
27,fp8_e4m3_sat,key,ans_lane_shared,16,128,2097152,1733024,0,2432,1735456,1728579.2917915834,1728579.2917915834
27,fp8_e4m3_sat,key,ans_lane_shared,256,8,2097152,1732528,0,152,1732680,1730657.413527117,1730657.413527117
27,fp8_e4m3_sat,key,ans_lane_shared,64,32,2097152,1732628,0,608,1733236,1730151.2061586352,1730151.2061586352
27,fp8_e4m3_sat,key,zstd,64,32,2097152,1741131,0,608,1741739,1730151.2061586352,1730151.2061586352
27,fp8_e4m3_sat,value,ans_lane,16,128,2097152,1745044,65536,2432,1813012,1743416.9830488062,1743416.9830488062
27,fp8_e4m3_sat,value,ans_lane,256,8,2097152,1747188,4096,152,1751436,1746112.8839074653,1746112.8839074653
27,fp8_e4m3_sat,value,ans_lane,64,32,2097152,1746600,16384,608,1763592,1745417.8536710255,1745417.8536710255
27,fp8_e4m3_sat,value,ans_lane_shared,16,128,2097152,1748864,0,2432,1751296,1743416.9830488062,1743416.9830488062
27,fp8_e4m3_sat,value,ans_lane_shared,256,8,2097152,1748412,0,152,1748564,1746112.8839074653,1746112.8839074653
27,fp8_e4m3_sat,value,ans_lane_shared,64,32,2097152,1748504,0,608,1749112,1745417.8536710255,1745417.8536710255
27,fp8_e4m3_sat,value,zstd,64,32,2097152,1758922,0,608,1759530,1745417.8536710255,1745417.8536710255
27,native,convolution,ans_lane,,24,1572864,1064588,24576,648,1089812,1063367.028924065,1236687.1565345475
27,native,convolution,ans_lane_shared,,24,1572864,1067952,0,648,1068600,1063367.028924065,1236687.1565345475
27,native,convolution,zstd,,24,1572864,1243712,0,456,1244168,1063367.028924065,1236687.1565345475
27,native,recurrent,ans_lane,,24,50331648,43027484,49152,1032,43077668,43011122.846601,47160765.32000139
27,native,recurrent,ans_lane_shared,,24,50331648,43051480,0,1032,43052512,43011122.846601,47160765.32000139
27,native,recurrent,zstd,,24,50331648,47251653,0,456,47252109,43011122.846601,47160765.32000139
28,bf16,key,ans_lane,16,320,10485760,7051884,327680,8640,7388204,7042317.888938479,8202893.275384449
28,bf16,key,ans_lane,256,24,10485760,7057184,24576,648,7082408,7050146.7005200265,8210019.615392177
28,bf16,key,ans_lane,64,80,10485760,7056076,81920,2160,7140156,7048547.954504838,8208589.951454111
28,bf16,key,ans_lane_shared,16,320,10485760,7060712,0,8640,7069352,7042317.888938479,8202893.275384449
28,bf16,key,ans_lane_shared,256,24,10485760,7058288,0,648,7058936,7050146.7005200265,8210019.615392177
28,bf16,key,ans_lane_shared,64,80,10485760,7058756,0,2160,7060916,7048547.954504838,8208589.951454111
28,bf16,key,ans_raw,64,80,10485760,8209000,40960,1520,8251480,7048547.954504838,8208589.951454111
28,bf16,key,zstd,64,80,10485760,8244265,0,1520,8245785,7048547.954504838,8208589.951454111
28,bf16,value,ans_lane,16,320,10485760,7080268,327680,8640,7416588,7070694.578429769,8229270.20991978
28,bf16,value,ans_lane,256,24,10485760,7086576,24576,648,7111800,7079526.848017044,8237390.997545133
28,bf16,value,ans_lane,64,80,10485760,7085032,81920,2160,7169112,7077493.91938073,8235536.084809024
28,bf16,value,ans_lane_shared,16,320,10485760,7090808,0,8640,7099448,7070694.578429769,8229270.20991978
28,bf16,value,ans_lane_shared,256,24,10485760,7088344,0,648,7088992,7079526.848017044,8237390.997545133
28,bf16,value,ans_lane_shared,64,80,10485760,7088800,0,2160,7090960,7077493.91938073,8235536.084809024
28,bf16,value,ans_raw,64,80,10485760,8235948,40960,1520,8278428,7077493.91938073,8235536.084809024
28,bf16,value,zstd,64,80,10485760,8278762,0,1520,8280282,7077493.91938073,8235536.084809024
28,fp8_e4m3_sat,key,ans_lane,16,320,5242880,4327444,163840,6080,4497364,4323359.536348467,4323359.536348467
28,fp8_e4m3_sat,key,ans_lane,256,24,5242880,4331332,12288,456,4344076,4328528.901562853,4328528.901562853
28,fp8_e4m3_sat,key,ans_lane,64,80,5242880,4330396,40960,1520,4372876,4327313.6138966875,4327313.6138966875
28,fp8_e4m3_sat,key,ans_lane_shared,16,320,5242880,4334028,0,6080,4340108,4323359.536348467,4323359.536348467
28,fp8_e4m3_sat,key,ans_lane_shared,256,24,5242880,4332816,0,456,4333272,4328528.901562853,4328528.901562853
28,fp8_e4m3_sat,key,ans_lane_shared,64,80,5242880,4333024,0,1520,4334544,4327313.6138966875,4327313.6138966875
28,fp8_e4m3_sat,key,zstd,64,80,5242880,4354903,0,1520,4356423,4327313.6138966875,4327313.6138966875
28,fp8_e4m3_sat,value,ans_lane,16,320,5242880,4363068,163840,6080,4532988,4359043.762487563,4359043.762487563
28,fp8_e4m3_sat,value,ans_lane,256,24,5242880,4368280,12288,456,4381024,4365603.800747898,4365603.800747898
28,fp8_e4m3_sat,value,ans_lane,64,80,5242880,4366796,40960,1520,4409276,4363831.475002317,4363831.475002317
28,fp8_e4m3_sat,value,ans_lane_shared,16,320,5242880,4372032,0,6080,4378112,4359043.762487563,4359043.762487563
28,fp8_e4m3_sat,value,ans_lane_shared,256,24,5242880,4370876,0,456,4371332,4365603.800747898,4365603.800747898
28,fp8_e4m3_sat,value,ans_lane_shared,64,80,5242880,4371088,0,1520,4372608,4363831.475002317,4363831.475002317
28,fp8_e4m3_sat,value,zstd,64,80,5242880,4397401,0,1520,4398921,4363831.475002317,4363831.475002317
28,native,convolution,ans_lane,,24,1572864,1065980,24576,648,1091204,1064762.4951314747,1238212.0780795459
28,native,convolution,ans_lane_shared,,24,1572864,1070152,0,648,1070800,1064762.4951314747,1238212.0780795459
28,native,convolution,zstd,,24,1572864,1245230,0,456,1245686,1064762.4951314747,1238212.0780795459
28,native,recurrent,ans_lane,,24,50331648,42981792,49152,1032,43031976,42965430.2726617,47125298.08315402
28,native,recurrent,ans_lane_shared,,24,50331648,42998884,0,1032,42999916,42965430.2726617,47125298.08315402
28,native,recurrent,zstd,,24,50331648,47242037,0,456,47242493,42965430.2726617,47125298.08315402
3,bf16,key,ans_lane,16,5152,168820736,113498816,5275648,139104,118913568,113345320.63848807,132030392.4508331
3,bf16,key,ans_lane,256,328,168820736,113586184,335872,8856,113930912,113473557.35460785,132147274.63093029
3,bf16,key,ans_lane,64,1288,168820736,113566576,1318912,34776,114920264,113445435.50538166,132122112.68438119
3,bf16,key,ans_lane_shared,16,5152,168820736,113638568,0,139104,113777672,113345320.63848807,132030392.4508331
3,bf16,key,ans_lane_shared,256,328,168820736,113598684,0,8856,113607540,113473557.35460785,132147274.63093029
3,bf16,key,ans_lane_shared,64,1288,168820736,113606680,0,34776,113641456,113445435.50538166,132122112.68438119
3,bf16,key,ans_raw,64,1288,168820736,132128736,659456,24472,132812664,113445435.50538166,132122112.68438119
3,bf16,key,zstd,64,1288,168820736,132693359,0,24472,132717831,113445435.50538166,132122112.68438119
3,bf16,value,ans_lane,16,5152,168820736,113882908,5275648,139104,119297660,113729152.6296559,132399989.68480465
3,bf16,value,ans_lane,256,328,168820736,113988816,335872,8856,114333544,113875940.73378867,132534925.11127648
3,bf16,value,ans_lane,64,1288,168820736,113962488,1318912,34776,115316176,113841044.98588634,132503152.2291062
3,bf16,value,ans_lane_shared,16,5152,168820736,114041744,0,139104,114180848,113729152.6296559,132399989.68480465
3,bf16,value,ans_lane_shared,256,328,168820736,114001932,0,8856,114010788,113875940.73378867,132534925.11127648
3,bf16,value,ans_lane_shared,64,1288,168820736,114009960,0,34776,114044736,113841044.98588634,132503152.2291062
3,bf16,value,ans_raw,64,1288,168820736,132509872,659456,24472,133193800,113841044.98588634,132503152.2291062
3,bf16,value,zstd,64,1288,168820736,133212137,0,24472,133236609,113841044.98588634,132503152.2291062
3,fp8_e4m3_sat,key,ans_lane,16,5152,84410368,69660188,2637824,97888,72395900,69594663.6400596,69594663.6400596
3,fp8_e4m3_sat,key,ans_lane,256,328,84410368,69724488,167936,6232,69898656,69679990.97890115,69679990.97890115
3,fp8_e4m3_sat,key,ans_lane,64,1288,84410368,69707872,659456,24472,70391800,69658663.59793778,69658663.59793778
3,fp8_e4m3_sat,key,ans_lane_shared,16,5152,84410368,69756236,0,97888,69854124,69594663.6400596,69594663.6400596
3,fp8_e4m3_sat,key,ans_lane_shared,256,328,84410368,69736840,0,6232,69743072,69679990.97890115,69679990.97890115
3,fp8_e4m3_sat,key,ans_lane_shared,64,1288,84410368,69740560,0,24472,69765032,69658663.59793778,69658663.59793778
3,fp8_e4m3_sat,key,zstd,64,1288,84410368,70102703,0,24472,70127175,69658663.59793778,69658663.59793778
3,fp8_e4m3_sat,value,ans_lane,16,5152,84410368,70135500,2637824,97888,72871212,70070350.72127134,70070350.72127134
3,fp8_e4m3_sat,value,ans_lane,256,328,84410368,70223624,167936,6232,70397792,70180727.57234566,70180727.57234566
3,fp8_e4m3_sat,value,ans_lane,64,1288,84410368,70198656,659456,24472,70882584,70150692.17000869,70150692.17000869
3,fp8_e4m3_sat,value,ans_lane_shared,16,5152,84410368,70255244,0,97888,70353132,70070350.72127134,70070350.72127134
3,fp8_e4m3_sat,value,ans_lane_shared,256,328,84410368,70235904,0,6232,70242136,70180727.57234566,70180727.57234566
3,fp8_e4m3_sat,value,ans_lane_shared,64,1288,84410368,70239792,0,24472,70264264,70150692.17000869,70150692.17000869
3,fp8_e4m3_sat,value,zstd,64,1288,84410368,70696961,0,24472,70721433,70150692.17000869,70150692.17000869
3,native,convolution,ans_lane,,24,1572864,1065420,24576,648,1090644,1064190.5257079517,1237534.8808115437
3,native,convolution,ans_lane_shared,,24,1572864,1070436,0,648,1071084,1064190.5257079517,1237534.8808115437
3,native,convolution,zstd,,24,1572864,1244499,0,456,1244955,1064190.5257079517,1237534.8808115437
3,native,recurrent,ans_lane,,24,50331648,42971320,49152,1032,43021504,42954962.766227335,47119574.75139096
3,native,recurrent,ans_lane_shared,,24,50331648,42982404,0,1032,42983436,42954962.766227335,47119574.75139096
3,native,recurrent,zstd,,24,50331648,47239369,0,456,47239825,42954962.766227335,47119574.75139096
4,bf16,key,ans_lane,16,3712,121634816,81795900,3801088,100224,85697212,81685432.93156143,95145547.59499156
4,bf16,key,ans_lane,256,232,121634816,81859084,237568,6264,82102916,81777989.9014348,95229830.46552269
4,bf16,key,ans_lane,64,928,121634816,81844988,950272,25056,82820316,81757662.95874178,95211616.20619476
4,bf16,key,ans_lane_shared,16,3712,121634816,81896856,0,100224,81997080,81685432.93156143,95145547.59499156
4,bf16,key,ans_lane_shared,256,232,121634816,81868200,0,6264,81874464,81777989.9014348,95229830.46552269
4,bf16,key,ans_lane_shared,64,928,121634816,81873912,0,25056,81898968,81757662.95874178,95211616.20619476
4,bf16,key,ans_raw,64,928,121634816,95216436,475136,17632,95709204,81757662.95874178,95211616.20619476
4,bf16,key,zstd,64,928,121634816,95623031,0,17632,95640663,81757662.95874178,95211616.20619476
4,bf16,value,ans_lane,16,3712,121634816,82078464,3801088,100224,85979776,81967576.09968399,95417591.39611943
4,bf16,value,ans_lane,256,232,121634816,82155900,237568,6264,82399732,82074569.70101981,95515931.20327437
4,bf16,value,ans_lane,64,928,121634816,82136704,950272,25056,83112032,82049185.55742557,95492800.43912105
4,bf16,value,ans_lane_shared,16,3712,121634816,82196604,0,100224,82296828,81967576.09968399,95417591.39611943
4,bf16,value,ans_lane_shared,256,232,121634816,82167812,0,6264,82174076,82074569.70101981,95515931.20327437
4,bf16,value,ans_lane_shared,64,928,121634816,82173568,0,25056,82198624,82049185.55742557,95492800.43912105
4,bf16,value,ans_raw,64,928,121634816,95497660,475136,17632,95990428,82049185.55742557,95492800.43912105
4,bf16,value,zstd,64,928,121634816,96000958,0,17632,96018590,82049185.55742557,95492800.43912105
4,fp8_e4m3_sat,key,ans_lane,16,3712,60817408,50203316,1900544,70528,52174388,50156129.28515065,50156129.28515065
4,fp8_e4m3_sat,key,ans_lane,256,232,60817408,50250176,118784,4408,50373368,50218155.95022613,50218155.95022613
4,fp8_e4m3_sat,key,ans_lane,64,928,60817408,50238092,475136,17632,50730860,50202658.22223327,50202658.22223327
4,fp8_e4m3_sat,key,ans_lane_shared,16,3712,60817408,50273420,0,70528,50343948,50156129.28515065,50156129.28515065
4,fp8_e4m3_sat,key,ans_lane_shared,256,232,60817408,50259632,0,4408,50264040,50218155.95022613,50218155.95022613
4,fp8_e4m3_sat,key,ans_lane_shared,64,928,60817408,50262400,0,17632,50280032,50202658.22223327,50202658.22223327
4,fp8_e4m3_sat,key,zstd,64,928,60817408,50523238,0,17632,50540870,50202658.22223327,50202658.22223327
4,fp8_e4m3_sat,value,ans_lane,16,3712,60817408,50554764,1900544,70528,52525836,50507884.38565942,50507884.38565942
4,fp8_e4m3_sat,value,ans_lane,256,232,60817408,50620212,118784,4408,50743404,50589240.81971764,50589240.81971764
4,fp8_e4m3_sat,value,ans_lane,64,928,60817408,50601888,475136,17632,51094656,50567293.82920529,50567293.82920529
4,fp8_e4m3_sat,value,ans_lane_shared,16,3712,60817408,50646504,0,70528,50717032,50507884.38565942,50507884.38565942
4,fp8_e4m3_sat,value,ans_lane_shared,256,232,60817408,50632552,0,4408,50636960,50589240.81971764,50589240.81971764
4,fp8_e4m3_sat,value,ans_lane_shared,64,928,60817408,50635340,0,17632,50652972,50567293.82920529,50567293.82920529
4,fp8_e4m3_sat,value,zstd,64,928,60817408,50959524,0,17632,50977156,50567293.82920529,50567293.82920529
4,native,convolution,ans_lane,,24,1572864,1065364,24576,648,1090588,1064136.1305213706,1237504.0790233114
4,native,convolution,ans_lane_shared,,24,1572864,1070136,0,648,1070784,1064136.1305213706,1237504.0790233114
4,native,convolution,zstd,,24,1572864,1244593,0,456,1245049,1064136.1305213706,1237504.0790233114
4,native,recurrent,ans_lane,,24,50331648,43003100,49152,1032,43053284,42986732.82008313,47141245.985653974
4,native,recurrent,ans_lane_shared,,24,50331648,43023936,0,1032,43024968,42986732.82008313,47141245.985653974
4,native,recurrent,zstd,,24,50331648,47243482,0,456,47243938,42986732.82008313,47141245.985653974
5,bf16,key,ans_lane,16,8000,262144000,176275536,8192000,216000,184683536,176036927.1142334,205047709.35389012
5,bf16,key,ans_lane,256,504,262144000,176411692,516096,13608,176941396,176236809.77528104,205229877.18314976
5,bf16,key,ans_lane,64,2000,262144000,176380832,2048000,54000,178482832,176192679.91544357,205190312.81206223
5,bf16,key,ans_lane_shared,16,8000,262144000,176494820,0,216000,176710820,176036927.1142334,205047709.35389012
5,bf16,key,ans_lane_shared,256,504,262144000,176432672,0,13608,176446280,176236809.77528104,205229877.18314976
5,bf16,key,ans_lane_shared,64,2000,262144000,176445136,0,54000,176499136,176192679.91544357,205190312.81206223
5,bf16,key,ans_raw,64,2000,262144000,205200740,1024000,38000,206262740,176192679.91544357,205190312.81206223
5,bf16,key,zstd,64,2000,262144000,206082925,0,38000,206120925,176192679.91544357,205190312.81206223
5,bf16,value,ans_lane,16,8000,262144000,176910888,8192000,216000,185318888,176672008.28849673,205658241.20078522
5,bf16,value,ans_lane,256,504,262144000,177076244,516096,13608,177605948,176900998.3852435,205868676.8456
5,bf16,value,ans_lane,64,2000,262144000,177035624,2048000,54000,179137624,176847072.05608928,205819511.83488607
5,bf16,value,ans_lane_shared,16,8000,262144000,177165692,0,216000,177381692,176672008.28849673,205658241.20078522
5,bf16,value,ans_lane_shared,256,504,262144000,177103512,0,13608,177117120,176900998.3852435,205868676.8456
5,bf16,value,ans_lane_shared,64,2000,262144000,177115852,0,54000,177169852,176847072.05608928,205819511.83488607
5,bf16,value,ans_raw,64,2000,262144000,205829996,1024000,38000,206891996,176847072.05608928,205819511.83488607
5,bf16,value,zstd,64,2000,262144000,206913060,0,38000,206951060,176847072.05608928,205819511.83488607
5,fp8_e4m3_sat,key,ans_lane,16,8000,131072000,108167328,4096000,152000,112415328,108065515.61013414,108065515.61013414
5,fp8_e4m3_sat,key,ans_lane,256,504,131072000,108268612,258048,9576,108536236,108199419.5841814,108199419.5841814
5,fp8_e4m3_sat,key,ans_lane,64,2000,131072000,108242100,1024000,38000,109304100,108165656.27769938,108165656.27769938
5,fp8_e4m3_sat,key,ans_lane_shared,16,8000,131072000,108321376,0,152000,108473376,108065515.61013414,108065515.61013414
5,fp8_e4m3_sat,key,ans_lane_shared,256,504,131072000,108291616,0,9576,108301192,108199419.5841814,108199419.5841814
5,fp8_e4m3_sat,key,ans_lane_shared,64,2000,131072000,108297600,0,38000,108335600,108165656.27769938,108165656.27769938
5,fp8_e4m3_sat,key,zstd,64,2000,131072000,108857654,0,38000,108895654,108165656.27769938,108165656.27769938
5,fp8_e4m3_sat,value,ans_lane,16,8000,131072000,108972684,4096000,152000,113220684,108871600.115369,108871600.115369
5,fp8_e4m3_sat,value,ans_lane,256,504,131072000,109111192,258048,9576,109378816,109044544.11432351,109044544.11432351
5,fp8_e4m3_sat,value,ans_lane,64,2000,131072000,109072660,1024000,38000,110134660,108998275.22463185,108998275.22463185
5,fp8_e4m3_sat,value,ans_lane_shared,16,8000,131072000,109171332,0,152000,109323332,108871600.115369,108871600.115369
5,fp8_e4m3_sat,value,ans_lane_shared,256,504,131072000,109141316,0,9576,109150892,109044544.11432351,109044544.11432351
5,fp8_e4m3_sat,value,ans_lane_shared,64,2000,131072000,109147308,0,38000,109185308,108998275.22463185,108998275.22463185
5,fp8_e4m3_sat,value,zstd,64,2000,131072000,109842267,0,38000,109880267,108998275.22463185,108998275.22463185
5,native,convolution,ans_lane,,24,1572864,1067144,24576,648,1092368,1065935.7307280134,1238962.5475176428
5,native,convolution,ans_lane_shared,,24,1572864,1074364,0,648,1075012,1065935.7307280134,1238962.5475176428
5,native,convolution,zstd,,24,1572864,1245913,0,456,1246369,1065935.7307280134,1238962.5475176428
5,native,recurrent,ans_lane,,24,50331648,42971016,49152,1032,43021200,42954679.33543616,47117871.2207883
5,native,recurrent,ans_lane_shared,,24,50331648,42983704,0,1032,42984736,42954679.33543616,47117871.2207883
5,native,recurrent,zstd,,24,50331648,47226851,0,456,47227307,42954679.33543616,47117871.2207883
6,bf16,key,ans_lane,16,1216,39845888,26788632,1245184,32832,28066648,26752481.09313266,31162974.011951372
6,bf16,key,ans_lane,256,80,39845888,26809172,81920,2160,26893252,26782571.244903665,31190386.09161272
6,bf16,key,ans_lane,64,304,39845888,26804608,311296,8208,27124112,26776032.169413123,31184517.341797553
6,bf16,key,ans_lane_shared,16,1216,39845888,26821908,0,32832,26854740,26752481.09313266,31162974.011951372
6,bf16,key,ans_lane_shared,256,80,39845888,26812580,0,2160,26814740,26782571.244903665,31190386.09161272
6,bf16,key,ans_lane_shared,64,304,39845888,26814416,0,8208,26822624,26776032.169413123,31184517.341797553
6,bf16,key,ans_raw,64,304,39845888,31186092,155648,5776,31347516,26776032.169413123,31184517.341797553
6,bf16,key,zstd,64,304,39845888,31321503,0,5776,31327279,26776032.169413123,31184517.341797553
6,bf16,value,ans_lane,16,1216,39845888,26890616,1245184,32832,28168632,26854291.25770268,31259383.033033382
6,bf16,value,ans_lane,256,80,39845888,26915412,81920,2160,26999492,26888732.30695934,31291027.402695037
6,bf16,value,ans_lane,64,304,39845888,26909696,311296,8208,27229200,26880986.66315314,31283977.42332645
6,bf16,value,ans_lane_shared,16,1216,39845888,26929668,0,32832,26962500,26854291.25770268,31259383.033033382
6,bf16,value,ans_lane_shared,256,80,39845888,26920388,0,2160,26922548,26888732.30695934,31291027.402695037
6,bf16,value,ans_lane_shared,64,304,39845888,26922232,0,8208,26930440,26880986.66315314,31283977.42332645
6,bf16,value,ans_raw,64,304,39845888,31285540,155648,5776,31446964,26880986.66315314,31283977.42332645
6,bf16,value,zstd,64,304,39845888,31449993,0,5776,31455769,26880986.66315314,31283977.42332645
6,fp8_e4m3_sat,key,ans_lane,16,1216,19922944,16437764,622592,23104,17083460,16422329.852580724,16422329.852580724
6,fp8_e4m3_sat,key,ans_lane,256,80,19922944,16453012,40960,1520,16495492,16442442.220142044,16442442.220142044
6,fp8_e4m3_sat,key,ans_lane,64,304,19922944,16449096,155648,5776,16610520,16437428.979136633,16437428.979136633
6,fp8_e4m3_sat,key,ans_lane_shared,16,1216,19922944,16461392,0,23104,16484496,16422329.852580724,16422329.852580724
6,fp8_e4m3_sat,key,ans_lane_shared,256,80,19922944,16456836,0,1520,16458356,16442442.220142044,16442442.220142044
6,fp8_e4m3_sat,key,ans_lane_shared,64,304,19922944,16457780,0,5776,16463556,16437428.979136633,16437428.979136633
6,fp8_e4m3_sat,key,zstd,64,304,19922944,16542225,0,5776,16548001,16437428.979136633,16437428.979136633
6,fp8_e4m3_sat,value,ans_lane,16,1216,19922944,16563168,622592,23104,17208864,16547763.409321032,16547763.409321032
6,fp8_e4m3_sat,value,ans_lane,256,80,19922944,16584032,40960,1520,16626512,16573837.262039213,16573837.262039213
6,fp8_e4m3_sat,value,ans_lane,64,304,19922944,16578584,155648,5776,16740008,16567294.601431772,16567294.601431772
6,fp8_e4m3_sat,value,ans_lane_shared,16,1216,19922944,16594496,0,23104,16617600,16547763.409321032,16547763.409321032
6,fp8_e4m3_sat,value,ans_lane_shared,256,80,19922944,16589988,0,1520,16591508,16573837.262039213,16573837.262039213
6,fp8_e4m3_sat,value,ans_lane_shared,64,304,19922944,16590844,0,5776,16596620,16567294.601431772,16567294.601431772
6,fp8_e4m3_sat,value,zstd,64,304,19922944,16695667,0,5776,16701443,16567294.601431772,16567294.601431772
6,native,convolution,ans_lane,,24,1572864,1064352,24576,648,1089576,1063114.0719729846,1236719.5026229138
6,native,convolution,ans_lane_shared,,24,1572864,1066356,0,648,1067004,1063114.0719729846,1236719.5026229138
6,native,convolution,zstd,,24,1572864,1243937,0,456,1244393,1063114.0719729846,1236719.5026229138
6,native,recurrent,ans_lane,,24,50331648,42977724,49152,1032,43027908,42961367.111943066,47123689.988158055
6,native,recurrent,ans_lane_shared,,24,50331648,42990008,0,1032,42991040,42961367.111943066,47123689.988158055
6,native,recurrent,zstd,,24,50331648,47239457,0,456,47239913,42961367.111943066,47123689.988158055
7,bf16,key,ans_lane,16,992,32505856,21853916,1015808,26784,22896508,21824339.877612203,25422714.643072177
7,bf16,key,ans_lane,256,64,32505856,21870788,65536,1728,21938052,21849130.52168449,25445315.63880603
7,bf16,key,ans_lane,64,248,32505856,21867024,253952,6696,22127672,21843707.20832374,25440436.32639494
7,bf16,key,ans_lane_shared,16,992,32505856,21881020,0,26784,21907804,21824339.877612203,25422714.643072177
7,bf16,key,ans_lane_shared,256,64,32505856,21873396,0,1728,21875124,21849130.52168449,25445315.63880603
7,bf16,key,ans_lane_shared,64,248,32505856,21874932,0,6696,21881628,21843707.20832374,25440436.32639494
7,bf16,key,ans_raw,64,248,32505856,25441720,126976,4712,25573408,21843707.20832374,25440436.32639494
7,bf16,key,zstd,64,248,32505856,25551955,0,4712,25556667,21843707.20832374,25440436.32639494
7,bf16,value,ans_lane,16,992,32505856,21939296,1015808,26784,22981888,21909593.443960726,25503748.02329304
7,bf16,value,ans_lane,256,64,32505856,21959360,65536,1728,22026624,21937616.092003,25529533.679149892
7,bf16,value,ans_lane,64,248,32505856,21954404,253952,6696,22215052,21930993.164040495,25523475.098688547
7,bf16,value,ans_lane_shared,16,992,32505856,21970804,0,26784,21997588,21909593.443960726,25503748.02329304
7,bf16,value,ans_lane_shared,256,64,32505856,21963080,0,1728,21964808,21937616.092003,25529533.679149892
7,bf16,value,ans_lane_shared,64,248,32505856,21964588,0,6696,21971284,21930993.164040495,25523475.098688547
7,bf16,value,ans_raw,64,248,32505856,25524792,126976,4712,25656480,21930993.164040495,25523475.098688547
7,bf16,value,zstd,64,248,32505856,25659058,0,4712,25663770,21930993.164040495,25523475.098688547
7,fp8_e4m3_sat,key,ans_lane,16,992,16252928,13409532,507904,18848,13936284,13396924.747504117,13396924.747504117
7,fp8_e4m3_sat,key,ans_lane,256,64,16252928,13422192,32768,1216,13456176,13413577.99948852,13413577.99948852
7,fp8_e4m3_sat,key,ans_lane,64,248,16252928,13418988,126976,4712,13550676,13409478.091130741,13409478.091130741
7,fp8_e4m3_sat,key,ans_lane_shared,16,992,16252928,13428864,0,18848,13447712,13396924.747504117,13396924.747504117
7,fp8_e4m3_sat,key,ans_lane_shared,256,64,16252928,13425164,0,1216,13426380,13413577.99948852,13413577.99948852
7,fp8_e4m3_sat,key,ans_lane_shared,64,248,16252928,13425896,0,4712,13430608,13409478.091130741,13409478.091130741
7,fp8_e4m3_sat,key,zstd,64,248,16252928,13494952,0,4712,13499664,13409478.091130741,13409478.091130741
7,fp8_e4m3_sat,value,ans_lane,16,992,16252928,13513936,507904,18848,14040688,13501387.21558238,13501387.21558238
7,fp8_e4m3_sat,value,ans_lane,256,64,16252928,13530720,32768,1216,13564704,13522445.093171563,13522445.093171563
7,fp8_e4m3_sat,value,ans_lane,64,248,16252928,13525976,126976,4712,13657664,13516759.054332275,13516759.054332275
7,fp8_e4m3_sat,value,ans_lane_shared,16,992,16252928,13538832,0,18848,13557680,13501387.21558238,13501387.21558238
7,fp8_e4m3_sat,value,ans_lane_shared,256,64,16252928,13535128,0,1216,13536344,13522445.093171563,13522445.093171563
7,fp8_e4m3_sat,value,ans_lane_shared,64,248,16252928,13535868,0,4712,13540580,13516759.054332275,13516759.054332275
7,fp8_e4m3_sat,value,zstd,64,248,16252928,13622039,0,4712,13626751,13516759.054332275,13516759.054332275
7,native,convolution,ans_lane,,24,1572864,1063308,24576,648,1088532,1062084.8262708301,1235763.6213086538
7,native,convolution,ans_lane_shared,,24,1572864,1065996,0,648,1066644,1062084.8262708301,1235763.6213086538
7,native,convolution,zstd,,24,1572864,1242652,0,456,1243108,1062084.8262708301,1235763.6213086538
7,native,recurrent,ans_lane,,24,50331648,43057640,49152,1032,43107824,43041334.16807252,47180352.838601515
7,native,recurrent,ans_lane_shared,,24,50331648,43092616,0,1032,43093648,43041334.16807252,47180352.838601515
7,native,recurrent,zstd,,24,50331648,47265219,0,456,47265675,43041334.16807252,47180352.838601515
8,bf16,key,ans_lane,16,2208,72351744,48658316,2260992,59616,50978924,48592484.13223941,56598940.94224656
8,bf16,key,ans_lane,256,144,72351744,48695620,147456,3888,48846964,48647315.84931495,56648927.182677135
8,bf16,key,ans_lane,64,552,72351744,48687488,565248,14904,49267640,48635492.57024103,56638295.82369465
8,bf16,key,ans_lane_shared,16,2208,72351744,48718656,0,59616,48778272,48592484.13223941,56598940.94224656
8,bf16,key,ans_lane_shared,256,144,72351744,48701568,0,3888,48705456,48647315.84931495,56648927.182677135
8,bf16,key,ans_lane_shared,64,552,72351744,48704916,0,14904,48719820,48635492.57024103,56638295.82369465
8,bf16,key,ans_raw,64,552,72351744,56641164,282624,10488,56934276,48635492.57024103,56638295.82369465
8,bf16,key,zstd,64,552,72351744,56883640,0,10488,56894128,48635492.57024103,56638295.82369465
8,bf16,value,ans_lane,16,2208,72351744,48830328,2260992,59616,51150936,48764329.86822087,56763800.596353255
8,bf16,value,ans_lane,256,144,72351744,48875856,147456,3888,49027200,48827443.63021256,56821846.27054111
8,bf16,value,ans_lane,64,552,72351744,48864936,565248,14904,49445088,48812811.697277606,56808485.43043983
8,bf16,value,ans_lane_shared,16,2208,72351744,48901900,0,59616,48961516,48764329.86822087,56763800.596353255
8,bf16,value,ans_lane_shared,256,144,72351744,48884704,0,3888,48888592,48827443.63021256,56821846.27054111
8,bf16,value,ans_lane_shared,64,552,72351744,48888080,0,14904,48902984,48812811.697277606,56808485.43043983
8,bf16,value,ans_raw,64,552,72351744,56811400,282624,10488,57104512,48812811.697277606,56808485.43043983
8,bf16,value,zstd,64,552,72351744,57110272,0,10488,57120760,48812811.697277606,56808485.43043983
8,fp8_e4m3_sat,key,ans_lane,16,2208,36175872,29874152,1130496,41952,31046600,29846070.948160123,29846070.948160123
8,fp8_e4m3_sat,key,ans_lane,256,144,36175872,29901732,73728,2736,29978196,29882576.61927228,29882576.61927228
8,fp8_e4m3_sat,key,ans_lane,64,552,36175872,29894708,282624,10488,30187820,29873605.964128826,29873605.964128826
8,fp8_e4m3_sat,key,ans_lane_shared,16,2208,36175872,29916820,0,41952,29958772,29846070.948160123,29846070.948160123
8,fp8_e4m3_sat,key,ans_lane_shared,256,144,36175872,29908496,0,2736,29911232,29882576.61927228,29882576.61927228
8,fp8_e4m3_sat,key,ans_lane_shared,64,552,36175872,29910144,0,10488,29920632,29873605.964128826,29873605.964128826
8,fp8_e4m3_sat,key,zstd,64,552,36175872,30065506,0,10488,30075994,29873605.964128826,29873605.964128826
8,fp8_e4m3_sat,value,ans_lane,16,2208,36175872,30082192,1130496,41952,31254640,30054346.937196504,30054346.937196504
8,fp8_e4m3_sat,value,ans_lane,256,144,36175872,30120564,73728,2736,30197028,30102159.794326823,30102159.794326823
8,fp8_e4m3_sat,value,ans_lane,64,552,36175872,30110180,282624,10488,30403292,30089640.713779032,30089640.713779032
8,fp8_e4m3_sat,value,ans_lane_shared,16,2208,36175872,30139484,0,41952,30181436,30054346.937196504,30054346.937196504
8,fp8_e4m3_sat,value,ans_lane_shared,256,144,36175872,30131176,0,2736,30133912,30102159.794326823,30102159.794326823
8,fp8_e4m3_sat,value,ans_lane_shared,64,552,36175872,30132840,0,10488,30143328,30089640.713779032,30089640.713779032
8,fp8_e4m3_sat,value,zstd,64,552,36175872,30322071,0,10488,30332559,30089640.713779032,30089640.713779032
8,native,convolution,ans_lane,,24,1572864,1063856,24576,648,1089080,1062629.894775668,1236131.9200103043
8,native,convolution,ans_lane_shared,,24,1572864,1066412,0,648,1067060,1062629.894775668,1236131.9200103043
8,native,convolution,zstd,,24,1572864,1243231,0,456,1243687,1062629.894775668,1236131.9200103043
8,native,recurrent,ans_lane,,24,50331648,42978844,49152,1032,43029028,42962468.49586807,47122875.64650018
8,native,recurrent,ans_lane_shared,,24,50331648,42988728,0,1032,42989760,42962468.49586807,47122875.64650018
8,native,recurrent,zstd,,24,50331648,47244543,0,456,47244999,42962468.49586807,47122875.64650018
9,bf16,key,ans_lane,16,1152,37748736,25383492,1179648,31104,26594244,25349042.317310825,29526439.282375023
9,bf16,key,ans_lane,256,72,37748736,25403100,73728,1944,25478772,25377943.338449936,29552757.87403232
9,bf16,key,ans_lane,64,288,37748736,25398600,294912,7776,25701288,25371549.33805055,29547036.95577925
9,bf16,key,ans_lane_shared,16,1152,37748736,25414928,0,31104,25446032,25349042.317310825,29526439.282375023
9,bf16,key,ans_lane_shared,256,72,37748736,25405956,0,1944,25407900,25377943.338449936,29552757.87403232
9,bf16,key,ans_lane_shared,64,288,37748736,25407760,0,7776,25415536,25371549.33805055,29547036.95577925
9,bf16,key,ans_raw,64,288,37748736,29548552,147456,5472,29701480,25371549.33805055,29547036.95577925
9,bf16,key,zstd,64,288,37748736,29674862,0,5472,29680334,25371549.33805055,29547036.95577925
9,bf16,value,ans_lane,16,1152,37748736,25474816,1179648,31104,26685568,25440394.17456076,29613987.798578955
9,bf16,value,ans_lane,256,72,37748736,25498124,73728,1944,25573796,25472901.841418028,29643872.691780902
9,bf16,value,ans_lane,64,288,37748736,25492600,294912,7776,25795288,25465473.7113235,29637090.39136801
9,bf16,value,ans_lane_shared,16,1152,37748736,25511012,0,31104,25542116,25440394.17456076,29613987.798578955
9,bf16,value,ans_lane_shared,256,72,37748736,25502012,0,1944,25503956,25472901.841418028,29643872.691780902
9,bf16,value,ans_lane_shared,64,288,37748736,25503764,0,7776,25511540,25465473.7113235,29637090.39136801
9,bf16,value,ans_raw,64,288,37748736,29638560,147456,5472,29791488,25465473.7113235,29637090.39136801
9,bf16,value,zstd,64,288,37748736,29795088,0,5472,29800560,25465473.7113235,29637090.39136801
9,fp8_e4m3_sat,key,ans_lane,16,1152,18874368,15584908,589824,21888,16196620,15570270.372668575,15570270.372668575
9,fp8_e4m3_sat,key,ans_lane,256,72,18874368,15599500,36864,1368,15637732,15589521.095088549,15589521.095088549
9,fp8_e4m3_sat,key,ans_lane,64,288,18874368,15595680,147456,5472,15748608,15584617.407360148,15584617.407360148
9,fp8_e4m3_sat,key,ans_lane_shared,16,1152,18874368,15607240,0,21888,15629128,15570270.372668575,15570270.372668575
9,fp8_e4m3_sat,key,ans_lane_shared,256,72,18874368,15602920,0,1368,15604288,15589521.095088549,15589521.095088549
9,fp8_e4m3_sat,key,ans_lane_shared,64,288,18874368,15603796,0,5472,15609268,15584617.407360148,15584617.407360148
9,fp8_e4m3_sat,key,zstd,64,288,18874368,15684560,0,5472,15690032,15584617.407360148,15584617.407360148
9,fp8_e4m3_sat,value,ans_lane,16,1152,18874368,15690844,589824,21888,16302556,15676376.560220683,15676376.560220683
9,fp8_e4m3_sat,value,ans_lane,256,72,18874368,15710428,36864,1368,15748660,15700848.75222652,15700848.75222652
9,fp8_e4m3_sat,value,ans_lane,64,288,18874368,15705296,147456,5472,15858224,15694578.389373217,15694578.389373217
9,fp8_e4m3_sat,value,ans_lane_shared,16,1152,18874368,15719800,0,21888,15741688,15676376.560220683,15676376.560220683
9,fp8_e4m3_sat,value,ans_lane_shared,256,72,18874368,15715460,0,1368,15716828,15700848.75222652,15700848.75222652
9,fp8_e4m3_sat,value,ans_lane_shared,64,288,18874368,15716304,0,5472,15721776,15694578.389373217,15694578.389373217
9,fp8_e4m3_sat,value,zstd,64,288,18874368,15817002,0,5472,15822474,15694578.389373217,15694578.389373217
9,native,convolution,ans_lane,,24,1572864,1066340,24576,648,1091564,1065113.6746855644,1238373.6766827768
9,native,convolution,ans_lane_shared,,24,1572864,1072224,0,648,1072872,1065113.6746855644,1238373.6766827768
9,native,convolution,zstd,,24,1572864,1245371,0,456,1245827,1065113.6746855644,1238373.6766827768
9,native,recurrent,ans_lane,,24,50331648,42968840,49152,1032,43019024,42952441.880008176,47118662.66112373
9,native,recurrent,ans_lane_shared,,24,50331648,42980448,0,1032,42981480,42952441.880008176,47118662.66112373
9,native,recurrent,zstd,,24,50331648,47224834,0,456,47225290,42952441.880008176,47118662.66112373
