turn_idx,format,state_kind,codec,block_tokens,units,raw_bytes,payload_bytes,table_bytes,header_bytes,compressed_total_bytes,entropy_lane_bytes,entropy_raw_bytes
0,bf16,key,ans_lane,16,4896,160432128,109332744,5013504,132192,114478440,109187205.67096597,126675498.35931934
0,bf16,key,ans_lane,256,324,160432128,109420968,331776,8748,109761492,109313925.18087839,126791102.57833822
0,bf16,key,ans_lane,64,1224,160432128,109401048,1253376,33048,110687472,109286217.81491046,126766115.16481315
0,bf16,key,ans_lane_shared,16,4896,160432128,109530468,0,132192,109662660,109187205.67096597,126675498.35931934
0,bf16,key,ans_lane_shared,256,324,160432128,109492764,0,8748,109501512,109313925.18087839,126791102.57833822
0,bf16,key,ans_lane_shared,64,1224,160432128,109500168,0,33048,109533216,109286217.81491046,126766115.16481315
0,bf16,key,ans_raw,64,1224,160432128,126772540,626688,23256,127422484,109286217.81491046,126766115.16481315
0,bf16,key,zstd,64,1224,160432128,127091484,0,23256,127114740,109286217.81491046,126766115.16481315
0,bf16,value,ans_lane,16,4896,160432128,107481612,5013504,132192,112627308,107335428.69132082,125139273.52006811
0,bf16,value,ans_lane,256,324,160432128,107588908,331776,8748,107929432,107481293.60821947,125271994.73390113
0,bf16,value,ans_lane,64,1224,160432128,107562800,1253376,33048,108849224,107447298.41698249,125241417.84169072
0,bf16,value,ans_lane_shared,16,4896,160432128,107758524,0,132192,107890716,107335428.69132082,125139273.52006811
0,bf16,value,ans_lane_shared,256,324,160432128,107720852,0,8748,107729600,107481293.60821947,125271994.73390113
0,bf16,value,ans_lane_shared,64,1224,160432128,107728372,0,33048,107761420,107447298.41698249,125241417.84169072
0,bf16,value,ans_raw,64,1224,160432128,125247768,626688,23256,125897712,107447298.41698249,125241417.84169072
0,bf16,value,zstd,64,1224,160432128,125031897,0,23256,125055153,107447298.41698249,125241417.84169072
0,fp8_e4m3_sat,key,ans_lane,16,4896,80216064,68143380,2506752,93024,70743156,68089612.2677411,68089612.2677411
0,fp8_e4m3_sat,key,ans_lane,256,324,80216064,68219824,165888,6156,68391868,68185708.1388337,68185708.1388337
0,fp8_e4m3_sat,key,ans_lane,64,1224,80216064,68200264,626688,23256,68850208,68161968.21644999,68161968.21644999
0,fp8_e4m3_sat,key,ans_lane_shared,16,4896,80216064,68300352,0,93024,68393376,68089612.2677411,68089612.2677411
0,fp8_e4m3_sat,key,ans_lane_shared,256,324,80216064,68282044,0,6156,68288200,68185708.1388337,68185708.1388337
0,fp8_e4m3_sat,key,ans_lane_shared,64,1224,80216064,68285696,0,23256,68308952,68161968.21644999,68161968.21644999
0,fp8_e4m3_sat,key,zstd,64,1224,80216064,68386530,0,23256,68409786,68161968.21644999,68161968.21644999
0,fp8_e4m3_sat,value,ans_lane,16,4896,80216064,64847900,2506752,93024,67447676,64776273.264688745,64776273.264688745
0,fp8_e4m3_sat,value,ans_lane,256,324,80216064,64929972,165888,6156,65102016,64878886.96529215,64878886.96529215
0,fp8_e4m3_sat,value,ans_lane,64,1224,80216064,64907272,626688,23256,65557216,64851548.12014863,64851548.12014863
0,fp8_e4m3_sat,value,ans_lane_shared,16,4896,80216064,65114224,0,93024,65207248,64776273.264688745,64776273.264688745
0,fp8_e4m3_sat,value,ans_lane_shared,256,324,80216064,65095916,0,6156,65102072,64878886.96529215,64878886.96529215
0,fp8_e4m3_sat,value,ans_lane_shared,64,1224,80216064,65099504,0,23256,65122760,64851548.12014863,64851548.12014863
0,fp8_e4m3_sat,value,zstd,64,1224,80216064,64976717,0,23256,64999973,64851548.12014863,64851548.12014863
1,bf16,key,ans_lane,16,288,9437184,6431152,294912,7776,6733840,6422586.056770603,7450913.843641101
1,bf16,key,ans_lane,256,36,9437184,6435792,36864,972,6473628,6429331.208404251,7457110.763717563
1,bf16,key,ans_lane,64,72,9437184,6435160,73728,1944,6510832,6428371.8853232255,7456233.12041735
1,bf16,key,ans_lane_shared,16,288,9437184,6442136,0,7776,6449912,6422586.056770603,7450913.843641101
1,bf16,key,ans_lane_shared,256,36,9437184,6440052,0,972,6441024,6429331.208404251,7457110.763717563
1,bf16,key,ans_lane_shared,64,72,9437184,6440336,0,1944,6442280,6428371.8853232255,7456233.12041735
1,bf16,key,ans_raw,64,72,9437184,7456620,36864,1368,7494852,6428371.8853232255,7456233.12041735
1,bf16,key,zstd,64,72,9437184,7468210,0,1368,7469578,6428371.8853232255,7456233.12041735
1,bf16,value,ans_lane,16,288,9437184,6317156,294912,7776,6619844,6308526.157537172,7355890.524354921
1,bf16,value,ans_lane,256,36,9437184,6324092,36864,972,6361928,6317608.980206236,7364240.138325311
1,bf16,value,ans_lane,64,72,9437184,6323200,73728,1944,6398872,6316356.951575338,7363086.141377581
1,bf16,value,ans_lane_shared,16,288,9437184,6334396,0,7776,6342172,6308526.157537172,7355890.524354921
1,bf16,value,ans_lane_shared,256,36,9437184,6332308,0,972,6333280,6317608.980206236,7364240.138325311
1,bf16,value,ans_lane_shared,64,72,9437184,6332628,0,1944,6334572,6316356.951575338,7363086.141377581
1,bf16,value,ans_raw,64,72,9437184,7363468,36864,1368,7401700,6316356.951575338,7363086.141377581
1,bf16,value,zstd,64,72,9437184,7342968,0,1368,7344336,6316356.951575338,7363086.141377581
1,fp8_e4m3_sat,key,ans_lane,16,288,4718592,4014868,147456,5472,4167796,4011731.155748911,4011731.155748911
1,fp8_e4m3_sat,key,ans_lane,256,36,4718592,4018948,18432,684,4038064,4016871.808120148,4016871.808120148
1,fp8_e4m3_sat,key,ans_lane,64,72,4718592,4018356,36864,1368,4056588,4016121.40987501,4016121.40987501
1,fp8_e4m3_sat,key,ans_lane_shared,16,288,4718592,4024644,0,5472,4030116,4011731.155748911,4011731.155748911
1,fp8_e4m3_sat,key,ans_lane_shared,256,36,4718592,4023652,0,684,4024336,4016871.808120148,4016871.808120148
1,fp8_e4m3_sat,key,ans_lane_shared,64,72,4718592,4023788,0,1368,4025156,4016121.40987501,4016121.40987501
1,fp8_e4m3_sat,key,zstd,64,72,4718592,4025490,0,1368,4026858,4016121.40987501,4016121.40987501
1,fp8_e4m3_sat,value,ans_lane,16,288,4718592,3817100,147456,5472,3970028,3812905.464565482,3812905.464565482
1,fp8_e4m3_sat,value,ans_lane,256,36,4718592,3823080,18432,684,3842196,3819979.651486872,3819979.651486872
1,fp8_e4m3_sat,value,ans_lane,64,72,4718592,3822292,36864,1368,3860524,3819011.662896303,3819011.662896303
1,fp8_e4m3_sat,value,ans_lane_shared,16,288,4718592,3827452,0,5472,3832924,3812905.464565482,3812905.464565482
1,fp8_e4m3_sat,value,ans_lane_shared,256,36,4718592,3826476,0,684,3827160,3819979.651486872,3819979.651486872
1,fp8_e4m3_sat,value,ans_lane_shared,64,72,4718592,3826604,0,1368,3827972,3819011.662896303,3819011.662896303
1,fp8_e4m3_sat,value,zstd,64,72,4718592,3821755,0,1368,3823123,3819011.662896303,3819011.662896303
10,bf16,key,ans_lane,16,288,9437184,6429024,294912,7776,6731712,6420463.982159249,7448523.662901471
10,bf16,key,ans_lane,256,36,9437184,6433848,36864,972,6471684,6427402.900817638,7454885.340821849
10,bf16,key,ans_lane,64,72,9437184,6433160,73728,1944,6508832,6426414.3273489615,7453991.553590875
10,bf16,key,ans_lane_shared,16,288,9437184,6438960,0,7776,6446736,6420463.982159249,7448523.662901471
10,bf16,key,ans_lane_shared,256,36,9437184,6436840,0,972,6437812,6427402.900817638,7454885.340821849
10,bf16,key,ans_lane_shared,64,72,9437184,6437144,0,1944,6439088,6426414.3273489615,7453991.553590875
10,bf16,key,ans_raw,64,72,9437184,7454368,36864,1368,7492600,6426414.3273489615,7453991.553590875
10,bf16,key,zstd,64,72,9437184,7471893,0,1368,7473261,6426414.3273489615,7453991.553590875
10,bf16,value,ans_lane,16,288,9437184,6317296,294912,7776,6619984,6308711.2812761385,7356361.906318306
10,bf16,value,ans_lane,256,36,9437184,6323120,36864,972,6360956,6316622.4001772525,7363666.232402844
10,bf16,value,ans_lane,64,72,9437184,6322100,73728,1944,6397772,6315297.296830635,7362452.127774733
10,bf16,value,ans_lane_shared,16,288,9437184,6333436,0,7776,6341212,6308711.2812761385,7356361.906318306
10,bf16,value,ans_lane_shared,256,36,9437184,6331344,0,972,6332316,6316622.4001772525,7363666.232402844
10,bf16,value,ans_lane_shared,64,72,9437184,6331648,0,1944,6333592,6315297.296830635,7362452.127774733
10,bf16,value,ans_raw,64,72,9437184,7362844,36864,1368,7401076,6315297.296830635,7362452.127774733
10,bf16,value,zstd,64,72,9437184,7353588,0,1368,7354956,6315297.296830635,7362452.127774733
10,fp8_e4m3_sat,key,ans_lane,16,288,4718592,4012840,147456,5472,4165768,4009706.3358696443,4009706.3358696443
10,fp8_e4m3_sat,key,ans_lane,256,36,4718592,4017052,18432,684,4036168,4014991.216495749,4014991.216495749
10,fp8_e4m3_sat,key,ans_lane,64,72,4718592,4016404,36864,1368,4054636,4014188.850821191,4014188.850821191
10,fp8_e4m3_sat,key,ans_lane_shared,16,288,4718592,4021412,0,5472,4026884,4009706.3358696443,4009706.3358696443
10,fp8_e4m3_sat,key,ans_lane_shared,256,36,4718592,4020368,0,684,4021052,4014991.216495749,4014991.216495749
10,fp8_e4m3_sat,key,ans_lane_shared,64,72,4718592,4020508,0,1368,4021876,4014188.850821191,4014188.850821191
10,fp8_e4m3_sat,key,zstd,64,72,4718592,4027702,0,1368,4029070,4014188.850821191,4014188.850821191
10,fp8_e4m3_sat,value,ans_lane,16,288,4718592,3817252,147456,5472,3970180,3813039.191561919,3813039.191561919
10,fp8_e4m3_sat,value,ans_lane,256,36,4718592,3821800,18432,684,3840916,3818688.7893343507,3818688.7893343507
10,fp8_e4m3_sat,value,ans_lane,64,72,4718592,3820896,36864,1368,3859128,3817609.3415145744,3817609.3415145744
10,fp8_e4m3_sat,value,ans_lane_shared,16,288,4718592,3826304,0,5472,3831776,3813039.191561919,3813039.191561919
10,fp8_e4m3_sat,value,ans_lane_shared,256,36,4718592,3825300,0,684,3825984,3818688.7893343507,3818688.7893343507
10,fp8_e4m3_sat,value,ans_lane_shared,64,72,4718592,3825444,0,1368,3826812,3817609.3415145744,3817609.3415145744
10,fp8_e4m3_sat,value,zstd,64,72,4718592,3827057,0,1368,3828425,3817609.3415145744,3817609.3415145744
11,bf16,key,ans_lane,16,2736,89653248,61031456,2801664,73872,63906992,60950179.129987255,70720510.57879308
11,bf16,key,ans_lane,256,180,89653248,61077860,184320,4860,61267040,61018025.18415201,70782819.38685569
11,bf16,key,ans_lane,64,684,89653248,61067504,700416,18468,61786388,61003275.74196355,70769381.94659899
11,bf16,key,ans_lane_shared,16,2736,89653248,61117480,0,73872,61191352,60950179.129987255,70720510.57879308
11,bf16,key,ans_lane_shared,256,180,89653248,61096464,0,4860,61101324,61018025.18415201,70782819.38685569
11,bf16,key,ans_lane_shared,64,684,89653248,61100600,0,18468,61119068,61003275.74196355,70769381.94659899
11,bf16,key,ans_raw,64,684,89653248,70772992,350208,12996,71136196,61003275.74196355,70769381.94659899
11,bf16,key,zstd,64,684,89653248,70786520,0,12996,70799516,61003275.74196355,70769381.94659899
11,bf16,value,ans_lane,16,2736,89653248,60094264,2801664,73872,62969800,60012376.369408086,69956360.77116904
11,bf16,value,ans_lane,256,180,89653248,60148360,184320,4860,60337540,60088264.88036939,70026033.19392328
11,bf16,value,ans_lane,64,684,89653248,60135348,700416,18468,60854232,60070803.63285377,70010173.38401903
11,bf16,value,ans_lane_shared,16,2736,89653248,60200564,0,73872,60274436,60012376.369408086,69956360.77116904
11,bf16,value,ans_lane_shared,256,180,89653248,60179572,0,4860,60184432,60088264.88036939,70026033.19392328
11,bf16,value,ans_lane_shared,64,684,89653248,60183688,0,18468,60202156,60070803.63285377,70010173.38401903
11,bf16,value,ans_raw,64,684,89653248,70013800,350208,12996,70377004,60070803.63285377,70010173.38401903
11,bf16,value,zstd,64,684,89653248,69576182,0,12996,69589178,60070803.63285377,70010173.38401903
11,fp8_e4m3_sat,key,ans_lane,16,2736,44826624,38057332,1400832,51984,39510148,38027295.32746357,38027295.32746357
11,fp8_e4m3_sat,key,ans_lane,256,180,44826624,38096264,92160,3420,38191844,38077251.99223964,38077251.99223964
11,fp8_e4m3_sat,key,ans_lane,64,684,44826624,38086360,350208,12996,38449564,38064982.43307732,38064982.43307732
11,fp8_e4m3_sat,key,ans_lane_shared,16,2736,44826624,38133764,0,51984,38185748,38027295.32746357,38027295.32746357
11,fp8_e4m3_sat,key,ans_lane_shared,256,180,44826624,38123644,0,3420,38127064,38077251.99223964,38077251.99223964
11,fp8_e4m3_sat,key,ans_lane_shared,64,684,44826624,38125656,0,12996,38138652,38064982.43307732,38064982.43307732
11,fp8_e4m3_sat,key,zstd,64,684,44826624,38078309,0,12996,38091305,38064982.43307732,38064982.43307732
11,fp8_e4m3_sat,value,ans_lane,16,2736,44826624,36256024,1400832,51984,37708840,36215971.74985705,36215971.74985705
11,fp8_e4m3_sat,value,ans_lane,256,180,44826624,36295292,92160,3420,36390872,36266665.22511966,36266665.22511966
11,fp8_e4m3_sat,value,ans_lane,64,684,44826624,36284324,350208,12996,36647528,36253289.99551079,36253289.99551079
11,fp8_e4m3_sat,value,ans_lane_shared,16,2736,44826624,36341748,0,51984,36393732,36215971.74985705,36215971.74985705
11,fp8_e4m3_sat,value,ans_lane_shared,256,180,44826624,36331524,0,3420,36334944,36266665.22511966,36266665.22511966
11,fp8_e4m3_sat,value,ans_lane_shared,64,684,44826624,36333480,0,12996,36346476,36253289.99551079,36253289.99551079
11,fp8_e4m3_sat,value,zstd,64,684,44826624,36183749,0,12996,36196745,36253289.99551079,36253289.99551079
12,bf16,key,ans_lane,16,288,9437184,6431952,294912,7776,6734640,6423390.309345227,7451080.219808848
12,bf16,key,ans_lane,256,36,9437184,6436800,36864,972,6474636,6430339.39253154,7457458.662496059
12,bf16,key,ans_lane,64,72,9437184,6435860,73728,1944,6511532,6429080.505782097,7456299.980438624
12,bf16,key,ans_lane_shared,16,288,9437184,6442080,0,7776,6449856,6423390.309345227,7451080.219808848
12,bf16,key,ans_lane_shared,256,36,9437184,6440012,0,972,6440984,6430339.39253154,7457458.662496059
12,bf16,key,ans_lane_shared,64,72,9437184,6440304,0,1944,6442248,6429080.505782097,7456299.980438624
12,bf16,key,ans_raw,64,72,9437184,7456668,36864,1368,7494900,6429080.505782097,7456299.980438624
12,bf16,key,zstd,64,72,9437184,7478581,0,1368,7479949,6429080.505782097,7456299.980438624
12,bf16,value,ans_lane,16,288,9437184,6319888,294912,7776,6622576,6311313.745994131,7358106.606182428
12,bf16,value,ans_lane,256,36,9437184,6325388,36864,972,6363224,6318885.117803797,7365060.217459781
12,bf16,value,ans_lane,64,72,9437184,6324508,73728,1944,6400180,6317707.704677082,7363990.860852296
12,bf16,value,ans_lane_shared,16,288,9437184,6335084,0,7776,6342860,6311313.745994131,7358106.606182428
12,bf16,value,ans_lane_shared,256,36,9437184,6333008,0,972,6333980,6318885.117803797,7365060.217459781
12,bf16,value,ans_lane_shared,64,72,9437184,6333292,0,1944,6335236,6317707.704677082,7363990.860852296
12,bf16,value,ans_raw,64,72,9437184,7364364,36864,1368,7402596,6317707.704677082,7363990.860852296
12,bf16,value,zstd,64,72,9437184,7368641,0,1368,7370009,6317707.704677082,7363990.860852296
12,fp8_e4m3_sat,key,ans_lane,16,288,4718592,4016872,147456,5472,4169800,4013742.268609474,4013742.268609474
12,fp8_e4m3_sat,key,ans_lane,256,36,4718592,4021064,18432,684,4040180,4018999.8299006596,4018999.8299006596
12,fp8_e4m3_sat,key,ans_lane,64,72,4718592,4020088,36864,1368,4058320,4017836.3254882516,4017836.3254882516
12,fp8_e4m3_sat,key,ans_lane_shared,16,288,4718592,4026092,0,5472,4031564,4013742.268609474,4013742.268609474
12,fp8_e4m3_sat,key,ans_lane_shared,256,36,4718592,4025084,0,684,4025768,4018999.8299006596,4018999.8299006596
12,fp8_e4m3_sat,key,ans_lane_shared,64,72,4718592,4025240,0,1368,4026608,4017836.3254882516,4017836.3254882516
12,fp8_e4m3_sat,key,zstd,64,72,4718592,4033541,0,1368,4034909,4017836.3254882516,4017836.3254882516
12,fp8_e4m3_sat,value,ans_lane,16,288,4718592,3819540,147456,5472,3972468,3815332.481211416,3815332.481211416
12,fp8_e4m3_sat,value,ans_lane,256,36,4718592,3823528,18432,684,3842644,3820409.566655148,3820409.566655148
12,fp8_e4m3_sat,value,ans_lane,64,72,4718592,3822828,36864,1368,3861060,3819539.1530832686,3819539.1530832686
12,fp8_e4m3_sat,value,ans_lane_shared,16,288,4718592,3827392,0,5472,3832864,3815332.481211416,3815332.481211416
12,fp8_e4m3_sat,value,ans_lane_shared,256,36,4718592,3826436,0,684,3827120,3820409.566655148,3820409.566655148
12,fp8_e4m3_sat,value,ans_lane_shared,64,72,4718592,3826580,0,1368,3827948,3819539.1530832686,3819539.1530832686
12,fp8_e4m3_sat,value,zstd,64,72,4718592,3832649,0,1368,3834017,3819539.1530832686,3819539.1530832686
13,bf16,key,ans_lane,16,576,18874368,12857312,589824,15552,13462688,12840219.344765386,14896129.711058907
13,bf16,key,ans_lane,256,36,18874368,12867520,36864,972,12905356,12854937.570676507,14909665.849600086
13,bf16,key,ans_lane,64,144,18874368,12865168,147456,3888,13016512,12851657.786340376,14906655.240492184
13,bf16,key,ans_lane_shared,16,576,18874368,12875776,0,15552,12891328,12840219.344765386,14896129.711058907
13,bf16,key,ans_lane_shared,256,36,18874368,12871296,0,972,12872268,12854937.570676507,14909665.849600086
13,bf16,key,ans_lane_shared,64,144,18874368,12872196,0,3888,12876084,12851657.786340376,14906655.240492184
13,bf16,key,ans_raw,64,144,18874368,14907408,73728,2736,14983872,12851657.786340376,14906655.240492184
13,bf16,key,zstd,64,144,18874368,14944227,0,2736,14946963,12851657.786340376,14906655.240492184
13,bf16,value,ans_lane,16,576,18874368,12646432,589824,15552,13251808,12629206.74555732,14723200.911817761
13,bf16,value,ans_lane,256,36,18874368,12658596,36864,972,12696432,12645955.674781183,14738586.791219112
13,bf16,value,ans_lane,64,144,18874368,12655352,147456,3888,12806696,12641765.468961509,14734775.70881283
13,bf16,value,ans_lane_shared,16,576,18874368,12667852,0,15552,12683404,12629206.74555732,14723200.911817761
13,bf16,value,ans_lane_shared,256,36,18874368,12663380,0,972,12664352,12645955.674781183,14738586.791219112
13,bf16,value,ans_lane_shared,64,144,18874368,12664264,0,3888,12668152,12641765.468961509,14734775.70881283
13,bf16,value,ans_raw,64,144,18874368,14735536,73728,2736,14812000,12641765.468961509,14734775.70881283
13,bf16,value,zstd,64,144,18874368,14698193,0,2736,14700929,12641765.468961509,14734775.70881283
13,fp8_e4m3_sat,key,ans_lane,16,576,9437184,8022652,294912,10944,8328508,8016384.618992767,8016384.618992767
13,fp8_e4m3_sat,key,ans_lane,256,36,9437184,8031392,18432,684,8050508,8027398.762939595,8027398.762939595
13,fp8_e4m3_sat,key,ans_lane,64,144,9437184,8029116,73728,2736,8105580,8024651.510720534,8024651.510720534
13,fp8_e4m3_sat,key,ans_lane_shared,16,576,9437184,8038396,0,10944,8049340,8016384.618992767,8016384.618992767
13,fp8_e4m3_sat,key,ans_lane_shared,256,36,9437184,8036240,0,684,8036924,8027398.762939595,8027398.762939595
13,fp8_e4m3_sat,key,ans_lane_shared,64,144,9437184,8036668,0,2736,8039404,8024651.510720534,8024651.510720534
13,fp8_e4m3_sat,key,zstd,64,144,9437184,8043559,0,2736,8046295,8024651.510720534,8024651.510720534
13,fp8_e4m3_sat,value,ans_lane,16,576,9437184,7635264,294912,10944,7941120,7626773.9569666,7626773.9569666
13,fp8_e4m3_sat,value,ans_lane,256,36,9437184,7644628,18432,684,7663744,7638600.10629027,7638600.10629027
13,fp8_e4m3_sat,value,ans_lane,64,144,9437184,7641672,73728,2736,7718136,7635110.598025992,7635110.598025992
13,fp8_e4m3_sat,value,ans_lane_shared,16,576,9437184,7652188,0,10944,7663132,7626773.9569666,7626773.9569666
13,fp8_e4m3_sat,value,ans_lane_shared,256,36,9437184,7650032,0,684,7650716,7638600.10629027,7638600.10629027
13,fp8_e4m3_sat,value,ans_lane_shared,64,144,9437184,7650468,0,2736,7653204,7635110.598025992,7635110.598025992
13,fp8_e4m3_sat,value,zstd,64,144,9437184,7643345,0,2736,7646081,7635110.598025992,7635110.598025992
14,bf16,key,ans_lane,16,2592,84934656,57779768,2654208,69984,60503960,57702794.45289978,66961877.41858115
14,bf16,key,ans_lane,256,180,84934656,57823080,184320,4860,58012260,57766287.16119583,67020155.06275032
14,bf16,key,ans_lane,64,648,84934656,57814072,663552,17496,58495120,57753202.024059534,67008220.64934533
14,bf16,key,ans_lane_shared,16,2592,84934656,57858896,0,69984,57928880,57702794.45289978,66961877.41858115
14,bf16,key,ans_lane_shared,256,180,84934656,57839056,0,4860,57843916,57766287.16119583,67020155.06275032
14,bf16,key,ans_lane_shared,64,648,84934656,57842920,0,17496,57860416,57753202.024059534,67008220.64934533
14,bf16,key,ans_raw,64,648,84934656,67011600,331776,12312,67355688,57753202.024059534,67008220.64934533
14,bf16,key,zstd,64,648,84934656,67059085,0,12312,67071397,57753202.024059534,67008220.64934533
14,bf16,value,ans_lane,16,2592,84934656,56929240,2654208,69984,59653432,56851774.61626734,66272340.80790274
14,bf16,value,ans_lane,256,180,84934656,56979984,184320,4860,57169164,56922903.33459067,66337735.67693989
14,bf16,value,ans_lane,64,648,84934656,56968496,663552,17496,57649544,56907312.14939169,66323513.22260834
14,bf16,value,ans_lane_shared,16,2592,84934656,57024824,0,69984,57094808,56851774.61626734,66272340.80790274
14,bf16,value,ans_lane_shared,256,180,84934656,57004876,0,4860,57009736,56922903.33459067,66337735.67693989
14,bf16,value,ans_lane_shared,64,648,84934656,57008704,0,17496,57026200,56907312.14939169,66323513.22260834
14,bf16,value,ans_raw,64,648,84934656,66326928,331776,12312,66671016,56907312.14939169,66323513.22260834
14,bf16,value,zstd,64,648,84934656,66034494,0,12312,66046806,56907312.14939169,66323513.22260834
14,fp8_e4m3_sat,key,ans_lane,16,2592,42467328,36015268,1327104,49248,37391620,35986610.47919532,35986610.47919532
14,fp8_e4m3_sat,key,ans_lane,256,180,42467328,36051496,92160,3420,36147076,36033406.141857676,36033406.141857676
14,fp8_e4m3_sat,key,ans_lane,64,648,42467328,36043028,331776,12312,36387116,36022771.3105659,36022771.3105659
14,fp8_e4m3_sat,key,ans_lane_shared,16,2592,42467328,36085964,0,49248,36135212,35986610.47919532,35986610.47919532
14,fp8_e4m3_sat,key,ans_lane_shared,256,180,42467328,36076252,0,3420,36079672,36033406.141857676,36033406.141857676
14,fp8_e4m3_sat,key,ans_lane_shared,64,648,42467328,36078156,0,12312,36090468,36022771.3105659,36022771.3105659
14,fp8_e4m3_sat,key,zstd,64,648,42467328,36072805,0,12312,36085117,36022771.3105659,36022771.3105659
14,fp8_e4m3_sat,value,ans_lane,16,2592,42467328,34355528,1327104,49248,35731880,34317624.55540975,34317624.55540975
14,fp8_e4m3_sat,value,ans_lane,256,180,42467328,34391992,92160,3420,34487572,34364712.24731243,34364712.24731243
14,fp8_e4m3_sat,value,ans_lane,64,648,42467328,34382668,331776,12312,34726756,34353158.808033854,34353158.808033854
14,fp8_e4m3_sat,value,ans_lane_shared,16,2592,42467328,34429896,0,49248,34479144,34317624.55540975,34317624.55540975
14,fp8_e4m3_sat,value,ans_lane_shared,256,180,42467328,34420144,0,3420,34423564,34364712.24731243,34364712.24731243
14,fp8_e4m3_sat,value,ans_lane_shared,64,648,42467328,34422076,0,12312,34434388,34353158.808033854,34353158.808033854
14,fp8_e4m3_sat,value,zstd,64,648,42467328,34335705,0,12312,34348017,34353158.808033854,34353158.808033854
15,bf16,key,ans_lane,16,2592,84934656,57791872,2654208,69984,60516064,57714895.37781815,66970687.016483545
15,bf16,key,ans_lane,256,180,84934656,57836340,184320,4860,58025520,57779601.92800302,67030121.45117139
15,bf16,key,ans_lane,64,648,84934656,57826892,663552,17496,58507940,57766035.31147577,67017764.37829136
15,bf16,key,ans_lane_shared,16,2592,84934656,57872032,0,69984,57942016,57714895.37781815,66970687.016483545
15,bf16,key,ans_lane_shared,256,180,84934656,57852184,0,4860,57857044,57779601.92800302,67030121.45117139
15,bf16,key,ans_lane_shared,64,648,84934656,57856116,0,17496,57873612,57766035.31147577,67017764.37829136
15,bf16,key,ans_raw,64,648,84934656,67021156,331776,12312,67365244,57766035.31147577,67017764.37829136
15,bf16,key,zstd,64,648,84934656,67057671,0,12312,67069983,57766035.31147577,67017764.37829136
15,bf16,value,ans_lane,16,2592,84934656,56937944,2654208,69984,59662136,56860600.18253144,66280413.74582316
15,bf16,value,ans_lane,256,180,84934656,56991296,184320,4860,57180476,56934256.07762529,66347850.23041567
15,bf16,value,ans_lane,64,648,84934656,56979476,663552,17496,57660524,56918234.86341846,66333306.67497309
15,bf16,value,ans_lane_shared,16,2592,84934656,57031568,0,69984,57101552,56860600.18253144,66280413.74582316
15,bf16,value,ans_lane_shared,256,180,84934656,57011764,0,4860,57016624,56934256.07762529,66347850.23041567
15,bf16,value,ans_lane_shared,64,648,84934656,57015640,0,17496,57033136,56918234.86341846,66333306.67497309
15,bf16,value,ans_raw,64,648,84934656,66336716,331776,12312,66680804,56918234.86341846,66333306.67497309
15,bf16,value,zstd,64,648,84934656,66018331,0,12312,66030643,56918234.86341846,66333306.67497309
15,fp8_e4m3_sat,key,ans_lane,16,2592,42467328,36037124,1327104,49248,37413476,36008484.321756296,36008484.321756296
15,fp8_e4m3_sat,key,ans_lane,256,180,42467328,36074924,92160,3420,36170504,36056856.35759828,36056856.35759828
15,fp8_e4m3_sat,key,ans_lane,64,648,42467328,36065884,331776,12312,36409972,36045640.95959316,36045640.95959316
15,fp8_e4m3_sat,key,ans_lane_shared,16,2592,42467328,36110672,0,49248,36159920,36008484.321756296,36008484.321756296
15,fp8_e4m3_sat,key,ans_lane_shared,256,180,42467328,36101172,0,3420,36104592,36056856.35759828,36056856.35759828
15,fp8_e4m3_sat,key,ans_lane_shared,64,648,42467328,36103008,0,12312,36115320,36045640.95959316,36045640.95959316
15,fp8_e4m3_sat,key,zstd,64,648,42467328,36086555,0,12312,36098867,36045640.95959316,36045640.95959316
15,fp8_e4m3_sat,value,ans_lane,16,2592,42467328,34365128,1327104,49248,35741480,34327158.64062557,34327158.64062557
15,fp8_e4m3_sat,value,ans_lane,256,180,42467328,34404628,92160,3420,34500208,34377469.147348985,34377469.147348985
15,fp8_e4m3_sat,value,ans_lane,64,648,42467328,34394992,331776,12312,34739080,34365424.360869154,34365424.360869154
15,fp8_e4m3_sat,value,ans_lane_shared,16,2592,42467328,34436680,0,49248,34485928,34327158.64062557,34327158.64062557
15,fp8_e4m3_sat,value,ans_lane_shared,256,180,42467328,34427028,0,3420,34430448,34377469.147348985,34377469.147348985
15,fp8_e4m3_sat,value,ans_lane_shared,64,648,42467328,34428860,0,12312,34441172,34365424.360869154,34365424.360869154
15,fp8_e4m3_sat,value,zstd,64,648,42467328,34340039,0,12312,34352351,34365424.360869154,34365424.360869154
16,bf16,key,ans_lane,16,432,14155776,9634044,442368,11664,10088076,9621151.405422196,11163925.182086913
16,bf16,key,ans_lane,256,36,14155776,9641648,36864,972,9679484,9632136.867396168,11173975.175521731
16,bf16,key,ans_lane,64,108,14155776,9640028,110592,2916,9753536,9629879.945201445,11171941.353630124
16,bf16,key,ans_lane_shared,16,432,14155776,9647904,0,11664,9659568,9621151.405422196,11163925.182086913
16,bf16,key,ans_lane_shared,256,36,14155776,9644620,0,972,9645592,9632136.867396168,11173975.175521731
16,bf16,key,ans_lane_shared,64,108,14155776,9645192,0,2916,9648108,9629879.945201445,11171941.353630124
16,bf16,key,ans_raw,64,108,14155776,11172520,55296,2052,11229868,9629879.945201445,11171941.353630124
16,bf16,key,zstd,64,108,14155776,11191051,0,2052,11193103,9629879.945201445,11171941.353630124
16,bf16,value,ans_lane,16,432,14155776,9485876,442368,11664,9939908,9473002.20435198,11042814.083706094
16,bf16,value,ans_lane,256,36,14155776,9495972,36864,972,9533808,9486396.897123402,11055104.861347353
16,bf16,value,ans_lane,64,108,14155776,9492988,110592,2916,9606496,9482775.05163511,11051807.613787018
16,bf16,value,ans_lane_shared,16,432,14155776,9501932,0,11664,9513596,9473002.20435198,11042814.083706094
16,bf16,value,ans_lane_shared,256,36,14155776,9498684,0,972,9499656,9486396.897123402,11055104.861347353
16,bf16,value,ans_lane_shared,64,108,14155776,9499280,0,2916,9502196,9482775.05163511,11051807.613787018
16,bf16,value,ans_raw,64,108,14155776,11052368,55296,2052,11109716,9482775.05163511,11051807.613787018
16,bf16,value,zstd,64,108,14155776,11020230,0,2052,11022282,9482775.05163511,11051807.613787018
16,fp8_e4m3_sat,key,ans_lane,16,432,7077888,6013660,221184,8208,6243052,6008895.353338295,6008895.353338295
16,fp8_e4m3_sat,key,ans_lane,256,36,7077888,6020704,18432,684,6039820,6017676.90530027,6017676.90530027
16,fp8_e4m3_sat,key,ans_lane,64,108,7077888,6018932,55296,2052,6076280,6015562.384743721,6015562.384743721
16,fp8_e4m3_sat,key,ans_lane_shared,16,432,7077888,6026232,0,8208,6034440,6008895.353338295,6008895.353338295
16,fp8_e4m3_sat,key,ans_lane_shared,256,36,7077888,6024644,0,684,6025328,6017676.90530027,6017676.90530027
16,fp8_e4m3_sat,key,ans_lane_shared,64,108,7077888,6024940,0,2052,6026992,6015562.384743721,6015562.384743721
16,fp8_e4m3_sat,key,zstd,64,108,7077888,6030442,0,2052,6032494,6015562.384743721,6015562.384743721
16,fp8_e4m3_sat,value,ans_lane,16,432,7077888,5727440,221184,8208,5956832,5721115.532713412,5721115.532713412
16,fp8_e4m3_sat,value,ans_lane,256,36,7077888,5735732,18432,684,5754848,5731159.092653671,5731159.092653671
16,fp8_e4m3_sat,value,ans_lane,64,108,7077888,5732660,55296,2052,5790008,5727730.622426627,5727730.622426627
16,fp8_e4m3_sat,value,ans_lane_shared,16,432,7077888,5740172,0,8208,5748380,5721115.532713412,5721115.532713412
16,fp8_e4m3_sat,value,ans_lane_shared,256,36,7077888,5738548,0,684,5739232,5731159.092653671,5731159.092653671
16,fp8_e4m3_sat,value,ans_lane_shared,64,108,7077888,5738860,0,2052,5740912,5727730.622426627,5727730.622426627
16,fp8_e4m3_sat,value,zstd,64,108,7077888,5733402,0,2052,5735454,5727730.622426627,5727730.622426627
17,bf16,key,ans_lane,16,432,14155776,9650792,442368,11664,10104824,9637969.087384509,11179175.225942343
17,bf16,key,ans_lane,256,36,14155776,9658328,36864,972,9696164,9648795.300710203,11189128.483614374
17,bf16,key,ans_lane,64,108,14155776,9656832,110592,2916,9770340,9646701.383015845,11187214.738303794
17,bf16,key,ans_lane_shared,16,432,14155776,9665388,0,11664,9677052,9637969.087384509,11179175.225942343
17,bf16,key,ans_lane_shared,256,36,14155776,9662116,0,972,9663088,9648795.300710203,11189128.483614374
17,bf16,key,ans_lane_shared,64,108,14155776,9662692,0,2916,9665608,9646701.383015845,11187214.738303794
17,bf16,key,ans_raw,64,108,14155776,11187780,55296,2052,11245128,9646701.383015845,11187214.738303794
17,bf16,key,zstd,64,108,14155776,11207993,0,2052,11210045,9646701.383015845,11187214.738303794
17,bf16,value,ans_lane,16,432,14155776,9488324,442368,11664,9942356,9475397.808410542,11045368.60617906
17,bf16,value,ans_lane,256,36,14155776,9497124,36864,972,9534960,9487558.911983822,11056542.031557325
17,bf16,value,ans_lane,64,108,14155776,9495484,110592,2916,9608992,9485277.153032696,11054450.110127322
17,bf16,value,ans_lane_shared,16,432,14155776,9504556,0,11664,9516220,9475397.808410542,11045368.60617906
17,bf16,value,ans_lane_shared,256,36,14155776,9501224,0,972,9502196,9487558.911983822,11056542.031557325
17,bf16,value,ans_lane_shared,64,108,14155776,9501816,0,2916,9504732,9485277.153032696,11054450.110127322
17,bf16,value,ans_raw,64,108,14155776,11054992,55296,2052,11112340,9485277.153032696,11054450.110127322
17,bf16,value,zstd,64,108,14155776,11029311,0,2052,11031363,9485277.153032696,11054450.110127322
17,fp8_e4m3_sat,key,ans_lane,16,432,7077888,6028284,221184,8208,6257676,6023530.452125785,6023530.452125785
17,fp8_e4m3_sat,key,ans_lane,256,36,7077888,6034772,18432,684,6053888,6031759.996819087,6031759.996819087
17,fp8_e4m3_sat,key,ans_lane,64,108,7077888,6033416,55296,2052,6090764,6030077.765030116,6030077.765030116
17,fp8_e4m3_sat,key,ans_lane_shared,16,432,7077888,6041128,0,8208,6049336,6023530.452125785,6023530.452125785
17,fp8_e4m3_sat,key,ans_lane_shared,256,36,7077888,6039540,0,684,6040224,6031759.996819087,6031759.996819087
17,fp8_e4m3_sat,key,ans_lane_shared,64,108,7077888,6039808,0,2052,6041860,6030077.765030116,6030077.765030116
17,fp8_e4m3_sat,key,zstd,64,108,7077888,6046727,0,2052,6048779,6030077.765030116,6030077.765030116
17,fp8_e4m3_sat,value,ans_lane,16,432,7077888,5729752,221184,8208,5959144,5723431.6675667325,5723431.6675667325
17,fp8_e4m3_sat,value,ans_lane,256,36,7077888,5736400,18432,684,5755516,5731849.013940593,5731849.013940593
17,fp8_e4m3_sat,value,ans_lane,64,108,7077888,5735104,55296,2052,5792452,5730201.269904696,5730201.269904696
17,fp8_e4m3_sat,value,ans_lane_shared,16,432,7077888,5742472,0,8208,5750680,5723431.6675667325,5723431.6675667325
17,fp8_e4m3_sat,value,ans_lane_shared,256,36,7077888,5740884,0,684,5741568,5731849.013940593,5731849.013940593
17,fp8_e4m3_sat,value,ans_lane_shared,64,108,7077888,5741168,0,2052,5743220,5730201.269904696,5730201.269904696
17,fp8_e4m3_sat,value,zstd,64,108,7077888,5738603,0,2052,5740655,5730201.269904696,5730201.269904696
18,bf16,key,ans_lane,16,2736,89653248,61015096,2801664,73872,63890632,60933700.79271364,70701798.4058632
18,bf16,key,ans_lane,256,180,89653248,61061248,184320,4860,61250428,61001389.388300866,70763859.89267431
18,bf16,key,ans_lane,64,684,89653248,61051156,700416,18468,61770040,60986962.766140915,70750766.15274902
18,bf16,key,ans_lane_shared,16,2736,89653248,61097632,0,73872,61171504,60933700.79271364,70701798.4058632
18,bf16,key,ans_lane_shared,256,180,89653248,61076424,0,4860,61081284,61001389.388300866,70763859.89267431
18,bf16,key,ans_lane_shared,64,684,89653248,61080608,0,18468,61099076,60986962.766140915,70750766.15274902
18,bf16,key,ans_raw,64,684,89653248,70754328,350208,12996,71117532,60986962.766140915,70750766.15274902
18,bf16,key,zstd,64,684,89653248,70780630,0,12996,70793626,60986962.766140915,70750766.15274902
18,bf16,value,ans_lane,16,2736,89653248,60100936,2801664,73872,62976472,60018931.27327713,69964280.17668067
18,bf16,value,ans_lane,256,180,89653248,60154936,184320,4860,60344116,60094839.348791376,70034023.60077354
18,bf16,value,ans_lane,64,684,89653248,60141832,700416,18468,60860716,60077253.04605885,70018008.20502982
18,bf16,value,ans_lane_shared,16,2736,89653248,60198664,0,73872,60272536,60018931.27327713,69964280.17668067
18,bf16,value,ans_lane_shared,256,180,89653248,60177628,0,4860,60182488,60094839.348791376,70034023.60077354
18,bf16,value,ans_lane_shared,64,684,89653248,60181860,0,18468,60200328,60077253.04605885,70018008.20502982
18,bf16,value,ans_raw,64,684,89653248,70021552,350208,12996,70384756,60077253.04605885,70018008.20502982
18,bf16,value,zstd,64,684,89653248,69639562,0,12996,69652558,60077253.04605885,70018008.20502982
18,fp8_e4m3_sat,key,ans_lane,16,2736,44826624,38057628,1400832,51984,39510444,38027689.70147421,38027689.70147421
18,fp8_e4m3_sat,key,ans_lane,256,180,44826624,38096344,92160,3420,38191924,38077296.8763511,38077296.8763511
18,fp8_e4m3_sat,key,ans_lane,64,684,44826624,38086904,350208,12996,38450108,38065526.077086985,38065526.077086985
18,fp8_e4m3_sat,key,ans_lane_shared,16,2736,44826624,38132476,0,51984,38184460,38027689.70147421,38027689.70147421
18,fp8_e4m3_sat,key,ans_lane_shared,256,180,44826624,38122108,0,3420,38125528,38077296.8763511,38077296.8763511
18,fp8_e4m3_sat,key,ans_lane_shared,64,684,44826624,38124096,0,12996,38137092,38065526.077086985,38065526.077086985
18,fp8_e4m3_sat,key,zstd,64,684,44826624,38097961,0,12996,38110957,38065526.077086985,38065526.077086985
18,fp8_e4m3_sat,value,ans_lane,16,2736,44826624,36278108,1400832,51984,37730924,36238106.86984002,36238106.86984002
18,fp8_e4m3_sat,value,ans_lane,256,180,44826624,36317512,92160,3420,36413092,36288818.90462788,36288818.90462788
18,fp8_e4m3_sat,value,ans_lane,64,684,44826624,36306472,350208,12996,36669676,36275344.76179106,36275344.76179106
18,fp8_e4m3_sat,value,ans_lane_shared,16,2736,44826624,36353160,0,51984,36405144,36238106.86984002,36238106.86984002
18,fp8_e4m3_sat,value,ans_lane_shared,256,180,44826624,36342892,0,3420,36346312,36288818.90462788,36288818.90462788
18,fp8_e4m3_sat,value,ans_lane_shared,64,684,44826624,36344936,0,12996,36357932,36275344.76179106,36275344.76179106
18,fp8_e4m3_sat,value,zstd,64,684,44826624,36224201,0,12996,36237197,36275344.76179106,36275344.76179106
19,bf16,key,ans_lane,16,2880,94371840,64206388,2949120,77760,67233268,64120663.82323033,74404359.3676009
19,bf16,key,ans_lane,256,180,94371840,64255392,184320,4860,64444572,64192486.151908286,74470320.01461603
19,bf16,key,ans_lane,64,720,94371840,64243996,737280,19440,65000716,64176457.54195646,74455695.91457152
19,bf16,key,ans_lane_shared,16,2880,94371840,64292748,0,77760,64370508,64120663.82323033,74404359.3676009
19,bf16,key,ans_lane_shared,256,180,94371840,64270424,0,4860,64275284,64192486.151908286,74470320.01461603
19,bf16,key,ans_lane_shared,64,720,94371840,64274936,0,19440,64294376,64176457.54195646,74455695.91457152
19,bf16,key,ans_raw,64,720,94371840,74459476,368640,13680,74841796,64176457.54195646,74455695.91457152
19,bf16,key,zstd,64,720,94371840,74507436,0,13680,74521116,64176457.54195646,74455695.91457152
19,bf16,value,ans_lane,16,2880,94371840,63266408,2949120,77760,66293288,63180485.551197864,73646948.38292116
19,bf16,value,ans_lane,256,180,94371840,63321896,184320,4860,63511076,63258651.59292627,73718837.45510374
19,bf16,value,ans_lane,64,720,94371840,63309180,737280,19440,64065900,63241189.83796757,73702894.86502105
19,bf16,value,ans_lane_shared,16,2880,94371840,63365808,0,77760,63443568,63180485.551197864,73646948.38292116
19,bf16,value,ans_lane_shared,256,180,94371840,63343476,0,4860,63348336,63258651.59292627,73718837.45510374
19,bf16,value,ans_lane_shared,64,720,94371840,63347896,0,19440,63367336,63241189.83796757,73702894.86502105
19,bf16,value,ans_raw,64,720,94371840,73706640,368640,13680,74088960,63241189.83796757,73702894.86502105
19,bf16,value,zstd,64,720,94371840,73341438,0,13680,73355118,63241189.83796757,73702894.86502105
19,fp8_e4m3_sat,key,ans_lane,16,2880,47185920,40047164,1474560,54720,41576444,40015467.59145057,40015467.59145057
19,fp8_e4m3_sat,key,ans_lane,256,180,47185920,40088300,92160,3420,40183880,40068247.65382496,40068247.65382496
19,fp8_e4m3_sat,key,ans_lane,64,720,47185920,40077436,368640,13680,40459756,40054879.26481816,40054879.26481816
19,fp8_e4m3_sat,key,ans_lane_shared,16,2880,47185920,40124828,0,54720,40179548,40015467.59145057,40015467.59145057
19,fp8_e4m3_sat,key,ans_lane_shared,256,180,47185920,40114120,0,3420,40117540,40068247.65382496,40068247.65382496
19,fp8_e4m3_sat,key,ans_lane_shared,64,720,47185920,40116212,0,13680,40129892,40054879.26481816,40054879.26481816
19,fp8_e4m3_sat,key,zstd,64,720,47185920,40107548,0,13680,40121228,40054879.26481816,40054879.26481816
19,fp8_e4m3_sat,value,ans_lane,16,2880,47185920,38192452,1474560,54720,39721732,38150375.4041548,38150375.4041548
19,fp8_e4m3_sat,value,ans_lane,256,180,47185920,38231204,92160,3420,38326784,38200948.91504616,38200948.91504616
19,fp8_e4m3_sat,value,ans_lane,64,720,47185920,38221148,368640,13680,38603468,38188288.48751567,38188288.48751567
19,fp8_e4m3_sat,value,ans_lane_shared,16,2880,47185920,38266044,0,54720,38320764,38150375.4041548,38150375.4041548
19,fp8_e4m3_sat,value,ans_lane_shared,256,180,47185920,38255232,0,3420,38258652,38200948.91504616,38200948.91504616
19,fp8_e4m3_sat,value,ans_lane_shared,64,720,47185920,38257384,0,13680,38271064,38188288.48751567,38188288.48751567
19,fp8_e4m3_sat,value,zstd,64,720,47185920,38158566,0,13680,38172246,38188288.48751567,38188288.48751567
2,bf16,key,ans_lane,16,288,9437184,6426800,294912,7776,6729488,6418246.984043739,7446603.5034375265
2,bf16,key,ans_lane,256,36,9437184,6431408,36864,972,6469244,6424967.626254126,7452766.246058425
2,bf16,key,ans_lane,64,72,9437184,6430672,73728,1944,6506344,6423935.690149649,7451819.879814356
2,bf16,key,ans_lane_shared,16,288,9437184,6436128,0,7776,6443904,6418246.984043739,7446603.5034375265
2,bf16,key,ans_lane_shared,256,36,9437184,6434072,0,972,6435044,6424967.626254126,7452766.246058425
2,bf16,key,ans_lane_shared,64,72,9437184,6434392,0,1944,6436336,6423935.690149649,7451819.879814356
2,bf16,key,ans_raw,64,72,9437184,7452208,36864,1368,7490440,6423935.690149649,7451819.879814356
2,bf16,key,zstd,64,72,9437184,7465664,0,1368,7467032,6423935.690149649,7451819.879814356
2,bf16,value,ans_lane,16,288,9437184,6316748,294912,7776,6619436,6308143.482387389,7355516.053781275
2,bf16,value,ans_lane,256,36,9437184,6322408,36864,972,6360244,6315891.162563953,7362629.83178156
2,bf16,value,ans_lane,64,72,9437184,6321716,73728,1944,6397388,6314904.091602059,7361728.147170247
2,bf16,value,ans_lane_shared,16,288,9437184,6333036,0,7776,6340812,6308143.482387389,7355516.053781275
2,bf16,value,ans_lane_shared,256,36,9437184,6331000,0,972,6331972,6315891.162563953,7362629.83178156
2,bf16,value,ans_lane_shared,64,72,9437184,6331284,0,1944,6333228,6314904.091602059,7361728.147170247
2,bf16,value,ans_raw,64,72,9437184,7362120,36864,1368,7400352,6314904.091602059,7361728.147170247
2,bf16,value,zstd,64,72,9437184,7342304,0,1368,7343672,6314904.091602059,7361728.147170247
2,fp8_e4m3_sat,key,ans_lane,16,288,4718592,4007672,147456,5472,4160600,4004514.9802719518,4004514.9802719518
2,fp8_e4m3_sat,key,ans_lane,256,36,4718592,4011592,18432,684,4030708,4009525.2475905917,4009525.2475905917
2,fp8_e4m3_sat,key,ans_lane,64,72,4718592,4010896,36864,1368,4049128,4008672.5633642,4008672.5633642
2,fp8_e4m3_sat,key,ans_lane_shared,16,288,4718592,4015332,0,5472,4020804,4004514.9802719518,4004514.9802719518
2,fp8_e4m3_sat,key,ans_lane_shared,256,36,4718592,4014340,0,684,4015024,4009525.2475905917,4009525.2475905917
2,fp8_e4m3_sat,key,ans_lane_shared,64,72,4718592,4014496,0,1368,4015864,4008672.5633642,4008672.5633642
2,fp8_e4m3_sat,key,zstd,64,72,4718592,4018714,0,1368,4020082,4008672.5633642,4008672.5633642
2,fp8_e4m3_sat,value,ans_lane,16,288,4718592,3812220,147456,5472,3965148,3808006.742507166,3808006.742507166
2,fp8_e4m3_sat,value,ans_lane,256,36,4718592,3816512,18432,684,3835628,3813411.6330539812,3813411.6330539812
2,fp8_e4m3_sat,value,ans_lane,64,72,4718592,3816108,36864,1368,3854340,3812809.444452878,3812809.444452878
2,fp8_e4m3_sat,value,ans_lane_shared,16,288,4718592,3821372,0,5472,3826844,3808006.742507166,3808006.742507166
2,fp8_e4m3_sat,value,ans_lane_shared,256,36,4718592,3820364,0,684,3821048,3813411.6330539812,3813411.6330539812
2,fp8_e4m3_sat,value,ans_lane_shared,64,72,4718592,3820524,0,1368,3821892,3812809.444452878,3812809.444452878
2,fp8_e4m3_sat,value,zstd,64,72,4718592,3817740,0,1368,3819108,3812809.444452878,3812809.444452878
20,bf16,key,ans_lane,16,2880,94371840,64244988,2949120,77760,67271868,64159250.32374227,74435957.3734599
20,bf16,key,ans_lane,256,180,94371840,64294028,184320,4860,64483208,64231049.94674561,74501951.51964231
20,bf16,key,ans_lane,64,720,94371840,64283468,737280,19440,65040188,64215838.55971976,74488059.4556359
20,bf16,key,ans_lane_shared,16,2880,94371840,64332392,0,77760,64410152,64159250.32374227,74435957.3734599
20,bf16,key,ans_lane_shared,256,180,94371840,64310056,0,4860,64314916,64231049.94674561,74501951.51964231
20,bf16,key,ans_lane_shared,64,720,94371840,64314528,0,19440,64333968,64215838.55971976,74488059.4556359
20,bf16,key,ans_raw,64,720,94371840,74491892,368640,13680,74874212,64215838.55971976,74488059.4556359
20,bf16,key,zstd,64,720,94371840,74537314,0,13680,74550994,64215838.55971976,74488059.4556359
20,bf16,value,ans_lane,16,2880,94371840,63266676,2949120,77760,66293556,63180578.414273635,73645977.10612991
20,bf16,value,ans_lane,256,180,94371840,63321048,184320,4860,63510228,63257827.21942836,73716980.3131441
20,bf16,value,ans_lane,64,720,94371840,63308000,737280,19440,64064720,63240011.37978859,73700780.34684753
20,bf16,value,ans_lane_shared,16,2880,94371840,63368976,0,77760,63446736,63180578.414273635,73645977.10612991
20,bf16,value,ans_lane_shared,256,180,94371840,63346844,0,4860,63351704,63257827.21942836,73716980.3131441
20,bf16,value,ans_lane_shared,64,720,94371840,63351300,0,19440,63370740,63240011.37978859,73700780.34684753
20,bf16,value,ans_raw,64,720,94371840,73704504,368640,13680,74086824,63240011.37978859,73700780.34684753
20,bf16,value,zstd,64,720,94371840,73361229,0,13680,73374909,63240011.37978859,73700780.34684753
20,fp8_e4m3_sat,key,ans_lane,16,2880,47185920,40095108,1474560,54720,41624388,40063491.54636357,40063491.54636357
20,fp8_e4m3_sat,key,ans_lane,256,180,47185920,40135980,92160,3420,40231560,40116026.313842036,40116026.313842036
20,fp8_e4m3_sat,key,ans_lane,64,720,47185920,40126184,368640,13680,40508504,40103788.26138912,40103788.26138912
20,fp8_e4m3_sat,key,ans_lane_shared,16,2880,47185920,40176204,0,54720,40230924,40063491.54636357,40063491.54636357
20,fp8_e4m3_sat,key,ans_lane_shared,256,180,47185920,40165488,0,3420,40168908,40116026.313842036,40116026.313842036
20,fp8_e4m3_sat,key,ans_lane_shared,64,720,47185920,40167596,0,13680,40181276,40103788.26138912,40103788.26138912
20,fp8_e4m3_sat,key,zstd,64,720,47185920,40156653,0,13680,40170333,40103788.26138912,40103788.26138912
20,fp8_e4m3_sat,value,ans_lane,16,2880,47185920,38193192,1474560,54720,39722472,38150946.99361854,38150946.99361854
20,fp8_e4m3_sat,value,ans_lane,256,180,47185920,38230808,92160,3420,38326388,38200524.1876365,38200524.1876365
20,fp8_e4m3_sat,value,ans_lane,64,720,47185920,38220356,368640,13680,38602676,38187482.57938619,38187482.57938619
20,fp8_e4m3_sat,value,ans_lane_shared,16,2880,47185920,38271424,0,54720,38326144,38150946.99361854,38150946.99361854
20,fp8_e4m3_sat,value,ans_lane_shared,256,180,47185920,38260588,0,3420,38264008,38200524.1876365,38200524.1876365
20,fp8_e4m3_sat,value,ans_lane_shared,64,720,47185920,38262744,0,13680,38276424,38187482.57938619,38187482.57938619
20,fp8_e4m3_sat,value,zstd,64,720,47185920,38167085,0,13680,38180765,38187482.57938619,38187482.57938619
21,bf16,key,ans_lane,16,3024,99090432,67431316,3096576,81648,70609540,67341306.78831506,78137314.3678193
21,bf16,key,ans_lane,256,216,99090432,67482336,221184,5832,67709352,67416006.30342232,78205996.37924907
21,bf16,key,ans_lane,64,756,99090432,67471340,774144,20412,68265896,67400317.96645546,78191650.24941061
21,bf16,key,ans_lane_shared,16,3024,99090432,67521824,0,81648,67603472,67341306.78831506,78137314.3678193
21,bf16,key,ans_lane_shared,256,216,99090432,67498716,0,5832,67504548,67416006.30342232,78205996.37924907
21,bf16,key,ans_lane_shared,64,756,99090432,67503164,0,20412,67523576,67400317.96645546,78191650.24941061
21,bf16,key,ans_raw,64,756,99090432,78195572,387072,14364,78597008,67400317.96645546,78191650.24941061
21,bf16,key,zstd,64,756,99090432,78233298,0,14364,78247662,67400317.96645546,78191650.24941061
21,bf16,value,ans_lane,16,3024,99090432,66432500,3096576,81648,69610724,66342120.50736949,77330607.71661249
21,bf16,value,ans_lane,256,216,99090432,66491048,221184,5832,66718064,66424371.41145508,77406290.45905735
21,bf16,value,ans_lane,64,756,99090432,66477240,774144,20412,67271796,66405829.13492852,77389334.85403833
21,bf16,value,ans_lane_shared,16,3024,99090432,66542676,0,81648,66624324,66342120.50736949,77330607.71661249
21,bf16,value,ans_lane_shared,256,216,99090432,66519488,0,5832,66525320,66424371.41145508,77406290.45905735
21,bf16,value,ans_lane_shared,64,756,99090432,66523920,0,20412,66544332,66405829.13492852,77389334.85403833
21,bf16,value,ans_raw,64,756,99090432,77393264,387072,14364,77794700,66405829.13492852,77389334.85403833
21,bf16,value,zstd,64,756,99090432,76990375,0,14364,77004739,66405829.13492852,77389334.85403833
21,fp8_e4m3_sat,key,ans_lane,16,3024,49545216,42070316,1548288,57456,43676060,42037056.939425595,42037056.939425595
21,fp8_e4m3_sat,key,ans_lane,256,216,49545216,42113132,110592,4104,42227828,42092036.98091381,42092036.98091381
21,fp8_e4m3_sat,key,ans_lane,64,756,49545216,42102616,387072,14364,42504052,42079052.83285195,42079052.83285195
21,fp8_e4m3_sat,key,ans_lane_shared,16,3024,49545216,42153420,0,57456,42210876,42037056.939425595,42037056.939425595
21,fp8_e4m3_sat,key,ans_lane_shared,256,216,49545216,42142232,0,4104,42146336,42092036.98091381,42092036.98091381
21,fp8_e4m3_sat,key,ans_lane_shared,64,756,49545216,42144396,0,14364,42158760,42079052.83285195,42079052.83285195
21,fp8_e4m3_sat,key,zstd,64,756,49545216,42119529,0,14364,42133893,42079052.83285195,42079052.83285195
21,fp8_e4m3_sat,value,ans_lane,16,3024,49545216,40112140,1548288,57456,41717884,40067879.44405377,40067879.44405377
21,fp8_e4m3_sat,value,ans_lane,256,216,49545216,40153692,110592,4104,40268388,40121801.34080118,40121801.34080118
21,fp8_e4m3_sat,value,ans_lane,64,756,49545216,40142136,387072,14364,40543572,40107683.50844608,40107683.50844608
21,fp8_e4m3_sat,value,ans_lane_shared,16,3024,49545216,40197360,0,57456,40254816,40067879.44405377,40067879.44405377
21,fp8_e4m3_sat,value,ans_lane_shared,256,216,49545216,40186040,0,4104,40190144,40121801.34080118,40121801.34080118
21,fp8_e4m3_sat,value,ans_lane_shared,64,756,49545216,40188156,0,14364,40202520,40107683.50844608,40107683.50844608
21,fp8_e4m3_sat,value,zstd,64,756,49545216,40053421,0,14364,40067785,40107683.50844608,40107683.50844608
22,bf16,key,ans_lane,16,720,23592960,16060920,737280,19440,16817640,16039611.060380576,18609639.073882062
22,bf16,key,ans_lane,256,72,23592960,16073188,73728,1944,16148860,16057237.224429367,18625810.35023379
22,bf16,key,ans_lane,64,180,23592960,16070652,184320,4860,16259832,16053761.824626187,18622672.99798853
22,bf16,key,ans_lane_shared,16,720,23592960,16082608,0,19440,16102048,16039611.060380576,18609639.073882062
22,bf16,key,ans_lane_shared,256,72,23592960,16077296,0,1944,16079240,16057237.224429367,18625810.35023379
22,bf16,key,ans_lane_shared,64,180,23592960,16078228,0,4860,16083088,16053761.824626187,18622672.99798853
22,bf16,key,ans_raw,64,180,23592960,18623648,92160,3420,18719228,16053761.824626187,18622672.99798853
22,bf16,key,zstd,64,180,23592960,18630484,0,3420,18633904,16053761.824626187,18622672.99798853
22,bf16,value,ans_lane,16,720,23592960,15815220,737280,19440,16571940,15793695.03525151,18411064.101951316
22,bf16,value,ans_lane,256,72,23592960,15830360,73728,1944,15906032,15814313.26880708,18429999.578451995
22,bf16,value,ans_lane,64,180,23592960,15825340,184320,4860,16014520,15808338.94852642,18424552.441907953
22,bf16,value,ans_lane_shared,16,720,23592960,15841888,0,19440,15861328,15793695.03525151,18411064.101951316
22,bf16,value,ans_lane_shared,256,72,23592960,15836516,0,1944,15838460,15814313.26880708,18429999.578451995
22,bf16,value,ans_lane_shared,64,180,23592960,15837408,0,4860,15842268,15808338.94852642,18424552.441907953
22,bf16,value,ans_raw,64,180,23592960,18425484,92160,3420,18521064,15808338.94852642,18424552.441907953
22,bf16,value,zstd,64,180,23592960,18327496,0,3420,18330916,15808338.94852642,18424552.441907953
22,fp8_e4m3_sat,key,ans_lane,16,720,11796480,10024032,368640,13680,10406352,10016108.610005438,10016108.610005438
22,fp8_e4m3_sat,key,ans_lane,256,72,11796480,10034688,36864,1368,10072920,10029568.700804327,10029568.700804327
22,fp8_e4m3_sat,key,ans_lane,64,180,11796480,10031748,92160,3420,10127328,10026110.523720998,10026110.523720998
22,fp8_e4m3_sat,key,ans_lane_shared,16,720,11796480,10043768,0,13680,10057448,10016108.610005438,10016108.610005438
22,fp8_e4m3_sat,key,ans_lane_shared,256,72,11796480,10041196,0,1368,10042564,10029568.700804327,10029568.700804327
22,fp8_e4m3_sat,key,ans_lane_shared,64,180,11796480,10041628,0,3420,10045048,10026110.523720998,10026110.523720998
22,fp8_e4m3_sat,key,zstd,64,180,11796480,10034312,0,3420,10037732,10026110.523720998,10026110.523720998
22,fp8_e4m3_sat,value,ans_lane,16,720,11796480,9549380,368640,13680,9931700,9538835.371836988,9538835.371836988
22,fp8_e4m3_sat,value,ans_lane,256,72,11796480,9561296,36864,1368,9599528,9553581.200757146,9553581.200757146
22,fp8_e4m3_sat,value,ans_lane,64,180,11796480,9556084,92160,3420,9651664,9547844.859856078,9547844.859856078
22,fp8_e4m3_sat,value,ans_lane_shared,16,720,11796480,9570436,0,13680,9584116,9538835.371836988,9538835.371836988
22,fp8_e4m3_sat,value,ans_lane_shared,256,72,11796480,9567868,0,1368,9569236,9553581.200757146,9553581.200757146
22,fp8_e4m3_sat,value,ans_lane_shared,64,180,11796480,9568344,0,3420,9571764,9547844.859856078,9547844.859856078
22,fp8_e4m3_sat,value,zstd,64,180,11796480,9530495,0,3420,9533915,9547844.859856078,9547844.859856078
23,bf16,key,ans_lane,16,3312,108527616,73871884,3391488,89424,77352796,73773450.84374045,85596274.89515068
23,bf16,key,ans_lane,256,216,108527616,73927768,221184,5832,74154784,73855291.69739024,85671465.20211025
23,bf16,key,ans_lane,64,828,108527616,73915720,847872,22356,74785948,73838008.3831737,85655728.36315323
23,bf16,key,ans_lane_shared,16,3312,108527616,73971280,0,89424,74060704,73773450.84374045,85596274.89515068
23,bf16,key,ans_lane_shared,256,216,108527616,73945760,0,5832,73951592,73855291.69739024,85671465.20211025
23,bf16,key,ans_lane_shared,64,828,108527616,73950768,0,22356,73973124,73838008.3831737,85655728.36315323
23,bf16,key,ans_raw,64,828,108527616,85659988,423936,15732,86099656,73838008.3831737,85655728.36315323
23,bf16,key,zstd,64,828,108527616,85667741,0,15732,85683473,73838008.3831737,85655728.36315323
23,bf16,value,ans_lane,16,3312,108527616,72771236,3391488,89424,76252148,72672283.68994403,84707111.79153211
23,bf16,value,ans_lane,256,216,108527616,72834656,221184,5832,73061672,72761919.07686844,84789436.48264548
23,bf16,value,ans_lane,64,828,108527616,72820188,847872,22356,73690416,72742110.79392117,84771405.66667506
23,bf16,value,ans_lane_shared,16,3312,108527616,72888596,0,89424,72978020,72672283.68994403,84707111.79153211
23,bf16,value,ans_lane_shared,256,216,108527616,72862992,0,5832,72868824,72761919.07686844,84789436.48264548
23,bf16,value,ans_lane_shared,64,828,108527616,72868048,0,22356,72890404,72742110.79392117,84771405.66667506
23,bf16,value,ans_raw,64,828,108527616,84775732,423936,15732,85215400,72742110.79392117,84771405.66667506
23,bf16,value,zstd,64,828,108527616,84269107,0,15732,84284839,72742110.79392117,84771405.66667506
23,fp8_e4m3_sat,key,ans_lane,16,3312,54263808,46090036,1695744,62928,47848708,46053826.341029145,46053826.341029145
23,fp8_e4m3_sat,key,ans_lane,256,216,54263808,46137000,110592,4104,46251696,46113972.794620454,46113972.794620454
23,fp8_e4m3_sat,key,ans_lane,64,828,54263808,46125648,423936,15732,46565316,46099843.71941197,46099843.71941197
23,fp8_e4m3_sat,key,ans_lane_shared,16,3312,54263808,46181260,0,62928,46244188,46053826.341029145,46053826.341029145
23,fp8_e4m3_sat,key,ans_lane_shared,256,216,54263808,46169024,0,4104,46173128,46113972.794620454,46113972.794620454
23,fp8_e4m3_sat,key,ans_lane_shared,64,828,54263808,46171436,0,15732,46187168,46099843.71941197,46099843.71941197
23,fp8_e4m3_sat,key,zstd,64,828,54263808,46122796,0,15732,46138528,46099843.71941197,46099843.71941197
23,fp8_e4m3_sat,value,ans_lane,16,3312,54263808,43925668,1695744,62928,45684340,43877426.05054536,43877426.05054536
23,fp8_e4m3_sat,value,ans_lane,256,216,54263808,43970376,110592,4104,44085072,43935807.317067415,43935807.317067415
23,fp8_e4m3_sat,value,ans_lane,64,828,54263808,43959072,423936,15732,44398740,43921564.7393026,43921564.7393026
23,fp8_e4m3_sat,value,ans_lane_shared,16,3312,54263808,44013860,0,62928,44076788,43877426.05054536,43877426.05054536
23,fp8_e4m3_sat,value,ans_lane_shared,256,216,54263808,44001376,0,4104,44005480,43935807.317067415,43935807.317067415
23,fp8_e4m3_sat,value,ans_lane_shared,64,828,54263808,44003892,0,15732,44019624,43921564.7393026,43921564.7393026
23,fp8_e4m3_sat,value,zstd,64,828,54263808,43847854,0,15732,43863586,43921564.7393026,43921564.7393026
24,bf16,key,ans_lane,16,3168,103809024,70643884,3244032,85536,73973452,70549672.96322753,81855792.77449606
24,bf16,key,ans_lane,256,216,103809024,70697412,221184,5832,70924428,70628017.77279024,81927726.64251103
24,bf16,key,ans_lane,64,792,103809024,70685716,811008,21384,71518108,70611402.92714298,81912633.53289796
24,bf16,key,ans_lane_shared,16,3168,103809024,70738728,0,85536,70824264,70549672.96322753,81855792.77449606
24,bf16,key,ans_lane_shared,256,216,103809024,70714396,0,5832,70720228,70628017.77279024,81927726.64251103
24,bf16,key,ans_lane_shared,64,792,103809024,70719164,0,21384,70740548,70611402.92714298,81912633.53289796
24,bf16,key,ans_raw,64,792,103809024,81916784,405504,15048,82337336,70611402.92714298,81912633.53289796
24,bf16,key,zstd,64,792,103809024,81909127,0,15048,81924175,70611402.92714298,81912633.53289796
24,bf16,value,ans_lane,16,3168,103809024,69602680,3244032,85536,72932248,69508109.01563612,81020856.52786149
24,bf16,value,ans_lane,256,216,103809024,69668688,221184,5832,69895704,69599024.6338253,81104352.49149264
24,bf16,value,ans_lane,64,792,103809024,69651668,811008,21384,70484060,69576779.08478539,81084076.1170123
24,bf16,value,ans_lane_shared,16,3168,103809024,69716528,0,85536,69802064,69508109.01563612,81020856.52786149
24,bf16,value,ans_lane_shared,256,216,103809024,69692216,0,5832,69698048,69599024.6338253,81104352.49149264
24,bf16,value,ans_lane_shared,64,792,103809024,69696948,0,21384,69718332,69576779.08478539,81084076.1170123
24,bf16,value,ans_raw,64,792,103809024,81088228,405504,15048,81508780,69576779.08478539,81084076.1170123
24,bf16,value,zstd,64,792,103809024,80589619,0,15048,80604667,69576779.08478539,81084076.1170123
24,fp8_e4m3_sat,key,ans_lane,16,3168,51904512,44095500,1622016,60192,45777708,44060745.52314951,44060745.52314951
24,fp8_e4m3_sat,key,ans_lane,256,216,51904512,44141276,110592,4104,44255972,44119219.70221133,44119219.70221133
24,fp8_e4m3_sat,key,ans_lane,64,792,51904512,44129800,405504,15048,44550352,44105108.552152105,44105108.552152105
24,fp8_e4m3_sat,key,ans_lane_shared,16,3168,51904512,44183880,0,60192,44244072,44060745.52314951,44060745.52314951
24,fp8_e4m3_sat,key,ans_lane_shared,256,216,51904512,44172236,0,4104,44176340,44119219.70221133,44119219.70221133
24,fp8_e4m3_sat,key,ans_lane_shared,64,792,51904512,44174656,0,15048,44189704,44105108.552152105,44105108.552152105
24,fp8_e4m3_sat,key,zstd,64,792,51904512,44126158,0,15048,44141206,44105108.552152105,44105108.552152105
24,fp8_e4m3_sat,value,ans_lane,16,3168,51904512,42004788,1622016,60192,43686996,41958496.07574293,41958496.07574293
24,fp8_e4m3_sat,value,ans_lane,256,216,51904512,42054764,110592,4104,42169460,42021557.16949666,42021557.16949666
24,fp8_e4m3_sat,value,ans_lane,64,792,51904512,42039376,405504,15048,42459928,42003337.48032752,42003337.48032752
24,fp8_e4m3_sat,value,ans_lane_shared,16,3168,51904512,42092012,0,60192,42152204,41958496.07574293,41958496.07574293
24,fp8_e4m3_sat,value,ans_lane_shared,256,216,51904512,42080228,0,4104,42084332,42021557.16949666,42021557.16949666
24,fp8_e4m3_sat,value,ans_lane_shared,64,792,51904512,42082556,0,15048,42097604,42003337.48032752,42003337.48032752
24,fp8_e4m3_sat,value,zstd,64,792,51904512,41935113,0,15048,41950161,42003337.48032752,42003337.48032752
25,bf16,key,ans_lane,16,3744,122683392,83527604,3833856,101088,87462548,83416229.0514195,96776903.21067786
25,bf16,key,ans_lane,256,252,122683392,83593380,258048,6804,83858232,83511409.3716361,96864197.78687474
25,bf16,key,ans_lane,64,936,122683392,83578640,958464,25272,84562376,83490700.89645685,96845371.80075362
25,bf16,key,ans_lane_shared,16,3744,122683392,83643588,0,101088,83744676,83416229.0514195,96776903.21067786
25,bf16,key,ans_lane_shared,256,252,122683392,83614724,0,6804,83621528,83511409.3716361,96864197.78687474
25,bf16,key,ans_lane_shared,64,936,122683392,83620436,0,25272,83645708,83490700.89645685,96845371.80075362
25,bf16,key,ans_raw,64,936,122683392,96850264,479232,17784,97347280,83490700.89645685,96845371.80075362
25,bf16,key,zstd,64,936,122683392,96877807,0,17784,96895591,83490700.89645685,96845371.80075362
25,bf16,value,ans_lane,16,3744,122683392,82267860,3833856,101088,86202804,82155907.24889962,95758894.25334913
25,bf16,value,ans_lane,256,252,122683392,82342088,258048,6804,82606940,82259774.35591131,95854023.58312908
25,bf16,value,ans_lane,64,936,122683392,82325508,958464,25272,83309244,82237164.00259191,95833480.28601964
25,bf16,value,ans_lane_shared,16,3744,122683392,82405052,0,101088,82506140,82155907.24889962,95758894.25334913
25,bf16,value,ans_lane_shared,256,252,122683392,82376188,0,6804,82382992,82259774.35591131,95854023.58312908
25,bf16,value,ans_lane_shared,64,936,122683392,82381780,0,25272,82407052,82237164.00259191,95833480.28601964
25,bf16,value,ans_raw,64,936,122683392,95838364,479232,17784,96335380,82237164.00259191,95833480.28601964
25,bf16,value,zstd,64,936,122683392,95289132,0,17784,95306916,82237164.00259191,95833480.28601964
25,fp8_e4m3_sat,key,ans_lane,16,3744,61341696,52146424,1916928,71136,54134488,52105327.583558984,52105327.583558984
25,fp8_e4m3_sat,key,ans_lane,256,252,61341696,52203160,129024,4788,52336972,52177168.07292782,52177168.07292782
25,fp8_e4m3_sat,key,ans_lane,64,936,61341696,52188664,479232,17784,52685680,52159422.257305965,52159422.257305965
25,fp8_e4m3_sat,key,ans_lane_shared,16,3744,61341696,52255140,0,71136,52326276,52105327.583558984,52105327.583558984
25,fp8_e4m3_sat,key,ans_lane_shared,256,252,61341696,52241180,0,4788,52245968,52177168.07292782,52177168.07292782
25,fp8_e4m3_sat,key,ans_lane_shared,64,936,61341696,52243976,0,17784,52261760,52159422.257305965,52159422.257305965
25,fp8_e4m3_sat,key,zstd,64,936,61341696,52198737,0,17784,52216521,52159422.257305965,52159422.257305965
25,fp8_e4m3_sat,value,ans_lane,16,3744,61341696,49661956,1916928,71136,51650020,49607187.264106125,49607187.264106125
25,fp8_e4m3_sat,value,ans_lane,256,252,61341696,49715952,129024,4788,49849764,49676759.489138536,49676759.489138536
25,fp8_e4m3_sat,value,ans_lane,64,936,61341696,49702520,479232,17784,50199536,49659961.096297055,49659961.096297055
25,fp8_e4m3_sat,value,ans_lane_shared,16,3744,61341696,49768284,0,71136,49839420,49607187.264106125,49607187.264106125
25,fp8_e4m3_sat,value,ans_lane_shared,256,252,61341696,49754232,0,4788,49759020,49676759.489138536,49676759.489138536
25,fp8_e4m3_sat,value,ans_lane_shared,64,936,61341696,49757000,0,17784,49774784,49659961.096297055,49659961.096297055
25,fp8_e4m3_sat,value,zstd,64,936,61341696,49586962,0,17784,49604746,49659961.096297055,49659961.096297055
26,bf16,key,ans_lane,16,288,9437184,6427728,294912,7776,6730416,6419181.254618362,7446700.632979211
26,bf16,key,ans_lane,256,36,9437184,6432388,36864,972,6470224,6425936.659461641,7452895.5543295
26,bf16,key,ans_lane,64,72,9437184,6431740,73728,1944,6507412,6424989.903934613,7452028.421958292
26,bf16,key,ans_lane_shared,16,288,9437184,6437592,0,7776,6445368,6419181.254618362,7446700.632979211
26,bf16,key,ans_lane_shared,256,36,9437184,6435536,0,972,6436508,6425936.659461641,7452895.5543295
26,bf16,key,ans_lane_shared,64,72,9437184,6435800,0,1944,6437744,6424989.903934613,7452028.421958292
26,bf16,key,ans_raw,64,72,9437184,7452424,36864,1368,7490656,6424989.903934613,7452028.421958292
26,bf16,key,zstd,64,72,9437184,7467792,0,1368,7469160,6424989.903934613,7452028.421958292
26,bf16,value,ans_lane,16,288,9437184,6318464,294912,7776,6621152,6309831.150270299,7357007.257286615
26,bf16,value,ans_lane,256,36,9437184,6323972,36864,972,6361808,6317461.590294587,7364034.395953498
26,bf16,value,ans_lane,64,72,9437184,6323076,73728,1944,6398748,6316261.436733237,7362929.720925593
26,bf16,value,ans_lane_shared,16,288,9437184,6333456,0,7776,6341232,6309831.150270299,7357007.257286615
26,bf16,value,ans_lane_shared,256,36,9437184,6331392,0,972,6332364,6317461.590294587,7364034.395953498
26,bf16,value,ans_lane_shared,64,72,9437184,6331708,0,1944,6333652,6316261.436733237,7362929.720925593
26,bf16,value,ans_raw,64,72,9437184,7363312,36864,1368,7401544,6316261.436733237,7362929.720925593
26,bf16,value,zstd,64,72,9437184,7357333,0,1368,7358701,6316261.436733237,7362929.720925593
26,fp8_e4m3_sat,key,ans_lane,16,288,4718592,4018120,147456,5472,4171048,4014961.6698254594,4014961.6698254594
26,fp8_e4m3_sat,key,ans_lane,256,36,4718592,4022060,18432,684,4041176,4019975.235517842,4019975.235517842
26,fp8_e4m3_sat,key,ans_lane,64,72,4718592,4021504,36864,1368,4059736,4019246.1445503607,4019246.1445503607
26,fp8_e4m3_sat,key,ans_lane_shared,16,288,4718592,4027412,0,5472,4032884,4014961.6698254594,4014961.6698254594
26,fp8_e4m3_sat,key,ans_lane_shared,256,36,4718592,4026396,0,684,4027080,4019975.235517842,4019975.235517842
26,fp8_e4m3_sat,key,ans_lane_shared,64,72,4718592,4026532,0,1368,4027900,4019246.1445503607,4019246.1445503607
26,fp8_e4m3_sat,key,zstd,64,72,4718592,4036047,0,1368,4037415,4019246.1445503607,4019246.1445503607
26,fp8_e4m3_sat,value,ans_lane,16,288,4718592,3819344,147456,5472,3972272,3815121.5495981476,3815121.5495981476
26,fp8_e4m3_sat,value,ans_lane,256,36,4718592,3823500,18432,684,3842616,3820396.5269308393,3820396.5269308393
26,fp8_e4m3_sat,value,ans_lane,64,72,4718592,3822780,36864,1368,3861012,3819495.67938905,3819495.67938905
26,fp8_e4m3_sat,value,ans_lane_shared,16,288,4718592,3827028,0,5472,3832500,3815121.5495981476,3815121.5495981476
26,fp8_e4m3_sat,value,ans_lane_shared,256,36,4718592,3826004,0,684,3826688,3820396.5269308393,3820396.5269308393
26,fp8_e4m3_sat,value,ans_lane_shared,64,72,4718592,3826160,0,1368,3827528,3819495.67938905,3819495.67938905
26,fp8_e4m3_sat,value,zstd,64,72,4718592,3832511,0,1368,3833879,3819495.67938905,3819495.67938905
27,bf16,key,ans_lane,16,3456,113246208,77069724,3538944,93312,80701980,76966999.1632358,89300041.33066429
27,bf16,key,ans_lane,256,216,113246208,77128992,221184,5832,77356008,77053457.36197536,89379413.8411971
27,bf16,key,ans_lane,64,864,113246208,77115284,884736,23328,78023348,77034192.16123532,89361894.96625908
27,bf16,key,ans_lane_shared,16,3456,113246208,77173848,0,93312,77267160,76966999.1632358,89300041.33066429
27,bf16,key,ans_lane_shared,256,216,113246208,77147044,0,5832,77152876,77053457.36197536,89379413.8411971
27,bf16,key,ans_lane_shared,64,864,113246208,77152420,0,23328,77175748,77034192.16123532,89361894.96625908
27,bf16,key,ans_raw,64,864,113246208,89366544,442368,16416,89825328,77034192.16123532,89361894.96625908
27,bf16,key,zstd,64,864,113246208,89371872,0,16416,89388288,77034192.16123532,89361894.96625908
27,bf16,value,ans_lane,16,3456,113246208,75931424,3538944,93312,79563680,75828096.59840928,88384310.26896422
27,bf16,value,ans_lane,256,216,113246208,75997396,221184,5832,76224412,75921520.21950841,88470170.42246562
27,bf16,value,ans_lane,64,864,113246208,75981740,884736,23328,76889804,75900198.46095432,88450730.69163932
27,bf16,value,ans_lane_shared,16,3456,113246208,76059844,0,93312,76153156,75828096.59840928,88384310.26896422
27,bf16,value,ans_lane_shared,256,216,113246208,76033132,0,5832,76038964,75921520.21950841,88470170.42246562
27,bf16,value,ans_lane_shared,64,864,113246208,76038512,0,23328,76061840,75900198.46095432,88450730.69163932
27,bf16,value,ans_raw,64,864,113246208,88455196,442368,16416,88913980,75900198.46095432,88450730.69163932
27,bf16,value,zstd,64,864,113246208,87909811,0,16416,87926227,75900198.46095432,88450730.69163932
27,fp8_e4m3_sat,key,ans_lane,16,3456,56623104,48112508,1769472,65664,49947644,48074541.612358965,48074541.612358965
27,fp8_e4m3_sat,key,ans_lane,256,216,56623104,48162088,110592,4104,48276784,48138068.20891788,48138068.20891788
27,fp8_e4m3_sat,key,ans_lane,64,864,56623104,48148668,442368,16416,48607452,48121610.76768033,48121610.76768033
27,fp8_e4m3_sat,key,ans_lane_shared,16,3456,56623104,48210040,0,65664,48275704,48074541.612358965,48074541.612358965
27,fp8_e4m3_sat,key,ans_lane_shared,256,216,56623104,48196980,0,4104,48201084,48138068.20891788,48138068.20891788
27,fp8_e4m3_sat,key,ans_lane_shared,64,864,56623104,48199528,0,16416,48215944,48121610.76768033,48121610.76768033
27,fp8_e4m3_sat,key,zstd,64,864,56623104,48144507,0,16416,48160923,48121610.76768033,48121610.76768033
27,fp8_e4m3_sat,value,ans_lane,16,3456,56623104,45831732,1769472,65664,47666868,45781282.00063462,45781282.00063462
27,fp8_e4m3_sat,value,ans_lane,256,216,56623104,45878008,110592,4104,45992704,45841733.90139765,45841733.90139765
27,fp8_e4m3_sat,value,ans_lane,64,864,56623104,45865528,442368,16416,46324312,45826103.102144614,45826103.102144614
27,fp8_e4m3_sat,value,ans_lane_shared,16,3456,56623104,45932868,0,65664,45998532,45781282.00063462,45781282.00063462
27,fp8_e4m3_sat,value,ans_lane_shared,256,216,56623104,45919924,0,4104,45924028,45841733.90139765,45841733.90139765
27,fp8_e4m3_sat,value,ans_lane_shared,64,864,56623104,45922544,0,16416,45938960,45826103.102144614,45826103.102144614
27,fp8_e4m3_sat,value,zstd,64,864,56623104,45737292,0,16416,45753708,45826103.102144614,45826103.102144614
28,bf16,key,ans_lane,16,288,9437184,6424132,294912,7776,6726820,6415569.781656208,7442984.721308113
28,bf16,key,ans_lane,256,36,9437184,6428636,36864,972,6466472,6422177.973025145,7449056.023344907
28,bf16,key,ans_lane,64,72,9437184,6427976,73728,1944,6503648,6421191.232211619,7448151.839315389
28,bf16,key,ans_lane_shared,16,288,9437184,6433376,0,7776,6441152,6415569.781656208,7442984.721308113
28,bf16,key,ans_lane_shared,256,36,9437184,6431312,0,972,6432284,6422177.973025145,7449056.023344907
28,bf16,key,ans_lane_shared,64,72,9437184,6431620,0,1944,6433564,6421191.232211619,7448151.839315389
28,bf16,key,ans_raw,64,72,9437184,7448536,36864,1368,7486768,6421191.232211619,7448151.839315389
28,bf16,key,zstd,64,72,9437184,7469428,0,1368,7470796,6421191.232211619,7448151.839315389
28,bf16,value,ans_lane,16,288,9437184,6318144,294912,7776,6620832,6309482.251274337,7356058.859872063
28,bf16,value,ans_lane,256,36,9437184,6323216,36864,972,6361052,6316710.941647009,7362733.989316591
28,bf16,value,ans_lane,64,72,9437184,6322556,73728,1944,6398228,6315747.204926922,7361848.607414393
28,bf16,value,ans_lane_shared,16,288,9437184,6333080,0,7776,6340856,6309482.251274337,7356058.859872063
28,bf16,value,ans_lane_shared,256,36,9437184,6331000,0,972,6331972,6316710.941647009,7362733.989316591
28,bf16,value,ans_lane_shared,64,72,9437184,6331300,0,1944,6333244,6315747.204926922,7361848.607414393
28,bf16,value,ans_raw,64,72,9437184,7362236,36864,1368,7400468,6315747.204926922,7361848.607414393
28,bf16,value,zstd,64,72,9437184,7368227,0,1368,7369595,6315747.204926922,7361848.607414393
28,fp8_e4m3_sat,key,ans_lane,16,288,4718592,4014920,147456,5472,4167848,4011745.335139955,4011745.335139955
28,fp8_e4m3_sat,key,ans_lane,256,36,4718592,4018728,18432,684,4037844,4016654.067212727,4016654.067212727
28,fp8_e4m3_sat,key,ans_lane,64,72,4718592,4018156,36864,1368,4056388,4015900.449174565,4015900.449174565
28,fp8_e4m3_sat,key,ans_lane_shared,16,288,4718592,4023388,0,5472,4028860,4011745.335139955,4011745.335139955
28,fp8_e4m3_sat,key,ans_lane_shared,256,36,4718592,4022400,0,684,4023084,4016654.067212727,4016654.067212727
28,fp8_e4m3_sat,key,ans_lane_shared,64,72,4718592,4022544,0,1368,4023912,4015900.449174565,4015900.449174565
28,fp8_e4m3_sat,key,zstd,64,72,4718592,4032090,0,1368,4033458,4015900.449174565,4015900.449174565
28,fp8_e4m3_sat,value,ans_lane,16,288,4718592,3819396,147456,5472,3972324,3815204.598103227,3815204.598103227
28,fp8_e4m3_sat,value,ans_lane,256,36,4718592,3823040,18432,684,3842156,3819916.1058906624,3819916.1058906624
28,fp8_e4m3_sat,value,ans_lane,64,72,4718592,3822612,36864,1368,3860844,3819323.2397377156,3819323.2397377156
28,fp8_e4m3_sat,value,ans_lane_shared,16,288,4718592,3827020,0,5472,3832492,3815204.598103227,3815204.598103227
28,fp8_e4m3_sat,value,ans_lane_shared,256,36,4718592,3826000,0,684,3826684,3819916.1058906624,3819916.1058906624
28,fp8_e4m3_sat,value,ans_lane_shared,64,72,4718592,3826140,0,1368,3827508,3819323.2397377156,3819323.2397377156
28,fp8_e4m3_sat,value,zstd,64,72,4718592,3834214,0,1368,3835582,3819323.2397377156,3819323.2397377156
29,bf16,key,ans_lane,16,1584,51904512,35306520,1622016,42768,36971304,35259255.067627825,40913726.85449406
29,bf16,key,ans_lane,256,108,51904512,35333444,110592,2916,35446952,35298746.20636509,40949905.01544233
29,bf16,key,ans_lane,64,396,51904512,35327180,405504,10692,35743376,35289995.09529906,40941980.68113256
29,bf16,key,ans_lane_shared,16,1584,51904512,35352876,0,42768,35395644,35259255.067627825,40913726.85449406
29,bf16,key,ans_lane_shared,256,108,51904512,35340628,0,2916,35343544,35298746.20636509,40949905.01544233
29,bf16,key,ans_lane_shared,64,396,51904512,35343032,0,10692,35353724,35289995.09529906,40941980.68113256
29,bf16,key,ans_raw,64,396,51904512,40944048,202752,7524,41154324,35289995.09529906,40941980.68113256
29,bf16,key,zstd,64,396,51904512,41006835,0,7524,41014359,35289995.09529906,40941980.68113256
29,bf16,value,ans_lane,16,1584,51904512,34783680,1622016,42768,36448464,34736276.28442849,40493672.567747466
29,bf16,value,ans_lane,256,108,51904512,34817616,110592,2916,34931124,34782779.78862419,40536330.546799734
29,bf16,value,ans_lane,64,396,51904512,34807948,405504,10692,35224144,34770466.98738695,40525107.50842466
29,bf16,value,ans_lane_shared,16,1584,51904512,34844024,0,42768,34886792,34736276.28442849,40493672.567747466
29,bf16,value,ans_lane_shared,256,108,51904512,34831832,0,2916,34834748,34782779.78862419,40536330.546799734
29,bf16,value,ans_lane_shared,64,396,51904512,34834224,0,10692,34844916,34770466.98738695,40525107.50842466
29,bf16,value,ans_raw,64,396,51904512,40527188,202752,7524,40737464,34770466.98738695,40525107.50842466
29,bf16,value,zstd,64,396,51904512,40401350,0,7524,40408874,34770466.98738695,40525107.50842466
29,fp8_e4m3_sat,key,ans_lane,16,1584,25952256,22041036,811008,30096,22882140,22023583.83884789,22023583.83884789
29,fp8_e4m3_sat,key,ans_lane,256,108,25952256,22065064,55296,2052,22122412,22054024.12093925,22054024.12093925
29,fp8_e4m3_sat,key,ans_lane,64,396,25952256,22058112,202752,7524,22268388,22045705.400002714,22045705.400002714
29,fp8_e4m3_sat,key,ans_lane_shared,16,1584,25952256,22083680,0,30096,22113776,22023583.83884789,22023583.83884789
29,fp8_e4m3_sat,key,ans_lane_shared,256,108,25952256,22077820,0,2052,22079872,22054024.12093925,22054024.12093925
29,fp8_e4m3_sat,key,ans_lane_shared,64,396,25952256,22078940,0,7524,22086464,22045705.400002714,22045705.400002714
29,fp8_e4m3_sat,key,zstd,64,396,25952256,22091301,0,7524,22098825,22045705.400002714,22045705.400002714
29,fp8_e4m3_sat,value,ans_lane,16,1584,25952256,21000220,811008,30096,21841324,20976989.872828443,20976989.872828443
29,fp8_e4m3_sat,value,ans_lane,256,108,25952256,21026456,55296,2052,21083804,21009845.06728824,21009845.06728824
29,fp8_e4m3_sat,value,ans_lane,64,396,25952256,21017064,202752,7524,21227340,20999014.14725164,20999014.14725164
29,fp8_e4m3_sat,value,ans_lane_shared,16,1584,25952256,21048508,0,30096,21078604,20976989.872828443,20976989.872828443
29,fp8_e4m3_sat,value,ans_lane_shared,256,108,25952256,21042560,0,2052,21044612,21009845.06728824,21009845.06728824
29,fp8_e4m3_sat,value,ans_lane_shared,64,396,25952256,21043708,0,7524,21051232,20999014.14725164,20999014.14725164
29,fp8_e4m3_sat,value,zstd,64,396,25952256,21011111,0,7524,21018635,20999014.14725164,20999014.14725164
3,bf16,key,ans_lane,16,144,4718592,3217516,147456,3888,3368860,3213222.765779432,3727126.581385645
3,bf16,key,ans_lane,256,36,4718592,3219400,36864,972,3257236,3216021.9295304753,3729705.2801838093
3,bf16,key,ans_lane,64,36,4718592,3219400,36864,972,3257236,3216021.9295304753,3729705.2801838093
3,bf16,key,ans_lane_shared,16,144,4718592,3222592,0,3888,3226480,3213222.765779432,3727126.581385645
3,bf16,key,ans_lane_shared,256,36,4718592,3221716,0,972,3222688,3216021.9295304753,3729705.2801838093
3,bf16,key,ans_lane_shared,64,36,4718592,3221716,0,972,3222688,3216021.9295304753,3729705.2801838093
3,bf16,key,ans_raw,64,36,4718592,3729880,18432,684,3748996,3216021.9295304753,3729705.2801838093
3,bf16,key,zstd,64,36,4718592,3737111,0,684,3737795,3216021.9295304753,3729705.2801838093
3,bf16,value,ans_lane,16,144,4718592,3158704,147456,3888,3310048,3154401.6427677693,3678179.2298890203
3,bf16,value,ans_lane,256,36,4718592,3161012,36864,972,3198848,3157612.540797114,3681136.8318827422
3,bf16,value,ans_lane,64,36,4718592,3161012,36864,972,3198848,3157612.540797114,3681136.8318827422
3,bf16,value,ans_lane_shared,16,144,4718592,3166456,0,3888,3170344,3154401.6427677693,3678179.2298890203
3,bf16,value,ans_lane_shared,256,36,4718592,3165560,0,972,3166532,3157612.540797114,3681136.8318827422
3,bf16,value,ans_lane_shared,64,36,4718592,3165560,0,972,3166532,3157612.540797114,3681136.8318827422
3,bf16,value,ans_raw,64,36,4718592,3681332,18432,684,3700448,3157612.540797114,3681136.8318827422
3,bf16,value,zstd,64,36,4718592,3674359,0,684,3675043,3157612.540797114,3681136.8318827422
3,fp8_e4m3_sat,key,ans_lane,16,144,2359296,2008376,73728,2736,2084840,2006801.7417103697,2006801.7417103697
3,fp8_e4m3_sat,key,ans_lane,256,36,2359296,2009968,18432,684,2029084,2008850.0829493895,2008850.0829493895
3,fp8_e4m3_sat,key,ans_lane,64,36,2359296,2009968,18432,684,2029084,2008850.0829493895,2008850.0829493895
3,fp8_e4m3_sat,key,ans_lane_shared,16,144,2359296,2012580,0,2736,2015316,2006801.7417103697,2006801.7417103697
3,fp8_e4m3_sat,key,ans_lane_shared,256,36,2359296,2012160,0,684,2012844,2008850.0829493895,2008850.0829493895
3,fp8_e4m3_sat,key,ans_lane_shared,64,36,2359296,2012160,0,684,2012844,2008850.0829493895,2008850.0829493895
3,fp8_e4m3_sat,key,zstd,64,36,2359296,2014842,0,684,2015526,2008850.0829493895,2008850.0829493895
3,fp8_e4m3_sat,value,ans_lane,16,144,2359296,1908908,73728,2736,1985372,1906789.652806277,1906789.652806277
3,fp8_e4m3_sat,value,ans_lane,256,36,2359296,1910600,18432,684,1929716,1908949.3167166498,1908949.3167166498
3,fp8_e4m3_sat,value,ans_lane,64,36,2359296,1910600,18432,684,1929716,1908949.3167166498,1908949.3167166498
3,fp8_e4m3_sat,value,ans_lane_shared,16,144,2359296,1912984,0,2736,1915720,1906789.652806277,1906789.652806277
3,fp8_e4m3_sat,value,ans_lane_shared,256,36,2359296,1912532,0,684,1913216,1908949.3167166498,1908949.3167166498
3,fp8_e4m3_sat,value,ans_lane_shared,64,36,2359296,1912532,0,684,1913216,1908949.3167166498,1908949.3167166498
3,fp8_e4m3_sat,value,zstd,64,36,2359296,1913070,0,684,1913754,1908949.3167166498,1908949.3167166498
30,bf16,key,ans_lane,16,1584,51904512,35335728,1622016,42768,37000512,35288605.595948696,40941875.22328021
30,bf16,key,ans_lane,256,108,51904512,35362932,110592,2916,35476440,35328224.208744116,40978262.58376748
30,bf16,key,ans_lane,64,396,51904512,35356752,405504,10692,35772948,35319573.7490332,40970388.87243718
30,bf16,key,ans_lane_shared,16,1584,51904512,35384160,0,42768,35426928,35288605.595948696,40941875.22328021
30,bf16,key,ans_lane_shared,256,108,51904512,35371992,0,2916,35374908,35328224.208744116,40978262.58376748
30,bf16,key,ans_lane_shared,64,396,51904512,35374352,0,10692,35385044,35319573.7490332,40970388.87243718
30,bf16,key,ans_raw,64,396,51904512,40972420,202752,7524,41182696,35319573.7490332,40970388.87243718
30,bf16,key,zstd,64,396,51904512,41037303,0,7524,41044827,35319573.7490332,40970388.87243718
30,bf16,value,ans_lane,16,1584,51904512,34788488,1622016,42768,36453272,34741097.59690479,40498546.3358274
30,bf16,value,ans_lane,256,108,51904512,34819500,110592,2916,34933008,34784663.20588912,40538516.85082281
30,bf16,value,ans_lane,64,396,51904512,34812576,405504,10692,35228772,34775198.71570776,40529928.94893942
30,bf16,value,ans_lane_shared,16,1584,51904512,34847036,0,42768,34889804,34741097.59690479,40498546.3358274
30,bf16,value,ans_lane_shared,256,108,51904512,34834964,0,2916,34837880,34784663.20588912,40538516.85082281
30,bf16,value,ans_lane_shared,64,396,51904512,34837364,0,10692,34848056,34775198.71570776,40529928.94893942
30,bf16,value,ans_raw,64,396,51904512,40531996,202752,7524,40742272,34775198.71570776,40529928.94893942
30,bf16,value,zstd,64,396,51904512,40431192,0,7524,40438716,34775198.71570776,40529928.94893942
30,fp8_e4m3_sat,key,ans_lane,16,1584,25952256,22072812,811008,30096,22913916,22055380.93732988,22055380.93732988
30,fp8_e4m3_sat,key,ans_lane,256,108,25952256,22096616,55296,2052,22153964,22085607.589509174,22085607.589509174
30,fp8_e4m3_sat,key,ans_lane,64,396,25952256,22090296,202752,7524,22300572,22077951.88633221,22077951.88633221
30,fp8_e4m3_sat,key,ans_lane_shared,16,1584,25952256,22118232,0,30096,22148328,22055380.93732988,22055380.93732988
30,fp8_e4m3_sat,key,ans_lane_shared,256,108,25952256,22112364,0,2052,22114416,22085607.589509174,22085607.589509174
30,fp8_e4m3_sat,key,ans_lane_shared,64,396,25952256,22113512,0,7524,22121036,22077951.88633221,22077951.88633221
30,fp8_e4m3_sat,key,zstd,64,396,25952256,22134310,0,7524,22141834,22077951.88633221,22077951.88633221
30,fp8_e4m3_sat,value,ans_lane,16,1584,25952256,21004248,811008,30096,21845352,20980993.556057584,20980993.556057584
30,fp8_e4m3_sat,value,ans_lane,256,108,25952256,21026344,55296,2052,21083692,21009710.95938519,21009710.95938519
30,fp8_e4m3_sat,value,ans_lane,64,396,25952256,21020784,202752,7524,21231060,21002712.69325863,21002712.69325863
30,fp8_e4m3_sat,value,ans_lane_shared,16,1584,25952256,21050224,0,30096,21080320,20980993.556057584,20980993.556057584
30,fp8_e4m3_sat,value,ans_lane_shared,256,108,25952256,21044316,0,2052,21046368,21009710.95938519,21009710.95938519
30,fp8_e4m3_sat,value,ans_lane_shared,64,396,25952256,21045476,0,7524,21053000,21002712.69325863,21002712.69325863
30,fp8_e4m3_sat,value,zstd,64,396,25952256,21025534,0,7524,21033058,21002712.69325863,21002712.69325863
31,bf16,key,ans_lane,16,3312,108527616,73866692,3391488,89424,77347604,73768260.60582437,85587106.82410109
31,bf16,key,ans_lane,256,216,108527616,73923704,221184,5832,74150720,73851296.3112473,85663357.73541279
31,bf16,key,ans_lane,64,828,108527616,73910352,847872,22356,74780580,73832577.35021573,85646331.30817717
31,bf16,key,ans_lane_shared,16,3312,108527616,73966844,0,89424,74056268,73768260.60582437,85587106.82410109
31,bf16,key,ans_lane_shared,256,216,108527616,73941284,0,5832,73947116,73851296.3112473,85663357.73541279
31,bf16,key,ans_lane_shared,64,828,108527616,73946248,0,22356,73968604,73832577.35021573,85646331.30817717
31,bf16,key,ans_raw,64,828,108527616,85650700,423936,15732,86090368,73832577.35021573,85646331.30817717
31,bf16,key,zstd,64,828,108527616,85654541,0,15732,85670273,73832577.35021573,85646331.30817717
31,bf16,value,ans_lane,16,3312,108527616,72780724,3391488,89424,76261636,72681792.89813045,84714042.25345469
31,bf16,value,ans_lane,256,216,108527616,72843104,221184,5832,73070120,72770307.4375544,84795352.41015263
31,bf16,value,ans_lane,64,828,108527616,72828764,847872,22356,73698992,72750537.73808676,84777342.29907814
31,bf16,value,ans_lane_shared,16,3312,108527616,72901104,0,89424,72990528,72681792.89813045,84714042.25345469
31,bf16,value,ans_lane_shared,256,216,108527616,72875640,0,5832,72881472,72770307.4375544,84795352.41015263
31,bf16,value,ans_lane_shared,64,828,108527616,72880728,0,22356,72903084,72750537.73808676,84777342.29907814
31,bf16,value,ans_raw,64,828,108527616,84781672,423936,15732,85221340,72750537.73808676,84777342.29907814
31,bf16,value,zstd,64,828,108527616,84261155,0,15732,84276887,72750537.73808676,84777342.29907814
31,fp8_e4m3_sat,key,ans_lane,16,3312,54263808,46132664,1695744,62928,47891336,46096238.41270879,46096238.41270879
31,fp8_e4m3_sat,key,ans_lane,256,216,54263808,46181100,110592,4104,46295796,46158030.0828466,46158030.0828466
31,fp8_e4m3_sat,key,ans_lane,64,828,54263808,46167740,423936,15732,46607408,46141848.581301995,46141848.581301995
31,fp8_e4m3_sat,key,ans_lane_shared,16,3312,54263808,46228548,0,62928,46291476,46096238.41270879,46096238.41270879
31,fp8_e4m3_sat,key,ans_lane_shared,256,216,54263808,46216236,0,4104,46220340,46158030.0828466,46158030.0828466
31,fp8_e4m3_sat,key,ans_lane_shared,64,828,54263808,46218668,0,15732,46234400,46141848.581301995,46141848.581301995
31,fp8_e4m3_sat,key,zstd,64,828,54263808,46159502,0,15732,46175234,46141848.581301995,46141848.581301995
31,fp8_e4m3_sat,value,ans_lane,16,3312,54263808,43934992,1695744,62928,45693664,43886475.26940939,43886475.26940939
31,fp8_e4m3_sat,value,ans_lane,256,216,54263808,43978168,110592,4104,44092864,43943298.0470976,43943298.0470976
31,fp8_e4m3_sat,value,ans_lane,64,828,54263808,43966780,423936,15732,44406448,43928996.1560399,43928996.1560399
31,fp8_e4m3_sat,value,ans_lane_shared,16,3312,54263808,44028652,0,62928,44091580,43886475.26940939,43886475.26940939
31,fp8_e4m3_sat,value,ans_lane_shared,256,216,54263808,44016248,0,4104,44020352,43943298.0470976,43943298.0470976
31,fp8_e4m3_sat,value,ans_lane_shared,64,828,54263808,44018660,0,15732,44034392,43928996.1560399,43928996.1560399
31,fp8_e4m3_sat,value,zstd,64,828,54263808,43847705,0,15732,43863437,43928996.1560399,43928996.1560399
32,bf16,key,ans_lane,16,144,4718592,3214908,147456,3888,3366252,3210616.0580663104,3724314.8745102277
32,bf16,key,ans_lane,256,36,4718592,3216844,36864,972,3254680,3213474.171351167,3726946.81888265
32,bf16,key,ans_lane,64,36,4718592,3216844,36864,972,3254680,3213474.171351167,3726946.81888265
32,bf16,key,ans_lane_shared,16,144,4718592,3219976,0,3888,3223864,3210616.0580663104,3724314.8745102277
32,bf16,key,ans_lane_shared,256,36,4718592,3219104,0,972,3220076,3213474.171351167,3726946.81888265
32,bf16,key,ans_lane_shared,64,36,4718592,3219104,0,972,3220076,3213474.171351167,3726946.81888265
32,bf16,key,ans_raw,64,36,4718592,3727136,18432,684,3746252,3213474.171351167,3726946.81888265
32,bf16,key,zstd,64,36,4718592,3738170,0,684,3738854,3213474.171351167,3726946.81888265
32,bf16,value,ans_lane,16,144,4718592,3159888,147456,3888,3311232,3155567.508551481,3678925.5518956487
32,bf16,value,ans_lane,256,36,4718592,3162180,36864,972,3200016,3158796.938207225,3681916.0926551945
32,bf16,value,ans_lane,64,36,4718592,3162180,36864,972,3200016,3158796.938207225,3681916.0926551945
32,bf16,value,ans_lane_shared,16,144,4718592,3167548,0,3888,3171436,3155567.508551481,3678925.5518956487
32,bf16,value,ans_lane_shared,256,36,4718592,3166648,0,972,3167620,3158796.938207225,3681916.0926551945
32,bf16,value,ans_lane_shared,64,36,4718592,3166648,0,972,3167620,3158796.938207225,3681916.0926551945
32,bf16,value,ans_raw,64,36,4718592,3682112,18432,684,3701228,3158796.938207225,3681916.0926551945
32,bf16,value,zstd,64,36,4718592,3681387,0,684,3682071,3158796.938207225,3681916.0926551945
32,fp8_e4m3_sat,key,ans_lane,16,144,2359296,2011324,73728,2736,2087788,2009748.3582066235,2009748.3582066235
32,fp8_e4m3_sat,key,ans_lane,256,36,2359296,2012992,18432,684,2032108,2011870.1357293567,2011870.1357293567
32,fp8_e4m3_sat,key,ans_lane,64,36,2359296,2012992,18432,684,2032108,2011870.1357293567,2011870.1357293567
32,fp8_e4m3_sat,key,ans_lane_shared,16,144,2359296,2016260,0,2736,2018996,2009748.3582066235,2009748.3582066235
32,fp8_e4m3_sat,key,ans_lane_shared,256,36,2359296,2015852,0,684,2016536,2011870.1357293567,2011870.1357293567
32,fp8_e4m3_sat,key,ans_lane_shared,64,36,2359296,2015852,0,684,2016536,2011870.1357293567,2011870.1357293567
32,fp8_e4m3_sat,key,zstd,64,36,2359296,2021877,0,684,2022561,2011870.1357293567,2011870.1357293567
32,fp8_e4m3_sat,value,ans_lane,16,144,2359296,1911000,73728,2736,1987464,1908886.6424120476,1908886.6424120476
32,fp8_e4m3_sat,value,ans_lane,256,36,2359296,1912664,18432,684,1931780,1911033.072767737,1911033.072767737
32,fp8_e4m3_sat,value,ans_lane,64,36,2359296,1912664,18432,684,1931780,1911033.072767737,1911033.072767737
32,fp8_e4m3_sat,value,ans_lane_shared,16,144,2359296,1914956,0,2736,1917692,1908886.6424120476,1908886.6424120476
32,fp8_e4m3_sat,value,ans_lane_shared,256,36,2359296,1914524,0,684,1915208,1911033.072767737,1911033.072767737
32,fp8_e4m3_sat,value,ans_lane_shared,64,36,2359296,1914524,0,684,1915208,1911033.072767737,1911033.072767737
32,fp8_e4m3_sat,value,zstd,64,36,2359296,1917804,0,684,1918488,1911033.072767737,1911033.072767737
33,bf16,key,ans_lane,16,432,14155776,9633852,442368,11664,10087884,9621050.082607618,11162586.307467494
33,bf16,key,ans_lane,256,36,14155776,9641056,36864,972,9678892,9631536.592070732,11172223.797685914
33,bf16,key,ans_lane,64,108,14155776,9639580,110592,2916,9753088,9629443.502897527,11170308.91828813
33,bf16,key,ans_lane_shared,16,432,14155776,9647024,0,11664,9658688,9621050.082607618,11162586.307467494
33,bf16,key,ans_lane_shared,256,36,14155776,9643768,0,972,9644740,9631536.592070732,11172223.797685914
33,bf16,key,ans_lane_shared,64,108,14155776,9644348,0,2916,9647264,9629443.502897527,11170308.91828813
33,bf16,key,ans_raw,64,108,14155776,11170864,55296,2052,11228212,9629443.502897527,11170308.91828813
33,bf16,key,zstd,64,108,14155776,11191324,0,2052,11193376,9629443.502897527,11170308.91828813
33,bf16,value,ans_lane,16,432,14155776,9487192,442368,11664,9941224,9474311.956600672,11044051.408914974
33,bf16,value,ans_lane,256,36,14155776,9497092,36864,972,9534928,9487544.287208779,11056211.675235605
33,bf16,value,ans_lane,64,108,14155776,9494220,110592,2916,9607728,9484053.114653083,11053025.491240567
33,bf16,value,ans_lane_shared,16,432,14155776,9503256,0,11664,9514920,9474311.956600672,11044051.408914974
33,bf16,value,ans_lane_shared,256,36,14155776,9500040,0,972,9501012,9487544.287208779,11056211.675235605
33,bf16,value,ans_lane_shared,64,108,14155776,9500640,0,2916,9503556,9484053.114653083,11053025.491240567
33,bf16,value,ans_raw,64,108,14155776,11053572,55296,2052,11110920,9484053.114653083,11053025.491240567
33,bf16,value,zstd,64,108,14155776,11026051,0,2052,11028103,9484053.114653083,11053025.491240567
33,fp8_e4m3_sat,key,ans_lane,16,432,7077888,6020460,221184,8208,6249852,6015732.513456869,6015732.513456869
33,fp8_e4m3_sat,key,ans_lane,256,36,7077888,6026456,18432,684,6045572,6023402.058523299,6023402.058523299
33,fp8_e4m3_sat,key,ans_lane,64,108,7077888,6025000,55296,2052,6082348,6021619.55407887,6021619.55407887
33,fp8_e4m3_sat,key,ans_lane_shared,16,432,7077888,6032304,0,8208,6040512,6015732.513456869,6015732.513456869
33,fp8_e4m3_sat,key,ans_lane_shared,256,36,7077888,6030728,0,684,6031412,6023402.058523299,6023402.058523299
33,fp8_e4m3_sat,key,ans_lane_shared,64,108,7077888,6031000,0,2052,6033052,6021619.55407887,6021619.55407887
33,fp8_e4m3_sat,key,zstd,64,108,7077888,6037479,0,2052,6039531,6021619.55407887,6021619.55407887
33,fp8_e4m3_sat,value,ans_lane,16,432,7077888,5731036,221184,8208,5960428,5724712.189448236,5724712.189448236
33,fp8_e4m3_sat,value,ans_lane,256,36,7077888,5739056,18432,684,5758172,5734499.080142805,5734499.080142805
33,fp8_e4m3_sat,value,ans_lane,64,108,7077888,5736180,55296,2052,5793528,5731264.886697111,5731264.886697111
33,fp8_e4m3_sat,value,ans_lane_shared,16,432,7077888,5743736,0,8208,5751944,5724712.189448236,5724712.189448236
33,fp8_e4m3_sat,value,ans_lane_shared,256,36,7077888,5742132,0,684,5742816,5734499.080142805,5734499.080142805
33,fp8_e4m3_sat,value,ans_lane_shared,64,108,7077888,5742424,0,2052,5744476,5731264.886697111,5731264.886697111
33,fp8_e4m3_sat,value,zstd,64,108,7077888,5739828,0,2052,5741880,5731264.886697111,5731264.886697111
34,bf16,key,ans_lane,16,3600,117964800,80271688,3686400,97200,84055288,80164627.20870832,93011106.15652393
34,bf16,key,ans_lane,256,252,117964800,80332320,258048,6804,80597172,80253363.67188804,93092641.16788775
34,bf16,key,ans_lane,64,900,117964800,80319212,921600,24300,81265112,80234641.32663691,93075588.65662956
34,bf16,key,ans_lane_shared,16,3600,117964800,80378676,0,97200,80475876,80164627.20870832,93011106.15652393
34,bf16,key,ans_lane_shared,256,252,117964800,80351076,0,6804,80357880,80253363.67188804,93092641.16788775
34,bf16,key,ans_lane_shared,64,900,117964800,80356484,0,24300,80380784,80234641.32663691,93075588.65662956
34,bf16,key,ans_raw,64,900,117964800,93080360,460800,17100,93558260,80234641.32663691,93075588.65662956
34,bf16,key,zstd,64,900,117964800,93079646,0,17100,93096746,80234641.32663691,93075588.65662956
34,bf16,value,ans_lane,16,3600,117964800,79100604,3686400,97200,82884204,78992932.04090264,92073177.01437126
34,bf16,value,ans_lane,256,252,117964800,79169272,258048,6804,79434124,79090057.86248945,92162378.685021
34,bf16,value,ans_lane,64,900,117964800,79153648,921600,24300,80099548,79068676.1595076,92142887.87334608
34,bf16,value,ans_lane_shared,16,3600,117964800,79234000,0,97200,79331200,78992932.04090264,92073177.01437126
34,bf16,value,ans_lane_shared,256,252,117964800,79206404,0,6804,79213208,79090057.86248945,92162378.685021
34,bf16,value,ans_lane_shared,64,900,117964800,79211844,0,24300,79236144,79068676.1595076,92142887.87334608
34,bf16,value,ans_raw,64,900,117964800,92147584,460800,17100,92625484,79068676.1595076,92142887.87334608
34,bf16,value,zstd,64,900,117964800,91588841,0,17100,91605941,79068676.1595076,92142887.87334608
34,fp8_e4m3_sat,key,ans_lane,16,3600,58982400,50133092,1843200,68400,52044692,50093548.15043486,50093548.15043486
34,fp8_e4m3_sat,key,ans_lane,256,252,58982400,50183776,129024,4788,50317588,50158606.1872014,50158606.1872014
34,fp8_e4m3_sat,key,ans_lane,64,900,58982400,50171136,460800,17100,50649036,50142985.95241856,50142985.95241856
34,fp8_e4m3_sat,key,ans_lane_shared,16,3600,58982400,50232480,0,68400,50300880,50093548.15043486,50093548.15043486
34,fp8_e4m3_sat,key,ans_lane_shared,256,252,58982400,50219200,0,4788,50223988,50158606.1872014,50158606.1872014
34,fp8_e4m3_sat,key,ans_lane_shared,64,900,58982400,50221760,0,17100,50238860,50142985.95241856,50142985.95241856
34,fp8_e4m3_sat,key,zstd,64,900,58982400,50162106,0,17100,50179206,50142985.95241856,50142985.95241856
34,fp8_e4m3_sat,value,ans_lane,16,3600,58982400,47747556,1843200,68400,49659156,47694783.516373746,47694783.516373746
34,fp8_e4m3_sat,value,ans_lane,256,252,58982400,47795728,129024,4788,47929540,47757734.43448025,47757734.43448025
34,fp8_e4m3_sat,value,ans_lane,64,900,58982400,47783200,460800,17100,48261100,47742173.029399425,47742173.029399425
34,fp8_e4m3_sat,value,ans_lane_shared,16,3600,58982400,47852948,0,68400,47921348,47694783.516373746,47694783.516373746
34,fp8_e4m3_sat,value,ans_lane_shared,256,252,58982400,47839520,0,4788,47844308,47757734.43448025,47757734.43448025
34,fp8_e4m3_sat,value,ans_lane_shared,64,900,58982400,47842128,0,17100,47859228,47742173.029399425,47742173.029399425
34,fp8_e4m3_sat,value,zstd,64,900,58982400,47649786,0,17100,47666886,47742173.029399425,47742173.029399425
35,bf16,key,ans_lane,16,288,9437184,6424752,294912,7776,6727440,6416157.1634732885,7443649.974363887
35,bf16,key,ans_lane,256,36,9437184,6429248,36864,972,6467084,6422788.921143787,7449756.591267039
35,bf16,key,ans_lane,64,72,9437184,6428600,73728,1944,6504272,6421835.527900885,7448876.563235844
35,bf16,key,ans_lane_shared,16,288,9437184,6434312,0,7776,6442088,6416157.1634732885,7443649.974363887
35,bf16,key,ans_lane_shared,256,36,9437184,6432244,0,972,6433216,6422788.921143787,7449756.591267039
35,bf16,key,ans_lane_shared,64,72,9437184,6432548,0,1944,6434492,6421835.527900885,7448876.563235844
35,bf16,key,ans_raw,64,72,9437184,7449256,36864,1368,7487488,6421835.527900885,7448876.563235844
35,bf16,key,zstd,64,72,9437184,7467671,0,1368,7469039,6421835.527900885,7448876.563235844
35,bf16,value,ans_lane,16,288,9437184,6319564,294912,7776,6622252,6310938.696694613,7357547.638502254
35,bf16,value,ans_lane,256,36,9437184,6324676,36864,972,6362512,6318155.931937456,7364239.922673653
35,bf16,value,ans_lane,64,72,9437184,6324024,73728,1944,6399696,6317208.082835376,7363358.721920718
35,bf16,value,ans_lane_shared,16,288,9437184,6334476,0,7776,6342252,6310938.696694613,7357547.638502254
35,bf16,value,ans_lane_shared,256,36,9437184,6332424,0,972,6333396,6318155.931937456,7364239.922673653
35,bf16,value,ans_lane_shared,64,72,9437184,6332708,0,1944,6334652,6317208.082835376,7363358.721920718
35,bf16,value,ans_raw,64,72,9437184,7363720,36864,1368,7401952,6317208.082835376,7363358.721920718
35,bf16,value,zstd,64,72,9437184,7362525,0,1368,7363893,6317208.082835376,7363358.721920718
35,fp8_e4m3_sat,key,ans_lane,16,288,4718592,4018468,147456,5472,4171396,4015283.308652335,4015283.308652335
35,fp8_e4m3_sat,key,ans_lane,256,36,4718592,4022140,18432,684,4041256,4020060.546209646,4020060.546209646
35,fp8_e4m3_sat,key,ans_lane,64,72,4718592,4021624,36864,1368,4059856,4019382.3568984815,4019382.3568984815
35,fp8_e4m3_sat,key,ans_lane_shared,16,288,4718592,4027276,0,5472,4032748,4015283.308652335,4015283.308652335
35,fp8_e4m3_sat,key,ans_lane_shared,256,36,4718592,4026280,0,684,4026964,4020060.546209646,4020060.546209646
35,fp8_e4m3_sat,key,ans_lane_shared,64,72,4718592,4026424,0,1368,4027792,4019382.3568984815,4019382.3568984815
35,fp8_e4m3_sat,key,zstd,64,72,4718592,4033386,0,1368,4034754,4019382.3568984815,4019382.3568984815
35,fp8_e4m3_sat,value,ans_lane,16,288,4718592,3821084,147456,5472,3974012,3816852.334841205,3816852.334841205
35,fp8_e4m3_sat,value,ans_lane,256,36,4718592,3824672,18432,684,3843788,3821574.909949364,3821574.909949364
35,fp8_e4m3_sat,value,ans_lane,64,72,4718592,3824316,36864,1368,3862548,3821029.826099204,3821029.826099204
35,fp8_e4m3_sat,value,ans_lane_shared,16,288,4718592,3828608,0,5472,3834080,3816852.334841205,3816852.334841205
35,fp8_e4m3_sat,value,ans_lane_shared,256,36,4718592,3827612,0,684,3828296,3821574.909949364,3821574.909949364
35,fp8_e4m3_sat,value,ans_lane_shared,64,72,4718592,3827776,0,1368,3829144,3821029.826099204,3821029.826099204
35,fp8_e4m3_sat,value,zstd,64,72,4718592,3832169,0,1368,3833537,3821029.826099204,3821029.826099204
36,bf16,key,ans_lane,16,3456,113246208,77027704,3538944,93312,80659960,76924873.53094071,89257734.19308361
36,bf16,key,ans_lane,256,216,113246208,77086228,221184,5832,77313244,77010647.01018532,89336596.71755113
36,bf16,key,ans_lane,64,864,113246208,77072748,884736,23328,77980812,76991590.1947784,89319204.48230274
36,bf16,key,ans_lane_shared,16,3456,113246208,77130032,0,93312,77223344,76924873.53094071,89257734.19308361
36,bf16,key,ans_lane_shared,256,216,113246208,77103196,0,5832,77109028,77010647.01018532,89336596.71755113
36,bf16,key,ans_lane_shared,64,864,113246208,77108516,0,23328,77131844,76991590.1947784,89319204.48230274
36,bf16,key,ans_raw,64,864,113246208,89323780,442368,16416,89782564,76991590.1947784,89319204.48230274
36,bf16,key,zstd,64,864,113246208,89314629,0,16416,89331045,76991590.1947784,89319204.48230274
36,bf16,value,ans_lane,16,3456,113246208,75942036,3538944,93312,79574292,75838605.79696453,88394340.28596568
36,bf16,value,ans_lane,256,216,113246208,76006028,221184,5832,76233044,75930181.301354,88478564.96199436
36,bf16,value,ans_lane,64,864,113246208,75991352,884736,23328,76899416,75909692.83313678,88459880.6760005
36,bf16,value,ans_lane_shared,16,3456,113246208,76069644,0,93312,76162956,75838605.79696453,88394340.28596568
36,bf16,value,ans_lane_shared,256,216,113246208,76042768,0,5832,76048600,75930181.301354,88478564.96199436
36,bf16,value,ans_lane_shared,64,864,113246208,76048156,0,23328,76071484,75909692.83313678,88459880.6760005
36,bf16,value,ans_raw,64,864,113246208,88464360,442368,16416,88923144,75909692.83313678,88459880.6760005
36,bf16,value,zstd,64,864,113246208,87903955,0,16416,87920371,75909692.83313678,88459880.6760005
36,fp8_e4m3_sat,key,ans_lane,16,3456,56623104,48102824,1769472,65664,49937960,48064812.21255383,48064812.21255383
36,fp8_e4m3_sat,key,ans_lane,256,216,56623104,48151888,110592,4104,48266584,48127880.425141215,48127880.425141215
36,fp8_e4m3_sat,key,ans_lane,64,864,56623104,48138584,442368,16416,48597368,48111616.028995976,48111616.028995976
36,fp8_e4m3_sat,key,ans_lane_shared,16,3456,56623104,48198836,0,65664,48264500,48064812.21255383,48064812.21255383
36,fp8_e4m3_sat,key,ans_lane_shared,256,216,56623104,48185940,0,4104,48190044,48127880.425141215,48127880.425141215
36,fp8_e4m3_sat,key,ans_lane_shared,64,864,56623104,48188540,0,16416,48204956,48111616.028995976,48111616.028995976
36,fp8_e4m3_sat,key,zstd,64,864,56623104,48126945,0,16416,48143361,48111616.028995976,48111616.028995976
36,fp8_e4m3_sat,value,ans_lane,16,3456,56623104,45843200,1769472,65664,47678336,45792497.12026772,45792497.12026772
36,fp8_e4m3_sat,value,ans_lane,256,216,56623104,45886676,110592,4104,46001372,45850341.82606593,45850341.82606593
36,fp8_e4m3_sat,value,ans_lane,64,864,56623104,45875248,442368,16416,46334032,45835780.29706153,45835780.29706153
36,fp8_e4m3_sat,value,ans_lane_shared,16,3456,56623104,45943856,0,65664,46009520,45792497.12026772,45792497.12026772
36,fp8_e4m3_sat,value,ans_lane_shared,256,216,56623104,45930920,0,4104,45935024,45850341.82606593,45850341.82606593
36,fp8_e4m3_sat,value,ans_lane_shared,64,864,56623104,45933464,0,16416,45949880,45835780.29706153,45835780.29706153
36,fp8_e4m3_sat,value,zstd,64,864,56623104,45736186,0,16416,45752602,45835780.29706153,45835780.29706153
37,bf16,key,ans_lane,16,288,9437184,6424848,294912,7776,6727536,6416293.8522759965,7443992.372831708
37,bf16,key,ans_lane,256,36,9437184,6429368,36864,972,6467204,6422922.869910202,7450081.862956687
37,bf16,key,ans_lane,64,72,9437184,6428756,73728,1944,6504428,6421959.218482909,7449194.511928018
37,bf16,key,ans_lane_shared,16,288,9437184,6434132,0,7776,6441908,6416293.8522759965,7443992.372831708
37,bf16,key,ans_lane_shared,256,36,9437184,6432064,0,972,6433036,6422922.869910202,7450081.862956687
37,bf16,key,ans_lane_shared,64,72,9437184,6432376,0,1944,6434320,6421959.218482909,7449194.511928018
37,bf16,key,ans_raw,64,72,9437184,7449580,36864,1368,7487812,6421959.218482909,7449194.511928018
37,bf16,key,zstd,64,72,9437184,7473751,0,1368,7475119,6421959.218482909,7449194.511928018
37,bf16,value,ans_lane,16,288,9437184,6320252,294912,7776,6622940,6311649.255116327,7358579.479121532
37,bf16,value,ans_lane,256,36,9437184,6325224,36864,972,6363060,6318718.487562072,7365090.245055097
37,bf16,value,ans_lane,64,72,9437184,6324556,73728,1944,6400228,6317745.014801571,7364200.672009889
37,bf16,value,ans_lane_shared,16,288,9437184,6335596,0,7776,6343372,6311649.255116327,7358579.479121532
37,bf16,value,ans_lane_shared,256,36,9437184,6333516,0,972,6334488,6318718.487562072,7365090.245055097
37,bf16,value,ans_lane_shared,64,72,9437184,6333832,0,1944,6335776,6317745.014801571,7364200.672009889
37,bf16,value,ans_raw,64,72,9437184,7364588,36864,1368,7402820,6317745.014801571,7364200.672009889
37,bf16,value,zstd,64,72,9437184,7367974,0,1368,7369342,6317745.014801571,7364200.672009889
37,fp8_e4m3_sat,key,ans_lane,16,288,4718592,4016808,147456,5472,4169736,4013655.797229152,4013655.797229152
37,fp8_e4m3_sat,key,ans_lane,256,36,4718592,4020624,18432,684,4039740,4018550.1348122605,4018550.1348122605
37,fp8_e4m3_sat,key,ans_lane,64,72,4718592,4020060,36864,1368,4058292,4017814.1155198556,4017814.1155198556
37,fp8_e4m3_sat,key,ans_lane_shared,16,288,4718592,4025524,0,5472,4030996,4013655.797229152,4013655.797229152
37,fp8_e4m3_sat,key,ans_lane_shared,256,36,4718592,4024500,0,684,4025184,4018550.1348122605,4018550.1348122605
37,fp8_e4m3_sat,key,ans_lane_shared,64,72,4718592,4024664,0,1368,4026032,4017814.1155198556,4017814.1155198556
37,fp8_e4m3_sat,key,zstd,64,72,4718592,4033206,0,1368,4034574,4017814.1155198556,4017814.1155198556
37,fp8_e4m3_sat,value,ans_lane,16,288,4718592,3822016,147456,5472,3974944,3817780.2523785713,3817780.2523785713
37,fp8_e4m3_sat,value,ans_lane,256,36,4718592,3825396,18432,684,3844512,3822278.910796127,3822278.910796127
37,fp8_e4m3_sat,value,ans_lane,64,72,4718592,3824944,36864,1368,3863176,3821653.060616676,3821653.060616676
37,fp8_e4m3_sat,value,ans_lane_shared,16,288,4718592,3830004,0,5472,3835476,3817780.2523785713,3817780.2523785713
37,fp8_e4m3_sat,value,ans_lane_shared,256,36,4718592,3828984,0,684,3829668,3822278.910796127,3822278.910796127
37,fp8_e4m3_sat,value,ans_lane_shared,64,72,4718592,3829140,0,1368,3830508,3821653.060616676,3821653.060616676
37,fp8_e4m3_sat,value,zstd,64,72,4718592,3835226,0,1368,3836594,3821653.060616676,3821653.060616676
38,bf16,key,ans_lane,16,288,9437184,6421180,294912,7776,6723868,6412551.908099038,7440002.907319378
38,bf16,key,ans_lane,256,36,9437184,6425664,36864,972,6463500,6419211.830401925,7446144.727418111
38,bf16,key,ans_lane,64,72,9437184,6425024,73728,1944,6500696,6418270.606665528,7445276.6485756785
38,bf16,key,ans_lane_shared,16,288,9437184,6429644,0,7776,6437420,6412551.908099038,7440002.907319378
38,bf16,key,ans_lane_shared,256,36,9437184,6427636,0,972,6428608,6419211.830401925,7446144.727418111
38,bf16,key,ans_lane_shared,64,72,9437184,6427940,0,1944,6429884,6418270.606665528,7445276.6485756785
38,bf16,key,ans_raw,64,72,9437184,7445668,36864,1368,7483900,6418270.606665528,7445276.6485756785
38,bf16,key,zstd,64,72,9437184,7472424,0,1368,7473792,6418270.606665528,7445276.6485756785
38,bf16,value,ans_lane,16,288,9437184,6321568,294912,7776,6624256,6312942.381843047,7359572.0694704885
38,bf16,value,ans_lane,256,36,9437184,6327292,36864,972,6365128,6320794.279942268,7366816.34223062
38,bf16,value,ans_lane,64,72,9437184,6326332,73728,1944,6402004,6319508.10611857,7365631.7009540545
38,bf16,value,ans_lane_shared,16,288,9437184,6337072,0,7776,6344848,6312942.381843047,7359572.0694704885
38,bf16,value,ans_lane_shared,256,36,9437184,6335044,0,972,6336016,6320794.279942268,7366816.34223062
38,bf16,value,ans_lane_shared,64,72,9437184,6335352,0,1944,6337296,6319508.10611857,7365631.7009540545
38,bf16,value,ans_raw,64,72,9437184,7366000,36864,1368,7404232,6319508.10611857,7365631.7009540545
38,bf16,value,zstd,64,72,9437184,7375267,0,1368,7376635,6319508.10611857,7365631.7009540545
38,fp8_e4m3_sat,key,ans_lane,16,288,4718592,4013560,147456,5472,4166488,4010422.664652149,4010422.664652149
38,fp8_e4m3_sat,key,ans_lane,256,36,4718592,4017348,18432,684,4036464,4015272.5211154,4015272.5211154
38,fp8_e4m3_sat,key,ans_lane,64,72,4718592,4016852,36864,1368,4055084,4014598.78370409,4014598.78370409
38,fp8_e4m3_sat,key,ans_lane_shared,16,288,4718592,4021392,0,5472,4026864,4010422.664652149,4010422.664652149
38,fp8_e4m3_sat,key,ans_lane_shared,256,36,4718592,4020396,0,684,4021080,4015272.5211154,4015272.5211154
38,fp8_e4m3_sat,key,ans_lane_shared,64,72,4718592,4020536,0,1368,4021904,4014598.78370409,4014598.78370409
38,fp8_e4m3_sat,key,zstd,64,72,4718592,4031944,0,1368,4033312,4014598.78370409,4014598.78370409
38,fp8_e4m3_sat,value,ans_lane,16,288,4718592,3822588,147456,5472,3975516,3818368.9420447606,3818368.9420447606
38,fp8_e4m3_sat,value,ans_lane,256,36,4718592,3826920,18432,684,3846036,3823802.0968320016,3823802.0968320016
38,fp8_e4m3_sat,value,ans_lane,64,72,4718592,3826104,36864,1368,3864336,3822814.805673848,3822814.805673848
38,fp8_e4m3_sat,value,ans_lane_shared,16,288,4718592,3830748,0,5472,3836220,3818368.9420447606,3818368.9420447606
38,fp8_e4m3_sat,value,ans_lane_shared,256,36,4718592,3829716,0,684,3830400,3823802.0968320016,3823802.0968320016
38,fp8_e4m3_sat,value,ans_lane_shared,64,72,4718592,3829860,0,1368,3831228,3822814.805673848,3822814.805673848
38,fp8_e4m3_sat,value,zstd,64,72,4718592,3836619,0,1368,3837987,3822814.805673848,3822814.805673848
39,bf16,key,ans_lane,16,3744,122683392,83488648,3833856,101088,87423592,83377240.50614151,96738149.02492552
39,bf16,key,ans_lane,256,252,122683392,83551644,258048,6804,83816496,83469651.76407069,96823018.7564371
39,bf16,key,ans_lane,64,936,122683392,83537808,958464,25272,84521544,83449863.82738426,96804994.47314169
39,bf16,key,ans_lane_shared,16,3744,122683392,83600680,0,101088,83701768,83377240.50614151,96738149.02492552
39,bf16,key,ans_lane_shared,256,252,122683392,83571852,0,6804,83578656,83469651.76407069,96823018.7564371
39,bf16,key,ans_lane_shared,64,936,122683392,83577596,0,25272,83602868,83449863.82738426,96804994.47314169
39,bf16,key,ans_raw,64,936,122683392,96809892,479232,17784,97306908,83449863.82738426,96804994.47314169
39,bf16,key,zstd,64,936,122683392,96822447,0,17784,96840231,83449863.82738426,96804994.47314169
39,bf16,value,ans_lane,16,3744,122683392,82266980,3833856,101088,86201924,82155076.43465549,95757783.19192137
39,bf16,value,ans_lane,256,252,122683392,82336704,258048,6804,82601556,82254424.83756195,95849149.91683023
39,bf16,value,ans_lane,64,936,122683392,82320580,958464,25272,83304316,82232131.86722636,95828828.2841216
39,bf16,value,ans_lane_shared,16,3744,122683392,82403576,0,101088,82504664,82155076.43465549,95757783.19192137
39,bf16,value,ans_lane_shared,256,252,122683392,82374776,0,6804,82381580,82254424.83756195,95849149.91683023
39,bf16,value,ans_lane_shared,64,936,122683392,82380380,0,25272,82405652,82232131.86722636,95828828.2841216
39,bf16,value,ans_raw,64,936,122683392,95833716,479232,17784,96330732,82232131.86722636,95828828.2841216
39,bf16,value,zstd,64,936,122683392,95259907,0,17784,95277691,82232131.86722636,95828828.2841216
39,fp8_e4m3_sat,key,ans_lane,16,3744,61341696,52148360,1916928,71136,54136424,52107356.251114465,52107356.251114465
39,fp8_e4m3_sat,key,ans_lane,256,252,61341696,52201068,129024,4788,52334880,52175049.03470568,52175049.03470568
39,fp8_e4m3_sat,key,ans_lane,64,936,61341696,52187700,479232,17784,52684716,52158535.43404787,52158535.43404787
39,fp8_e4m3_sat,key,ans_lane_shared,16,3744,61341696,52253652,0,71136,52324788,52107356.251114465,52107356.251114465
39,fp8_e4m3_sat,key,ans_lane_shared,256,252,61341696,52239692,0,4788,52244480,52175049.03470568,52175049.03470568
39,fp8_e4m3_sat,key,ans_lane_shared,64,936,61341696,52242364,0,17784,52260148,52158535.43404787,52158535.43404787
39,fp8_e4m3_sat,key,zstd,64,936,61341696,52188356,0,17784,52206140,52158535.43404787,52158535.43404787
39,fp8_e4m3_sat,value,ans_lane,16,3744,61341696,49657884,1916928,71136,51645948,49603018.80930029,49603018.80930029
39,fp8_e4m3_sat,value,ans_lane,256,252,61341696,49705988,129024,4788,49839800,49666476.10176653,49666476.10176653
39,fp8_e4m3_sat,value,ans_lane,64,936,61341696,49693128,479232,17784,50190144,49650362.03704859,49650362.03704859
39,fp8_e4m3_sat,value,ans_lane_shared,16,3744,61341696,49765260,0,71136,49836396,49603018.80930029,49603018.80930029
39,fp8_e4m3_sat,value,ans_lane_shared,256,252,61341696,49751360,0,4788,49756148,49666476.10176653,49666476.10176653
39,fp8_e4m3_sat,value,ans_lane_shared,64,936,61341696,49754084,0,17784,49771868,49650362.03704859,49650362.03704859
39,fp8_e4m3_sat,value,zstd,64,936,61341696,49558486,0,17784,49576270,49650362.03704859,49650362.03704859
4,bf16,key,ans_lane,16,288,9437184,6434196,294912,7776,6736884,6425610.723085969,7453619.613450261
4,bf16,key,ans_lane,256,36,9437184,6438740,36864,972,6476576,6432305.26940175,7459769.081841042
4,bf16,key,ans_lane,64,72,9437184,6438048,73728,1944,6513720,6431276.792361879,7458831.830406988
4,bf16,key,ans_lane_shared,16,288,9437184,6444112,0,7776,6451888,6425610.723085969,7453619.613450261
4,bf16,key,ans_lane_shared,256,36,9437184,6442020,0,972,6442992,6432305.26940175,7459769.081841042
4,bf16,key,ans_lane_shared,64,72,9437184,6442288,0,1944,6444232,6431276.792361879,7458831.830406988
4,bf16,key,ans_raw,64,72,9437184,7459220,36864,1368,7497452,6431276.792361879,7458831.830406988
4,bf16,key,zstd,64,72,9437184,7471045,0,1368,7472413,6431276.792361879,7458831.830406988
4,bf16,value,ans_lane,16,288,9437184,6316336,294912,7776,6619024,6307710.2695808625,7355040.247660548
4,bf16,value,ans_lane,256,36,9437184,6321988,36864,972,6359824,6315496.011413126,7362239.742457634
4,bf16,value,ans_lane,64,72,9437184,6321280,73728,1944,6396952,6314437.70337534,7361267.630427636
4,bf16,value,ans_lane_shared,16,288,9437184,6332432,0,7776,6340208,6307710.2695808625,7355040.247660548
4,bf16,value,ans_lane_shared,256,36,9437184,6330372,0,972,6331344,6315496.011413126,7362239.742457634
4,bf16,value,ans_lane_shared,64,72,9437184,6330704,0,1944,6332648,6314437.70337534,7361267.630427636
4,bf16,value,ans_raw,64,72,9437184,7361636,36864,1368,7399868,6314437.70337534,7361267.630427636
4,bf16,value,zstd,64,72,9437184,7344468,0,1368,7345836,6314437.70337534,7361267.630427636
4,fp8_e4m3_sat,key,ans_lane,16,288,4718592,4015320,147456,5472,4168248,4012147.904128168,4012147.904128168
4,fp8_e4m3_sat,key,ans_lane,256,36,4718592,4019128,18432,684,4038244,4017058.718516654,4017058.718516654
4,fp8_e4m3_sat,key,ans_lane,64,72,4718592,4018504,36864,1368,4056736,4016281.743949814,4016281.743949814
4,fp8_e4m3_sat,key,ans_lane_shared,16,288,4718592,4023400,0,5472,4028872,4012147.904128168,4012147.904128168
4,fp8_e4m3_sat,key,ans_lane_shared,256,36,4718592,4022376,0,684,4023060,4017058.718516654,4017058.718516654
4,fp8_e4m3_sat,key,ans_lane_shared,64,72,4718592,4022520,0,1368,4023888,4016281.743949814,4016281.743949814
4,fp8_e4m3_sat,key,zstd,64,72,4718592,4025464,0,1368,4026832,4016281.743949814,4016281.743949814
4,fp8_e4m3_sat,value,ans_lane,16,288,4718592,3815248,147456,5472,3968176,3811013.2201610776,3811013.2201610776
4,fp8_e4m3_sat,value,ans_lane,256,36,4718592,3819496,18432,684,3838612,3816370.694025573,3816370.694025573
4,fp8_e4m3_sat,value,ans_lane,64,72,4718592,3818940,36864,1368,3857172,3815669.9043991165,3815669.9043991165
4,fp8_e4m3_sat,value,ans_lane_shared,16,288,4718592,3824164,0,5472,3829636,3811013.2201610776,3811013.2201610776
4,fp8_e4m3_sat,value,ans_lane_shared,256,36,4718592,3823176,0,684,3823860,3816370.694025573,3816370.694025573
4,fp8_e4m3_sat,value,ans_lane_shared,64,72,4718592,3823320,0,1368,3824688,3815669.9043991165,3815669.9043991165
4,fp8_e4m3_sat,value,zstd,64,72,4718592,3821059,0,1368,3822427,3815669.9043991165,3815669.9043991165
40,bf16,key,ans_lane,16,144,4718592,3212480,147456,3888,3363824,3208181.2644017166,3721903.266254283
40,bf16,key,ans_lane,256,36,4718592,3214352,36864,972,3252188,3210958.1636944786,3724453.0034183096
40,bf16,key,ans_lane,64,36,4718592,3214352,36864,972,3252188,3210958.1636944786,3724453.0034183096
40,bf16,key,ans_lane_shared,16,144,4718592,3217056,0,3888,3220944,3208181.2644017166,3721903.266254283
40,bf16,key,ans_lane_shared,256,36,4718592,3216160,0,972,3217132,3210958.1636944786,3724453.0034183096
40,bf16,key,ans_lane_shared,64,36,4718592,3216160,0,972,3217132,3210958.1636944786,3724453.0034183096
40,bf16,key,ans_raw,64,36,4718592,3724640,18432,684,3743756,3210958.1636944786,3724453.0034183096
40,bf16,key,zstd,64,36,4718592,3733402,0,684,3734086,3210958.1636944786,3724453.0034183096
40,bf16,value,ans_lane,16,144,4718592,3160548,147456,3888,3311892,3156280.710460192,3679655.473096012
40,bf16,value,ans_lane,256,36,4718592,3162764,36864,972,3200600,3159342.6948606702,3682490.3719889633
40,bf16,value,ans_lane,64,36,4718592,3162764,36864,972,3200600,3159342.6948606702,3682490.3719889633
40,bf16,value,ans_lane_shared,16,144,4718592,3168264,0,3888,3172152,3156280.710460192,3679655.473096012
40,bf16,value,ans_lane_shared,256,36,4718592,3167356,0,972,3168328,3159342.6948606702,3682490.3719889633
40,bf16,value,ans_lane_shared,64,36,4718592,3167356,0,972,3168328,3159342.6948606702,3682490.3719889633
40,bf16,value,ans_raw,64,36,4718592,3682680,18432,684,3701796,3159342.6948606702,3682490.3719889633
40,bf16,value,zstd,64,36,4718592,3682055,0,684,3682739,3159342.6948606702,3682490.3719889633
40,fp8_e4m3_sat,key,ans_lane,16,144,2359296,2009140,73728,2736,2085604,2007555.0363177347,2007555.0363177347
40,fp8_e4m3_sat,key,ans_lane,256,36,2359296,2010672,18432,684,2029788,2009556.084689771,2009556.084689771
40,fp8_e4m3_sat,key,ans_lane,64,36,2359296,2010672,18432,684,2029788,2009556.084689771,2009556.084689771
40,fp8_e4m3_sat,key,ans_lane_shared,16,144,2359296,2013488,0,2736,2016224,2007555.0363177347,2007555.0363177347
40,fp8_e4m3_sat,key,ans_lane_shared,256,36,2359296,2013060,0,684,2013744,2009556.084689771,2009556.084689771
40,fp8_e4m3_sat,key,ans_lane_shared,64,36,2359296,2013060,0,684,2013744,2009556.084689771,2009556.084689771
40,fp8_e4m3_sat,key,zstd,64,36,2359296,2017101,0,684,2017785,2009556.084689771,2009556.084689771
40,fp8_e4m3_sat,value,ans_lane,16,144,2359296,1911384,73728,2736,1987848,1909303.3245841046,1909303.3245841046
40,fp8_e4m3_sat,value,ans_lane,256,36,2359296,1912824,18432,684,1931940,1911162.4148356752,1911162.4148356752
40,fp8_e4m3_sat,value,ans_lane,64,36,2359296,1912824,18432,684,1931940,1911162.4148356752,1911162.4148356752
40,fp8_e4m3_sat,value,ans_lane_shared,16,144,2359296,1915248,0,2736,1917984,1909303.3245841046,1909303.3245841046
40,fp8_e4m3_sat,value,ans_lane_shared,256,36,2359296,1914808,0,684,1915492,1911162.4148356752,1911162.4148356752
40,fp8_e4m3_sat,value,ans_lane_shared,64,36,2359296,1914808,0,684,1915492,1911162.4148356752,1911162.4148356752
40,fp8_e4m3_sat,value,zstd,64,36,2359296,1916729,0,684,1917413,1911162.4148356752,1911162.4148356752
41,bf16,key,ans_lane,16,3600,117964800,80248852,3686400,97200,84032452,80141788.64282563,92987864.6594637
41,bf16,key,ans_lane,256,252,117964800,80309424,258048,6804,80574276,80230431.62823306,93069373.40454979
41,bf16,key,ans_lane,64,900,117964800,80296472,921600,24300,81242372,80211942.64955221,93052488.35695231
41,bf16,key,ans_lane_shared,16,3600,117964800,80354764,0,97200,80451964,80141788.64282563,92987864.6594637
41,bf16,key,ans_lane_shared,256,252,117964800,80327104,0,6804,80333908,80230431.62823306,93069373.40454979
41,bf16,key,ans_lane_shared,64,900,117964800,80332392,0,24300,80356692,80211942.64955221,93052488.35695231
41,bf16,key,ans_raw,64,900,117964800,93057280,460800,17100,93535180,80211942.64955221,93052488.35695231
41,bf16,key,zstd,64,900,117964800,93065935,0,17100,93083035,80211942.64955221,93052488.35695231
41,bf16,value,ans_lane,16,3600,117964800,79109392,3686400,97200,82892992,79002033.30772522,92080966.88745709
41,bf16,value,ans_lane,256,252,117964800,79175616,258048,6804,79440468,79096409.28867985,92167678.73370221
41,bf16,value,ans_lane,64,900,117964800,79161276,921600,24300,80107176,79076361.38941665,92149407.63688034
41,bf16,value,ans_lane_shared,16,3600,117964800,79241408,0,97200,79338608,79002033.30772522,92080966.88745709
41,bf16,value,ans_lane_shared,256,252,117964800,79213700,0,6804,79220504,79096409.28867985,92167678.73370221
41,bf16,value,ans_lane_shared,64,900,117964800,79219004,0,24300,79243304,79076361.38941665,92149407.63688034
41,bf16,value,ans_raw,64,900,117964800,92154144,460800,17100,92632044,79076361.38941665,92149407.63688034
41,bf16,value,zstd,64,900,117964800,91602742,0,17100,91619842,79076361.38941665,92149407.63688034
41,fp8_e4m3_sat,key,ans_lane,16,3600,58982400,50116520,1843200,68400,52028120,50077140.175304785,50077140.175304785
41,fp8_e4m3_sat,key,ans_lane,256,252,58982400,50167480,129024,4788,50301292,50142419.27644521,50142419.27644521
41,fp8_e4m3_sat,key,ans_lane,64,900,58982400,50155276,460800,17100,50633176,50127269.346176036,50127269.346176036
41,fp8_e4m3_sat,key,ans_lane_shared,16,3600,58982400,50216412,0,68400,50284812,50077140.175304785,50077140.175304785
41,fp8_e4m3_sat,key,ans_lane_shared,256,252,58982400,50203056,0,4788,50207844,50142419.27644521,50142419.27644521
41,fp8_e4m3_sat,key,ans_lane_shared,64,900,58982400,50205652,0,17100,50222752,50127269.346176036,50127269.346176036
41,fp8_e4m3_sat,key,zstd,64,900,58982400,50149356,0,17100,50166456,50127269.346176036,50127269.346176036
41,fp8_e4m3_sat,value,ans_lane,16,3600,58982400,47753488,1843200,68400,49665088,47700825.58257709,47700825.58257709
41,fp8_e4m3_sat,value,ans_lane,256,252,58982400,47798312,129024,4788,47932124,47760282.73941295,47760282.73941295
41,fp8_e4m3_sat,value,ans_lane,64,900,58982400,47787504,460800,17100,48265404,47746355.3220246,47746355.3220246
41,fp8_e4m3_sat,value,ans_lane_shared,16,3600,58982400,47857528,0,68400,47925928,47700825.58257709,47700825.58257709
41,fp8_e4m3_sat,value,ans_lane_shared,256,252,58982400,47844100,0,4788,47848888,47760282.73941295,47760282.73941295
41,fp8_e4m3_sat,value,ans_lane_shared,64,900,58982400,47846688,0,17100,47863788,47746355.3220246,47746355.3220246
41,fp8_e4m3_sat,value,zstd,64,900,58982400,47654715,0,17100,47671815,47746355.3220246,47746355.3220246
42,bf16,key,ans_lane,16,144,4718592,3213940,147456,3888,3365284,3209645.5012551243,3723037.5504285637
42,bf16,key,ans_lane,256,36,4718592,3215868,36864,972,3253704,3212481.9948753864,3725652.069123893
42,bf16,key,ans_lane,64,36,4718592,3215868,36864,972,3253704,3212481.9948753864,3725652.069123893
42,bf16,key,ans_lane_shared,16,144,4718592,3218576,0,3888,3222464,3209645.5012551243,3723037.5504285637
42,bf16,key,ans_lane_shared,256,36,4718592,3217684,0,972,3218656,3212481.9948753864,3725652.069123893
42,bf16,key,ans_lane_shared,64,36,4718592,3217684,0,972,3218656,3212481.9948753864,3725652.069123893
42,bf16,key,ans_raw,64,36,4718592,3725836,18432,684,3744952,3212481.9948753864,3725652.069123893
42,bf16,key,zstd,64,36,4718592,3735902,0,684,3736586,3212481.9948753864,3725652.069123893
42,bf16,value,ans_lane,16,144,4718592,3161016,147456,3888,3312360,3156685.3030157485,3679884.539150738
42,bf16,value,ans_lane,256,36,4718592,3163064,36864,972,3200900,3159671.9154184214,3682639.662893547
42,bf16,value,ans_lane,64,36,4718592,3163064,36864,972,3200900,3159671.9154184214,3682639.662893547
42,bf16,value,ans_lane_shared,16,144,4718592,3168676,0,3888,3172564,3156685.3030157485,3679884.539150738
42,bf16,value,ans_lane_shared,256,36,4718592,3167768,0,972,3168740,3159671.9154184214,3682639.662893547
42,bf16,value,ans_lane_shared,64,36,4718592,3167768,0,972,3168740,3159671.9154184214,3682639.662893547
42,bf16,value,ans_raw,64,36,4718592,3682836,18432,684,3701952,3159671.9154184214,3682639.662893547
42,bf16,value,zstd,64,36,4718592,3681563,0,684,3682247,3159671.9154184214,3682639.662893547
42,fp8_e4m3_sat,key,ans_lane,16,144,2359296,2010464,73728,2736,2086928,2008854.6046677574,2008854.6046677574
42,fp8_e4m3_sat,key,ans_lane,256,36,2359296,2012084,18432,684,2031200,2010965.7542726586,2010965.7542726586
42,fp8_e4m3_sat,key,ans_lane,64,36,2359296,2012084,18432,684,2031200,2010965.7542726586,2010965.7542726586
42,fp8_e4m3_sat,key,ans_lane_shared,16,144,2359296,2014924,0,2736,2017660,2008854.6046677574,2008854.6046677574
42,fp8_e4m3_sat,key,ans_lane_shared,256,36,2359296,2014508,0,684,2015192,2010965.7542726586,2010965.7542726586
42,fp8_e4m3_sat,key,ans_lane_shared,64,36,2359296,2014508,0,684,2015192,2010965.7542726586,2010965.7542726586
42,fp8_e4m3_sat,key,zstd,64,36,2359296,2018863,0,684,2019547,2010965.7542726586,2010965.7542726586
42,fp8_e4m3_sat,value,ans_lane,16,144,2359296,1912160,73728,2736,1988624,1910042.7851306095,1910042.7851306095
42,fp8_e4m3_sat,value,ans_lane,256,36,2359296,1913536,18432,684,1932652,1911899.104078063,1911899.104078063
42,fp8_e4m3_sat,value,ans_lane,64,36,2359296,1913536,18432,684,1932652,1911899.104078063,1911899.104078063
42,fp8_e4m3_sat,value,ans_lane_shared,16,144,2359296,1916148,0,2736,1918884,1910042.7851306095,1910042.7851306095
42,fp8_e4m3_sat,value,ans_lane_shared,256,36,2359296,1915696,0,684,1916380,1911899.104078063,1911899.104078063
42,fp8_e4m3_sat,value,ans_lane_shared,64,36,2359296,1915696,0,684,1916380,1911899.104078063,1911899.104078063
42,fp8_e4m3_sat,value,zstd,64,36,2359296,1917505,0,684,1918189,1911899.104078063,1911899.104078063
43,bf16,key,ans_lane,16,432,14155776,9640824,442368,11664,10094856,9627982.631146463,11169191.52819909
43,bf16,key,ans_lane,256,36,14155776,9647948,36864,972,9685784,9638426.896200912,11178803.089881439
43,bf16,key,ans_lane,64,108,14155776,9646484,110592,2916,9759992,9636358.279037919,11176910.150100552
43,bf16,key,ans_lane_shared,16,432,14155776,9653852,0,11664,9665516,9627982.631146463,11169191.52819909
43,bf16,key,ans_lane_shared,256,36,14155776,9650616,0,972,9651588,9638426.896200912,11178803.089881439
43,bf16,key,ans_lane_shared,64,108,14155776,9651228,0,2916,9654144,9636358.279037919,11176910.150100552
43,bf16,key,ans_raw,64,108,14155776,11177468,55296,2052,11234816,9636358.279037919,11176910.150100552
43,bf16,key,zstd,64,108,14155776,11202435,0,2052,11204487,9636358.279037919,11176910.150100552
43,bf16,value,ans_lane,16,432,14155776,9489560,442368,11664,9943592,9476628.085776396,11045824.656217996
43,bf16,value,ans_lane,256,36,14155776,9498572,36864,972,9536408,9489025.473355252,11057217.578244941
43,bf16,value,ans_lane,64,108,14155776,9496100,110592,2916,9609608,9485924.326501504,11054391.742073292
43,bf16,value,ans_lane_shared,16,432,14155776,9505336,0,11664,9517000,9476628.085776396,11045824.656217996
43,bf16,value,ans_lane_shared,256,36,14155776,9502024,0,972,9502996,9489025.473355252,11057217.578244941
43,bf16,value,ans_lane_shared,64,108,14155776,9502616,0,2916,9505532,9485924.326501504,11054391.742073292
43,bf16,value,ans_raw,64,108,14155776,11054964,55296,2052,11112312,9485924.326501504,11054391.742073292
43,bf16,value,zstd,64,108,14155776,11031375,0,2052,11033427,9485924.326501504,11054391.742073292
43,fp8_e4m3_sat,key,ans_lane,16,432,7077888,6026432,221184,8208,6255824,6021711.0131061915,6021711.0131061915
43,fp8_e4m3_sat,key,ans_lane,256,36,7077888,6032428,18432,684,6051544,6029397.814991515,6029397.814991515
43,fp8_e4m3_sat,key,ans_lane,64,108,7077888,6031044,55296,2052,6088392,6027698.461120791,6027698.461120791
43,fp8_e4m3_sat,key,ans_lane_shared,16,432,7077888,6038640,0,8208,6046848,6021711.0131061915,6021711.0131061915
43,fp8_e4m3_sat,key,ans_lane_shared,256,36,7077888,6037028,0,684,6037712,6029397.814991515,6029397.814991515
43,fp8_e4m3_sat,key,ans_lane_shared,64,108,7077888,6037312,0,2052,6039364,6027698.461120791,6027698.461120791
43,fp8_e4m3_sat,key,zstd,64,108,7077888,6047829,0,2052,6049881,6027698.461120791,6027698.461120791
43,fp8_e4m3_sat,value,ans_lane,16,432,7077888,5733616,221184,8208,5963008,5727284.496273879,5727284.496273879
43,fp8_e4m3_sat,value,ans_lane,256,36,7077888,5740520,18432,684,5759636,5735935.79349702,5735935.79349702
43,fp8_e4m3_sat,value,ans_lane,64,108,7077888,5738200,55296,2052,5795548,5733256.442307801,5733256.442307801
43,fp8_e4m3_sat,value,ans_lane_shared,16,432,7077888,5745904,0,8208,5754112,5727284.496273879,5727284.496273879
43,fp8_e4m3_sat,value,ans_lane_shared,256,36,7077888,5744340,0,684,5745024,5735935.79349702,5735935.79349702
43,fp8_e4m3_sat,value,ans_lane_shared,64,108,7077888,5744596,0,2052,5746648,5733256.442307801,5733256.442307801
43,fp8_e4m3_sat,value,zstd,64,108,7077888,5741995,0,2052,5744047,5733256.442307801,5733256.442307801
5,bf16,key,ans_lane,16,288,9437184,6432820,294912,7776,6735508,6424321.15440833,7452338.196847501
5,bf16,key,ans_lane,256,36,9437184,6437424,36864,972,6475260,6430976.236510544,7458457.650763466
5,bf16,key,ans_lane,64,72,9437184,6436800,73728,1944,6512472,6430041.317998732,7457597.763340559
5,bf16,key,ans_lane_shared,16,288,9437184,6442288,0,7776,6450064,6424321.15440833,7452338.196847501
5,bf16,key,ans_lane_shared,256,36,9437184,6440204,0,972,6441176,6430976.236510544,7458457.650763466
5,bf16,key,ans_lane_shared,64,72,9437184,6440492,0,1944,6442436,6430041.317998732,7457597.763340559
5,bf16,key,ans_raw,64,72,9437184,7457972,36864,1368,7496204,6430041.317998732,7457597.763340559
5,bf16,key,zstd,64,72,9437184,7477602,0,1368,7478970,6430041.317998732,7457597.763340559
5,bf16,value,ans_lane,16,288,9437184,6317884,294912,7776,6620572,6309254.468291385,7356196.147463193
5,bf16,value,ans_lane,256,36,9437184,6323172,36864,972,6361008,6316657.685185373,7363041.431304138
5,bf16,value,ans_lane,64,72,9437184,6322512,73728,1944,6398184,6315697.689213835,7362159.561812044
5,bf16,value,ans_lane_shared,16,288,9437184,6333996,0,7776,6341772,6309254.468291385,7356196.147463193
5,bf16,value,ans_lane_shared,256,36,9437184,6331940,0,972,6332912,6316657.685185373,7363041.431304138
5,bf16,value,ans_lane_shared,64,72,9437184,6332248,0,1944,6334192,6315697.689213835,7362159.561812044
5,bf16,value,ans_raw,64,72,9437184,7362532,36864,1368,7400764,6315697.689213835,7362159.561812044
5,bf16,value,zstd,64,72,9437184,7360080,0,1368,7361448,6315697.689213835,7362159.561812044
5,fp8_e4m3_sat,key,ans_lane,16,288,4718592,4013096,147456,5472,4166024,4009928.9307474596,4009928.9307474596
5,fp8_e4m3_sat,key,ans_lane,256,36,4718592,4016960,18432,684,4036076,4014889.646737944,4014889.646737944
5,fp8_e4m3_sat,key,ans_lane,64,72,4718592,4016428,36864,1368,4054660,4014194.9649355104,4014194.9649355104
5,fp8_e4m3_sat,key,ans_lane_shared,16,288,4718592,4020868,0,5472,4026340,4009928.9307474596,4009928.9307474596
5,fp8_e4m3_sat,key,ans_lane_shared,256,36,4718592,4019852,0,684,4020536,4014889.646737944,4014889.646737944
5,fp8_e4m3_sat,key,ans_lane_shared,64,72,4718592,4019996,0,1368,4021364,4014194.9649355104,4014194.9649355104
5,fp8_e4m3_sat,key,zstd,64,72,4718592,4028305,0,1368,4029673,4014194.9649355104,4014194.9649355104
5,fp8_e4m3_sat,value,ans_lane,16,288,4718592,3814208,147456,5472,3967136,3809995.8326074737,3809995.8326074737
5,fp8_e4m3_sat,value,ans_lane,256,36,4718592,3818012,18432,684,3837128,3814900.593833567,3814900.593833567
5,fp8_e4m3_sat,value,ans_lane,64,72,4718592,3817648,36864,1368,3855880,3814350.077154142,3814350.077154142
5,fp8_e4m3_sat,value,ans_lane_shared,16,288,4718592,3823100,0,5472,3828572,3809995.8326074737,3809995.8326074737
5,fp8_e4m3_sat,value,ans_lane_shared,256,36,4718592,3822068,0,684,3822752,3814900.593833567,3814900.593833567
5,fp8_e4m3_sat,value,ans_lane_shared,64,72,4718592,3822244,0,1368,3823612,3814350.077154142,3814350.077154142
5,fp8_e4m3_sat,value,zstd,64,72,4718592,3825953,0,1368,3827321,3814350.077154142,3814350.077154142
6,bf16,key,ans_lane,16,288,9437184,6429120,294912,7776,6731808,6420596.635353694,7448849.578449623
6,bf16,key,ans_lane,256,36,9437184,6433704,36864,972,6471540,6427257.308256448,7454957.309770741
6,bf16,key,ans_lane,64,72,9437184,6433076,73728,1944,6508748,6426313.1632996425,7454094.859253629
6,bf16,key,ans_lane_shared,16,288,9437184,6438672,0,7776,6446448,6420596.635353694,7448849.578449623
6,bf16,key,ans_lane_shared,256,36,9437184,6436524,0,972,6437496,6427257.308256448,7454957.309770741
6,bf16,key,ans_lane_shared,64,72,9437184,6436848,0,1944,6438792,6426313.1632996425,7454094.859253629
6,bf16,key,ans_raw,64,72,9437184,7454480,36864,1368,7492712,6426313.1632996425,7454094.859253629
6,bf16,key,zstd,64,72,9437184,7480327,0,1368,7481695,6426313.1632996425,7454094.859253629
6,bf16,value,ans_lane,16,288,9437184,6316028,294912,7776,6618716,6307390.100411427,7354882.892753801
6,bf16,value,ans_lane,256,36,9437184,6321624,36864,972,6359460,6315130.015122277,7362043.393862368
6,bf16,value,ans_lane,64,72,9437184,6320904,73728,1944,6396576,6314110.56188226,7361108.760909083
6,bf16,value,ans_lane_shared,16,288,9437184,6331828,0,7776,6339604,6307390.100411427,7354882.892753801
6,bf16,value,ans_lane_shared,256,36,9437184,6329760,0,972,6330732,6315130.015122277,7362043.393862368
6,bf16,value,ans_lane_shared,64,72,9437184,6330064,0,1944,6332008,6314110.56188226,7361108.760909083
6,bf16,value,ans_raw,64,72,9437184,7361484,36864,1368,7399716,6314110.56188226,7361108.760909083
6,bf16,value,zstd,64,72,9437184,7373908,0,1368,7375276,6314110.56188226,7361108.760909083
6,fp8_e4m3_sat,key,ans_lane,16,288,4718592,4010000,147456,5472,4162928,4006814.1838590205,4006814.1838590205
6,fp8_e4m3_sat,key,ans_lane,256,36,4718592,4013872,18432,684,4032988,4011796.238083475,4011796.238083475
6,fp8_e4m3_sat,key,ans_lane,64,72,4718592,4013336,36864,1368,4051568,4011106.140009282,4011106.140009282
6,fp8_e4m3_sat,key,ans_lane_shared,16,288,4718592,4017960,0,5472,4023432,4006814.1838590205,4006814.1838590205
6,fp8_e4m3_sat,key,ans_lane_shared,256,36,4718592,4016928,0,684,4017612,4011796.238083475,4011796.238083475
6,fp8_e4m3_sat,key,ans_lane_shared,64,72,4718592,4017080,0,1368,4018448,4011106.140009282,4011106.140009282
6,fp8_e4m3_sat,key,zstd,64,72,4718592,4029489,0,1368,4030857,4011106.140009282,4011106.140009282
6,fp8_e4m3_sat,value,ans_lane,16,288,4718592,3817460,147456,5472,3970388,3813240.558039925,3813240.558039925
6,fp8_e4m3_sat,value,ans_lane,256,36,4718592,3821676,18432,684,3840792,3818558.3375629876,3818558.3375629876
6,fp8_e4m3_sat,value,ans_lane,64,72,4718592,3821196,36864,1368,3859428,3817910.8575286833,3817910.8575286833
6,fp8_e4m3_sat,value,ans_lane_shared,16,288,4718592,3826156,0,5472,3831628,3813240.558039925,3813240.558039925
6,fp8_e4m3_sat,value,ans_lane_shared,256,36,4718592,3825160,0,684,3825844,3818558.3375629876,3818558.3375629876
6,fp8_e4m3_sat,value,ans_lane_shared,64,72,4718592,3825284,0,1368,3826652,3817910.8575286833,3817910.8575286833
6,fp8_e4m3_sat,value,zstd,64,72,4718592,3833189,0,1368,3834557,3817910.8575286833,3817910.8575286833
7,bf16,key,ans_lane,16,288,9437184,6426160,294912,7776,6728848,6417627.039333451,7445774.216839853
7,bf16,key,ans_lane,256,36,9437184,6430900,36864,972,6468736,6424459.065917016,7452061.326339946
7,bf16,key,ans_lane,64,72,9437184,6430132,73728,1944,6505804,6423370.582153104,7451068.686487955
7,bf16,key,ans_lane_shared,16,288,9437184,6435972,0,7776,6443748,6417627.039333451,7445774.216839853
7,bf16,key,ans_lane_shared,256,36,9437184,6433868,0,972,6434840,6424459.065917016,7452061.326339946
7,bf16,key,ans_lane_shared,64,72,9437184,6434188,0,1944,6436132,6423370.582153104,7451068.686487955
7,bf16,key,ans_raw,64,72,9437184,7451436,36864,1368,7489668,6423370.582153104,7451068.686487955
7,bf16,key,zstd,64,72,9437184,7466111,0,1368,7467479,6423370.582153104,7451068.686487955
7,bf16,value,ans_lane,16,288,9437184,6320288,294912,7776,6622976,6311651.49388176,7358662.618603328
7,bf16,value,ans_lane,256,36,9437184,6327476,36864,972,6365312,6320993.235117246,7367247.099963056
7,bf16,value,ans_lane,64,72,9437184,6324832,73728,1944,6400504,6318024.8622138,7364531.807117575
7,bf16,value,ans_lane_shared,16,288,9437184,6337800,0,7776,6345576,6311651.49388176,7358662.618603328
7,bf16,value,ans_lane_shared,256,36,9437184,6335772,0,972,6336744,6320993.235117246,7367247.099963056
7,bf16,value,ans_lane_shared,64,72,9437184,6336064,0,1944,6338008,6318024.8622138,7364531.807117575
7,bf16,value,ans_raw,64,72,9437184,7364916,36864,1368,7403148,6318024.8622138,7364531.807117575
7,bf16,value,zstd,64,72,9437184,7351207,0,1368,7352575,6318024.8622138,7364531.807117575
7,fp8_e4m3_sat,key,ans_lane,16,288,4718592,4008632,147456,5472,4161560,4005486.6879995745,4005486.6879995745
7,fp8_e4m3_sat,key,ans_lane,256,36,4718592,4012772,18432,684,4031888,4010691.8313809396,4010691.8313809396
7,fp8_e4m3_sat,key,ans_lane,64,72,4718592,4011976,36864,1368,4050208,4009738.6721196086,4009738.6721196086
7,fp8_e4m3_sat,key,ans_lane_shared,16,288,4718592,4016988,0,5472,4022460,4005486.6879995745,4005486.6879995745
7,fp8_e4m3_sat,key,ans_lane_shared,256,36,4718592,4015984,0,684,4016668,4010691.8313809396,4010691.8313809396
7,fp8_e4m3_sat,key,ans_lane_shared,64,72,4718592,4016108,0,1368,4017476,4009738.6721196086,4009738.6721196086
7,fp8_e4m3_sat,key,zstd,64,72,4718592,4019820,0,1368,4021188,4009738.6721196086,4009738.6721196086
7,fp8_e4m3_sat,value,ans_lane,16,288,4718592,3820716,147456,5472,3973644,3816511.4468703223,3816511.4468703223
7,fp8_e4m3_sat,value,ans_lane,256,36,4718592,3826952,18432,684,3846068,3823876.4272264657,3823876.4272264657
7,fp8_e4m3_sat,value,ans_lane,64,72,4718592,3823984,36864,1368,3862216,3820746.8738507163,3820746.8738507163
7,fp8_e4m3_sat,value,ans_lane_shared,16,288,4718592,3831400,0,5472,3836872,3816511.4468703223,3816511.4468703223
7,fp8_e4m3_sat,value,ans_lane_shared,256,36,4718592,3830400,0,684,3831084,3823876.4272264657,3823876.4272264657
7,fp8_e4m3_sat,value,ans_lane_shared,64,72,4718592,3830536,0,1368,3831904,3820746.8738507163,3820746.8738507163
7,fp8_e4m3_sat,value,zstd,64,72,4718592,3826548,0,1368,3827916,3820746.8738507163,3820746.8738507163
8,bf16,key,ans_lane,16,288,9437184,6430548,294912,7776,6733236,6421958.242679651,7449903.919910724
8,bf16,key,ans_lane,256,36,9437184,6435064,36864,972,6472900,6428604.751040755,7456010.715819041
8,bf16,key,ans_lane,64,72,9437184,6434388,73728,1944,6510060,6427619.432047455,7455108.895118989
8,bf16,key,ans_lane_shared,16,288,9437184,6440188,0,7776,6447964,6421958.242679651,7449903.919910724
8,bf16,key,ans_lane_shared,256,36,9437184,6438148,0,972,6439120,6428604.751040755,7456010.715819041
8,bf16,key,ans_lane_shared,64,72,9437184,6438412,0,1944,6440356,6427619.432047455,7455108.895118989
8,bf16,key,ans_raw,64,72,9437184,7455496,36864,1368,7493728,6427619.432047455,7455108.895118989
8,bf16,key,zstd,64,72,9437184,7465179,0,1368,7466547,6427619.432047455,7455108.895118989
8,bf16,value,ans_lane,16,288,9437184,6318784,294912,7776,6621472,6310147.126047012,7357435.715423092
8,bf16,value,ans_lane,256,36,9437184,6324772,36864,972,6362608,6318281.674733746,7364931.415874126
8,bf16,value,ans_lane,64,72,9437184,6324096,73728,1944,6399768,6317270.361401398,7363996.4175093435
8,bf16,value,ans_lane_shared,16,288,9437184,6334424,0,7776,6342200,6310147.126047012,7357435.715423092
8,bf16,value,ans_lane_shared,256,36,9437184,6332344,0,972,6333316,6318281.674733746,7364931.415874126
8,bf16,value,ans_lane_shared,64,72,9437184,6332636,0,1944,6334580,6317270.361401398,7363996.4175093435
8,bf16,value,ans_raw,64,72,9437184,7364380,36864,1368,7402612,6317270.361401398,7363996.4175093435
8,bf16,value,zstd,64,72,9437184,7340777,0,1368,7342145,6317270.361401398,7363996.4175093435
8,fp8_e4m3_sat,key,ans_lane,16,288,4718592,4012636,147456,5472,4165564,4009495.7896404034,4009495.7896404034
8,fp8_e4m3_sat,key,ans_lane,256,36,4718592,4016436,18432,684,4035552,4014370.6952695823,4014370.6952695823
8,fp8_e4m3_sat,key,ans_lane,64,72,4718592,4015860,36864,1368,4054092,4013621.2723395675,4013621.2723395675
8,fp8_e4m3_sat,key,ans_lane_shared,16,288,4718592,4020764,0,5472,4026236,4009495.7896404034,4009495.7896404034
8,fp8_e4m3_sat,key,ans_lane_shared,256,36,4718592,4019768,0,684,4020452,4014370.6952695823,4014370.6952695823
8,fp8_e4m3_sat,key,ans_lane_shared,64,72,4718592,4019912,0,1368,4021280,4013621.2723395675,4013621.2723395675
8,fp8_e4m3_sat,key,zstd,64,72,4718592,4021174,0,1368,4022542,4013621.2723395675,4013621.2723395675
8,fp8_e4m3_sat,value,ans_lane,16,288,4718592,3819008,147456,5472,3971936,3814777.76536618,3814777.76536618
8,fp8_e4m3_sat,value,ans_lane,256,36,4718592,3823724,18432,684,3842840,3820622.8469052915,3820622.8469052915
8,fp8_e4m3_sat,value,ans_lane,64,72,4718592,3823240,36864,1368,3861472,3819976.452375591,3819976.452375591
8,fp8_e4m3_sat,value,ans_lane_shared,16,288,4718592,3827248,0,5472,3832720,3814777.76536618,3814777.76536618
8,fp8_e4m3_sat,value,ans_lane_shared,256,36,4718592,3826272,0,684,3826956,3820622.8469052915,3820622.8469052915
8,fp8_e4m3_sat,value,ans_lane_shared,64,72,4718592,3826404,0,1368,3827772,3819976.452375591,3819976.452375591
8,fp8_e4m3_sat,value,zstd,64,72,4718592,3821233,0,1368,3822601,3819976.452375591,3819976.452375591
9,bf16,key,ans_lane,16,2304,75497472,51411512,2359296,62208,53833016,51343083.43650343,59571009.75243882
9,bf16,key,ans_lane,256,144,75497472,51450980,147456,3888,51602324,51400611.550138354,59623790.28683477
9,bf16,key,ans_lane,64,576,75497472,51442212,589824,15552,52047588,51388140.98289117,59612438.066650376
9,bf16,key,ans_lane_shared,16,2304,75497472,51486488,0,62208,51548696,51343083.43650343,59571009.75243882
9,bf16,key,ans_lane_shared,256,144,75497472,51468632,0,3888,51472520,51400611.550138354,59623790.28683477
9,bf16,key,ans_lane_shared,64,576,75497472,51472176,0,15552,51487728,51388140.98289117,59612438.066650376
9,bf16,key,ans_raw,64,576,75497472,59615516,294912,10944,59921372,51388140.98289117,59612438.066650376
9,bf16,key,zstd,64,576,75497472,59688188,0,10944,59699132,51388140.98289117,59612438.066650376
9,bf16,value,ans_lane,16,2304,75497472,50605956,2359296,62208,53027460,50537093.27484479,58911524.83277465
9,bf16,value,ans_lane,256,144,75497472,50654444,147456,3888,50805788,50603843.48989951,58972777.157573014
9,bf16,value,ans_lane,64,576,75497472,50642864,589824,15552,51248240,50588563.093006395,58958884.9492747
9,bf16,value,ans_lane_shared,16,2304,75497472,50702864,0,62208,50765072,50537093.27484479,58911524.83277465
9,bf16,value,ans_lane_shared,256,144,75497472,50685216,0,3888,50689104,50603843.48989951,58972777.157573014
9,bf16,value,ans_lane_shared,64,576,75497472,50688832,0,15552,50704384,50588563.093006395,58958884.9492747
9,bf16,value,ans_raw,64,576,75497472,58961928,294912,10944,59267784,50588563.093006395,58958884.9492747
9,bf16,value,zstd,64,576,75497472,58742904,0,10944,58753848,50588563.093006395,58958884.9492747
9,fp8_e4m3_sat,key,ans_lane,16,2304,37748736,32049740,1179648,43776,33273164,32024401.49814746,32024401.49814746
9,fp8_e4m3_sat,key,ans_lane,256,144,37748736,32082972,73728,2736,32159436,32067049.983011827,32067049.983011827
9,fp8_e4m3_sat,key,ans_lane,64,576,37748736,32074812,294912,10944,32380668,32056869.623652138,32056869.623652138
9,fp8_e4m3_sat,key,ans_lane_shared,16,2304,37748736,32113880,0,43776,32157656,32024401.49814746,32024401.49814746
9,fp8_e4m3_sat,key,ans_lane_shared,256,144,37748736,32105196,0,2736,32107932,32067049.983011827,32067049.983011827
9,fp8_e4m3_sat,key,ans_lane_shared,64,576,37748736,32106920,0,10944,32117864,32056869.623652138,32056869.623652138
9,fp8_e4m3_sat,key,zstd,64,576,37748736,32117627,0,10944,32128571,32056869.623652138,32056869.623652138
9,fp8_e4m3_sat,value,ans_lane,16,2304,37748736,30537980,1179648,43776,31761404,30504246.93039121,30504246.93039121
9,fp8_e4m3_sat,value,ans_lane,256,144,37748736,30574544,73728,2736,30651008,30550595.2298936,30550595.2298936
9,fp8_e4m3_sat,value,ans_lane,64,576,37748736,30564852,294912,10944,30870708,30538721.68826691,30538721.68826691
9,fp8_e4m3_sat,value,ans_lane_shared,16,2304,37748736,30619544,0,43776,30663320,30504246.93039121,30504246.93039121
9,fp8_e4m3_sat,value,ans_lane_shared,256,144,37748736,30610860,0,2736,30613596,30550595.2298936,30550595.2298936
9,fp8_e4m3_sat,value,ans_lane_shared,64,576,37748736,30612640,0,10944,30623584,30538721.68826691,30538721.68826691
9,fp8_e4m3_sat,value,zstd,64,576,37748736,30547969,0,10944,30558913,30538721.68826691,30538721.68826691
