turn_idx,format,state_kind,codec,block_tokens,units,raw_bytes,payload_bytes,table_bytes,header_bytes,compressed_total_bytes,entropy_lane_bytes,entropy_raw_bytes
0,bf16,key,ans_lane,16,5040,165150720,112546332,5160960,136080,117843372,112396434.83383852,130399139.52282505
0,bf16,key,ans_lane,256,324,165150720,112638188,331776,8748,112978712,112528076.39647827,130519257.58222489
0,bf16,key,ans_lane,64,1260,165150720,112617120,1290240,34020,113941380,112498873.32715732,130492925.40511401
0,bf16,key,ans_lane_shared,16,5040,165150720,112751104,0,136080,112887184,112396434.83383852,130399139.52282505
0,bf16,key,ans_lane_shared,256,324,165150720,112712104,0,8748,112720852,112528076.39647827,130519257.58222489
0,bf16,key,ans_lane_shared,64,1260,165150720,112719752,0,34020,112753772,112498873.32715732,130492925.40511401
0,bf16,key,ans_raw,64,1260,165150720,130499552,645120,23940,131168612,112498873.32715732,130492925.40511401
0,bf16,key,zstd,64,1260,165150720,130821115,0,23940,130845055,112498873.32715732,130492925.40511401
0,bf16,value,ans_lane,16,5040,165150720,110633088,5160960,136080,115930128,110482553.57647027,128811598.69513693
0,bf16,value,ans_lane,256,324,165150720,110742684,331776,8748,111083208,110631997.47227001,128947481.83633977
0,bf16,value,ans_lane,64,1260,165150720,110717192,1290240,34020,112041452,110598188.731845,128917137.96716219
0,bf16,value,ans_lane_shared,16,5040,165150720,110915296,0,136080,111051376,110482553.57647027,128811598.69513693
0,bf16,value,ans_lane_shared,256,324,165150720,110876492,0,8748,110885240,110631997.47227001,128947481.83633977
0,bf16,value,ans_lane_shared,64,1260,165150720,110884296,0,34020,110918316,110598188.731845,128917137.96716219
0,bf16,value,ans_raw,64,1260,165150720,128923700,645120,23940,129592760,110598188.731845,128917137.96716219
0,bf16,value,zstd,64,1260,165150720,128733269,0,23940,128757209,110598188.731845,128917137.96716219
0,fp8_e4m3_sat,key,ans_lane,16,5040,82575360,70149200,2580480,95760,72825440,70093794.07358867,70093794.07358867
0,fp8_e4m3_sat,key,ans_lane,256,324,82575360,70229728,165888,6156,70401772,70194677.9190185,70194677.9190185
0,fp8_e4m3_sat,key,ans_lane,64,1260,82575360,70208708,645120,23940,70877768,70169309.04927148,70169309.04927148
0,fp8_e4m3_sat,key,ans_lane_shared,16,5040,82575360,70313408,0,95760,70409168,70093794.07358867,70093794.07358867
0,fp8_e4m3_sat,key,ans_lane_shared,256,324,82575360,70294608,0,6156,70300764,70194677.9190185,70194677.9190185
0,fp8_e4m3_sat,key,ans_lane_shared,64,1260,82575360,70298408,0,23940,70322348,70169309.04927148,70169309.04927148
0,fp8_e4m3_sat,key,zstd,64,1260,82575360,70403055,0,23940,70426995,70169309.04927148,70169309.04927148
0,fp8_e4m3_sat,value,ans_lane,16,5040,82575360,66748528,2580480,95760,69424768,66674740.51614618,66674740.51614618
0,fp8_e4m3_sat,value,ans_lane,256,324,82575360,66832228,165888,6156,67004272,66779685.199927025,66779685.199927025
0,fp8_e4m3_sat,value,ans_lane,64,1260,82575360,66810496,645120,23940,67479556,66753086.877323546,66753086.877323546
0,fp8_e4m3_sat,value,ans_lane_shared,16,5040,82575360,67019472,0,95760,67115232,66674740.51614618,66674740.51614618
0,fp8_e4m3_sat,value,ans_lane_shared,256,324,82575360,67000672,0,6156,67006828,66779685.199927025,66779685.199927025
0,fp8_e4m3_sat,value,ans_lane_shared,64,1260,82575360,67004472,0,23940,67028412,66753086.877323546,66753086.877323546
0,fp8_e4m3_sat,value,zstd,64,1260,82575360,66887524,0,23940,66911464,66753086.877323546,66753086.877323546
1,bf16,key,ans_lane,16,864,28311552,19289020,884736,23328,20197084,19263241.591742035,22349218.536329683
1,bf16,key,ans_lane,256,72,28311552,19304096,73728,1944,19379768,19285064.613924645,22369252.367359392
1,bf16,key,ans_lane,64,216,28311552,19301120,221184,5832,19528136,19280843.69411764,22365408.813127115
1,bf16,key,ans_lane_shared,16,864,28311552,19318956,0,23328,19342284,19263241.591742035,22349218.536329683
1,bf16,key,ans_lane_shared,256,72,28311552,19312432,0,1944,19314376,19285064.613924645,22369252.367359392
1,bf16,key,ans_lane_shared,64,216,28311552,19313612,0,5832,19319444,19280843.69411764,22365408.813127115
1,bf16,key,ans_raw,64,216,28311552,22366520,110592,4104,22481216,19280843.69411764,22365408.813127115
1,bf16,key,zstd,64,216,28311552,22411064,0,4104,22415168,19280843.69411764,22365408.813127115
1,bf16,value,ans_lane,16,864,28311552,18969716,884736,23328,19877780,18943912.117744446,22085932.083803788
1,bf16,value,ans_lane,256,72,28311552,18990808,73728,1944,19066480,18971678.16086543,22111365.597916514
1,bf16,value,ans_lane,64,216,28311552,18985388,221184,5832,19212404,18965004.936880715,22105279.369499173
1,bf16,value,ans_lane_shared,16,864,28311552,19011144,0,23328,19034472,18943912.117744446,22085932.083803788
1,bf16,value,ans_lane_shared,256,72,28311552,19004632,0,1944,19006576,18971678.16086543,22111365.597916514
1,bf16,value,ans_lane_shared,64,216,28311552,19005828,0,5832,19011660,18965004.936880715,22105279.369499173
1,bf16,value,ans_raw,64,216,28311552,22106440,110592,4104,22221136,18965004.936880715,22105279.369499173
1,bf16,value,zstd,64,216,28311552,22050552,0,4104,22054656,18965004.936880715,22105279.369499173
1,fp8_e4m3_sat,key,ans_lane,16,864,14155776,12030936,442368,16416,12489720,12021464.572002254,12021464.572002254
1,fp8_e4m3_sat,key,ans_lane,256,72,14155776,12044368,36864,1368,12082600,12038305.105751123,12038305.105751123
1,fp8_e4m3_sat,key,ans_lane,64,216,14155776,12041392,110592,4104,12156088,12034678.58833747,12034678.58833747
1,fp8_e4m3_sat,key,ans_lane_shared,16,864,14155776,12056236,0,16416,12072652,12021464.572002254,12021464.572002254
1,fp8_e4m3_sat,key,ans_lane_shared,256,72,14155776,12053016,0,1368,12054384,12038305.105751123,12038305.105751123
1,fp8_e4m3_sat,key,ans_lane_shared,64,216,14155776,12053592,0,4104,12057696,12034678.58833747,12034678.58833747
1,fp8_e4m3_sat,key,zstd,64,216,14155776,12066727,0,4104,12070831,12034678.58833747,12034678.58833747
1,fp8_e4m3_sat,value,ans_lane,16,864,14155776,11447428,442368,16416,11906212,11434820.879243268,11434820.879243268
1,fp8_e4m3_sat,value,ans_lane,256,72,14155776,11464932,36864,1368,11503164,11455864.07475006,11455864.07475006
1,fp8_e4m3_sat,value,ans_lane,64,216,14155776,11459720,110592,4104,11574416,11449898.798662515,11449898.798662515
1,fp8_e4m3_sat,value,ans_lane_shared,16,864,14155776,11484604,0,16416,11501020,11434820.879243268,11434820.879243268
1,fp8_e4m3_sat,value,ans_lane_shared,256,72,14155776,11481348,0,1368,11482716,11455864.07475006,11455864.07475006
1,fp8_e4m3_sat,value,ans_lane_shared,64,216,14155776,11481920,0,4104,11486024,11449898.798662515,11449898.798662515
1,fp8_e4m3_sat,value,zstd,64,216,14155776,11464220,0,4104,11468324,11449898.798662515,11449898.798662515
10,bf16,key,ans_lane,16,720,23592960,16073576,737280,19440,16830296,16052185.379665462,18621343.180183183
10,bf16,key,ans_lane,256,72,23592960,16085484,73728,1944,16161156,16069527.713207928,18637184.656466924
10,bf16,key,ans_lane,64,180,23592960,16083192,184320,4860,16272372,16066295.744730525,18634266.13750736
10,bf16,key,ans_lane_shared,16,720,23592960,16095768,0,19440,16115208,16052185.379665462,18621343.180183183
10,bf16,key,ans_lane_shared,256,72,23592960,16090472,0,1944,16092416,16069527.713207928,18637184.656466924
10,bf16,key,ans_lane_shared,64,180,23592960,16091336,0,4860,16096196,16066295.744730525,18634266.13750736
10,bf16,key,ans_raw,64,180,23592960,18635220,92160,3420,18730800,16066295.744730525,18634266.13750736
10,bf16,key,zstd,64,180,23592960,18665311,0,3420,18668731,16066295.744730525,18634266.13750736
10,bf16,value,ans_lane,16,720,23592960,15810072,737280,19440,16566792,15788613.446475258,18405384.973204847
10,bf16,value,ans_lane,256,72,23592960,15823552,73728,1944,15899224,15807513.489108022,18422740.377613384
10,bf16,value,ans_lane,64,180,23592960,15821032,184320,4860,16010212,15804020.900029415,18419560.351763174
10,bf16,value,ans_lane_shared,16,720,23592960,15834404,0,19440,15853844,15788613.446475258,18405384.973204847
10,bf16,value,ans_lane_shared,256,72,23592960,15829004,0,1944,15830948,15807513.489108022,18422740.377613384
10,bf16,value,ans_lane_shared,64,180,23592960,15829892,0,4860,15834752,15804020.900029415,18419560.351763174
10,bf16,value,ans_raw,64,180,23592960,18420508,92160,3420,18516088,15804020.900029415,18419560.351763174
10,bf16,value,zstd,64,180,23592960,18377949,0,3420,18381369,15804020.900029415,18419560.351763174
10,fp8_e4m3_sat,key,ans_lane,16,720,11796480,10033452,368640,13680,10415772,10025546.184248121,10025546.184248121
10,fp8_e4m3_sat,key,ans_lane,256,72,11796480,10043540,36864,1368,10081772,10038463.023231953,10038463.023231953
10,fp8_e4m3_sat,key,ans_lane,64,180,11796480,10041252,92160,3420,10136832,10035665.807758769,10035665.807758769
10,fp8_e4m3_sat,key,ans_lane_shared,16,720,11796480,10053036,0,13680,10066716,10025546.184248121,10025546.184248121
10,fp8_e4m3_sat,key,ans_lane_shared,256,72,11796480,10050424,0,1368,10051792,10038463.023231953,10038463.023231953
10,fp8_e4m3_sat,key,ans_lane_shared,64,180,11796480,10050836,0,3420,10054256,10035665.807758769,10035665.807758769
10,fp8_e4m3_sat,key,zstd,64,180,11796480,10059493,0,3420,10062913,10035665.807758769,10035665.807758769
10,fp8_e4m3_sat,value,ans_lane,16,720,11796480,9542000,368640,13680,9924320,9531467.975926215,9531467.975926215
10,fp8_e4m3_sat,value,ans_lane,256,72,11796480,9551492,36864,1368,9589724,9543786.427614078,9543786.427614078
10,fp8_e4m3_sat,value,ans_lane,64,180,11796480,9549496,92160,3420,9645076,9541250.314532403,9541250.314532403
10,fp8_e4m3_sat,value,ans_lane_shared,16,720,11796480,9559772,0,13680,9573452,9531467.975926215,9531467.975926215
10,fp8_e4m3_sat,value,ans_lane_shared,256,72,11796480,9557216,0,1368,9558584,9543786.427614078,9543786.427614078
10,fp8_e4m3_sat,value,ans_lane_shared,64,180,11796480,9557648,0,3420,9561068,9541250.314532403,9541250.314532403
10,fp8_e4m3_sat,value,zstd,64,180,11796480,9553347,0,3420,9556767,9541250.314532403,9541250.314532403
11,bf16,key,ans_lane,16,288,9437184,6427180,294912,7776,6729868,6418560.375779203,7446505.761272456
11,bf16,key,ans_lane,256,36,9437184,6431864,36864,972,6469700,6425413.677560709,7452806.930901862
11,bf16,key,ans_lane,64,72,9437184,6431132,73728,1944,6506804,6424402.986877363,7451878.545457204
11,bf16,key,ans_lane_shared,16,288,9437184,6436196,0,7776,6443972,6418560.375779203,7446505.761272456
11,bf16,key,ans_lane_shared,256,36,9437184,6434092,0,972,6435064,6425413.677560709,7452806.930901862
11,bf16,key,ans_lane_shared,64,72,9437184,6434404,0,1944,6436348,6424402.986877363,7451878.545457204
11,bf16,key,ans_raw,64,72,9437184,7452268,36864,1368,7490500,6424402.986877363,7451878.545457204
11,bf16,key,zstd,64,72,9437184,7474053,0,1368,7475421,6424402.986877363,7451878.545457204
11,bf16,value,ans_lane,16,288,9437184,6319016,294912,7776,6621704,6310391.103654537,7357362.694033578
11,bf16,value,ans_lane,256,36,9437184,6325880,36864,972,6363716,6319390.603004018,7365591.965201676
11,bf16,value,ans_lane,64,72,9437184,6324344,73728,1944,6400016,6317519.959431369,7363910.7491474
11,bf16,value,ans_lane_shared,16,288,9437184,6335576,0,7776,6343352,6310391.103654537,7357362.694033578
11,bf16,value,ans_lane_shared,256,36,9437184,6333496,0,972,6334468,6319390.603004018,7365591.965201676
11,bf16,value,ans_lane_shared,64,72,9437184,6333776,0,1944,6335720,6317519.959431369,7363910.7491474
11,bf16,value,ans_raw,64,72,9437184,7364300,36864,1368,7402532,6317519.959431369,7363910.7491474
11,bf16,value,zstd,64,72,9437184,7369735,0,1368,7371103,6317519.959431369,7363910.7491474
11,fp8_e4m3_sat,key,ans_lane,16,288,4718592,4010864,147456,5472,4163792,4007713.643251488,4007713.643251488
11,fp8_e4m3_sat,key,ans_lane,256,36,4718592,4015068,18432,684,4034184,4013014.684058646,4013014.684058646
11,fp8_e4m3_sat,key,ans_lane,64,72,4718592,4014444,36864,1368,4052676,4012204.6405285574,4012204.6405285574
11,fp8_e4m3_sat,key,ans_lane_shared,16,288,4718592,4019036,0,5472,4024508,4007713.643251488,4007713.643251488
11,fp8_e4m3_sat,key,ans_lane_shared,256,36,4718592,4018024,0,684,4018708,4013014.684058646,4013014.684058646
11,fp8_e4m3_sat,key,ans_lane_shared,64,72,4718592,4018164,0,1368,4019532,4012204.6405285574,4012204.6405285574
11,fp8_e4m3_sat,key,zstd,64,72,4718592,4029920,0,1368,4031288,4012204.6405285574,4012204.6405285574
11,fp8_e4m3_sat,value,ans_lane,16,288,4718592,3818764,147456,5472,3971692,3814552.6995318853,3814552.6995318853
11,fp8_e4m3_sat,value,ans_lane,256,36,4718592,3824592,18432,684,3843708,3821528.331512736,3821528.331512736
11,fp8_e4m3_sat,value,ans_lane,64,72,4718592,3823052,36864,1368,3861284,3819765.487702001,3819765.487702001
11,fp8_e4m3_sat,value,ans_lane_shared,16,288,4718592,3828232,0,5472,3833704,3814552.6995318853,3814552.6995318853
11,fp8_e4m3_sat,value,ans_lane_shared,256,36,4718592,3827220,0,684,3827904,3821528.331512736,3821528.331512736
11,fp8_e4m3_sat,value,ans_lane_shared,64,72,4718592,3827376,0,1368,3828744,3819765.487702001,3819765.487702001
11,fp8_e4m3_sat,value,zstd,64,72,4718592,3836227,0,1368,3837595,3819765.487702001,3819765.487702001
12,bf16,key,ans_lane,16,432,14155776,9629428,442368,11664,10083460,9616592.226502001,11158809.10182676
12,bf16,key,ans_lane,256,36,14155776,9636668,36864,972,9674504,9627138.418799292,11168502.958118591
12,bf16,key,ans_lane,64,108,14155776,9635308,110592,2916,9748816,9625121.630487552,11166653.0453537
12,bf16,key,ans_lane_shared,16,432,14155776,9642252,0,11664,9653916,9616592.226502001,11158809.10182676
12,bf16,key,ans_lane_shared,256,36,14155776,9638936,0,972,9639908,9627138.418799292,11168502.958118591
12,bf16,key,ans_lane_shared,64,108,14155776,9639544,0,2916,9642460,9625121.630487552,11166653.0453537
12,bf16,key,ans_raw,64,108,14155776,11167232,55296,2052,11224580,9625121.630487552,11166653.0453537
12,bf16,key,zstd,64,108,14155776,11174719,0,2052,11176771,9625121.630487552,11166653.0453537
12,bf16,value,ans_lane,16,432,14155776,9483908,442368,11664,9937940,9470981.589805156,11041506.864260556
12,bf16,value,ans_lane,256,36,14155776,9493320,36864,972,9531156,9483759.354090434,11053252.844947359
12,bf16,value,ans_lane,64,108,14155776,9491484,110592,2916,9604992,9481300.091272881,11051027.972302072
12,bf16,value,ans_lane_shared,16,432,14155776,9500416,0,11664,9512080,9470981.589805156,11041506.864260556
12,bf16,value,ans_lane_shared,256,36,14155776,9497200,0,972,9498172,9483759.354090434,11053252.844947359
12,bf16,value,ans_lane_shared,64,108,14155776,9497772,0,2916,9500688,9481300.091272881,11051027.972302072
12,bf16,value,ans_raw,64,108,14155776,11051592,55296,2052,11108940,9481300.091272881,11051027.972302072
12,bf16,value,zstd,64,108,14155776,10999711,0,2052,11001763,9481300.091272881,11051027.972302072
12,fp8_e4m3_sat,key,ans_lane,16,432,7077888,6005512,221184,8208,6234904,6000750.461938318,6000750.461938318
12,fp8_e4m3_sat,key,ans_lane,256,36,7077888,6011680,18432,684,6030796,6008639.089960555,6008639.089960555
12,fp8_e4m3_sat,key,ans_lane,64,108,7077888,6010380,55296,2052,6067728,6006980.032681008,6006980.032681008
12,fp8_e4m3_sat,key,ans_lane_shared,16,432,7077888,6016916,0,8208,6025124,6000750.461938318,6000750.461938318
12,fp8_e4m3_sat,key,ans_lane_shared,256,36,7077888,6015320,0,684,6016004,6008639.089960555,6008639.089960555
12,fp8_e4m3_sat,key,ans_lane_shared,64,108,7077888,6015632,0,2052,6017684,6006980.032681008,6006980.032681008
12,fp8_e4m3_sat,key,zstd,64,108,7077888,6014192,0,2052,6016244,6006980.032681008,6006980.032681008
12,fp8_e4m3_sat,value,ans_lane,16,432,7077888,5727232,221184,8208,5956624,5720881.541340085,5720881.541340085
12,fp8_e4m3_sat,value,ans_lane,256,36,7077888,5734528,18432,684,5753644,5729965.635835968,5729965.635835968
12,fp8_e4m3_sat,value,ans_lane,64,108,7077888,5733084,55296,2052,5790432,5728155.002899562,5728155.002899562
12,fp8_e4m3_sat,value,ans_lane_shared,16,432,7077888,5740396,0,8208,5748604,5720881.541340085,5720881.541340085
12,fp8_e4m3_sat,value,ans_lane_shared,256,36,7077888,5738800,0,684,5739484,5729965.635835968,5729965.635835968
12,fp8_e4m3_sat,value,ans_lane_shared,64,108,7077888,5739100,0,2052,5741152,5728155.002899562,5728155.002899562
12,fp8_e4m3_sat,value,zstd,64,108,7077888,5724049,0,2052,5726101,5728155.002899562,5728155.002899562
13,bf16,key,ans_lane,16,576,18874368,12847476,589824,15552,13452852,12830385.313344,14887430.360040495
13,bf16,key,ans_lane,256,36,18874368,12857576,36864,972,12895412,12844987.38451557,14900835.42061981
13,bf16,key,ans_lane,64,144,18874368,12855296,147456,3888,13006640,12841759.882090962,14897893.50375816
13,bf16,key,ans_lane_shared,16,576,18874368,12864792,0,15552,12880344,12830385.313344,14887430.360040495
13,bf16,key,ans_lane_shared,256,36,18874368,12860368,0,972,12861340,12844987.38451557,14900835.42061981
13,bf16,key,ans_lane_shared,64,144,18874368,12861244,0,3888,12865132,12841759.882090962,14897893.50375816
13,bf16,key,ans_raw,64,144,18874368,14898648,73728,2736,14975112,12841759.882090962,14897893.50375816
13,bf16,key,zstd,64,144,18874368,14922515,0,2736,14925251,12841759.882090962,14897893.50375816
13,bf16,value,ans_lane,16,576,18874368,12647524,589824,15552,13252900,12630274.649763666,14723603.306932593
13,bf16,value,ans_lane,256,36,18874368,12659428,36864,972,12697264,12646783.997932605,14738748.367765471
13,bf16,value,ans_lane,64,144,18874368,12655972,147456,3888,12807316,12642382.897050006,14734730.270380143
13,bf16,value,ans_lane_shared,16,576,18874368,12667812,0,15552,12683364,12630274.649763666,14723603.306932593
13,bf16,value,ans_lane_shared,256,36,18874368,12663344,0,972,12664316,12646783.997932605,14738748.367765471
13,bf16,value,ans_lane_shared,64,144,18874368,12664248,0,3888,12668136,12642382.897050006,14734730.270380143
13,bf16,value,ans_raw,64,144,18874368,14735472,73728,2736,14811936,12642382.897050006,14734730.270380143
13,bf16,value,zstd,64,144,18874368,14695041,0,2736,14697777,12642382.897050006,14734730.270380143
13,fp8_e4m3_sat,key,ans_lane,16,576,9437184,8017304,294912,10944,8323160,8010972.966423488,8010972.966423488
13,fp8_e4m3_sat,key,ans_lane,256,36,9437184,8026104,18432,684,8045220,8022116.304634835,8022116.304634835
13,fp8_e4m3_sat,key,ans_lane,64,144,9437184,8023640,73728,2736,8100104,8019146.475692842,8019146.475692842
13,fp8_e4m3_sat,key,ans_lane_shared,16,576,9437184,8032996,0,10944,8043940,8010972.966423488,8010972.966423488
13,fp8_e4m3_sat,key,ans_lane_shared,256,36,9437184,8030876,0,684,8031560,8022116.304634835,8022116.304634835
13,fp8_e4m3_sat,key,ans_lane_shared,64,144,9437184,8031284,0,2736,8034020,8019146.475692842,8019146.475692842
13,fp8_e4m3_sat,key,zstd,64,144,9437184,8037147,0,2736,8039883,8019146.475692842,8019146.475692842
13,fp8_e4m3_sat,value,ans_lane,16,576,9437184,7634348,294912,10944,7940204,7625863.415141873,7625863.415141873
13,fp8_e4m3_sat,value,ans_lane,256,36,9437184,7643296,18432,684,7662412,7637225.824286347,7637225.824286347
13,fp8_e4m3_sat,value,ans_lane,64,144,9437184,7640072,73728,2736,7716536,7633470.720158826,7633470.720158826
13,fp8_e4m3_sat,value,ans_lane_shared,16,576,9437184,7649884,0,10944,7660828,7625863.415141873,7625863.415141873
13,fp8_e4m3_sat,value,ans_lane_shared,256,36,9437184,7647760,0,684,7648444,7637225.824286347,7637225.824286347
13,fp8_e4m3_sat,value,ans_lane_shared,64,144,9437184,7648200,0,2736,7650936,7633470.720158826,7633470.720158826
13,fp8_e4m3_sat,value,zstd,64,144,9437184,7640418,0,2736,7643154,7633470.720158826,7633470.720158826
14,bf16,key,ans_lane,16,288,9437184,6427288,294912,7776,6729976,6418748.229945042,7446567.693690793
14,bf16,key,ans_lane,256,36,9437184,6431856,36864,972,6469692,6425389.253648691,7452680.066109311
14,bf16,key,ans_lane,64,72,9437184,6431112,73728,1944,6506784,6424360.740870815,7451732.878304604
14,bf16,key,ans_lane_shared,16,288,9437184,6436376,0,7776,6444152,6418748.229945042,7446567.693690793
14,bf16,key,ans_lane_shared,256,36,9437184,6434272,0,972,6435244,6425389.253648691,7452680.066109311
14,bf16,key,ans_lane_shared,64,72,9437184,6434588,0,1944,6436532,6424360.740870815,7451732.878304604
14,bf16,key,ans_raw,64,72,9437184,7452108,36864,1368,7490340,6424360.740870815,7451732.878304604
14,bf16,key,zstd,64,72,9437184,7477956,0,1368,7479324,6424360.740870815,7451732.878304604
14,bf16,value,ans_lane,16,288,9437184,6318216,294912,7776,6620904,6309583.165768203,7356929.888203444
14,bf16,value,ans_lane,256,36,9437184,6324304,36864,972,6362140,6317816.411312674,7364502.772027115
14,bf16,value,ans_lane,64,72,9437184,6323148,73728,1944,6398820,6316340.336570867,7363165.312666899
14,bf16,value,ans_lane_shared,16,288,9437184,6334136,0,7776,6341912,6309583.165768203,7356929.888203444
14,bf16,value,ans_lane_shared,256,36,9437184,6332032,0,972,6333004,6317816.411312674,7364502.772027115
14,bf16,value,ans_lane_shared,64,72,9437184,6332336,0,1944,6334280,6316340.336570867,7363165.312666899
14,bf16,value,ans_raw,64,72,9437184,7363532,36864,1368,7401764,6316340.336570867,7363165.312666899
14,bf16,value,zstd,64,72,9437184,7373689,0,1368,7375057,6316340.336570867,7363165.312666899
14,fp8_e4m3_sat,key,ans_lane,16,288,4718592,4013060,147456,5472,4165988,4009899.0883834935,4009899.0883834935
14,fp8_e4m3_sat,key,ans_lane,256,36,4718592,4016956,18432,684,4036072,4014895.112875318,4014895.112875318
14,fp8_e4m3_sat,key,ans_lane,64,72,4718592,4016280,36864,1368,4054512,4014055.0110421292,4014055.0110421292
14,fp8_e4m3_sat,key,ans_lane_shared,16,288,4718592,4021112,0,5472,4026584,4009899.0883834935,4009899.0883834935
14,fp8_e4m3_sat,key,ans_lane_shared,256,36,4718592,4020132,0,684,4020816,4014895.112875318,4014895.112875318
14,fp8_e4m3_sat,key,ans_lane_shared,64,72,4718592,4020276,0,1368,4021644,4014055.0110421292,4014055.0110421292
14,fp8_e4m3_sat,key,zstd,64,72,4718592,4031922,0,1368,4033290,4014055.0110421292,4014055.0110421292
14,fp8_e4m3_sat,value,ans_lane,16,288,4718592,3817896,147456,5472,3970824,3813650.62886863,3813650.62886863
14,fp8_e4m3_sat,value,ans_lane,256,36,4718592,3822756,18432,684,3841872,3819646.295361883,3819646.295361883
14,fp8_e4m3_sat,value,ans_lane,64,72,4718592,3821672,36864,1368,3859904,3818382.5039395755,3818382.5039395755
14,fp8_e4m3_sat,value,ans_lane_shared,16,288,4718592,3826496,0,5472,3831968,3813650.62886863,3813650.62886863
14,fp8_e4m3_sat,value,ans_lane_shared,256,36,4718592,3825492,0,684,3826176,3819646.295361883,3819646.295361883
14,fp8_e4m3_sat,value,ans_lane_shared,64,72,4718592,3825640,0,1368,3827008,3818382.5039395755,3818382.5039395755
14,fp8_e4m3_sat,value,zstd,64,72,4718592,3835284,0,1368,3836652,3818382.5039395755,3818382.5039395755
15,bf16,key,ans_lane,16,2880,94371840,64250512,2949120,77760,67277392,64164782.975751534,74446917.49179417
15,bf16,key,ans_lane,256,180,94371840,64299264,184320,4860,64488444,64236360.22918524,74512582.7397273
15,bf16,key,ans_lane,64,720,94371840,64288508,737280,19440,65045228,64220943.62976959,74498537.87778646
15,bf16,key,ans_lane_shared,16,2880,94371840,64337932,0,77760,64415692,64164782.975751534,74446917.49179417
15,bf16,key,ans_lane_shared,256,180,94371840,64315704,0,4860,64320564,64236360.22918524,74512582.7397273
15,bf16,key,ans_lane_shared,64,720,94371840,64320124,0,19440,64339564,64220943.62976959,74498537.87778646
15,bf16,key,ans_raw,64,720,94371840,74502376,368640,13680,74884696,64220943.62976959,74498537.87778646
15,bf16,key,zstd,64,720,94371840,74595883,0,13680,74609563,64220943.62976959,74498537.87778646
15,bf16,value,ans_lane,16,2880,94371840,63255732,2949120,77760,66282612,63169626.74311986,73638577.93963432
15,bf16,value,ans_lane,256,180,94371840,63315256,184320,4860,63504436,63252025.46458831,73714148.34780225
15,bf16,value,ans_lane,64,720,94371840,63300684,737280,19440,64057404,63232745.48636974,73696585.88899934
15,bf16,value,ans_lane_shared,16,2880,94371840,63360376,0,77760,63438136,63169626.74311986,73638577.93963432
15,bf16,value,ans_lane_shared,256,180,94371840,63338200,0,4860,63343060,63252025.46458831,73714148.34780225
15,bf16,value,ans_lane_shared,64,720,94371840,63342564,0,19440,63362004,63232745.48636974,73696585.88899934
15,bf16,value,ans_raw,64,720,94371840,73700324,368640,13680,74082644,63232745.48636974,73696585.88899934
15,bf16,value,zstd,64,720,94371840,73451779,0,13680,73465459,63232745.48636974,73696585.88899934
15,fp8_e4m3_sat,key,ans_lane,16,2880,47185920,40087420,1474560,54720,41616700,40055684.05933976,40055684.05933976
15,fp8_e4m3_sat,key,ans_lane,256,180,47185920,40128888,92160,3420,40224468,40108933.31165762,40108933.31165762
15,fp8_e4m3_sat,key,ans_lane,64,720,47185920,40118600,368640,13680,40500920,40096144.66008826,40096144.66008826
15,fp8_e4m3_sat,key,ans_lane_shared,16,2880,47185920,40167024,0,54720,40221744,40055684.05933976,40055684.05933976
15,fp8_e4m3_sat,key,ans_lane_shared,256,180,47185920,40156112,0,3420,40159532,40108933.31165762,40108933.31165762
15,fp8_e4m3_sat,key,ans_lane_shared,64,720,47185920,40158292,0,13680,40171972,40096144.66008826,40096144.66008826
15,fp8_e4m3_sat,key,zstd,64,720,47185920,40180518,0,13680,40194198,40096144.66008826,40096144.66008826
15,fp8_e4m3_sat,value,ans_lane,16,2880,47185920,38191792,1474560,54720,39721072,38149598.002180755,38149598.002180755
15,fp8_e4m3_sat,value,ans_lane,256,180,47185920,38236088,92160,3420,38331668,38205990.84983687,38205990.84983687
15,fp8_e4m3_sat,value,ans_lane,64,720,47185920,38223832,368640,13680,38606152,38191054.41863881,38191054.41863881
15,fp8_e4m3_sat,value,ans_lane_shared,16,2880,47185920,38272696,0,54720,38327416,38149598.002180755,38149598.002180755
15,fp8_e4m3_sat,value,ans_lane_shared,256,180,47185920,38261820,0,3420,38265240,38205990.84983687,38205990.84983687
15,fp8_e4m3_sat,value,ans_lane_shared,64,720,47185920,38263972,0,13680,38277652,38191054.41863881,38191054.41863881
15,fp8_e4m3_sat,value,zstd,64,720,47185920,38211492,0,13680,38225172,38191054.41863881,38191054.41863881
16,bf16,key,ans_lane,16,2304,75497472,51371272,2359296,62208,53792776,51302845.29679409,59528813.91873096
16,bf16,key,ans_lane,256,144,75497472,51410952,147456,3888,51562296,51360579.5658321,59581824.92994652
16,bf16,key,ans_lane,64,576,75497472,51402052,589824,15552,52007428,51347948.60303905,59570325.83643497
16,bf16,key,ans_lane_shared,16,2304,75497472,51440520,0,62208,51502728,51302845.29679409,59528813.91873096
16,bf16,key,ans_lane_shared,256,144,75497472,51422600,0,3888,51426488,51360579.5658321,59581824.92994652
16,bf16,key,ans_lane_shared,64,576,75497472,51426160,0,15552,51441712,51347948.60303905,59570325.83643497
16,bf16,key,ans_raw,64,576,75497472,59573308,294912,10944,59879164,51347948.60303905,59570325.83643497
16,bf16,key,zstd,64,576,75497472,59636980,0,10944,59647924,51347948.60303905,59570325.83643497
16,bf16,value,ans_lane,16,2304,75497472,50609284,2359296,62208,53030788,50540393.81132961,58914362.91005284
16,bf16,value,ans_lane,256,144,75497472,50657596,147456,3888,50808940,50607056.399669535,58975489.975159
16,bf16,value,ans_lane,64,576,75497472,50645120,589824,15552,51250496,50590751.10036434,58960679.54294915
16,bf16,value,ans_lane_shared,16,2304,75497472,50699640,0,62208,50761848,50540393.81132961,58914362.91005284
16,bf16,value,ans_lane_shared,256,144,75497472,50681980,0,3888,50685868,50607056.399669535,58975489.975159
16,bf16,value,ans_lane_shared,64,576,75497472,50685548,0,15552,50701100,50590751.10036434,58960679.54294915
16,bf16,value,ans_raw,64,576,75497472,58963684,294912,10944,59269540,50590751.10036434,58960679.54294915
16,bf16,value,zstd,64,576,75497472,58724726,0,10944,58735670,50590751.10036434,58960679.54294915
16,fp8_e4m3_sat,key,ans_lane,16,2304,37748736,32048872,1179648,43776,33272296,32023557.97658625,32023557.97658625
16,fp8_e4m3_sat,key,ans_lane,256,144,37748736,32083236,73728,2736,32159700,32067322.869364955,32067322.869364955
16,fp8_e4m3_sat,key,ans_lane,64,576,37748736,32073960,294912,10944,32379816,32055975.235045455,32055975.235045455
16,fp8_e4m3_sat,key,ans_lane_shared,16,2304,37748736,32111132,0,43776,32154908,32023557.97658625,32023557.97658625
16,fp8_e4m3_sat,key,ans_lane_shared,256,144,37748736,32102528,0,2736,32105264,32067322.869364955,32067322.869364955
16,fp8_e4m3_sat,key,ans_lane_shared,64,576,37748736,32104248,0,10944,32115192,32055975.235045455,32055975.235045455
16,fp8_e4m3_sat,key,zstd,64,576,37748736,32085640,0,10944,32096584,32055975.235045455,32055975.235045455
16,fp8_e4m3_sat,value,ans_lane,16,2304,37748736,30561736,1179648,43776,31785160,30528004.33280118,30528004.33280118
16,fp8_e4m3_sat,value,ans_lane,256,144,37748736,30597812,73728,2736,30674276,30573650.31554215,30573650.31554215
16,fp8_e4m3_sat,value,ans_lane,64,576,37748736,30586800,294912,10944,30892656,30560522.903792042,30560522.903792042
16,fp8_e4m3_sat,value,ans_lane_shared,16,2304,37748736,30634940,0,43776,30678716,30528004.33280118,30528004.33280118
16,fp8_e4m3_sat,value,ans_lane_shared,256,144,37748736,30626188,0,2736,30628924,30573650.31554215,30573650.31554215
16,fp8_e4m3_sat,value,ans_lane_shared,64,576,37748736,30627928,0,10944,30638872,30560522.903792042,30560522.903792042
16,fp8_e4m3_sat,value,zstd,64,576,37748736,30522287,0,10944,30533231,30560522.903792042,30560522.903792042
17,bf16,key,ans_lane,16,432,14155776,9651716,442368,11664,10105748,9638920.74962521,11179927.5656012
17,bf16,key,ans_lane,256,36,14155776,9659208,36864,972,9697044,9649703.838463048,11189811.236593802
17,bf16,key,ans_lane,64,108,14155776,9657664,110592,2916,9771172,9647508.055232529,11187823.186775949
17,bf16,key,ans_lane_shared,16,432,14155776,9665992,0,11664,9677656,9638920.74962521,11179927.5656012
17,bf16,key,ans_lane_shared,256,36,14155776,9662744,0,972,9663716,9649703.838463048,11189811.236593802
17,bf16,key,ans_lane_shared,64,108,14155776,9663348,0,2916,9666264,9647508.055232529,11187823.186775949
17,bf16,key,ans_raw,64,108,14155776,11188396,55296,2052,11245744,9647508.055232529,11187823.186775949
17,bf16,key,zstd,64,108,14155776,11210159,0,2052,11212211,9647508.055232529,11187823.186775949
17,bf16,value,ans_lane,16,432,14155776,9488932,442368,11664,9942964,9476095.55451669,11045626.925982954
17,bf16,value,ans_lane,256,36,14155776,9497644,36864,972,9535480,9488082.701693408,11056620.889670692
17,bf16,value,ans_lane,64,108,14155776,9495696,110592,2916,9609204,9485513.483095277,11054296.518914493
17,bf16,value,ans_lane_shared,16,432,14155776,9504200,0,11664,9515864,9476095.55451669,11045626.925982954
17,bf16,value,ans_lane_shared,256,36,14155776,9500952,0,972,9501924,9488082.701693408,11056620.889670692
17,bf16,value,ans_lane_shared,64,108,14155776,9501532,0,2916,9504448,9485513.483095277,11054296.518914493
17,bf16,value,ans_raw,64,108,14155776,11054868,55296,2052,11112216,9485513.483095277,11054296.518914493
17,bf16,value,zstd,64,108,14155776,11034068,0,2052,11036120,9485513.483095277,11054296.518914493
17,fp8_e4m3_sat,key,ans_lane,16,432,7077888,6030772,221184,8208,6260164,6025998.696383297,6025998.696383297
17,fp8_e4m3_sat,key,ans_lane,256,36,7077888,6037384,18432,684,6056500,6034405.871605459,6034405.871605459
17,fp8_e4m3_sat,key,ans_lane,64,108,7077888,6035724,55296,2052,6093072,6032381.5590404365,6032381.5590404365
17,fp8_e4m3_sat,key,ans_lane_shared,16,432,7077888,6043888,0,8208,6052096,6025998.696383297,6025998.696383297
17,fp8_e4m3_sat,key,ans_lane_shared,256,36,7077888,6042276,0,684,6042960,6034405.871605459,6034405.871605459
17,fp8_e4m3_sat,key,ans_lane_shared,64,108,7077888,6042564,0,2052,6044616,6032381.5590404365,6032381.5590404365
17,fp8_e4m3_sat,key,zstd,64,108,7077888,6048180,0,2052,6050232,6032381.5590404365,6032381.5590404365
17,fp8_e4m3_sat,value,ans_lane,16,432,7077888,5729828,221184,8208,5959220,5723522.37390389,5723522.37390389
17,fp8_e4m3_sat,value,ans_lane,256,36,7077888,5736192,18432,684,5755308,5731617.588599672,5731617.588599672
17,fp8_e4m3_sat,value,ans_lane,64,108,7077888,5734540,55296,2052,5791888,5729628.853035331,5729628.853035331
17,fp8_e4m3_sat,value,ans_lane_shared,16,432,7077888,5741324,0,8208,5749532,5723522.37390389,5723522.37390389
17,fp8_e4m3_sat,value,ans_lane_shared,256,36,7077888,5739716,0,684,5740400,5731617.588599672,5731617.588599672
17,fp8_e4m3_sat,value,ans_lane_shared,64,108,7077888,5740004,0,2052,5742056,5729628.853035331,5729628.853035331
17,fp8_e4m3_sat,value,zstd,64,108,7077888,5737685,0,2052,5739737,5729628.853035331,5729628.853035331
18,bf16,key,ans_lane,16,864,28311552,19298720,884736,23328,20206784,19273080.63941941,22354092.20378211
18,bf16,key,ans_lane,256,72,28311552,19313592,73728,1944,19389264,19294557.82762146,22373781.74771541
18,bf16,key,ans_lane,64,216,28311552,19310500,221184,5832,19537516,19290221.786134623,22369840.07077
18,bf16,key,ans_lane_shared,16,864,28311552,19326032,0,23328,19349360,19273080.63941941,22354092.20378211
18,bf16,key,ans_lane_shared,256,72,28311552,19319452,0,1944,19321396,19294557.82762146,22373781.74771541
18,bf16,key,ans_lane_shared,64,216,28311552,19320624,0,5832,19326456,19290221.786134623,22369840.07077
18,bf16,key,ans_raw,64,216,28311552,22370988,110592,4104,22485684,19290221.786134623,22369840.07077
18,bf16,key,zstd,64,216,28311552,22409892,0,4104,22413996,19290221.786134623,22369840.07077
18,bf16,value,ans_lane,16,864,28311552,18976976,884736,23328,19885040,18951184.624485016,22091553.5681859
18,bf16,value,ans_lane,256,72,28311552,18993780,73728,1944,19069452,18974655.622730233,22113077.406586405
18,bf16,value,ans_lane,64,216,28311552,18990472,221184,5832,19217488,18970092.153923977,22108922.23704461
18,bf16,value,ans_lane_shared,16,864,28311552,19008740,0,23328,19032068,18951184.624485016,22091553.5681859
18,bf16,value,ans_lane_shared,256,72,28311552,19002212,0,1944,19004156,18974655.622730233,22113077.406586405
18,bf16,value,ans_lane_shared,64,216,28311552,19003396,0,5832,19009228,18970092.153923977,22108922.23704461
18,bf16,value,ans_raw,64,216,28311552,22110056,110592,4104,22224752,18970092.153923977,22108922.23704461
18,bf16,value,zstd,64,216,28311552,22052138,0,4104,22056242,18970092.153923977,22108922.23704461
18,fp8_e4m3_sat,key,ans_lane,16,864,14155776,12049836,442368,16416,12508620,12040390.408331499,12040390.408331499
18,fp8_e4m3_sat,key,ans_lane,256,72,14155776,12062748,36864,1368,12100980,12056738.607479248,12056738.607479248
18,fp8_e4m3_sat,key,ans_lane,64,216,14155776,12059660,110592,4104,12174356,12052999.587264454,12052999.587264454
18,fp8_e4m3_sat,key,ans_lane_shared,16,864,14155776,12075156,0,16416,12091572,12040390.408331499,12040390.408331499
18,fp8_e4m3_sat,key,ans_lane_shared,256,72,14155776,12072024,0,1368,12073392,12056738.607479248,12056738.607479248
18,fp8_e4m3_sat,key,ans_lane_shared,64,216,14155776,12072596,0,4104,12076700,12052999.587264454,12052999.587264454
18,fp8_e4m3_sat,key,zstd,64,216,14155776,12080600,0,4104,12084704,12052999.587264454,12052999.587264454
18,fp8_e4m3_sat,value,ans_lane,16,864,14155776,11461052,442368,16416,11919836,11448420.588928508,11448420.588928508
18,fp8_e4m3_sat,value,ans_lane,256,72,14155776,11473136,36864,1368,11511368,11463955.86206046,11463955.86206046
18,fp8_e4m3_sat,value,ans_lane,64,216,14155776,11470500,110592,4104,11585196,11460673.541304678,11460673.541304678
18,fp8_e4m3_sat,value,ans_lane_shared,16,864,14155776,11485712,0,16416,11502128,11448420.588928508,11448420.588928508
18,fp8_e4m3_sat,value,ans_lane_shared,256,72,14155776,11482588,0,1368,11483956,11463955.86206046,11463955.86206046
18,fp8_e4m3_sat,value,ans_lane_shared,64,216,14155776,11483164,0,4104,11487268,11460673.541304678,11460673.541304678
18,fp8_e4m3_sat,value,zstd,64,216,14155776,11470817,0,4104,11474921,11460673.541304678,11460673.541304678
19,bf16,key,ans_lane,16,288,9437184,6428804,294912,7776,6731492,6420246.013632656,7447561.494764952
19,bf16,key,ans_lane,256,36,9437184,6433460,36864,972,6471296,6427011.303992272,7453776.850007217
19,bf16,key,ans_lane,64,72,9437184,6432620,73728,1944,6508292,6425861.601519023,7452726.472759297
19,bf16,key,ans_lane_shared,16,288,9437184,6437640,0,7776,6445416,6420246.013632656,7447561.494764952
19,bf16,key,ans_lane_shared,256,36,9437184,6435528,0,972,6436500,6427011.303992272,7453776.850007217
19,bf16,key,ans_lane_shared,64,72,9437184,6435824,0,1944,6437768,6425861.601519023,7452726.472759297
19,bf16,key,ans_raw,64,72,9437184,7453076,36864,1368,7491308,6425861.601519023,7452726.472759297
19,bf16,key,zstd,64,72,9437184,7473622,0,1368,7474990,6425861.601519023,7452726.472759297
19,bf16,value,ans_lane,16,288,9437184,6318924,294912,7776,6621612,6310268.451366525,7357459.305471167
19,bf16,value,ans_lane,256,36,9437184,6325608,36864,972,6363444,6319113.19171087,7365625.608921038
19,bf16,value,ans_lane,64,72,9437184,6324328,73728,1944,6400000,6317525.511483201,7364167.43942661
19,bf16,value,ans_lane_shared,16,288,9437184,6335476,0,7776,6343252,6310268.451366525,7357459.305471167
19,bf16,value,ans_lane_shared,256,36,9437184,6333420,0,972,6334392,6319113.19171087,7365625.608921038
19,bf16,value,ans_lane_shared,64,72,9437184,6333728,0,1944,6335672,6317525.511483201,7364167.43942661
19,bf16,value,ans_raw,64,72,9437184,7364548,36864,1368,7402780,6317525.511483201,7364167.43942661
19,bf16,value,zstd,64,72,9437184,7356748,0,1368,7358116,6317525.511483201,7364167.43942661
19,fp8_e4m3_sat,key,ans_lane,16,288,4718592,4013204,147456,5472,4166132,4010067.2887649336,4010067.2887649336
19,fp8_e4m3_sat,key,ans_lane,256,36,4718592,4017244,18432,684,4036360,4015185.611777001,4015185.611777001
19,fp8_e4m3_sat,key,ans_lane,64,72,4718592,4016372,36864,1368,4054604,4014134.8705644542,4014134.8705644542
19,fp8_e4m3_sat,key,ans_lane_shared,16,288,4718592,4021188,0,5472,4026660,4010067.2887649336,4010067.2887649336
19,fp8_e4m3_sat,key,ans_lane_shared,256,36,4718592,4020188,0,684,4020872,4015185.611777001,4015185.611777001
19,fp8_e4m3_sat,key,ans_lane_shared,64,72,4718592,4020320,0,1368,4021688,4014134.8705644542,4014134.8705644542
19,fp8_e4m3_sat,key,zstd,64,72,4718592,4026808,0,1368,4028176,4014134.8705644542,4014134.8705644542
19,fp8_e4m3_sat,value,ans_lane,16,288,4718592,3819552,147456,5472,3972480,3815369.587953017,3815369.587953017
19,fp8_e4m3_sat,value,ans_lane,256,36,4718592,3825172,18432,684,3844288,3822066.2215792877,3822066.2215792877
19,fp8_e4m3_sat,value,ans_lane,64,72,4718592,3823940,36864,1368,3862172,3820660.968769136,3820660.968769136
19,fp8_e4m3_sat,value,ans_lane_shared,16,288,4718592,3829044,0,5472,3834516,3815369.587953017,3815369.587953017
19,fp8_e4m3_sat,value,ans_lane_shared,256,36,4718592,3828044,0,684,3828728,3822066.2215792877,3822066.2215792877
19,fp8_e4m3_sat,value,ans_lane_shared,64,72,4718592,3828168,0,1368,3829536,3820660.968769136,3820660.968769136
19,fp8_e4m3_sat,value,zstd,64,72,4718592,3828787,0,1368,3830155,3820660.968769136,3820660.968769136
2,bf16,key,ans_lane,16,288,9437184,6431492,294912,7776,6734180,6422923.526246874,7451030.1771391
2,bf16,key,ans_lane,256,36,9437184,6436024,36864,972,6473860,6429583.229862062,7457153.047689708
2,bf16,key,ans_lane,64,72,9437184,6435344,73728,1944,6511016,6428580.917967408,7456242.693365902
2,bf16,key,ans_lane_shared,16,288,9437184,6441440,0,7776,6449216,6422923.526246874,7451030.1771391
2,bf16,key,ans_lane_shared,256,36,9437184,6439348,0,972,6440320,6429583.229862062,7457153.047689708
2,bf16,key,ans_lane_shared,64,72,9437184,6439660,0,1944,6441604,6428580.917967408,7456242.693365902
2,bf16,key,ans_raw,64,72,9437184,7456608,36864,1368,7494840,6428580.917967408,7456242.693365902
2,bf16,key,zstd,64,72,9437184,7468416,0,1368,7469784,6428580.917967408,7456242.693365902
2,bf16,value,ans_lane,16,288,9437184,6320024,294912,7776,6622712,6311415.635843006,7358519.170402511
2,bf16,value,ans_lane,256,36,9437184,6326668,36864,972,6364504,6320167.709102911,7366549.76522725
2,bf16,value,ans_lane,64,72,9437184,6325164,73728,1944,6400836,6318346.845539908,7364898.142557387
2,bf16,value,ans_lane_shared,16,288,9437184,6336284,0,7776,6344060,6311415.635843006,7358519.170402511
2,bf16,value,ans_lane_shared,256,36,9437184,6334172,0,972,6335144,6320167.709102911,7366549.76522725
2,bf16,value,ans_lane_shared,64,72,9437184,6334472,0,1944,6336416,6318346.845539908,7364898.142557387
2,bf16,value,ans_raw,64,72,9437184,7365276,36864,1368,7403508,6318346.845539908,7364898.142557387
2,bf16,value,zstd,64,72,9437184,7345911,0,1368,7347279,6318346.845539908,7364898.142557387
2,fp8_e4m3_sat,key,ans_lane,16,288,4718592,4013892,147456,5472,4166820,4010716.5533480244,4010716.5533480244
2,fp8_e4m3_sat,key,ans_lane,256,36,4718592,4017720,18432,684,4036836,4015651.9249376706,4015651.9249376706
2,fp8_e4m3_sat,key,ans_lane,64,72,4718592,4017068,36864,1368,4055300,4014828.621850403,4014828.621850403
2,fp8_e4m3_sat,key,ans_lane_shared,16,288,4718592,4022324,0,5472,4027796,4010716.5533480244,4010716.5533480244
2,fp8_e4m3_sat,key,ans_lane_shared,256,36,4718592,4021300,0,684,4021984,4015651.9249376706,4015651.9249376706
2,fp8_e4m3_sat,key,ans_lane_shared,64,72,4718592,4021452,0,1368,4022820,4014828.621850403,4014828.621850403
2,fp8_e4m3_sat,key,zstd,64,72,4718592,4024019,0,1368,4025387,4014828.621850403,4014828.621850403
2,fp8_e4m3_sat,value,ans_lane,16,288,4718592,3817432,147456,5472,3970360,3813162.6036451426,3813162.6036451426
2,fp8_e4m3_sat,value,ans_lane,256,36,4718592,3822860,18432,684,3841976,3819730.056693822,3819730.056693822
2,fp8_e4m3_sat,value,ans_lane,64,72,4718592,3821368,36864,1368,3859600,3818077.2337721614,3818077.2337721614
2,fp8_e4m3_sat,value,ans_lane_shared,16,288,4718592,3826408,0,5472,3831880,3813162.6036451426,3813162.6036451426
2,fp8_e4m3_sat,value,ans_lane_shared,256,36,4718592,3825440,0,684,3826124,3819730.056693822,3819730.056693822
2,fp8_e4m3_sat,value,ans_lane_shared,64,72,4718592,3825588,0,1368,3826956,3818077.2337721614,3818077.2337721614
2,fp8_e4m3_sat,value,zstd,64,72,4718592,3821464,0,1368,3822832,3818077.2337721614,3818077.2337721614
20,bf16,key,ans_lane,16,288,9437184,6424780,294912,7776,6727468,6416220.527654189,7444125.547419464
20,bf16,key,ans_lane,256,36,9437184,6429344,36864,972,6467180,6422899.057348899,7450275.570281709
20,bf16,key,ans_lane,64,72,9437184,6428712,73728,1944,6504384,6421952.784391094,7449405.2174902875
20,bf16,key,ans_lane_shared,16,288,9437184,6433296,0,7776,6441072,6416220.527654189,7444125.547419464
20,bf16,key,ans_lane_shared,256,36,9437184,6431164,0,972,6432136,6422899.057348899,7450275.570281709
20,bf16,key,ans_lane_shared,64,72,9437184,6431464,0,1944,6433408,6421952.784391094,7449405.2174902875
20,bf16,key,ans_raw,64,72,9437184,7449784,36864,1368,7488016,6421952.784391094,7449405.2174902875
20,bf16,key,zstd,64,72,9437184,7461808,0,1368,7463176,6421952.784391094,7449405.2174902875
20,bf16,value,ans_lane,16,288,9437184,6319104,294912,7776,6621792,6310502.503133518,7357794.327273709
20,bf16,value,ans_lane,256,36,9437184,6324636,36864,972,6362472,6318126.023264368,7364783.156738025
20,bf16,value,ans_lane,64,72,9437184,6323968,73728,1944,6399640,6317141.48792434,7363883.336423194
20,bf16,value,ans_lane_shared,16,288,9437184,6334556,0,7776,6342332,6310502.503133518,7357794.327273709
20,bf16,value,ans_lane_shared,256,36,9437184,6332452,0,972,6333424,6318126.023264368,7364783.156738025
20,bf16,value,ans_lane_shared,64,72,9437184,6332760,0,1944,6334704,6317141.48792434,7363883.336423194
20,bf16,value,ans_raw,64,72,9437184,7364264,36864,1368,7402496,6317141.48792434,7363883.336423194
20,bf16,value,zstd,64,72,9437184,7343909,0,1368,7345277,6317141.48792434,7363883.336423194
20,fp8_e4m3_sat,key,ans_lane,16,288,4718592,4010368,147456,5472,4163296,4007220.5983267524,4007220.5983267524
20,fp8_e4m3_sat,key,ans_lane,256,36,4718592,4014156,18432,684,4033272,4012081.9797699326,4012081.9797699326
20,fp8_e4m3_sat,key,ans_lane,64,72,4718592,4013620,36864,1368,4051852,4011384.677136017,4011384.677136017
20,fp8_e4m3_sat,key,ans_lane_shared,16,288,4718592,4017936,0,5472,4023408,4007220.5983267524,4007220.5983267524
20,fp8_e4m3_sat,key,ans_lane_shared,256,36,4718592,4016904,0,684,4017588,4012081.9797699326,4012081.9797699326
20,fp8_e4m3_sat,key,ans_lane_shared,64,72,4718592,4017048,0,1368,4018416,4011384.677136017,4011384.677136017
20,fp8_e4m3_sat,key,zstd,64,72,4718592,4020754,0,1368,4022122,4011384.677136017,4011384.677136017
20,fp8_e4m3_sat,value,ans_lane,16,288,4718592,3819232,147456,5472,3972160,3815000.62182537,3815000.62182537
20,fp8_e4m3_sat,value,ans_lane,256,36,4718592,3823284,18432,684,3842400,3820184.3789780824,3820184.3789780824
20,fp8_e4m3_sat,value,ans_lane,64,72,4718592,3822844,36864,1368,3861076,3819564.490877229,3819564.490877229
20,fp8_e4m3_sat,value,ans_lane_shared,16,288,4718592,3827180,0,5472,3832652,3815000.62182537,3815000.62182537
20,fp8_e4m3_sat,value,ans_lane_shared,256,36,4718592,3826180,0,684,3826864,3820184.3789780824,3820184.3789780824
20,fp8_e4m3_sat,value,ans_lane_shared,64,72,4718592,3826328,0,1368,3827696,3819564.490877229,3819564.490877229
20,fp8_e4m3_sat,value,zstd,64,72,4718592,3822242,0,1368,3823610,3819564.490877229,3819564.490877229
21,bf16,key,ans_lane,16,2880,94371840,64239660,2949120,77760,67266540,64153938.077219546,74431654.45594522
21,bf16,key,ans_lane,256,180,94371840,64288088,184320,4860,64477268,64225155.27060674,74497070.18559663
21,bf16,key,ans_lane,64,720,94371840,64277552,737280,19440,65034272,64209955.95936117,74483199.96324447
21,bf16,key,ans_lane_shared,16,2880,94371840,64324704,0,77760,64402464,64153938.077219546,74431654.45594522
21,bf16,key,ans_lane_shared,256,180,94371840,64302436,0,4860,64307296,64225155.27060674,74497070.18559663
21,bf16,key,ans_lane_shared,64,720,94371840,64306904,0,19440,64326344,64209955.95936117,74483199.96324447
21,bf16,key,ans_raw,64,720,94371840,74486960,368640,13680,74869280,64209955.95936117,74483199.96324447
21,bf16,key,zstd,64,720,94371840,74566019,0,13680,74579699,64209955.95936117,74483199.96324447
21,bf16,value,ans_lane,16,2880,94371840,63279096,2949120,77760,66305976,63193019.90978874,73658288.34822272
21,bf16,value,ans_lane,256,180,94371840,63335836,184320,4860,63525016,63272617.46541832,73731447.65423517
21,bf16,value,ans_lane,64,720,94371840,63322352,737280,19440,64079072,63254348.10212278,73714779.51986666
21,bf16,value,ans_lane_shared,16,2880,94371840,63381228,0,77760,63458988,63193019.90978874,73658288.34822272
21,bf16,value,ans_lane_shared,256,180,94371840,63359064,0,4860,63363924,63272617.46541832,73731447.65423517
21,bf16,value,ans_lane_shared,64,720,94371840,63363464,0,19440,63382904,63254348.10212278,73714779.51986666
21,bf16,value,ans_raw,64,720,94371840,73718564,368640,13680,74100884,63254348.10212278,73714779.51986666
21,bf16,value,zstd,64,720,94371840,73451801,0,13680,73465481,63254348.10212278,73714779.51986666
21,fp8_e4m3_sat,key,ans_lane,16,2880,47185920,40086916,1474560,54720,41616196,40055305.35987159,40055305.35987159
21,fp8_e4m3_sat,key,ans_lane,256,180,47185920,40127784,92160,3420,40223364,40107802.111685604,40107802.111685604
21,fp8_e4m3_sat,key,ans_lane,64,720,47185920,40117740,368640,13680,40500060,40095306.08931078,40095306.08931078
21,fp8_e4m3_sat,key,ans_lane_shared,16,2880,47185920,40166128,0,54720,40220848,40055305.35987159,40055305.35987159
21,fp8_e4m3_sat,key,ans_lane_shared,256,180,47185920,40155420,0,3420,40158840,40107802.111685604,40107802.111685604
21,fp8_e4m3_sat,key,ans_lane_shared,64,720,47185920,40157572,0,13680,40171252,40095306.08931078,40095306.08931078
21,fp8_e4m3_sat,key,zstd,64,720,47185920,40165036,0,13680,40178716,40095306.08931078,40095306.08931078
21,fp8_e4m3_sat,value,ans_lane,16,2880,47185920,38220168,1474560,54720,39749448,38177892.99684997,38177892.99684997
21,fp8_e4m3_sat,value,ans_lane,256,180,47185920,38260688,92160,3420,38356268,38230338.0637022,38230338.0637022
21,fp8_e4m3_sat,value,ans_lane,64,720,47185920,38249584,368640,13680,38631904,38216655.43359554,38216655.43359554
21,fp8_e4m3_sat,value,ans_lane_shared,16,2880,47185920,38298028,0,54720,38352748,38177892.99684997,38177892.99684997
21,fp8_e4m3_sat,value,ans_lane_shared,256,180,47185920,38287136,0,3420,38290556,38230338.0637022,38230338.0637022
21,fp8_e4m3_sat,value,ans_lane_shared,64,720,47185920,38289304,0,13680,38302984,38216655.43359554,38216655.43359554
21,fp8_e4m3_sat,value,zstd,64,720,47185920,38221010,0,13680,38234690,38216655.43359554,38216655.43359554
22,bf16,key,ans_lane,16,2160,70778880,48180396,2211840,58320,50450556,48116188.18102929,55826390.39947528
22,bf16,key,ans_lane,256,144,70778880,48217740,147456,3888,48369084,48170447.8757216,55876198.492963694
22,bf16,key,ans_lane,64,540,70778880,48209532,552960,14580,48777072,48158800.92678546,55865552.22701767
22,bf16,key,ans_lane_shared,16,2160,70778880,48245772,0,58320,48304092,48116188.18102929,55826390.39947528
22,bf16,key,ans_lane_shared,256,144,70778880,48229096,0,3888,48232984,48170447.8757216,55876198.492963694
22,bf16,key,ans_lane_shared,64,540,70778880,48232416,0,14580,48246996,48158800.92678546,55865552.22701767
22,bf16,key,ans_raw,64,540,70778880,55868392,276480,10260,56155132,48158800.92678546,55865552.22701767
22,bf16,key,zstd,64,540,70778880,55931844,0,10260,55942104,48158800.92678546,55865552.22701767
22,bf16,value,ans_lane,16,2160,70778880,47460256,2211840,58320,49730416,47395803.079402074,55243810.521674596
22,bf16,value,ans_lane,256,144,70778880,47504876,147456,3888,47656220,47457388.23590791,55300151.58207535
22,bf16,value,ans_lane,64,540,70778880,47493164,552960,14580,48060704,47442284.979186654,55286508.71371513
22,bf16,value,ans_lane_shared,16,2160,70778880,47543800,0,58320,47602120,47395803.079402074,55243810.521674596
22,bf16,value,ans_lane_shared,256,144,70778880,47527276,0,3888,47531164,47457388.23590791,55300151.58207535
22,bf16,value,ans_lane_shared,64,540,70778880,47530444,0,14580,47545024,47442284.979186654,55286508.71371513
22,bf16,value,ans_raw,64,540,70778880,55289348,276480,10260,55576088,47442284.979186654,55286508.71371513
22,bf16,value,zstd,64,540,70778880,55094366,0,10260,55104626,47442284.979186654,55286508.71371513
22,fp8_e4m3_sat,key,ans_lane,16,2160,35389440,30064060,1105920,41040,31211020,30040413.504680008,30040413.504680008
22,fp8_e4m3_sat,key,ans_lane,256,144,35389440,30096292,73728,2736,30172756,30081398.00322717,30081398.00322717
22,fp8_e4m3_sat,key,ans_lane,64,540,35389440,30087812,276480,10260,30374552,30070999.129481412,30070999.129481412
22,fp8_e4m3_sat,key,ans_lane_shared,16,2160,35389440,30125212,0,41040,30166252,30040413.504680008,30040413.504680008
22,fp8_e4m3_sat,key,ans_lane_shared,256,144,35389440,30117152,0,2736,30119888,30081398.00322717,30081398.00322717
22,fp8_e4m3_sat,key,ans_lane_shared,64,540,35389440,30118764,0,10260,30129024,30070999.129481412,30070999.129481412
22,fp8_e4m3_sat,key,zstd,64,540,35389440,30107193,0,10260,30117453,30070999.129481412,30070999.129481412
22,fp8_e4m3_sat,value,ans_lane,16,2160,35389440,28663032,1105920,41040,29809992,28631353.074257582,28631353.074257582
22,fp8_e4m3_sat,value,ans_lane,256,144,35389440,28695580,73728,2736,28772044,28672840.69712138,28672840.69712138
22,fp8_e4m3_sat,value,ans_lane,64,540,35389440,28685292,276480,10260,28972032,28660604.32096603,28660604.32096603
22,fp8_e4m3_sat,value,ans_lane_shared,16,2160,35389440,28729676,0,41040,28770716,28631353.074257582,28631353.074257582
22,fp8_e4m3_sat,value,ans_lane_shared,256,144,35389440,28721624,0,2736,28724360,28672840.69712138,28672840.69712138
22,fp8_e4m3_sat,value,ans_lane_shared,64,540,35389440,28723196,0,10260,28733456,28660604.32096603,28660604.32096603
22,fp8_e4m3_sat,value,zstd,64,540,35389440,28642611,0,10260,28652871,28660604.32096603,28660604.32096603
23,bf16,key,ans_lane,16,576,18874368,12862848,589824,15552,13468224,12845666.378889523,14900823.65214742
23,bf16,key,ans_lane,256,36,18874368,12872892,36864,972,12910728,12860303.855544984,14914256.741071483
23,bf16,key,ans_lane,64,144,18874368,12870420,147456,3888,13021764,12856919.131303875,14911175.163271137
23,bf16,key,ans_lane_shared,16,576,18874368,12881136,0,15552,12896688,12845666.378889523,14900823.65214742
23,bf16,key,ans_lane_shared,256,36,18874368,12876680,0,972,12877652,12860303.855544984,14914256.741071483
23,bf16,key,ans_lane_shared,64,144,18874368,12877576,0,3888,12881464,12856919.131303875,14911175.163271137
23,bf16,key,ans_raw,64,144,18874368,14911928,73728,2736,14988392,12856919.131303875,14911175.163271137
23,bf16,key,zstd,64,144,18874368,14928496,0,2736,14931232,12856919.131303875,14911175.163271137
23,bf16,value,ans_lane,16,576,18874368,12654136,589824,15552,13259512,12636949.932115017,14729276.793695023
23,bf16,value,ans_lane,256,36,18874368,12665564,36864,972,12703400,12652927.198120164,14743900.329862626
23,bf16,value,ans_lane,64,144,18874368,12662996,147456,3888,12814340,12649420.841201235,14740739.705061447
23,bf16,value,ans_lane_shared,16,576,18874368,12675092,0,15552,12690644,12636949.932115017,14729276.793695023
23,bf16,value,ans_lane_shared,256,36,18874368,12670592,0,972,12671564,12652927.198120164,14743900.329862626
23,bf16,value,ans_lane_shared,64,144,18874368,12671464,0,3888,12675352,12649420.841201235,14740739.705061447
23,bf16,value,ans_raw,64,144,18874368,14741484,73728,2736,14817948,12649420.841201235,14740739.705061447
23,bf16,value,zstd,64,144,18874368,14689726,0,2736,14692462,12649420.841201235,14740739.705061447
23,fp8_e4m3_sat,key,ans_lane,16,576,9437184,8033700,294912,10944,8339556,8027421.54893913,8027421.54893913
23,fp8_e4m3_sat,key,ans_lane,256,36,9437184,8043036,18432,684,8062152,8039094.571144293,8039094.571144293
23,fp8_e4m3_sat,key,ans_lane,64,144,9437184,8040264,73728,2736,8116728,8035797.26610745,8035797.26610745
23,fp8_e4m3_sat,key,ans_lane_shared,16,576,9437184,8051480,0,10944,8062424,8027421.54893913,8027421.54893913
23,fp8_e4m3_sat,key,ans_lane_shared,256,36,9437184,8049300,0,684,8049984,8039094.571144293,8039094.571144293
23,fp8_e4m3_sat,key,ans_lane_shared,64,144,9437184,8049724,0,2736,8052460,8035797.26610745,8035797.26610745
23,fp8_e4m3_sat,key,zstd,64,144,9437184,8051019,0,2736,8053755,8035797.26610745,8035797.26610745
23,fp8_e4m3_sat,value,ans_lane,16,576,9437184,7643800,294912,10944,7949656,7635307.556101782,7635307.556101782
23,fp8_e4m3_sat,value,ans_lane,256,36,9437184,7652056,18432,684,7671172,7646013.879832946,7646013.879832946
23,fp8_e4m3_sat,value,ans_lane,64,144,9437184,7649968,73728,2736,7726432,7643421.576967018,7643421.576967018
23,fp8_e4m3_sat,value,ans_lane_shared,16,576,9437184,7660000,0,10944,7670944,7635307.556101782,7635307.556101782
23,fp8_e4m3_sat,value,ans_lane_shared,256,36,9437184,7657800,0,684,7658484,7646013.879832946,7646013.879832946
23,fp8_e4m3_sat,value,ans_lane_shared,64,144,9437184,7658232,0,2736,7660968,7643421.576967018,7643421.576967018
23,fp8_e4m3_sat,value,zstd,64,144,9437184,7644830,0,2736,7647566,7643421.576967018,7643421.576967018
24,bf16,key,ans_lane,16,576,18874368,12858048,589824,15552,13463424,12840872.438572817,14895659.773519758
24,bf16,key,ans_lane,256,36,18874368,12868092,36864,972,12905928,12855495.041916102,14909121.657251386
24,bf16,key,ans_lane,64,144,18874368,12865836,147456,3888,13017180,12852335.37034855,14906229.674506588
24,bf16,key,ans_lane_shared,16,576,18874368,12875852,0,15552,12891404,12840872.438572817,14895659.773519758
24,bf16,key,ans_lane_shared,256,36,18874368,12871372,0,972,12872344,12855495.041916102,14909121.657251386
24,bf16,key,ans_lane_shared,64,144,18874368,12872284,0,3888,12876172,12852335.37034855,14906229.674506588
24,bf16,key,ans_raw,64,144,18874368,14906980,73728,2736,14983444,12852335.37034855,14906229.674506588
24,bf16,key,zstd,64,144,18874368,14929336,0,2736,14932072,12852335.37034855,14906229.674506588
24,bf16,value,ans_lane,16,576,18874368,12653184,589824,15552,13258560,12636026.623928774,14728889.019532306
24,bf16,value,ans_lane,256,36,18874368,12664244,36864,972,12702080,12651620.83908922,14743204.840817055
24,bf16,value,ans_lane,64,144,18874368,12661648,147456,3888,12812992,12648074.377145568,14739977.755231248
24,bf16,value,ans_lane_shared,16,576,18874368,12674352,0,15552,12689904,12636026.623928774,14728889.019532306
24,bf16,value,ans_lane_shared,256,36,18874368,12669944,0,972,12670916,12651620.83908922,14743204.840817055
24,bf16,value,ans_lane_shared,64,144,18874368,12670860,0,3888,12674748,12648074.377145568,14739977.755231248
24,bf16,value,ans_raw,64,144,18874368,14740732,73728,2736,14817196,12648074.377145568,14739977.755231248
24,bf16,value,zstd,64,144,18874368,14695838,0,2736,14698574,12648074.377145568,14739977.755231248
24,fp8_e4m3_sat,key,ans_lane,16,576,9437184,8027148,294912,10944,8333004,8020808.166377195,8020808.166377195
24,fp8_e4m3_sat,key,ans_lane,256,36,9437184,8036036,18432,684,8055152,8032083.007272762,8032083.007272762
24,fp8_e4m3_sat,key,ans_lane,64,144,9437184,8033836,73728,2736,8110300,8029358.263321605,8029358.263321605
24,fp8_e4m3_sat,key,ans_lane_shared,16,576,9437184,8044696,0,10944,8055640,8020808.166377195,8020808.166377195
24,fp8_e4m3_sat,key,ans_lane_shared,256,36,9437184,8042532,0,684,8043216,8032083.007272762,8032083.007272762
24,fp8_e4m3_sat,key,ans_lane_shared,64,144,9437184,8042964,0,2736,8045700,8029358.263321605,8029358.263321605
24,fp8_e4m3_sat,key,zstd,64,144,9437184,8044863,0,2736,8047599,8029358.263321605,8029358.263321605
24,fp8_e4m3_sat,value,ans_lane,16,576,9437184,7640620,294912,10944,7946476,7632162.347903604,7632162.347903604
24,fp8_e4m3_sat,value,ans_lane,256,36,9437184,7648252,18432,684,7667368,7642180.827335963,7642180.827335963
24,fp8_e4m3_sat,value,ans_lane,64,144,9437184,7646232,73728,2736,7722696,7639619.039829725,7639619.039829725
24,fp8_e4m3_sat,value,ans_lane_shared,16,576,9437184,7657292,0,10944,7668236,7632162.347903604,7632162.347903604
24,fp8_e4m3_sat,value,ans_lane_shared,256,36,9437184,7655064,0,684,7655748,7642180.827335963,7642180.827335963
24,fp8_e4m3_sat,value,ans_lane_shared,64,144,9437184,7655484,0,2736,7658220,7639619.039829725,7639619.039829725
24,fp8_e4m3_sat,value,zstd,64,144,9437184,7642861,0,2736,7645597,7639619.039829725,7639619.039829725
25,bf16,key,ans_lane,16,432,14155776,9641488,442368,11664,10095520,9628600.911833823,11170119.542500857
25,bf16,key,ans_lane,256,36,14155776,9648772,36864,972,9686608,9639238.36592526,11179868.114956487
25,bf16,key,ans_lane,64,108,14155776,9647268,110592,2916,9760776,9637098.668795595,11177905.366537133
25,bf16,key,ans_lane_shared,16,432,14155776,9654724,0,11664,9666388,9628600.911833823,11170119.542500857
25,bf16,key,ans_lane_shared,256,36,14155776,9651456,0,972,9652428,9639238.36592526,11179868.114956487
25,bf16,key,ans_lane_shared,64,108,14155776,9652052,0,2916,9654968,9637098.668795595,11177905.366537133
25,bf16,key,ans_raw,64,108,14155776,11178476,55296,2052,11235824,9637098.668795595,11177905.366537133
25,bf16,key,zstd,64,108,14155776,11213216,0,2052,11215268,9637098.668795595,11177905.366537133
25,bf16,value,ans_lane,16,432,14155776,9486036,442368,11664,9940068,9473125.868090447,11043336.120362274
25,bf16,value,ans_lane,256,36,14155776,9495784,36864,972,9533620,9486207.783988062,11055336.403390264
25,bf16,value,ans_lane,64,108,14155776,9493536,110592,2916,9607044,9483343.032955227,11052733.25451143
25,bf16,value,ans_lane_shared,16,432,14155776,9501952,0,11664,9513616,9473125.868090447,11043336.120362274
25,bf16,value,ans_lane_shared,256,36,14155776,9498628,0,972,9499600,9486207.783988062,11055336.403390264
25,bf16,value,ans_lane_shared,64,108,14155776,9499180,0,2916,9502096,9483343.032955227,11052733.25451143
25,bf16,value,ans_raw,64,108,14155776,11053280,55296,2052,11110628,9483343.032955227,11052733.25451143
25,bf16,value,zstd,64,108,14155776,11056292,0,2052,11058344,9483343.032955227,11052733.25451143
25,fp8_e4m3_sat,key,ans_lane,16,432,7077888,6019896,221184,8208,6249288,6015169.428142292,6015169.428142292
25,fp8_e4m3_sat,key,ans_lane,256,36,7077888,6026324,18432,684,6045440,6023295.591975015,6023295.591975015
25,fp8_e4m3_sat,key,ans_lane,64,108,7077888,6024868,55296,2052,6082216,6021508.453095302,6021508.453095302
25,fp8_e4m3_sat,key,ans_lane_shared,16,432,7077888,6032124,0,8208,6040332,6015169.428142292,6015169.428142292
25,fp8_e4m3_sat,key,ans_lane_shared,256,36,7077888,6030568,0,684,6031252,6023295.591975015,6023295.591975015
25,fp8_e4m3_sat,key,ans_lane_shared,64,108,7077888,6030856,0,2052,6032908,6021508.453095302,6021508.453095302
25,fp8_e4m3_sat,key,zstd,64,108,7077888,6044087,0,2052,6046139,6021508.453095302,6021508.453095302
25,fp8_e4m3_sat,value,ans_lane,16,432,7077888,5727652,221184,8208,5957044,5721313.72774894,5721313.72774894
25,fp8_e4m3_sat,value,ans_lane,256,36,7077888,5735496,18432,684,5754612,5730914.780579387,5730914.780579387
25,fp8_e4m3_sat,value,ans_lane,64,108,7077888,5733460,55296,2052,5790808,5728539.203333218,5728539.203333218
25,fp8_e4m3_sat,value,ans_lane_shared,16,432,7077888,5740148,0,8208,5748356,5721313.72774894,5721313.72774894
25,fp8_e4m3_sat,value,ans_lane_shared,256,36,7077888,5738564,0,684,5739248,5730914.780579387,5730914.780579387
25,fp8_e4m3_sat,value,ans_lane_shared,64,108,7077888,5738864,0,2052,5740916,5728539.203333218,5728539.203333218
25,fp8_e4m3_sat,value,zstd,64,108,7077888,5748718,0,2052,5750770,5728539.203333218,5728539.203333218
26,bf16,key,ans_lane,16,1008,33030144,22490252,1032192,27216,23549660,22460333.455869377,26056484.72478859
26,bf16,key,ans_lane,256,72,33030144,22507900,73728,1944,22583572,22485792.409807194,26079826.783473477
26,bf16,key,ans_lane,64,252,33030144,22503996,258048,6804,22768848,22480380.26040499,26074924.697183054
26,bf16,key,ans_lane_shared,16,1008,33030144,22520444,0,27216,22547660,22460333.455869377,26056484.72478859
26,bf16,key,ans_lane_shared,256,72,33030144,22512800,0,1944,22514744,22485792.409807194,26079826.783473477
26,bf16,key,ans_lane_shared,64,252,33030144,22514260,0,6804,22521064,22480380.26040499,26074924.697183054
26,bf16,key,ans_raw,64,252,33030144,26076244,129024,4788,26210056,22480380.26040499,26074924.697183054
26,bf16,key,zstd,64,252,33030144,26134822,0,4788,26139610,22480380.26040499,26074924.697183054
26,bf16,value,ans_lane,16,1008,33030144,22141688,1032192,27216,23201096,22111547.60094588,25775427.51379961
26,bf16,value,ans_lane,256,72,33030144,22163500,73728,1944,22239172,22141301.137062583,25802686.792497918
26,bf16,value,ans_lane,64,252,33030144,22157960,258048,6804,22422812,22134185.447096437,25796196.15285126
26,bf16,value,ans_lane_shared,16,1008,33030144,22181792,0,27216,22209008,22111547.60094588,25775427.51379961
26,bf16,value,ans_lane_shared,256,72,33030144,22174048,0,1944,22175992,22141301.137062583,25802686.792497918
26,bf16,value,ans_lane_shared,64,252,33030144,22175584,0,6804,22182388,22134185.447096437,25796196.15285126
26,bf16,value,ans_raw,64,252,33030144,25797520,129024,4788,25931332,22134185.447096437,25796196.15285126
26,bf16,value,zstd,64,252,33030144,25775817,0,4788,25780605,22134185.447096437,25796196.15285126
26,fp8_e4m3_sat,key,ans_lane,16,1008,16515072,14035304,516096,19152,14570552,14024215.691447621,14024215.691447621
26,fp8_e4m3_sat,key,ans_lane,256,72,16515072,14050824,36864,1368,14089056,14043829.913778424,14043829.913778424
26,fp8_e4m3_sat,key,ans_lane,64,252,16515072,14046760,129024,4788,14180572,14038904.330839327,14038904.330839327
26,fp8_e4m3_sat,key,ans_lane_shared,16,1008,16515072,14063136,0,19152,14082288,14024215.691447621,14024215.691447621
26,fp8_e4m3_sat,key,ans_lane_shared,256,72,16515072,14059420,0,1368,14060788,14043829.913778424,14043829.913778424
26,fp8_e4m3_sat,key,ans_lane_shared,64,252,16515072,14060168,0,4788,14064956,14038904.330839327,14038904.330839327
26,fp8_e4m3_sat,key,zstd,64,252,16515072,14082499,0,4788,14087287,14038904.330839327,14038904.330839327
26,fp8_e4m3_sat,value,ans_lane,16,1008,16515072,13368088,516096,19152,13903336,13353246.542941311,13353246.542941311
26,fp8_e4m3_sat,value,ans_lane,256,72,16515072,13385020,36864,1368,13423252,13374384.714720232,13374384.714720232
26,fp8_e4m3_sat,value,ans_lane,64,252,16515072,13379952,129024,4788,13513764,13368442.469846403,13368442.469846403
26,fp8_e4m3_sat,value,ans_lane_shared,16,1008,16515072,13401064,0,19152,13420216,13353246.542941311,13353246.542941311
26,fp8_e4m3_sat,value,ans_lane_shared,256,72,16515072,13397364,0,1368,13398732,13374384.714720232,13374384.714720232
26,fp8_e4m3_sat,value,ans_lane_shared,64,252,16515072,13398096,0,4788,13402884,13368442.469846403,13368442.469846403
26,fp8_e4m3_sat,value,zstd,64,252,16515072,13400242,0,4788,13405030,13368442.469846403,13368442.469846403
27,bf16,key,ans_lane,16,2880,94371840,64236508,2949120,77760,67263388,64150904.39619386,74427509.80926004
27,bf16,key,ans_lane,256,180,94371840,64284560,184320,4860,64473740,64221650.796015166,74492505.079214
27,bf16,key,ans_lane,64,720,94371840,64274020,737280,19440,65030740,64206417.22217386,74478601.38987824
27,bf16,key,ans_lane_shared,16,2880,94371840,64322044,0,77760,64399804,64150904.39619386,74427509.80926004
27,bf16,key,ans_lane_shared,256,180,94371840,64299856,0,4860,64304716,64221650.796015166,74492505.079214
27,bf16,key,ans_lane_shared,64,720,94371840,64304292,0,19440,64323732,64206417.22217386,74478601.38987824
27,bf16,key,ans_raw,64,720,94371840,74482328,368640,13680,74864648,64206417.22217386,74478601.38987824
27,bf16,key,zstd,64,720,94371840,74542125,0,13680,74555805,64206417.22217386,74478601.38987824
27,bf16,value,ans_lane,16,2880,94371840,63272452,2949120,77760,66299332,63186386.030816235,73650618.58253993
27,bf16,value,ans_lane,256,180,94371840,63324716,184320,4860,63513896,63261500.01538454,73719686.46499547
27,bf16,value,ans_lane,64,720,94371840,63313304,737280,19440,64070024,63245327.36455519,73704958.06498489
27,bf16,value,ans_lane_shared,16,2880,94371840,63374508,0,77760,63452268,63186386.030816235,73650618.58253993
27,bf16,value,ans_lane_shared,256,180,94371840,63352272,0,4860,63357132,63261500.01538454,73719686.46499547
27,bf16,value,ans_lane_shared,64,720,94371840,63356632,0,19440,63376072,63245327.36455519,73704958.06498489
27,bf16,value,ans_raw,64,720,94371840,73708736,368640,13680,74091056,63245327.36455519,73704958.06498489
27,bf16,value,zstd,64,720,94371840,73383323,0,13680,73397003,63245327.36455519,73704958.06498489
27,fp8_e4m3_sat,key,ans_lane,16,2880,47185920,40097012,1474560,54720,41626292,40065330.80253296,40065330.80253296
27,fp8_e4m3_sat,key,ans_lane,256,180,47185920,40136756,92160,3420,40232336,40116740.13775723,40116740.13775723
27,fp8_e4m3_sat,key,ans_lane,64,720,47185920,40126704,368640,13680,40509024,40104200.910690725,40104200.910690725
27,fp8_e4m3_sat,key,ans_lane_shared,16,2880,47185920,40174536,0,54720,40229256,40065330.80253296,40065330.80253296
27,fp8_e4m3_sat,key,ans_lane_shared,256,180,47185920,40163952,0,3420,40167372,40116740.13775723,40116740.13775723
27,fp8_e4m3_sat,key,ans_lane_shared,64,720,47185920,40166068,0,13680,40179748,40104200.910690725,40104200.910690725
27,fp8_e4m3_sat,key,zstd,64,720,47185920,40158568,0,13680,40172248,40104200.910690725,40104200.910690725
27,fp8_e4m3_sat,value,ans_lane,16,2880,47185920,38205356,1474560,54720,39734636,38163198.588556096,38163198.588556096
27,fp8_e4m3_sat,value,ans_lane,256,180,47185920,38240104,92160,3420,38335684,38209788.23224712,38209788.23224712
27,fp8_e4m3_sat,value,ans_lane,64,720,47185920,38231600,368640,13680,38613920,38198736.25606848,38198736.25606848
27,fp8_e4m3_sat,value,ans_lane_shared,16,2880,47185920,38283508,0,54720,38338228,38163198.588556096,38163198.588556096
27,fp8_e4m3_sat,value,ans_lane_shared,256,180,47185920,38272692,0,3420,38276112,38209788.23224712,38209788.23224712
27,fp8_e4m3_sat,value,ans_lane_shared,64,720,47185920,38274856,0,13680,38288536,38198736.25606848,38198736.25606848
27,fp8_e4m3_sat,value,zstd,64,720,47185920,38165342,0,13680,38179022,38198736.25606848,38198736.25606848
28,bf16,key,ans_lane,16,2880,94371840,64247376,2949120,77760,67274256,64161891.65849464,74437969.80219075
28,bf16,key,ans_lane,256,180,94371840,64296300,184320,4860,64485480,64233348.46188796,74503574.60970096
28,bf16,key,ans_lane,64,720,94371840,64285376,737280,19440,65042096,64217828.62204768,74489411.33851756
28,bf16,key,ans_lane_shared,16,2880,94371840,64334188,0,77760,64411948,64161891.65849464,74437969.80219075
28,bf16,key,ans_lane_shared,256,180,94371840,64311708,0,4860,64316568,64233348.46188796,74503574.60970096
28,bf16,key,ans_lane_shared,64,720,94371840,64316092,0,19440,64335532,64217828.62204768,74489411.33851756
28,bf16,key,ans_raw,64,720,94371840,74493268,368640,13680,74875588,64217828.62204768,74489411.33851756
28,bf16,key,zstd,64,720,94371840,74559263,0,13680,74572943,64217828.62204768,74489411.33851756
28,bf16,value,ans_lane,16,2880,94371840,63273532,2949120,77760,66300412,63187647.62005933,73651695.65129828
28,bf16,value,ans_lane,256,180,94371840,63327060,184320,4860,63516240,63263853.64253757,73721725.95261797
28,bf16,value,ans_lane,64,720,94371840,63315128,737280,19440,64071848,63247123.12284783,73706479.39494275
28,bf16,value,ans_lane_shared,16,2880,94371840,63376044,0,77760,63453804,63187647.62005933,73651695.65129828
28,bf16,value,ans_lane_shared,256,180,94371840,63353808,0,4860,63358668,63263853.64253757,73721725.95261797
28,bf16,value,ans_lane_shared,64,720,94371840,63358288,0,19440,63377728,63247123.12284783,73706479.39494275
28,bf16,value,ans_raw,64,720,94371840,73710256,368640,13680,74092576,63247123.12284783,73706479.39494275
28,bf16,value,zstd,64,720,94371840,73411741,0,13680,73425421,63247123.12284783,73706479.39494275
28,fp8_e4m3_sat,key,ans_lane,16,2880,47185920,40108936,1474560,54720,41638216,40077263.35426236,40077263.35426236
28,fp8_e4m3_sat,key,ans_lane,256,180,47185920,40149748,92160,3420,40245328,40129749.51038717,40129749.51038717
28,fp8_e4m3_sat,key,ans_lane,64,720,47185920,40139376,368640,13680,40521696,40116846.53597736,40116846.53597736
28,fp8_e4m3_sat,key,ans_lane_shared,16,2880,47185920,40188788,0,54720,40243508,40077263.35426236,40077263.35426236
28,fp8_e4m3_sat,key,ans_lane_shared,256,180,47185920,40178152,0,3420,40181572,40129749.51038717,40129749.51038717
28,fp8_e4m3_sat,key,ans_lane_shared,64,720,47185920,40180268,0,13680,40193948,40116846.53597736,40116846.53597736
28,fp8_e4m3_sat,key,zstd,64,720,47185920,40178469,0,13680,40192149,40116846.53597736,40116846.53597736
28,fp8_e4m3_sat,value,ans_lane,16,2880,47185920,38203380,1474560,54720,39732660,38161054.44118414,38161054.44118414
28,fp8_e4m3_sat,value,ans_lane,256,180,47185920,38239236,92160,3420,38334816,38209019.24233823,38209019.24233823
28,fp8_e4m3_sat,value,ans_lane,64,720,47185920,38230348,368640,13680,38612668,38197441.804684356,38197441.804684356
28,fp8_e4m3_sat,value,ans_lane_shared,16,2880,47185920,38281728,0,54720,38336448,38161054.44118414,38161054.44118414
28,fp8_e4m3_sat,value,ans_lane_shared,256,180,47185920,38270948,0,3420,38274368,38209019.24233823,38209019.24233823
28,fp8_e4m3_sat,value,ans_lane_shared,64,720,47185920,38273112,0,13680,38286792,38197441.804684356,38197441.804684356
28,fp8_e4m3_sat,value,zstd,64,720,47185920,38181129,0,13680,38194809,38197441.804684356,38197441.804684356
29,bf16,key,ans_lane,16,720,23592960,16067808,737280,19440,16824528,16046315.611772558,18616260.91560766
29,bf16,key,ans_lane,256,72,23592960,16079856,73728,1944,16155528,16063895.912727145,18632417.318431213
29,bf16,key,ans_lane,64,180,23592960,16077464,184320,4860,16266644,16060576.760004096,18629388.29619082
29,bf16,key,ans_lane_shared,16,720,23592960,16089908,0,19440,16109348,16046315.611772558,18616260.91560766
29,bf16,key,ans_lane_shared,256,72,23592960,16084652,0,1944,16086596,16063895.912727145,18632417.318431213
29,bf16,key,ans_lane_shared,64,180,23592960,16085544,0,4860,16090404,16060576.760004096,18629388.29619082
29,bf16,key,ans_raw,64,180,23592960,18630356,92160,3420,18725936,16060576.760004096,18629388.29619082
29,bf16,key,zstd,64,180,23592960,18673376,0,3420,18676796,16060576.760004096,18629388.29619082
29,bf16,value,ans_lane,16,720,23592960,15812312,737280,19440,16569032,15790773.837176979,18408620.14372244
29,bf16,value,ans_lane,256,72,23592960,15828984,73728,1944,15904656,15812959.945315266,18429046.372849487
29,bf16,value,ans_lane,64,180,23592960,15824900,184320,4860,16014080,15807930.821459461,18424431.8505794
29,bf16,value,ans_lane_shared,16,720,23592960,15839280,0,19440,15858720,15790773.837176979,18408620.14372244
29,bf16,value,ans_lane_shared,256,72,23592960,15834008,0,1944,15835952,15812959.945315266,18429046.372849487
29,bf16,value,ans_lane_shared,64,180,23592960,15834900,0,4860,15839760,15807930.821459461,18424431.8505794
29,bf16,value,ans_raw,64,180,23592960,18425372,92160,3420,18520952,15807930.821459461,18424431.8505794
29,bf16,value,zstd,64,180,23592960,18392098,0,3420,18395518,15807930.821459461,18424431.8505794
29,fp8_e4m3_sat,key,ans_lane,16,720,11796480,10033808,368640,13680,10416128,10025860.451287651,10025860.451287651
29,fp8_e4m3_sat,key,ans_lane,256,72,11796480,10044476,36864,1368,10082708,10039377.793164471,10039377.793164471
29,fp8_e4m3_sat,key,ans_lane,64,180,11796480,10042036,92160,3420,10137616,10036437.46716527,10036437.46716527
29,fp8_e4m3_sat,key,ans_lane_shared,16,720,11796480,10054204,0,13680,10067884,10025860.451287651,10025860.451287651
29,fp8_e4m3_sat,key,ans_lane_shared,256,72,11796480,10051660,0,1368,10053028,10039377.793164471,10039377.793164471
29,fp8_e4m3_sat,key,ans_lane_shared,64,180,11796480,10052088,0,3420,10055508,10036437.46716527,10036437.46716527
29,fp8_e4m3_sat,key,zstd,64,180,11796480,10064528,0,3420,10067948,10036437.46716527,10036437.46716527
29,fp8_e4m3_sat,value,ans_lane,16,720,11796480,9545356,368640,13680,9927676,9534794.628243176,9534794.628243176
29,fp8_e4m3_sat,value,ans_lane,256,72,11796480,9559040,36864,1368,9597272,9551333.100326214,9551333.100326214
29,fp8_e4m3_sat,value,ans_lane,64,180,11796480,9555076,92160,3420,9650656,9546864.918860177,9546864.918860177
29,fp8_e4m3_sat,value,ans_lane_shared,16,720,11796480,9566800,0,13680,9580480,9534794.628243176,9534794.628243176
29,fp8_e4m3_sat,value,ans_lane_shared,256,72,11796480,9564184,0,1368,9565552,9551333.100326214,9551333.100326214
29,fp8_e4m3_sat,value,ans_lane_shared,64,180,11796480,9564660,0,3420,9568080,9546864.918860177,9546864.918860177
29,fp8_e4m3_sat,value,zstd,64,180,11796480,9561251,0,3420,9564671,9546864.918860177,9546864.918860177
3,bf16,key,ans_lane,16,288,9437184,6423356,294912,7776,6726044,6414794.655334976,7443999.182232374
3,bf16,key,ans_lane,256,36,9437184,6427972,36864,972,6465808,6421516.972506383,7450168.854432947
3,bf16,key,ans_lane,64,72,9437184,6427100,73728,1944,6502772,6420353.9357259525,7449113.468345951
3,bf16,key,ans_lane_shared,16,288,9437184,6432708,0,7776,6440484,6414794.655334976,7443999.182232374
3,bf16,key,ans_lane_shared,256,36,9437184,6430608,0,972,6431580,6421516.972506383,7450168.854432947
3,bf16,key,ans_lane_shared,64,72,9437184,6430928,0,1944,6432872,6420353.9357259525,7449113.468345951
3,bf16,key,ans_raw,64,72,9437184,7449508,36864,1368,7487740,6420353.9357259525,7449113.468345951
3,bf16,key,zstd,64,72,9437184,7455532,0,1368,7456900,6420353.9357259525,7449113.468345951
3,bf16,value,ans_lane,16,288,9437184,6322048,294912,7776,6624736,6313410.686768038,7360197.4127873145
3,bf16,value,ans_lane,256,36,9437184,6328392,36864,972,6366228,6321880.256225936,7367978.1815337185
3,bf16,value,ans_lane,64,72,9437184,6326432,73728,1944,6402104,6319623.755906861,7365944.464497109
3,bf16,value,ans_lane_shared,16,288,9437184,6340072,0,7776,6347848,6313410.686768038,7360197.4127873145
3,bf16,value,ans_lane_shared,256,36,9437184,6338004,0,972,6338976,6321880.256225936,7367978.1815337185
3,bf16,value,ans_lane_shared,64,72,9437184,6338296,0,1944,6340240,6319623.755906861,7365944.464497109
3,bf16,value,ans_raw,64,72,9437184,7366324,36864,1368,7404556,6319623.755906861,7365944.464497109
3,bf16,value,zstd,64,72,9437184,7341266,0,1368,7342634,6319623.755906861,7365944.464497109
3,fp8_e4m3_sat,key,ans_lane,16,288,4718592,4003704,147456,5472,4156632,4000522.192840231,4000522.192840231
3,fp8_e4m3_sat,key,ans_lane,256,36,4718592,4007700,18432,684,4026816,4005615.8735885057,4005615.8735885057
3,fp8_e4m3_sat,key,ans_lane,64,72,4718592,4006736,36864,1368,4044968,4004480.5006672777,4004480.5006672777
3,fp8_e4m3_sat,key,ans_lane_shared,16,288,4718592,4011540,0,5472,4017012,4000522.192840231,4000522.192840231
3,fp8_e4m3_sat,key,ans_lane_shared,256,36,4718592,4010540,0,684,4011224,4005615.8735885057,4005615.8735885057
3,fp8_e4m3_sat,key,ans_lane_shared,64,72,4718592,4010684,0,1368,4012052,4004480.5006672777,4004480.5006672777
3,fp8_e4m3_sat,key,zstd,64,72,4718592,4010621,0,1368,4011989,4004480.5006672777,4004480.5006672777
3,fp8_e4m3_sat,value,ans_lane,16,288,4718592,3820824,147456,5472,3973752,3816643.347538869,3816643.347538869
3,fp8_e4m3_sat,value,ans_lane,256,36,4718592,3825940,18432,684,3845056,3822868.0051630177,3822868.0051630177
3,fp8_e4m3_sat,value,ans_lane,64,72,4718592,3823840,36864,1368,3862072,3820547.46101292,3820547.46101292
3,fp8_e4m3_sat,value,ans_lane_shared,16,288,4718592,3831932,0,5472,3837404,3816643.347538869,3816643.347538869
3,fp8_e4m3_sat,value,ans_lane_shared,256,36,4718592,3830920,0,684,3831604,3822868.0051630177,3822868.0051630177
3,fp8_e4m3_sat,value,ans_lane_shared,64,72,4718592,3831072,0,1368,3832440,3820547.46101292,3820547.46101292
3,fp8_e4m3_sat,value,zstd,64,72,4718592,3821934,0,1368,3823302,3820547.46101292,3820547.46101292
30,bf16,key,ans_lane,16,1584,51904512,35346192,1622016,42768,37010976,35299141.122861676,40950534.6094822
30,bf16,key,ans_lane,256,108,51904512,35373524,110592,2916,35487032,35338833.07900874,40986918.72848151
30,bf16,key,ans_lane,64,396,51904512,35367328,405504,10692,35783524,35330115.490711436,40979015.509530924
30,bf16,key,ans_lane_shared,16,1584,51904512,35393736,0,42768,35436504,35299141.122861676,40950534.6094822
30,bf16,key,ans_lane_shared,256,108,51904512,35381652,0,2916,35384568,35338833.07900874,40986918.72848151
30,bf16,key,ans_lane_shared,64,396,51904512,35383976,0,10692,35394668,35330115.490711436,40979015.509530924
30,bf16,key,ans_raw,64,396,51904512,40981116,202752,7524,41191392,35330115.490711436,40979015.509530924
30,bf16,key,zstd,64,396,51904512,41075581,0,7524,41083105,35330115.490711436,40979015.509530924
30,bf16,value,ans_lane,16,1584,51904512,34789088,1622016,42768,36453872,34741777.89154611,40499359.17992024
30,bf16,value,ans_lane,256,108,51904512,34822176,110592,2916,34935684,34787354.474736266,40541209.35627708
30,bf16,value,ans_lane,64,396,51904512,34813368,405504,10692,35229564,34776002.375576705,40530873.10225449
30,bf16,value,ans_lane_shared,16,1584,51904512,34849396,0,42768,34892164,34741777.89154611,40499359.17992024
30,bf16,value,ans_lane_shared,256,108,51904512,34837232,0,2916,34840148,34787354.474736266,40541209.35627708
30,bf16,value,ans_lane_shared,64,396,51904512,34839688,0,10692,34850380,34776002.375576705,40530873.10225449
30,bf16,value,ans_raw,64,396,51904512,40532924,202752,7524,40743200,34776002.375576705,40530873.10225449
30,bf16,value,zstd,64,396,51904512,40485729,0,7524,40493253,34776002.375576705,40530873.10225449
30,fp8_e4m3_sat,key,ans_lane,16,1584,25952256,22069152,811008,30096,22910256,22051702.411345035,22051702.411345035
30,fp8_e4m3_sat,key,ans_lane,256,108,25952256,22092764,55296,2052,22150112,22081739.677490808,22081739.677490808
30,fp8_e4m3_sat,key,ans_lane,64,396,25952256,22086340,202752,7524,22296616,22073944.081244715,22073944.081244715
30,fp8_e4m3_sat,key,ans_lane_shared,16,1584,25952256,22112960,0,30096,22143056,22051702.411345035,22051702.411345035
30,fp8_e4m3_sat,key,ans_lane_shared,256,108,25952256,22107068,0,2052,22109120,22081739.677490808,22081739.677490808
30,fp8_e4m3_sat,key,ans_lane_shared,64,396,25952256,22108184,0,7524,22115708,22073944.081244715,22073944.081244715
30,fp8_e4m3_sat,key,zstd,64,396,25952256,22143772,0,7524,22151296,22073944.081244715,22073944.081244715
30,fp8_e4m3_sat,value,ans_lane,16,1584,25952256,21001580,811008,30096,21842684,20978352.736259956,20978352.736259956
30,fp8_e4m3_sat,value,ans_lane,256,108,25952256,21026580,55296,2052,21083928,21009920.50807516,21009920.50807516
30,fp8_e4m3_sat,value,ans_lane,64,396,25952256,21018580,202752,7524,21228856,21000461.49891587,21000461.49891587
30,fp8_e4m3_sat,value,ans_lane_shared,16,1584,25952256,21049792,0,30096,21079888,20978352.736259956,20978352.736259956
30,fp8_e4m3_sat,value,ans_lane_shared,256,108,25952256,21043860,0,2052,21045912,21009920.50807516,21009920.50807516
30,fp8_e4m3_sat,value,ans_lane_shared,64,396,25952256,21044972,0,7524,21052496,21000461.49891587,21000461.49891587
30,fp8_e4m3_sat,value,zstd,64,396,25952256,21046877,0,7524,21054401,21000461.49891587,21000461.49891587
31,bf16,key,ans_lane,16,2880,94371840,64249736,2949120,77760,67276616,64164232.83411024,74440242.82698263
31,bf16,key,ans_lane,256,180,94371840,64298696,184320,4860,64487876,64235760.89492991,74505919.22439776
31,bf16,key,ans_lane,64,720,94371840,64287824,737280,19440,65044544,64220182.63896793,74491714.09886873
31,bf16,key,ans_lane_shared,16,2880,94371840,64336296,0,77760,64414056,64164232.83411024,74440242.82698263
31,bf16,key,ans_lane_shared,256,180,94371840,64313952,0,4860,64318812,64235760.89492991,74505919.22439776
31,bf16,key,ans_lane_shared,64,720,94371840,64318456,0,19440,64337896,64220182.63896793,74491714.09886873
31,bf16,key,ans_raw,64,720,94371840,74495536,368640,13680,74877856,64220182.63896793,74491714.09886873
31,bf16,key,zstd,64,720,94371840,74571751,0,13680,74585431,64220182.63896793,74491714.09886873
31,bf16,value,ans_lane,16,2880,94371840,63284596,2949120,77760,66311476,63198337.173137955,73662495.72010328
31,bf16,value,ans_lane,256,180,94371840,63338528,184320,4860,63527708,63275311.75197484,73733037.23402883
31,bf16,value,ans_lane,64,720,94371840,63325856,737280,19440,64082576,63257992.43654442,73717322.14791831
31,bf16,value,ans_lane_shared,16,2880,94371840,63385256,0,77760,63463016,63198337.173137955,73662495.72010328
31,bf16,value,ans_lane_shared,256,180,94371840,63363004,0,4860,63367864,63275311.75197484,73733037.23402883
31,bf16,value,ans_lane_shared,64,720,94371840,63367480,0,19440,63386920,63257992.43654442,73717322.14791831
31,bf16,value,ans_raw,64,720,94371840,73721124,368640,13680,74103444,63257992.43654442,73717322.14791831
31,bf16,value,zstd,64,720,94371840,73435288,0,13680,73448968,63257992.43654442,73717322.14791831
31,fp8_e4m3_sat,key,ans_lane,16,2880,47185920,40118772,1474560,54720,41648052,40087011.21716415,40087011.21716415
31,fp8_e4m3_sat,key,ans_lane,256,180,47185920,40159636,92160,3420,40255216,40139616.45517036,40139616.45517036
31,fp8_e4m3_sat,key,ans_lane,64,720,47185920,40149048,368640,13680,40531368,40126499.878542885,40126499.878542885
31,fp8_e4m3_sat,key,ans_lane_shared,16,2880,47185920,40199244,0,54720,40253964,40087011.21716415,40087011.21716415
31,fp8_e4m3_sat,key,ans_lane_shared,256,180,47185920,40188432,0,3420,40191852,40139616.45517036,40139616.45517036
31,fp8_e4m3_sat,key,ans_lane_shared,64,720,47185920,40190600,0,13680,40204280,40126499.878542885,40126499.878542885
31,fp8_e4m3_sat,key,zstd,64,720,47185920,40198453,0,13680,40212133,40126499.878542885,40126499.878542885
31,fp8_e4m3_sat,value,ans_lane,16,2880,47185920,38213868,1474560,54720,39743148,38171748.91748757,38171748.91748757
31,fp8_e4m3_sat,value,ans_lane,256,180,47185920,38250912,92160,3420,38346492,38220690.39707749,38220690.39707749
31,fp8_e4m3_sat,value,ans_lane,64,720,47185920,38241072,368640,13680,38623392,38208238.52414287,38208238.52414287
31,fp8_e4m3_sat,value,ans_lane_shared,16,2880,47185920,38290500,0,54720,38345220,38171748.91748757,38171748.91748757
31,fp8_e4m3_sat,value,ans_lane_shared,256,180,47185920,38279676,0,3420,38283096,38220690.39707749,38220690.39707749
31,fp8_e4m3_sat,value,ans_lane_shared,64,720,47185920,38281856,0,13680,38295536,38208238.52414287,38208238.52414287
31,fp8_e4m3_sat,value,zstd,64,720,47185920,38199730,0,13680,38213410,38208238.52414287,38208238.52414287
32,bf16,key,ans_lane,16,576,18874368,12849652,589824,15552,13455028,12832477.997675003,14887521.841742309
32,bf16,key,ans_lane,256,36,18874368,12859712,36864,972,12897548,12847126.608852262,14900972.723397931
32,bf16,key,ans_lane,64,144,18874368,12857324,147456,3888,13008668,12843781.547032963,14897934.684068464
32,bf16,key,ans_lane_shared,16,576,18874368,12867124,0,15552,12882676,12832477.997675003,14887521.841742309
32,bf16,key,ans_lane_shared,256,36,18874368,12862628,0,972,12863600,12847126.608852262,14900972.723397931
32,bf16,key,ans_lane_shared,64,144,18874368,12863512,0,3888,12867400,12843781.547032963,14897934.684068464
32,bf16,key,ans_raw,64,144,18874368,14898700,73728,2736,14975164,12843781.547032963,14897934.684068464
32,bf16,key,zstd,64,144,18874368,14927736,0,2736,14930472,12843781.547032963,14897934.684068464
32,bf16,value,ans_lane,16,576,18874368,12649016,589824,15552,13254392,12631875.881830331,14725359.455152625
32,bf16,value,ans_lane,256,36,18874368,12662348,36864,972,12700184,12649704.592152774,14741710.497361835
32,bf16,value,ans_lane,64,144,18874368,12658084,147456,3888,12809428,12644522.190380434,14736971.16017372
32,bf16,value,ans_lane_shared,16,576,18874368,12670092,0,15552,12685644,12631875.881830331,14725359.455152625
32,bf16,value,ans_lane_shared,256,36,18874368,12665624,0,972,12666596,12649704.592152774,14741710.497361835
32,bf16,value,ans_lane_shared,64,144,18874368,12666512,0,3888,12670400,12644522.190380434,14736971.16017372
32,bf16,value,ans_raw,64,144,18874368,14737748,73728,2736,14814212,12644522.190380434,14736971.16017372
32,bf16,value,zstd,64,144,18874368,14705201,0,2736,14707937,12644522.190380434,14736971.16017372
32,fp8_e4m3_sat,key,ans_lane,16,576,9437184,8027276,294912,10944,8333132,8021012.314018988,8021012.314018988
32,fp8_e4m3_sat,key,ans_lane,256,36,9437184,8036152,18432,684,8055268,8032167.546319426,8032167.546319426
32,fp8_e4m3_sat,key,ans_lane,64,144,9437184,8033624,73728,2736,8110088,8029139.71834439,8029139.71834439
32,fp8_e4m3_sat,key,ans_lane_shared,16,576,9437184,8043500,0,10944,8054444,8021012.314018988,8021012.314018988
32,fp8_e4m3_sat,key,ans_lane_shared,256,36,9437184,8041336,0,684,8042020,8032167.546319426,8032167.546319426
32,fp8_e4m3_sat,key,ans_lane_shared,64,144,9437184,8041780,0,2736,8044516,8029139.71834439,8029139.71834439
32,fp8_e4m3_sat,key,zstd,64,144,9437184,8053235,0,2736,8055971,8029139.71834439,8029139.71834439
32,fp8_e4m3_sat,value,ans_lane,16,576,9437184,7634620,294912,10944,7940476,7626149.240086624,7626149.240086624
32,fp8_e4m3_sat,value,ans_lane,256,36,9437184,7645032,18432,684,7664148,7639014.909852125,7639014.909852125
32,fp8_e4m3_sat,value,ans_lane,64,144,9437184,7640936,73728,2736,7717400,7634352.545805391,7634352.545805391
32,fp8_e4m3_sat,value,ans_lane_shared,16,576,9437184,7650812,0,10944,7661756,7626149.240086624,7626149.240086624
32,fp8_e4m3_sat,value,ans_lane_shared,256,36,9437184,7648664,0,684,7649348,7639014.909852125,7639014.909852125
32,fp8_e4m3_sat,value,ans_lane_shared,64,144,9437184,7649084,0,2736,7651820,7634352.545805391,7634352.545805391
32,fp8_e4m3_sat,value,zstd,64,144,9437184,7646132,0,2736,7648868,7634352.545805391,7634352.545805391
33,bf16,key,ans_lane,16,1584,51904512,35329308,1622016,42768,36994092,35282259.45172211,40934939.508664206
33,bf16,key,ans_lane,256,108,51904512,35356596,110592,2916,35470104,35321909.00006826,40971370.75648579
33,bf16,key,ans_lane,64,396,51904512,35350768,405504,10692,35766964,35313507.31255511,40963709.30238346
33,bf16,key,ans_lane_shared,16,1584,51904512,35376616,0,42768,35419384,35282259.45172211,40934939.508664206
33,bf16,key,ans_lane_shared,256,108,51904512,35364408,0,2916,35367324,35321909.00006826,40971370.75648579
33,bf16,key,ans_lane_shared,64,396,51904512,35366756,0,10692,35377448,35313507.31255511,40963709.30238346
33,bf16,key,ans_raw,64,396,51904512,40965808,202752,7524,41176084,35313507.31255511,40963709.30238346
33,bf16,key,zstd,64,396,51904512,41029011,0,7524,41036535,35313507.31255511,40963709.30238346
33,bf16,value,ans_lane,16,1584,51904512,34783536,1622016,42768,36448320,34736175.17671034,40494493.36954769
33,bf16,value,ans_lane,256,108,51904512,34815812,110592,2916,34929320,34781009.2960708,40535606.1961701
33,bf16,value,ans_lane,64,396,51904512,34807172,405504,10692,35223368,34769820.264252804,40525430.93007625
33,bf16,value,ans_lane_shared,16,1584,51904512,34842340,0,42768,34885108,34736175.17671034,40494493.36954769
33,bf16,value,ans_lane_shared,256,108,51904512,34830120,0,2916,34833036,34781009.2960708,40535606.1961701
33,bf16,value,ans_lane_shared,64,396,51904512,34832484,0,10692,34843176,34769820.264252804,40525430.93007625
33,bf16,value,ans_raw,64,396,51904512,40527476,202752,7524,40737752,34769820.264252804,40525430.93007625
33,bf16,value,zstd,64,396,51904512,40413930,0,7524,40421454,34769820.264252804,40525430.93007625
33,fp8_e4m3_sat,key,ans_lane,16,1584,25952256,22063272,811008,30096,22904376,22045821.119531073,22045821.119531073
33,fp8_e4m3_sat,key,ans_lane,256,108,25952256,22086828,55296,2052,22144176,22075768.551060364,22075768.551060364
33,fp8_e4m3_sat,key,ans_lane,64,396,25952256,22080968,202752,7524,22291244,22068528.309630144,22068528.309630144
33,fp8_e4m3_sat,key,ans_lane_shared,16,1584,25952256,22106324,0,30096,22136420,22045821.119531073,22045821.119531073
33,fp8_e4m3_sat,key,ans_lane_shared,256,108,25952256,22100452,0,2052,22102504,22075768.551060364,22075768.551060364
33,fp8_e4m3_sat,key,ans_lane_shared,64,396,25952256,22101564,0,7524,22109088,22068528.309630144,22068528.309630144
33,fp8_e4m3_sat,key,zstd,64,396,25952256,22118870,0,7524,22126394,22068528.309630144,22068528.309630144
33,fp8_e4m3_sat,value,ans_lane,16,1584,25952256,20995248,811008,30096,21836352,20971974.75506386,20971974.75506386
33,fp8_e4m3_sat,value,ans_lane,256,108,25952256,21019176,55296,2052,21076524,21002550.853055976,21002550.853055976
33,fp8_e4m3_sat,value,ans_lane,64,396,25952256,21011352,202752,7524,21221628,20993297.41432249,20993297.41432249
33,fp8_e4m3_sat,value,ans_lane_shared,16,1584,25952256,21041160,0,30096,21071256,20971974.75506386,20971974.75506386
33,fp8_e4m3_sat,value,ans_lane_shared,256,108,25952256,21035328,0,2052,21037380,21002550.853055976,21002550.853055976
33,fp8_e4m3_sat,value,ans_lane_shared,64,396,25952256,21036496,0,7524,21044020,20993297.41432249,20993297.41432249
33,fp8_e4m3_sat,value,zstd,64,396,25952256,21014628,0,7524,21022152,20993297.41432249,20993297.41432249
34,bf16,key,ans_lane,16,1584,51904512,35316564,1622016,42768,36981348,35269521.39919865,40924088.45480734
34,bf16,key,ans_lane,256,108,51904512,35344252,110592,2916,35457760,35309553.4278026,40960820.86593284
34,bf16,key,ans_lane,64,396,51904512,35337984,405504,10692,35754180,35300815.558482364,40952859.964416035
34,bf16,key,ans_lane_shared,16,1584,51904512,35364500,0,42768,35407268,35269521.39919865,40924088.45480734
34,bf16,key,ans_lane_shared,256,108,51904512,35352284,0,2916,35355200,35309553.4278026,40960820.86593284
34,bf16,key,ans_lane_shared,64,396,51904512,35354696,0,10692,35365388,35300815.558482364,40952859.964416035
34,bf16,key,ans_raw,64,396,51904512,40954936,202752,7524,41165212,35300815.558482364,40952859.964416035
34,bf16,key,zstd,64,396,51904512,41038754,0,7524,41046278,35300815.558482364,40952859.964416035
34,bf16,value,ans_lane,16,1584,51904512,34787720,1622016,42768,36452504,34740359.99991931,40497632.70181228
34,bf16,value,ans_lane,256,108,51904512,34818512,110592,2916,34932020,34783688.26333618,40537471.86002571
34,bf16,value,ans_lane,64,396,51904512,34811588,405504,10692,35227784,34774211.53141969,40528838.06721817
34,bf16,value,ans_lane_shared,16,1584,51904512,34846740,0,42768,34889508,34740359.99991931,40497632.70181228
34,bf16,value,ans_lane_shared,256,108,51904512,34834480,0,2916,34837396,34783688.26333618,40537471.86002571
34,bf16,value,ans_lane_shared,64,396,51904512,34836868,0,10692,34847560,34774211.53141969,40528838.06721817
34,bf16,value,ans_raw,64,396,51904512,40530904,202752,7524,40741180,34774211.53141969,40528838.06721817
34,bf16,value,zstd,64,396,51904512,40465773,0,7524,40473297,34774211.53141969,40528838.06721817
34,fp8_e4m3_sat,key,ans_lane,16,1584,25952256,22053328,811008,30096,22894432,22035890.987627227,22035890.987627227
34,fp8_e4m3_sat,key,ans_lane,256,108,25952256,22077344,55296,2052,22134692,22066297.429514382,22066297.429514382
34,fp8_e4m3_sat,key,ans_lane,64,396,25952256,22071064,202752,7524,22281340,22058711.259496406,22058711.259496406
34,fp8_e4m3_sat,key,ans_lane_shared,16,1584,25952256,22098164,0,30096,22128260,22035890.987627227,22035890.987627227
34,fp8_e4m3_sat,key,ans_lane_shared,256,108,25952256,22092304,0,2052,22094356,22066297.429514382,22066297.429514382
34,fp8_e4m3_sat,key,ans_lane_shared,64,396,25952256,22093444,0,7524,22100968,22058711.259496406,22058711.259496406
34,fp8_e4m3_sat,key,zstd,64,396,25952256,22118354,0,7524,22125878,22058711.259496406,22058711.259496406
34,fp8_e4m3_sat,value,ans_lane,16,1584,25952256,21001676,811008,30096,21842780,20978415.65745839,20978415.65745839
34,fp8_e4m3_sat,value,ans_lane,256,108,25952256,21023508,55296,2052,21080856,21006790.058052287,21006790.058052287
34,fp8_e4m3_sat,value,ans_lane,64,396,25952256,21017900,202752,7524,21228176,20999780.42750032,20999780.42750032
34,fp8_e4m3_sat,value,ans_lane_shared,16,1584,25952256,21047996,0,30096,21078092,20978415.65745839,20978415.65745839
34,fp8_e4m3_sat,value,ans_lane_shared,256,108,25952256,21042120,0,2052,21044172,21006790.058052287,21006790.058052287
34,fp8_e4m3_sat,value,ans_lane_shared,64,396,25952256,21043264,0,7524,21050788,20999780.42750032,20999780.42750032
34,fp8_e4m3_sat,value,zstd,64,396,25952256,21036244,0,7524,21043768,20999780.42750032,20999780.42750032
35,bf16,key,ans_lane,16,1440,47185920,32121240,1474560,38880,33634680,32078429.180911683,37217081.32179774
35,bf16,key,ans_lane,256,108,47185920,32145852,110592,2916,32259360,32114226.108006936,37249966.672095135
35,bf16,key,ans_lane,64,360,47185920,32140588,368640,9720,32518948,32106842.413332652,37243253.713597365
35,bf16,key,ans_lane_shared,16,1440,47185920,32164876,0,38880,32203756,32078429.180911683,37217081.32179774
35,bf16,key,ans_lane_shared,256,108,47185920,32153964,0,2916,32156880,32114226.108006936,37249966.672095135
35,bf16,key,ans_lane_shared,64,360,47185920,32156064,0,9720,32165784,32106842.413332652,37243253.713597365
35,bf16,key,ans_raw,64,360,47185920,37245184,184320,6840,37436344,32106842.413332652,37243253.713597365
35,bf16,key,zstd,64,360,47185920,37330676,0,6840,37337516,32106842.413332652,37243253.713597365
35,bf16,value,ans_lane,16,1440,47185920,31623108,1474560,38880,33136548,31580057.20246906,36814482.272153914
35,bf16,value,ans_lane,256,108,47185920,31652264,110592,2916,31765772,31620513.875403736,36851631.53081184
35,bf16,value,ans_lane,64,360,47185920,31645264,368640,9720,32023624,31611293.365617782,36843193.775124885
35,bf16,value,ans_lane_shared,16,1440,47185920,31676912,0,38880,31715792,31580057.20246906,36814482.272153914
35,bf16,value,ans_lane_shared,256,108,47185920,31665964,0,2916,31668880,31620513.875403736,36851631.53081184
35,bf16,value,ans_lane_shared,64,360,47185920,31668136,0,9720,31677856,31611293.365617782,36843193.775124885
35,bf16,value,ans_raw,64,360,47185920,36845048,184320,6840,37036208,31611293.365617782,36843193.775124885
35,bf16,value,zstd,64,360,47185920,36797590,0,6840,36804430,31611293.365617782,36843193.775124885
35,fp8_e4m3_sat,key,ans_lane,16,1440,23592960,20063564,737280,27360,20828204,20047805.487147238,20047805.487147238
35,fp8_e4m3_sat,key,ans_lane,256,108,23592960,20084956,55296,2052,20142304,20074896.96652935,20074896.96652935
35,fp8_e4m3_sat,key,ans_lane,64,360,23592960,20079760,184320,6840,20270920,20068479.747442268,20068479.747442268
35,fp8_e4m3_sat,key,ans_lane_shared,16,1440,23592960,20105180,0,27360,20132540,20047805.487147238,20047805.487147238
35,fp8_e4m3_sat,key,ans_lane_shared,256,108,23592960,20099816,0,2052,20101868,20074896.96652935,20074896.96652935
35,fp8_e4m3_sat,key,ans_lane_shared,64,360,23592960,20100848,0,6840,20107688,20068479.747442268,20068479.747442268
35,fp8_e4m3_sat,key,zstd,64,360,23592960,20130803,0,6840,20137643,20068479.747442268,20068479.747442268
35,fp8_e4m3_sat,value,ans_lane,16,1440,23592960,19092652,737280,27360,19857292,19071565.533672236,19071565.533672236
35,fp8_e4m3_sat,value,ans_lane,256,108,23592960,19114308,55296,2052,19171656,19099079.70116146,19099079.70116146
35,fp8_e4m3_sat,value,ans_lane,64,360,23592960,19108304,184320,6840,19299464,19091841.42417756,19091841.42417756
35,fp8_e4m3_sat,value,ans_lane_shared,16,1440,23592960,19135556,0,27360,19162916,19071565.533672236,19071565.533672236
35,fp8_e4m3_sat,value,ans_lane_shared,256,108,23592960,19130136,0,2052,19132188,19099079.70116146,19099079.70116146
35,fp8_e4m3_sat,value,ans_lane_shared,64,360,23592960,19131148,0,6840,19137988,19091841.42417756,19091841.42417756
35,fp8_e4m3_sat,value,zstd,64,360,23592960,19133152,0,6840,19139992,19091841.42417756,19091841.42417756
36,bf16,key,ans_lane,16,1296,42467328,28909468,1327104,34992,30271564,28870895.601503953,33497056.873543683
36,bf16,key,ans_lane,256,108,42467328,28931512,110592,2916,29045020,28902959.41495595,33526489.127507407
36,bf16,key,ans_lane,64,324,42467328,28926896,331776,8748,29267420,28896418.214884963,33520546.753542
36,bf16,key,ans_lane_shared,16,1296,42467328,28949248,0,34992,28984240,28870895.601503953,33497056.873543683
36,bf16,key,ans_lane_shared,256,108,42467328,28939268,0,2916,28942184,28902959.41495595,33526489.127507407
36,bf16,key,ans_lane_shared,64,324,42467328,28941060,0,8748,28949808,28896418.214884963,33520546.753542
36,bf16,key,ans_raw,64,324,42467328,33522252,165888,6156,33694296,28896418.214884963,33520546.753542
36,bf16,key,zstd,64,324,42467328,33590757,0,6156,33596913,28896418.214884963,33520546.753542
36,bf16,value,ans_lane,16,1296,42467328,28464360,1327104,34992,29826456,28425670.603635825,33135246.3524128
36,bf16,value,ans_lane,256,108,42467328,28489224,110592,2916,28602732,28460563.619368203,33167273.552993756
36,bf16,value,ans_lane,64,324,42467328,28483596,331776,8748,28824120,28453028.954566676,33160419.067812238
36,bf16,value,ans_lane_shared,16,1296,42467328,28511504,0,34992,28546496,28425670.603635825,33135246.3524128
36,bf16,value,ans_lane_shared,256,108,42467328,28501624,0,2916,28504540,28460563.619368203,33167273.552993756
36,bf16,value,ans_lane_shared,64,324,42467328,28503500,0,8748,28512248,28453028.954566676,33160419.067812238
36,bf16,value,ans_raw,64,324,42467328,33162140,165888,6156,33334184,28453028.954566676,33160419.067812238
36,bf16,value,zstd,64,324,42467328,33111038,0,6156,33117194,28453028.954566676,33160419.067812238
36,fp8_e4m3_sat,key,ans_lane,16,1296,21233664,18055044,663552,24624,18743220,18040683.804016817,18040683.804016817
36,fp8_e4m3_sat,key,ans_lane,256,108,21233664,18074004,55296,2052,18131352,18064897.024789818,18064897.024789818
36,fp8_e4m3_sat,key,ans_lane,64,324,21233664,18069208,165888,6156,18241252,18059116.662427545,18059116.662427545
36,fp8_e4m3_sat,key,ans_lane_shared,16,1296,21233664,18092868,0,24624,18117492,18040683.804016817,18040683.804016817
36,fp8_e4m3_sat,key,ans_lane_shared,256,108,21233664,18088164,0,2052,18090216,18064897.024789818,18064897.024789818
36,fp8_e4m3_sat,key,ans_lane_shared,64,324,21233664,18088984,0,6156,18095140,18059116.662427545,18059116.662427545
36,fp8_e4m3_sat,key,zstd,64,324,21233664,18110145,0,6156,18116301,18059116.662427545,18059116.662427545
36,fp8_e4m3_sat,value,ans_lane,16,1296,21233664,17185244,663552,24624,17873420,17166273.79865345,17166273.79865345
36,fp8_e4m3_sat,value,ans_lane,256,108,21233664,17203040,55296,2052,17260388,17189303.552261274,17189303.552261274
36,fp8_e4m3_sat,value,ans_lane,64,324,21233664,17198280,165888,6156,17370324,17183464.699183475,17183464.699183475
36,fp8_e4m3_sat,value,ans_lane_shared,16,1296,21233664,17222124,0,24624,17246748,17166273.79865345,17166273.79865345
36,fp8_e4m3_sat,value,ans_lane_shared,256,108,21233664,17217340,0,2052,17219392,17189303.552261274,17189303.552261274
36,fp8_e4m3_sat,value,ans_lane_shared,64,324,21233664,17218176,0,6156,17224332,17183464.699183475,17183464.699183475
36,fp8_e4m3_sat,value,zstd,64,324,21233664,17214955,0,6156,17221111,17183464.699183475,17183464.699183475
37,bf16,key,ans_lane,16,1584,51904512,35329360,1622016,42768,36994144,35282327.29356139,40933888.18879377
37,bf16,key,ans_lane,256,108,51904512,35356964,110592,2916,35470472,35322266.028969966,40970564.52851593
37,bf16,key,ans_lane,64,396,51904512,35350836,405504,10692,35767032,35313580.71508901,40962648.279568285
37,bf16,key,ans_lane_shared,16,1584,51904512,35377648,0,42768,35420416,35282327.29356139,40933888.18879377
37,bf16,key,ans_lane_shared,256,108,51904512,35365500,0,2916,35368416,35322266.028969966,40970564.52851593
37,bf16,key,ans_lane_shared,64,396,51904512,35367888,0,10692,35378580,35313580.71508901,40962648.279568285
37,bf16,key,ans_raw,64,396,51904512,40964784,202752,7524,41175060,35313580.71508901,40962648.279568285
37,bf16,key,zstd,64,396,51904512,41040523,0,7524,41048047,35313580.71508901,40962648.279568285
37,bf16,value,ans_lane,16,1584,51904512,34787152,1622016,42768,36451936,34739921.38241083,40496234.89955904
37,bf16,value,ans_lane,256,108,51904512,34819096,110592,2916,34932604,34784245.42417601,40536896.02597235
37,bf16,value,ans_lane,64,396,51904512,34811200,405504,10692,35227396,34773844.67423712,40527454.90421869
37,bf16,value,ans_lane_shared,16,1584,51904512,34846528,0,42768,34889296,34739921.38241083,40496234.89955904
37,bf16,value,ans_lane_shared,256,108,51904512,34834332,0,2916,34837248,34784245.42417601,40536896.02597235
37,bf16,value,ans_lane_shared,64,396,51904512,34836720,0,10692,34847412,34773844.67423712,40527454.90421869
37,bf16,value,ans_raw,64,396,51904512,40529548,202752,7524,40739824,34773844.67423712,40527454.90421869
37,bf16,value,zstd,64,396,51904512,40444000,0,7524,40451524,34773844.67423712,40527454.90421869
37,fp8_e4m3_sat,key,ans_lane,16,1584,25952256,22069832,811008,30096,22910936,22052460.592430912,22052460.592430912
37,fp8_e4m3_sat,key,ans_lane,256,108,25952256,22093664,55296,2052,22151012,22082651.28388812,22082651.28388812
37,fp8_e4m3_sat,key,ans_lane,64,396,25952256,22087488,202752,7524,22297764,22075111.632763322,22075111.632763322
37,fp8_e4m3_sat,key,ans_lane_shared,16,1584,25952256,22115724,0,30096,22145820,22052460.592430912,22052460.592430912
37,fp8_e4m3_sat,key,ans_lane_shared,256,108,25952256,22109800,0,2052,22111852,22082651.28388812,22082651.28388812
37,fp8_e4m3_sat,key,ans_lane_shared,64,396,25952256,22110992,0,7524,22118516,22075111.632763322,22075111.632763322
37,fp8_e4m3_sat,key,zstd,64,396,25952256,22134512,0,7524,22142036,22075111.632763322,22075111.632763322
37,fp8_e4m3_sat,value,ans_lane,16,1584,25952256,21001396,811008,30096,21842500,20978197.301462036,20978197.301462036
37,fp8_e4m3_sat,value,ans_lane,256,108,25952256,21024804,55296,2052,21082152,21008150.301965903,21008150.301965903
37,fp8_e4m3_sat,value,ans_lane,64,396,25952256,21017972,202752,7524,21228248,20999874.34165994,20999874.34165994
37,fp8_e4m3_sat,value,ans_lane_shared,16,1584,25952256,21048432,0,30096,21078528,20978197.301462036,20978197.301462036
37,fp8_e4m3_sat,value,ans_lane_shared,256,108,25952256,21042536,0,2052,21044588,21008150.301965903,21008150.301965903
37,fp8_e4m3_sat,value,ans_lane_shared,64,396,25952256,21043732,0,7524,21051256,20999874.34165994,20999874.34165994
37,fp8_e4m3_sat,value,zstd,64,396,25952256,21028579,0,7524,21036103,20999874.34165994,20999874.34165994
38,bf16,key,ans_lane,16,1440,47185920,32116104,1474560,38880,33629544,32073300.728367932,37209301.455538385
38,bf16,key,ans_lane,256,108,47185920,32141096,110592,2916,32254604,32109500.0184373,37242487.275221825
38,bf16,key,ans_lane,64,360,47185920,32135600,368640,9720,32513960,32101830.869229633,37235535.280605
38,bf16,key,ans_lane_shared,16,1440,47185920,32159600,0,38880,32198480,32073300.728367932,37209301.455538385
38,bf16,key,ans_lane_shared,256,108,47185920,32148664,0,2916,32151580,32109500.0184373,37242487.275221825
38,bf16,key,ans_lane_shared,64,360,47185920,32150792,0,9720,32160512,32101830.869229633,37235535.280605
38,bf16,key,ans_raw,64,360,47185920,37237476,184320,6840,37428636,32101830.869229633,37235535.280605
38,bf16,key,zstd,64,360,47185920,37306263,0,6840,37313103,32101830.869229633,37235535.280605
38,bf16,value,ans_lane,16,1440,47185920,31631356,1474560,38880,33144796,31588248.654356252,36821424.31272871
38,bf16,value,ans_lane,256,108,47185920,31660276,110592,2916,31773784,31628489.023989845,36858218.264516085
38,bf16,value,ans_lane,64,360,47185920,31653728,368640,9720,32032088,31619744.945921667,36850296.12686587
38,bf16,value,ans_lane_shared,16,1440,47185920,31685264,0,38880,31724144,31588248.654356252,36821424.31272871
38,bf16,value,ans_lane_shared,256,108,47185920,31674248,0,2916,31677164,31628489.023989845,36858218.264516085
38,bf16,value,ans_lane_shared,64,360,47185920,31676304,0,9720,31686024,31619744.945921667,36850296.12686587
38,bf16,value,ans_raw,64,360,47185920,36852172,184320,6840,37043332,31619744.945921667,36850296.12686587
38,bf16,value,zstd,64,360,47185920,36782993,0,6840,36789833,31619744.945921667,36850296.12686587
38,fp8_e4m3_sat,key,ans_lane,16,1440,23592960,20055124,737280,27360,20819764,20039315.407883774,20039315.407883774
38,fp8_e4m3_sat,key,ans_lane,256,108,23592960,20077208,55296,2052,20134556,20067148.640086778,20067148.640086778
38,fp8_e4m3_sat,key,ans_lane,64,360,23592960,20071432,184320,6840,20262592,20060213.414852906,20060213.414852906
38,fp8_e4m3_sat,key,ans_lane_shared,16,1440,23592960,20096500,0,27360,20123860,20039315.407883774,20039315.407883774
38,fp8_e4m3_sat,key,ans_lane_shared,256,108,23592960,20091240,0,2052,20093292,20067148.640086778,20067148.640086778
38,fp8_e4m3_sat,key,ans_lane_shared,64,360,23592960,20092224,0,6840,20099064,20060213.414852906,20060213.414852906
38,fp8_e4m3_sat,key,zstd,64,360,23592960,20112153,0,6840,20118993,20060213.414852906,20060213.414852906
38,fp8_e4m3_sat,value,ans_lane,16,1440,23592960,19097584,737280,27360,19862224,19076477.435525447,19076477.435525447
38,fp8_e4m3_sat,value,ans_lane,256,108,23592960,19118648,55296,2052,19175996,19103431.68338517,19103431.68338517
38,fp8_e4m3_sat,value,ans_lane,64,360,23592960,19113164,184320,6840,19304324,19096708.468065225,19096708.468065225
38,fp8_e4m3_sat,value,ans_lane_shared,16,1440,23592960,19140204,0,27360,19167564,19076477.435525447,19076477.435525447
38,fp8_e4m3_sat,value,ans_lane_shared,256,108,23592960,19134852,0,2052,19136904,19103431.68338517,19103431.68338517
38,fp8_e4m3_sat,value,ans_lane_shared,64,360,23592960,19135880,0,6840,19142720,19096708.468065225,19096708.468065225
38,fp8_e4m3_sat,value,zstd,64,360,23592960,19125490,0,6840,19132330,19096708.468065225,19096708.468065225
39,bf16,key,ans_lane,16,1584,51904512,35320088,1622016,42768,36984872,35272811.77270995,40925396.563253224
39,bf16,key,ans_lane,256,108,51904512,35347084,110592,2916,35460592,35312389.571062386,40961764.11543086
39,bf16,key,ans_lane,64,396,51904512,35340924,405504,10692,35757120,35303731.24484882,40953878.90891637
39,bf16,key,ans_lane_shared,16,1584,51904512,35367712,0,42768,35410480,35272811.77270995,40925396.563253224
39,bf16,key,ans_lane_shared,256,108,51904512,35355448,0,2916,35358364,35312389.571062386,40961764.11543086
39,bf16,key,ans_lane_shared,64,396,51904512,35357780,0,10692,35368472,35303731.24484882,40953878.90891637
39,bf16,key,ans_raw,64,396,51904512,40955948,202752,7524,41166224,35303731.24484882,40953878.90891637
39,bf16,key,zstd,64,396,51904512,41032546,0,7524,41040070,35303731.24484882,40953878.90891637
39,bf16,value,ans_lane,16,1584,51904512,34786864,1622016,42768,36451648,34739429.11341703,40496014.10555066
39,bf16,value,ans_lane,256,108,51904512,34817288,110592,2916,34930796,34782472.58110225,40535589.867156476
39,bf16,value,ans_lane,64,396,51904512,34810192,405504,10692,35226388,34772779.81696328,40526740.73993818
39,bf16,value,ans_lane_shared,16,1584,51904512,34844244,0,42768,34887012,34739429.11341703,40496014.10555066
39,bf16,value,ans_lane_shared,256,108,51904512,34832148,0,2916,34835064,34782472.58110225,40535589.867156476
39,bf16,value,ans_lane_shared,64,396,51904512,34834512,0,10692,34845204,34772779.81696328,40526740.73993818
39,bf16,value,ans_raw,64,396,51904512,40528844,202752,7524,40739120,34772779.81696328,40526740.73993818
39,bf16,value,zstd,64,396,51904512,40448899,0,7524,40456423,34772779.81696328,40526740.73993818
39,fp8_e4m3_sat,key,ans_lane,16,1584,25952256,22058464,811008,30096,22899568,22041060.70363116,22041060.70363116
39,fp8_e4m3_sat,key,ans_lane,256,108,25952256,22081932,55296,2052,22139280,22070922.620548815,22070922.620548815
39,fp8_e4m3_sat,key,ans_lane,64,396,25952256,22075632,202752,7524,22285908,22063266.334229242,22063266.334229242
39,fp8_e4m3_sat,key,ans_lane_shared,16,1584,25952256,22103140,0,30096,22133236,22041060.70363116,22041060.70363116
39,fp8_e4m3_sat,key,ans_lane_shared,256,108,25952256,22097220,0,2052,22099272,22070922.620548815,22070922.620548815
39,fp8_e4m3_sat,key,ans_lane_shared,64,396,25952256,22098404,0,7524,22105928,22063266.334229242,22063266.334229242
39,fp8_e4m3_sat,key,zstd,64,396,25952256,22123700,0,7524,22131224,22063266.334229242,22063266.334229242
39,fp8_e4m3_sat,value,ans_lane,16,1584,25952256,21002532,811008,30096,21843636,20979304.88260069,20979304.88260069
39,fp8_e4m3_sat,value,ans_lane,256,108,25952256,21024184,55296,2052,21081532,21007467.186673492,21007467.186673492
39,fp8_e4m3_sat,value,ans_lane,64,396,25952256,21018340,202752,7524,21228616,21000157.487208817,21000157.487208817
39,fp8_e4m3_sat,value,ans_lane_shared,16,1584,25952256,21047680,0,30096,21077776,20979304.88260069,20979304.88260069
39,fp8_e4m3_sat,value,ans_lane_shared,256,108,25952256,21041784,0,2052,21043836,21007467.186673492,21007467.186673492
39,fp8_e4m3_sat,value,ans_lane_shared,64,396,25952256,21042920,0,7524,21050444,21000157.487208817,21000157.487208817
39,fp8_e4m3_sat,value,zstd,64,396,25952256,21031301,0,7524,21038825,21000157.487208817,21000157.487208817
4,bf16,key,ans_lane,16,288,9437184,6428096,294912,7776,6730784,6419541.41968624,7447373.774848563
4,bf16,key,ans_lane,256,36,9437184,6432752,36864,972,6470588,6426309.513031843,7453589.899442096
4,bf16,key,ans_lane,64,72,9437184,6432040,73728,1944,6507712,6425296.7207585545,7452666.017073779
4,bf16,key,ans_lane_shared,16,288,9437184,6437524,0,7776,6445300,6419541.41968624,7447373.774848563
4,bf16,key,ans_lane_shared,256,36,9437184,6435492,0,972,6436464,6426309.513031843,7453589.899442096
4,bf16,key,ans_lane_shared,64,72,9437184,6435764,0,1944,6437708,6425296.7207585545,7452666.017073779
4,bf16,key,ans_raw,64,72,9437184,7453044,36864,1368,7491276,6425296.7207585545,7452666.017073779
4,bf16,key,zstd,64,72,9437184,7459105,0,1368,7460473,6425296.7207585545,7452666.017073779
4,bf16,value,ans_lane,16,288,9437184,6319920,294912,7776,6622608,6311319.347577502,7358464.991419988
4,bf16,value,ans_lane,256,36,9437184,6325332,36864,972,6363168,6318824.403541653,7365362.801453193
4,bf16,value,ans_lane,64,72,9437184,6324572,73728,1944,6400244,6317757.381005726,7364390.596681419
4,bf16,value,ans_lane_shared,16,288,9437184,6335648,0,7776,6343424,6311319.347577502,7358464.991419988
4,bf16,value,ans_lane_shared,256,36,9437184,6333596,0,972,6334568,6318824.403541653,7365362.801453193
4,bf16,value,ans_lane_shared,64,72,9437184,6333892,0,1944,6335836,6317757.381005726,7364390.596681419
4,bf16,value,ans_raw,64,72,9437184,7364776,36864,1368,7403008,6317757.381005726,7364390.596681419
4,bf16,value,zstd,64,72,9437184,7334661,0,1368,7336029,6317757.381005726,7364390.596681419
4,fp8_e4m3_sat,key,ans_lane,16,288,4718592,4009888,147456,5472,4162816,4006716.0365308444,4006716.0365308444
4,fp8_e4m3_sat,key,ans_lane,256,36,4718592,4013804,18432,684,4032920,4011733.4506284297,4011733.4506284297
4,fp8_e4m3_sat,key,ans_lane,64,72,4718592,4013164,36864,1368,4051396,4010932.5035241907,4010932.5035241907
4,fp8_e4m3_sat,key,ans_lane_shared,16,288,4718592,4017848,0,5472,4023320,4006716.0365308444,4006716.0365308444
4,fp8_e4m3_sat,key,ans_lane_shared,256,36,4718592,4016824,0,684,4017508,4011733.4506284297,4011733.4506284297
4,fp8_e4m3_sat,key,ans_lane_shared,64,72,4718592,4016968,0,1368,4018336,4010932.5035241907,4010932.5035241907
4,fp8_e4m3_sat,key,zstd,64,72,4718592,4016403,0,1368,4017771,4010932.5035241907,4010932.5035241907
4,fp8_e4m3_sat,value,ans_lane,16,288,4718592,3819272,147456,5472,3972200,3815061.095286664,3815061.095286664
4,fp8_e4m3_sat,value,ans_lane,256,36,4718592,3823244,18432,684,3842360,3820172.554258781,3820172.554258781
4,fp8_e4m3_sat,value,ans_lane,64,72,4718592,3822688,36864,1368,3860920,3819428.5413293224,3819428.5413293224
4,fp8_e4m3_sat,value,ans_lane_shared,16,288,4718592,3827596,0,5472,3833068,3815061.095286664,3815061.095286664
4,fp8_e4m3_sat,value,ans_lane_shared,256,36,4718592,3826592,0,684,3827276,3820172.554258781,3820172.554258781
4,fp8_e4m3_sat,value,ans_lane_shared,64,72,4718592,3826740,0,1368,3828108,3819428.5413293224,3819428.5413293224
4,fp8_e4m3_sat,value,zstd,64,72,4718592,3818712,0,1368,3820080,3819428.5413293224,3819428.5413293224
40,bf16,key,ans_lane,16,3024,99090432,67409720,3096576,81648,70587944,67319792.97447923,78110736.14543165
40,bf16,key,ans_lane,256,216,99090432,67460136,221184,5832,67687152,67393806.10171919,78178777.07711539
40,bf16,key,ans_lane,64,756,99090432,67449428,774144,20412,68243984,67378424.14039196,78164765.36140463
40,bf16,key,ans_lane_shared,16,3024,99090432,67498320,0,81648,67579968,67319792.97447923,78110736.14543165
40,bf16,key,ans_lane_shared,256,216,99090432,67475084,0,5832,67480916,67393806.10171919,78178777.07711539
40,bf16,key,ans_lane_shared,64,756,99090432,67479516,0,20412,67499928,67378424.14039196,78164765.36140463
40,bf16,key,ans_raw,64,756,99090432,78168748,387072,14364,78570184,67378424.14039196,78164765.36140463
40,bf16,key,zstd,64,756,99090432,78207329,0,14364,78221693,67378424.14039196,78164765.36140463
40,bf16,value,ans_lane,16,3024,99090432,66434744,3096576,81648,69612968,66344665.58200213,77331027.46394224
40,bf16,value,ans_lane,256,216,99090432,66489256,221184,5832,66716272,66422690.40500068,77402834.93477882
40,bf16,value,ans_lane,64,756,99090432,66477392,774144,20412,67271948,66406033.24497145,77387601.49453594
40,bf16,value,ans_lane_shared,16,3024,99090432,66540168,0,81648,66621816,66344665.58200213,77331027.46394224
40,bf16,value,ans_lane_shared,256,216,99090432,66517160,0,5832,66522992,66422690.40500068,77402834.93477882
40,bf16,value,ans_lane_shared,64,756,99090432,66521716,0,20412,66542128,66406033.24497145,77387601.49453594
40,bf16,value,ans_raw,64,756,99090432,77391536,387072,14364,77792972,66406033.24497145,77387601.49453594
40,bf16,value,zstd,64,756,99090432,76986343,0,14364,77000707,66406033.24497145,77387601.49453594
40,fp8_e4m3_sat,key,ans_lane,16,3024,49545216,42098048,1548288,57456,43703792,42064783.085591786,42064783.085591786
40,fp8_e4m3_sat,key,ans_lane,256,216,49545216,42140096,110592,4104,42254792,42118865.984824136,42118865.984824136
40,fp8_e4m3_sat,key,ans_lane,64,756,49545216,42129760,387072,14364,42531196,42106045.634774126,42106045.634774126
40,fp8_e4m3_sat,key,ans_lane_shared,16,3024,49545216,42178720,0,57456,42236176,42064783.085591786,42064783.085591786
40,fp8_e4m3_sat,key,ans_lane_shared,256,216,49545216,42167644,0,4104,42171748,42118865.984824136,42118865.984824136
40,fp8_e4m3_sat,key,ans_lane_shared,64,756,49545216,42169792,0,14364,42184156,42106045.634774126,42106045.634774126
40,fp8_e4m3_sat,key,zstd,64,756,49545216,42149739,0,14364,42164103,42106045.634774126,42106045.634774126
40,fp8_e4m3_sat,value,ans_lane,16,3024,49545216,40107396,1548288,57456,41713140,40063195.87354879,40063195.87354879
40,fp8_e4m3_sat,value,ans_lane,256,216,49545216,40143672,110592,4104,40258368,40111729.43604159,40111729.43604159
40,fp8_e4m3_sat,value,ans_lane,64,756,49545216,40134580,387072,14364,40536016,40100004.46601482,40100004.46601482
40,fp8_e4m3_sat,value,ans_lane_shared,16,3024,49545216,40187208,0,57456,40244664,40063195.87354879,40063195.87354879
40,fp8_e4m3_sat,value,ans_lane_shared,256,216,49545216,40176004,0,4104,40180108,40111729.43604159,40111729.43604159
40,fp8_e4m3_sat,value,ans_lane_shared,64,756,49545216,40178148,0,14364,40192512,40100004.46601482,40100004.46601482
40,fp8_e4m3_sat,value,zstd,64,756,49545216,40051216,0,14364,40065580,40100004.46601482,40100004.46601482
41,bf16,key,ans_lane,16,576,18874368,12844732,589824,15552,13450108,12827594.73473944,14882255.300034666
41,bf16,key,ans_lane,256,36,18874368,12854816,36864,972,12892652,12842226.148913749,14895697.749296151
41,bf16,key,ans_lane,64,144,18874368,12852304,147456,3888,13003648,12838751.830944888,14892528.523796272
41,bf16,key,ans_lane_shared,16,576,18874368,12862064,0,15552,12877616,12827594.73473944,14882255.300034666
41,bf16,key,ans_lane_shared,256,36,18874368,12857596,0,972,12858568,12842226.148913749,14895697.749296151
41,bf16,key,ans_lane_shared,64,144,18874368,12858472,0,3888,12862360,12838751.830944888,14892528.523796272
41,bf16,key,ans_raw,64,144,18874368,14893300,73728,2736,14969764,12838751.830944888,14892528.523796272
41,bf16,key,zstd,64,144,18874368,14923420,0,2736,14926156,12838751.830944888,14892528.523796272
41,bf16,value,ans_lane,16,576,18874368,12648680,589824,15552,13254056,12631425.349923855,14725408.06306379
41,bf16,value,ans_lane,256,36,18874368,12661444,36864,972,12699280,12648804.802433467,14741386.46787112
41,bf16,value,ans_lane,64,144,18874368,12657672,147456,3888,12809016,12644093.079710938,14737086.819211902
41,bf16,value,ans_lane_shared,16,576,18874368,12668964,0,15552,12684516,12631425.349923855,14725408.06306379
41,bf16,value,ans_lane_shared,256,36,18874368,12664492,0,972,12665464,12648804.802433467,14741386.46787112
41,bf16,value,ans_lane_shared,64,144,18874368,12665404,0,3888,12669292,12644093.079710938,14737086.819211902
41,bf16,value,ans_raw,64,144,18874368,14737848,73728,2736,14814312,12644093.079710938,14737086.819211902
41,bf16,value,zstd,64,144,18874368,14706758,0,2736,14709494,12644093.079710938,14737086.819211902
41,fp8_e4m3_sat,key,ans_lane,16,576,9437184,8027452,294912,10944,8333308,8021112.985241204,8021112.985241204
41,fp8_e4m3_sat,key,ans_lane,256,36,9437184,8036304,18432,684,8055420,8032305.556544282,8032305.556544282
41,fp8_e4m3_sat,key,ans_lane,64,144,9437184,8033628,73728,2736,8110092,8029143.673298848,8029143.673298848
41,fp8_e4m3_sat,key,ans_lane_shared,16,576,9437184,8043420,0,10944,8054364,8021112.985241204,8021112.985241204
41,fp8_e4m3_sat,key,ans_lane_shared,256,36,9437184,8041284,0,684,8041968,8032305.556544282,8032305.556544282
41,fp8_e4m3_sat,key,ans_lane_shared,64,144,9437184,8041724,0,2736,8044460,8029143.673298848,8029143.673298848
41,fp8_e4m3_sat,key,zstd,64,144,9437184,8052499,0,2736,8055235,8029143.673298848,8029143.673298848
41,fp8_e4m3_sat,value,ans_lane,16,576,9437184,7635620,294912,10944,7941476,7627171.079760568,7627171.079760568
41,fp8_e4m3_sat,value,ans_lane,256,36,9437184,7645548,18432,684,7664664,7639490.330710237,7639490.330710237
41,fp8_e4m3_sat,value,ans_lane,64,144,9437184,7642036,73728,2736,7718500,7635431.4033617135,7635431.4033617135
41,fp8_e4m3_sat,value,ans_lane_shared,16,576,9437184,7651044,0,10944,7661988,7627171.079760568,7627171.079760568
41,fp8_e4m3_sat,value,ans_lane_shared,256,36,9437184,7648892,0,684,7649576,7639490.330710237,7639490.330710237
41,fp8_e4m3_sat,value,ans_lane_shared,64,144,9437184,7649312,0,2736,7652048,7635431.4033617135,7635431.4033617135
41,fp8_e4m3_sat,value,zstd,64,144,9437184,7646803,0,2736,7649539,7635431.4033617135,7635431.4033617135
42,bf16,key,ans_lane,16,1872,61341696,41738592,1916928,50544,43706064,41682969.96940106,48361646.95745864
42,bf16,key,ans_lane,256,144,61341696,41769916,147456,3888,41921260,41728740.086914204,48403714.19083323
42,bf16,key,ans_lane,64,468,61341696,41763396,479232,12636,42255264,41719412.8056508,48395212.164978564
42,bf16,key,ans_lane_shared,16,1872,61341696,41793908,0,50544,41844452,41682969.96940106,48361646.95745864
42,bf16,key,ans_lane_shared,256,144,61341696,41779724,0,3888,41783612,41728740.086914204,48403714.19083323
42,bf16,key,ans_lane_shared,64,468,61341696,41782456,0,12636,41795092,41719412.8056508,48395212.164978564
42,bf16,key,ans_raw,64,468,61341696,48397660,239616,8892,48646168,41719412.8056508,48395212.164978564
42,bf16,key,zstd,64,468,61341696,48477992,0,8892,48486884,41719412.8056508,48395212.164978564
42,bf16,value,ans_lane,16,1872,61341696,41114188,1916928,50544,43081660,41058350.447136104,47862174.49611613
42,bf16,value,ans_lane,256,144,61341696,41150644,147456,3888,41301988,41109348.51854971,47908995.606398374
42,bf16,value,ans_lane,64,468,61341696,41141932,479232,12636,41633800,41097763.01965879,47898473.85032863
42,bf16,value,ans_lane_shared,16,1872,61341696,41184740,0,50544,41235284,41058350.447136104,47862174.49611613
42,bf16,value,ans_lane_shared,256,144,61341696,41170388,0,3888,41174276,41109348.51854971,47908995.606398374
42,bf16,value,ans_lane_shared,64,468,61341696,41173008,0,12636,41185644,41097763.01965879,47898473.85032863
42,bf16,value,ans_raw,64,468,61341696,47900904,239616,8892,48149412,41097763.01965879,47898473.85032863
42,bf16,value,zstd,64,468,61341696,47785229,0,8892,47794121,41097763.01965879,47898473.85032863
42,fp8_e4m3_sat,key,ans_lane,16,1872,30670848,26079688,958464,35568,27073720,26059091.113317266,26059091.113317266
42,fp8_e4m3_sat,key,ans_lane,256,144,30670848,26106408,73728,2736,26182872,26093320.223420154,26093320.223420154
42,fp8_e4m3_sat,key,ans_lane,64,468,30670848,26099800,239616,8892,26348308,26085197.391482435,26085197.391482435
42,fp8_e4m3_sat,key,ans_lane_shared,16,1872,30670848,26131744,0,35568,26167312,26059091.113317266,26059091.113317266
42,fp8_e4m3_sat,key,ans_lane_shared,256,144,30670848,26124976,0,2736,26127712,26093320.223420154,26093320.223420154
42,fp8_e4m3_sat,key,ans_lane_shared,64,468,30670848,26126224,0,8892,26135116,26085197.391482435,26085197.391482435
42,fp8_e4m3_sat,key,zstd,64,468,30670848,26150103,0,8892,26158995,26085197.391482435,26085197.391482435
42,fp8_e4m3_sat,value,ans_lane,16,1872,30670848,24821700,958464,35568,25815732,24794159.70608753,24794159.70608753
42,fp8_e4m3_sat,value,ans_lane,256,144,30670848,24847760,73728,2736,24924224,24827953.097900487,24827953.097900487
42,fp8_e4m3_sat,value,ans_lane,64,468,30670848,24840140,239616,8892,25088648,24818760.2251698,24818760.2251698
42,fp8_e4m3_sat,value,ans_lane_shared,16,1872,30670848,24877724,0,35568,24913292,24794159.70608753,24794159.70608753
42,fp8_e4m3_sat,value,ans_lane_shared,256,144,30670848,24870788,0,2736,24873524,24827953.097900487,24827953.097900487
42,fp8_e4m3_sat,value,ans_lane_shared,64,468,30670848,24872092,0,8892,24880984,24818760.2251698,24818760.2251698
42,fp8_e4m3_sat,value,zstd,64,468,30670848,24845709,0,8892,24854601,24818760.2251698,24818760.2251698
43,bf16,key,ans_lane,16,1728,56623104,38539548,1769472,46656,40355676,38488159.72519892,44653377.46339679
43,bf16,key,ans_lane,256,108,56623104,38569788,110592,2916,38683296,38532045.77974306,44693632.601069495
43,bf16,key,ans_lane,64,432,56623104,38562948,442368,11664,39016980,38522360.74477652,44684844.216399446
43,bf16,key,ans_lane_shared,16,1728,56623104,38591580,0,46656,38638236,38488159.72519892,44653377.46339679
43,bf16,key,ans_lane_shared,256,108,56623104,38578236,0,2916,38581152,38532045.77974306,44693632.601069495
43,bf16,key,ans_lane_shared,64,432,56623104,38580920,0,11664,38592584,38522360.74477652,44684844.216399446
43,bf16,key,ans_raw,64,432,56623104,44687136,221184,8208,44916528,38522360.74477652,44684844.216399446
43,bf16,key,zstd,64,432,56623104,44760790,0,8208,44768998,38522360.74477652,44684844.216399446
43,bf16,value,ans_lane,16,1728,56623104,37954260,1769472,46656,39770388,37902670.345332064,44181995.44272749
43,bf16,value,ans_lane,256,108,56623104,37988456,110592,2916,38101964,37950483.56363934,44225885.20148189
43,bf16,value,ans_lane,64,432,56623104,37979956,442368,11664,38433988,37939216.138220385,44215640.11140674
43,bf16,value,ans_lane_shared,16,1728,56623104,38020208,0,46656,38066864,37902670.345332064,44181995.44272749
43,bf16,value,ans_lane_shared,256,108,56623104,38007008,0,2916,38009924,37950483.56363934,44225885.20148189
43,bf16,value,ans_lane_shared,64,432,56623104,38009700,0,11664,38021364,37939216.138220385,44215640.11140674
43,bf16,value,ans_raw,64,432,56623104,44217912,221184,8208,44447304,37939216.138220385,44215640.11140674
43,bf16,value,zstd,64,432,56623104,44119431,0,8208,44127639,37939216.138220385,44215640.11140674
43,fp8_e4m3_sat,key,ans_lane,16,1728,28311552,24077144,884736,32832,24994712,24058181.435840227,24058181.435840227
43,fp8_e4m3_sat,key,ans_lane,256,108,28311552,24103568,55296,2052,24160916,24091651.68229101,24091651.68229101
43,fp8_e4m3_sat,key,ans_lane,64,432,28311552,24096436,221184,8208,24325828,24083043.37774049,24083043.37774049
43,fp8_e4m3_sat,key,ans_lane_shared,16,1728,28311552,24126748,0,32832,24159580,24058181.435840227,24058181.435840227
43,fp8_e4m3_sat,key,ans_lane_shared,256,108,28311552,24120356,0,2052,24122408,24091651.68229101,24091651.68229101
43,fp8_e4m3_sat,key,ans_lane_shared,64,432,28311552,24121608,0,8208,24129816,24083043.37774049,24083043.37774049
43,fp8_e4m3_sat,key,zstd,64,432,28311552,24144427,0,8208,24152635,24083043.37774049,24083043.37774049
43,fp8_e4m3_sat,value,ans_lane,16,1728,28311552,22917216,884736,32832,23834784,22891835.38964946,22891835.38964946
43,fp8_e4m3_sat,value,ans_lane,256,108,28311552,22941424,55296,2052,22998772,22923229.7682391,22923229.7682391
43,fp8_e4m3_sat,value,ans_lane,64,432,28311552,22934540,221184,8208,23163932,22914781.860321883,22914781.860321883
43,fp8_e4m3_sat,value,ans_lane_shared,16,1728,28311552,22970528,0,32832,23003360,22891835.38964946,22891835.38964946
43,fp8_e4m3_sat,value,ans_lane_shared,256,108,28311552,22964032,0,2052,22966084,22923229.7682391,22923229.7682391
43,fp8_e4m3_sat,value,ans_lane_shared,64,432,28311552,22965328,0,8208,22973536,22914781.860321883,22914781.860321883
43,fp8_e4m3_sat,value,zstd,64,432,28311552,22942479,0,8208,22950687,22914781.860321883,22914781.860321883
44,bf16,key,ans_lane,16,1584,51904512,35324196,1622016,42768,36988980,35277158.45481691,40929608.135982335
44,bf16,key,ans_lane,256,108,51904512,35351492,110592,2916,35465000,35316790.25424147,40965991.49069018
44,bf16,key,ans_lane,64,396,51904512,35345392,405504,10692,35761588,35308254.595762886,40958236.55510303
44,bf16,key,ans_lane_shared,16,1584,51904512,35371812,0,42768,35414580,35277158.45481691,40929608.135982335
44,bf16,key,ans_lane_shared,256,108,51904512,35359584,0,2916,35362500,35316790.25424147,40965991.49069018
44,bf16,key,ans_lane_shared,64,396,51904512,35361928,0,10692,35372620,35308254.595762886,40958236.55510303
44,bf16,key,ans_raw,64,396,51904512,40960280,202752,7524,41170556,35308254.595762886,40958236.55510303
44,bf16,key,zstd,64,396,51904512,41041366,0,7524,41048890,35308254.595762886,40958236.55510303
44,bf16,value,ans_lane,16,1584,51904512,34790612,1622016,42768,36455396,34743276.485898696,40499711.87562171
44,bf16,value,ans_lane,256,108,51904512,34821368,110592,2916,34934876,34786536.276253045,40539473.611694895
44,bf16,value,ans_lane,64,396,51904512,34813692,405504,10692,35229888,34776263.06068788,40530098.555180445
44,bf16,value,ans_lane_shared,16,1584,51904512,34850072,0,42768,34892840,34743276.485898696,40499711.87562171
44,bf16,value,ans_lane_shared,256,108,51904512,34837728,0,2916,34840644,34786536.276253045,40539473.611694895
44,bf16,value,ans_lane_shared,64,396,51904512,34840184,0,10692,34850876,34776263.06068788,40530098.555180445
44,bf16,value,ans_raw,64,396,51904512,40532164,202752,7524,40742440,34776263.06068788,40530098.555180445
44,bf16,value,zstd,64,396,51904512,40448722,0,7524,40456246,34776263.06068788,40530098.555180445
44,fp8_e4m3_sat,key,ans_lane,16,1584,25952256,22064044,811008,30096,22905148,22046682.095594406,22046682.095594406
44,fp8_e4m3_sat,key,ans_lane,256,108,25952256,22087660,55296,2052,22145008,22076690.686550815,22076690.686550815
44,fp8_e4m3_sat,key,ans_lane,64,396,25952256,22081424,202752,7524,22291700,22069120.859198242,22069120.859198242
44,fp8_e4m3_sat,key,ans_lane_shared,16,1584,25952256,22109788,0,30096,22139884,22046682.095594406,22046682.095594406
44,fp8_e4m3_sat,key,ans_lane_shared,256,108,25952256,22103864,0,2052,22105916,22076690.686550815,22076690.686550815
44,fp8_e4m3_sat,key,ans_lane_shared,64,396,25952256,22105024,0,7524,22112548,22069120.859198242,22069120.859198242
44,fp8_e4m3_sat,key,zstd,64,396,25952256,22127738,0,7524,22135262,22069120.859198242,22069120.859198242
44,fp8_e4m3_sat,value,ans_lane,16,1584,25952256,21003132,811008,30096,21844236,20979806.980939135,20979806.980939135
44,fp8_e4m3_sat,value,ans_lane,256,108,25952256,21024796,55296,2052,21082144,21008029.54568788,21008029.54568788
44,fp8_e4m3_sat,value,ans_lane,64,396,25952256,21018176,202752,7524,21228452,21000051.190646697,21000051.190646697
44,fp8_e4m3_sat,value,ans_lane_shared,16,1584,25952256,21050528,0,30096,21080624,20979806.980939135,20979806.980939135
44,fp8_e4m3_sat,value,ans_lane_shared,256,108,25952256,21044612,0,2052,21046664,21008029.54568788,21008029.54568788
44,fp8_e4m3_sat,value,ans_lane_shared,64,396,25952256,21045684,0,7524,21053208,21000051.190646697,21000051.190646697
44,fp8_e4m3_sat,value,zstd,64,396,25952256,21023483,0,7524,21031007,21000051.190646697,21000051.190646697
45,bf16,key,ans_lane,16,1872,61341696,41746012,1916928,50544,43713484,41690289.50747214,48370034.67475232
45,bf16,key,ans_lane,256,144,61341696,41777708,147456,3888,41929052,41736527.44355867,48412482.87806589
45,bf16,key,ans_lane,64,468,61341696,41771048,479232,12636,42262916,41727056.3104719,48403835.02451853
45,bf16,key,ans_lane_shared,16,1872,61341696,41801688,0,50544,41852232,41690289.50747214,48370034.67475232
45,bf16,key,ans_lane_shared,256,144,61341696,41787264,0,3888,41791152,41736527.44355867,48412482.87806589
45,bf16,key,ans_lane_shared,64,468,61341696,41789892,0,12636,41802528,41727056.3104719,48403835.02451853
45,bf16,key,ans_raw,64,468,61341696,48406276,239616,8892,48654784,41727056.3104719,48403835.02451853
45,bf16,key,zstd,64,468,61341696,48499277,0,8892,48508169,41727056.3104719,48403835.02451853
45,bf16,value,ans_lane,16,1872,61341696,41118032,1916928,50544,43085504,41062074.47561692,47864949.16116928
45,bf16,value,ans_lane,256,144,61341696,41155092,147456,3888,41306436,41113803.56401968,47912417.37201813
45,bf16,value,ans_lane,64,468,61341696,41146676,479232,12636,41638544,41102557.384189,47902206.78521745
45,bf16,value,ans_lane_shared,16,1872,61341696,41188516,0,50544,41239060,41062074.47561692,47864949.16116928
45,bf16,value,ans_lane_shared,256,144,61341696,41174264,0,3888,41178152,41113803.56401968,47912417.37201813
45,bf16,value,ans_lane_shared,64,468,61341696,41176972,0,12636,41189608,41102557.384189,47902206.78521745
45,bf16,value,ans_raw,64,468,61341696,47904644,239616,8892,48153152,41102557.384189,47902206.78521745
45,bf16,value,zstd,64,468,61341696,47816897,0,8892,47825789,41102557.384189,47902206.78521745
45,fp8_e4m3_sat,key,ans_lane,16,1872,30670848,26071952,958464,35568,27065984,26051388.49058185,26051388.49058185
45,fp8_e4m3_sat,key,ans_lane,256,144,30670848,26099428,73728,2736,26175892,26086333.875255074,26086333.875255074
45,fp8_e4m3_sat,key,ans_lane,64,468,30670848,26092760,239616,8892,26341268,26078126.089133337,26078126.089133337
45,fp8_e4m3_sat,key,ans_lane_shared,16,1872,30670848,26124532,0,35568,26160100,26051388.49058185,26051388.49058185
45,fp8_e4m3_sat,key,ans_lane_shared,256,144,30670848,26117560,0,2736,26120296,26086333.875255074,26086333.875255074
45,fp8_e4m3_sat,key,ans_lane_shared,64,468,30670848,26118860,0,8892,26127752,26078126.089133337,26078126.089133337
45,fp8_e4m3_sat,key,zstd,64,468,30670848,26153296,0,8892,26162188,26078126.089133337,26078126.089133337
45,fp8_e4m3_sat,value,ans_lane,16,1872,30670848,24826376,958464,35568,25820408,24798849.918704305,24798849.918704305
45,fp8_e4m3_sat,value,ans_lane,256,144,30670848,24853548,73728,2736,24930012,24833685.57016245,24833685.57016245
45,fp8_e4m3_sat,value,ans_lane,64,468,30670848,24846528,239616,8892,25095036,24825086.09453586,24825086.09453586
45,fp8_e4m3_sat,value,ans_lane_shared,16,1872,30670848,24882984,0,35568,24918552,24798849.918704305,24798849.918704305
45,fp8_e4m3_sat,value,ans_lane_shared,256,144,30670848,24876080,0,2736,24878816,24833685.57016245,24833685.57016245
45,fp8_e4m3_sat,value,ans_lane_shared,64,468,30670848,24877380,0,8892,24886272,24825086.09453586,24825086.09453586
45,fp8_e4m3_sat,value,zstd,64,468,30670848,24865370,0,8892,24874262,24825086.09453586,24825086.09453586
5,bf16,key,ans_lane,16,288,9437184,6431380,294912,7776,6734068,6422859.998289563,7450579.237604367
5,bf16,key,ans_lane,256,36,9437184,6435848,36864,972,6473684,6429392.386838776,7456566.468053501
5,bf16,key,ans_lane,64,72,9437184,6435200,73728,1944,6510872,6428439.384348777,7455696.070666553
5,bf16,key,ans_lane_shared,16,288,9437184,6441136,0,7776,6448912,6422859.998289563,7450579.237604367
5,bf16,key,ans_lane_shared,256,36,9437184,6439052,0,972,6440024,6429392.386838776,7456566.468053501
5,bf16,key,ans_lane_shared,64,72,9437184,6439364,0,1944,6441308,6428439.384348777,7455696.070666553
5,bf16,key,ans_raw,64,72,9437184,7456080,36864,1368,7494312,6428439.384348777,7455696.070666553
5,bf16,key,zstd,64,72,9437184,7470783,0,1368,7472151,6428439.384348777,7455696.070666553
5,bf16,value,ans_lane,16,288,9437184,6317976,294912,7776,6620664,6309373.380572961,7357151.632191083
5,bf16,value,ans_lane,256,36,9437184,6324064,36864,972,6361900,6317555.363354821,7364704.252932615
5,bf16,value,ans_lane,64,72,9437184,6323012,73728,1944,6398684,6316217.265210561,7363469.3521547895
5,bf16,value,ans_lane_shared,16,288,9437184,6334344,0,7776,6342120,6309373.380572961,7357151.632191083
5,bf16,value,ans_lane_shared,256,36,9437184,6332232,0,972,6333204,6317555.363354821,7364704.252932615
5,bf16,value,ans_lane_shared,64,72,9437184,6332532,0,1944,6334476,6316217.265210561,7363469.3521547895
5,bf16,value,ans_raw,64,72,9437184,7363868,36864,1368,7402100,6316217.265210561,7363469.3521547895
5,bf16,value,zstd,64,72,9437184,7338506,0,1368,7339874,6316217.265210561,7363469.3521547895
5,fp8_e4m3_sat,key,ans_lane,16,288,4718592,4014040,147456,5472,4166968,4010891.906044783,4010891.906044783
5,fp8_e4m3_sat,key,ans_lane,256,36,4718592,4017820,18432,684,4036936,4015746.9219386224,4015746.9219386224
5,fp8_e4m3_sat,key,ans_lane,64,72,4718592,4017264,36864,1368,4055496,4015023.7942003794,4015023.7942003794
5,fp8_e4m3_sat,key,ans_lane_shared,16,288,4718592,4022260,0,5472,4027732,4010891.906044783,4010891.906044783
5,fp8_e4m3_sat,key,ans_lane_shared,256,36,4718592,4021288,0,684,4021972,4015746.9219386224,4015746.9219386224
5,fp8_e4m3_sat,key,ans_lane_shared,64,72,4718592,4021400,0,1368,4022768,4015023.7942003794,4015023.7942003794
5,fp8_e4m3_sat,key,zstd,64,72,4718592,4024971,0,1368,4026339,4015023.7942003794,4015023.7942003794
5,fp8_e4m3_sat,value,ans_lane,16,288,4718592,3818928,147456,5472,3971856,3814688.251675256,3814688.251675256
5,fp8_e4m3_sat,value,ans_lane,256,36,4718592,3823800,18432,684,3842916,3820697.435808232,3820697.435808232
5,fp8_e4m3_sat,value,ans_lane,64,72,4718592,3822876,36864,1368,3861108,3819618.8611700824,3819618.8611700824
5,fp8_e4m3_sat,value,ans_lane_shared,16,288,4718592,3828224,0,5472,3833696,3814688.251675256,3814688.251675256
5,fp8_e4m3_sat,value,ans_lane_shared,256,36,4718592,3827180,0,684,3827864,3820697.435808232,3820697.435808232
5,fp8_e4m3_sat,value,ans_lane_shared,64,72,4718592,3827336,0,1368,3828704,3819618.8611700824,3819618.8611700824
5,fp8_e4m3_sat,value,zstd,64,72,4718592,3821414,0,1368,3822782,3819618.8611700824,3819618.8611700824
6,bf16,key,ans_lane,16,2880,94371840,64309152,2949120,77760,67336032,64223732.78949572,74504163.54133654
6,bf16,key,ans_lane,256,180,94371840,64358528,184320,4860,64547708,64295625.9813417,74570181.49594429
6,bf16,key,ans_lane,64,720,94371840,64347704,737280,19440,65104424,64280091.04152735,74556013.64561291
6,bf16,key,ans_lane_shared,16,2880,94371840,64404856,0,77760,64482616,64223732.78949572,74504163.54133654
6,bf16,key,ans_lane_shared,256,180,94371840,64382644,0,4860,64387504,64295625.9813417,74570181.49594429
6,bf16,key,ans_lane_shared,64,720,94371840,64387120,0,19440,64406560,64280091.04152735,74556013.64561291
6,bf16,key,ans_raw,64,720,94371840,74559792,368640,13680,74942112,64280091.04152735,74556013.64561291
6,bf16,key,zstd,64,720,94371840,74630849,0,13680,74644529,64280091.04152735,74556013.64561291
6,bf16,value,ans_lane,16,2880,94371840,63249084,2949120,77760,66275964,63162952.14633843,73632657.3562668
6,bf16,value,ans_lane,256,180,94371840,63303920,184320,4860,63493100,63240716.336045854,73704080.10350496
6,bf16,value,ans_lane,64,720,94371840,63292112,737280,19440,64048832,63224052.702253476,73688933.6009471
6,bf16,value,ans_lane_shared,16,2880,94371840,63356976,0,77760,63434736,63162952.14633843,73632657.3562668
6,bf16,value,ans_lane_shared,256,180,94371840,63334676,0,4860,63339536,63240716.336045854,73704080.10350496
6,bf16,value,ans_lane_shared,64,720,94371840,63339096,0,19440,63358536,63224052.702253476,73688933.6009471
6,bf16,value,ans_raw,64,720,94371840,73692696,368640,13680,74075016,63224052.702253476,73688933.6009471
6,bf16,value,zstd,64,720,94371840,73353868,0,13680,73367548,63224052.702253476,73688933.6009471
6,fp8_e4m3_sat,key,ans_lane,16,2880,47185920,40120480,1474560,54720,41649760,40088851.60963396,40088851.60963396
6,fp8_e4m3_sat,key,ans_lane,256,180,47185920,40161844,92160,3420,40257424,40141877.26690243,40141877.26690243
6,fp8_e4m3_sat,key,ans_lane,64,720,47185920,40151600,368640,13680,40533920,40129154.58933106,40129154.58933106
6,fp8_e4m3_sat,key,ans_lane_shared,16,2880,47185920,40202104,0,54720,40256824,40088851.60963396,40088851.60963396
6,fp8_e4m3_sat,key,ans_lane_shared,256,180,47185920,40191328,0,3420,40194748,40141877.26690243,40141877.26690243
6,fp8_e4m3_sat,key,ans_lane_shared,64,720,47185920,40193464,0,13680,40207144,40129154.58933106,40129154.58933106
6,fp8_e4m3_sat,key,zstd,64,720,47185920,40185073,0,13680,40198753,40129154.58933106,40129154.58933106
6,fp8_e4m3_sat,value,ans_lane,16,2880,47185920,38173852,1474560,54720,39703132,38131776.11402021,38131776.11402021
6,fp8_e4m3_sat,value,ans_lane,256,180,47185920,38212032,92160,3420,38307612,38182032.86658195,38182032.86658195
6,fp8_e4m3_sat,value,ans_lane,64,720,47185920,38203124,368640,13680,38585444,38170412.86525852,38170412.86525852
6,fp8_e4m3_sat,value,ans_lane_shared,16,2880,47185920,38258340,0,54720,38313060,38131776.11402021,38131776.11402021
6,fp8_e4m3_sat,value,ans_lane_shared,256,180,47185920,38247428,0,3420,38250848,38182032.86658195,38182032.86658195
6,fp8_e4m3_sat,value,ans_lane_shared,64,720,47185920,38249624,0,13680,38263304,38170412.86525852,38170412.86525852
6,fp8_e4m3_sat,value,zstd,64,720,47185920,38143799,0,13680,38157479,38170412.86525852,38170412.86525852
7,bf16,key,ans_lane,16,2880,94371840,64317800,2949120,77760,67344680,64232220.606366105,74508844.31646153
7,bf16,key,ans_lane,256,180,94371840,64366384,184320,4860,64555564,64303473.710843,74574228.08503808
7,bf16,key,ans_lane,64,720,94371840,64355516,737280,19440,65112236,64287861.09164066,74559998.6645307
7,bf16,key,ans_lane_shared,16,2880,94371840,64410836,0,77760,64488596,64232220.606366105,74508844.31646153
7,bf16,key,ans_lane_shared,256,180,94371840,64388668,0,4860,64393528,64303473.710843,74574228.08503808
7,bf16,key,ans_lane_shared,64,720,94371840,64393088,0,19440,64412528,64287861.09164066,74559998.6645307
7,bf16,key,ans_raw,64,720,94371840,74563804,368640,13680,74946124,64287861.09164066,74559998.6645307
7,bf16,key,zstd,64,720,94371840,74633636,0,13680,74647316,64287861.09164066,74559998.6645307
7,bf16,value,ans_lane,16,2880,94371840,63263084,2949120,77760,66289964,63176995.273000844,73642823.5855078
7,bf16,value,ans_lane,256,180,94371840,63318704,184320,4860,63507884,63255532.55612158,73714986.43340299
7,bf16,value,ans_lane,64,720,94371840,63304700,737280,19440,64061420,63236675.480870895,73697778.85784474
7,bf16,value,ans_lane_shared,16,2880,94371840,63369532,0,77760,63447292,63176995.273000844,73642823.5855078
7,bf16,value,ans_lane_shared,256,180,94371840,63347316,0,4860,63352176,63255532.55612158,73714986.43340299
7,bf16,value,ans_lane_shared,64,720,94371840,63351724,0,19440,63371164,63236675.480870895,73697778.85784474
7,bf16,value,ans_raw,64,720,94371840,73701568,368640,13680,74083888,63236675.480870895,73697778.85784474
7,bf16,value,zstd,64,720,94371840,73362391,0,13680,73376071,63236675.480870895,73697778.85784474
7,fp8_e4m3_sat,key,ans_lane,16,2880,47185920,40146076,1474560,54720,41675356,40114426.663825475,40114426.663825475
7,fp8_e4m3_sat,key,ans_lane,256,180,47185920,40186440,92160,3420,40282020,40166521.74510253,40166521.74510253
7,fp8_e4m3_sat,key,ans_lane,64,720,47185920,40176064,368640,13680,40558384,40153621.85008305,40153621.85008305
7,fp8_e4m3_sat,key,ans_lane_shared,16,2880,47185920,40229204,0,54720,40283924,40114426.663825475,40114426.663825475
7,fp8_e4m3_sat,key,ans_lane_shared,256,180,47185920,40218536,0,3420,40221956,40166521.74510253,40166521.74510253
7,fp8_e4m3_sat,key,ans_lane_shared,64,720,47185920,40220684,0,13680,40234364,40153621.85008305,40153621.85008305
7,fp8_e4m3_sat,key,zstd,64,720,47185920,40209855,0,13680,40223535,40153621.85008305,40153621.85008305
7,fp8_e4m3_sat,value,ans_lane,16,2880,47185920,38194960,1474560,54720,39724240,38152779.58521387,38152779.58521387
7,fp8_e4m3_sat,value,ans_lane,256,180,47185920,38233948,92160,3420,38329528,38203768.93520458,38203768.93520458
7,fp8_e4m3_sat,value,ans_lane,64,720,47185920,38222096,368640,13680,38604416,38189321.33007887,38189321.33007887
7,fp8_e4m3_sat,value,ans_lane_shared,16,2880,47185920,38278088,0,54720,38332808,38152779.58521387,38152779.58521387
7,fp8_e4m3_sat,value,ans_lane_shared,256,180,47185920,38267236,0,3420,38270656,38203768.93520458,38203768.93520458
7,fp8_e4m3_sat,value,ans_lane_shared,64,720,47185920,38269412,0,13680,38283092,38189321.33007887,38189321.33007887
7,fp8_e4m3_sat,value,zstd,64,720,47185920,38160871,0,13680,38174551,38189321.33007887,38189321.33007887
8,bf16,key,ans_lane,16,3168,103809024,70712320,3244032,85536,74041888,70618381.92344694,81924325.71734262
8,bf16,key,ans_lane,256,216,103809024,70765768,221184,5832,70992784,70696449.51587585,81996071.46796
8,bf16,key,ans_lane,64,792,103809024,70754264,811008,21384,71586656,70679974.85672083,81981037.87636834
8,bf16,key,ans_lane_shared,16,3168,103809024,70812312,0,85536,70897848,70618381.92344694,81924325.71734262
8,bf16,key,ans_lane_shared,256,216,103809024,70787864,0,5832,70793696,70696449.51587585,81996071.46796
8,bf16,key,ans_lane_shared,64,792,103809024,70792544,0,21384,70813928,70679974.85672083,81981037.87636834
8,bf16,key,ans_raw,64,792,103809024,81985220,405504,15048,82405772,70679974.85672083,81981037.87636834
8,bf16,key,zstd,64,792,103809024,82082288,0,15048,82097336,70679974.85672083,81981037.87636834
8,bf16,value,ans_lane,16,3168,103809024,69597844,3244032,85536,72927412,69503019.22550578,81015556.35150042
8,bf16,value,ans_lane,256,216,103809024,69657228,221184,5832,69884244,69587567.69874603,81093073.2966307
8,bf16,value,ans_lane,64,792,103809024,69643456,811008,21384,70475848,69568692.47162093,81075943.57187249
8,bf16,value,ans_lane_shared,16,3168,103809024,69713236,0,85536,69798772,69503019.22550578,81015556.35150042
8,bf16,value,ans_lane_shared,256,216,103809024,69688820,0,5832,69694652,69587567.69874603,81093073.2966307
8,bf16,value,ans_lane_shared,64,792,103809024,69693580,0,21384,69714964,69568692.47162093,81075943.57187249
8,bf16,value,ans_raw,64,792,103809024,81080080,405504,15048,81500632,69568692.47162093,81075943.57187249
8,bf16,value,zstd,64,792,103809024,80763302,0,15048,80778350,69568692.47162093,81075943.57187249
8,fp8_e4m3_sat,key,ans_lane,16,3168,51904512,44128672,1622016,60192,45810880,44093810.98287652,44093810.98287652
8,fp8_e4m3_sat,key,ans_lane,256,216,51904512,44173144,110592,4104,44287840,44151151.339913025,44151151.339913025
8,fp8_e4m3_sat,key,ans_lane,64,792,51904512,44162124,405504,15048,44582676,44137386.35939973,44137386.35939973
8,fp8_e4m3_sat,key,ans_lane_shared,16,3168,51904512,44218384,0,60192,44278576,44093810.98287652,44093810.98287652
8,fp8_e4m3_sat,key,ans_lane_shared,256,216,51904512,44206640,0,4104,44210744,44151151.339913025,44151151.339913025
8,fp8_e4m3_sat,key,ans_lane_shared,64,792,51904512,44208952,0,15048,44224000,44137386.35939973,44137386.35939973
8,fp8_e4m3_sat,key,zstd,64,792,51904512,44214229,0,15048,44229277,44137386.35939973,44137386.35939973
8,fp8_e4m3_sat,value,ans_lane,16,3168,51904512,42019332,1622016,60192,43701540,41972927.370387115,41972927.370387115
8,fp8_e4m3_sat,value,ans_lane,256,216,51904512,42060440,110592,4104,42175136,42027091.05096007,42027091.05096007
8,fp8_e4m3_sat,value,ans_lane,64,792,51904512,42049384,405504,15048,42469936,42013194.91801707,42013194.91801707
8,fp8_e4m3_sat,value,ans_lane_shared,16,3168,51904512,42108904,0,60192,42169096,41972927.370387115,41972927.370387115
8,fp8_e4m3_sat,value,ans_lane_shared,256,216,51904512,42097056,0,4104,42101160,42027091.05096007,42027091.05096007
8,fp8_e4m3_sat,value,ans_lane_shared,64,792,51904512,42099272,0,15048,42114320,42013194.91801707,42013194.91801707
8,fp8_e4m3_sat,value,zstd,64,792,51904512,42002789,0,15048,42017837,42013194.91801707,42013194.91801707
9,bf16,key,ans_lane,16,288,9437184,6430484,294912,7776,6733172,6421973.711619077,7449850.063677094
9,bf16,key,ans_lane,256,36,9437184,6435168,36864,972,6473004,6428714.862215213,7456040.67902523
9,bf16,key,ans_lane,64,72,9437184,6434456,73728,1944,6510128,6427702.460035603,7455115.385526352
9,bf16,key,ans_lane_shared,16,288,9437184,6440228,0,7776,6448004,6421973.711619077,7449850.063677094
9,bf16,key,ans_lane_shared,256,36,9437184,6438120,0,972,6439092,6428714.862215213,7456040.67902523
9,bf16,key,ans_lane_shared,64,72,9437184,6438444,0,1944,6440388,6427702.460035603,7455115.385526352
9,bf16,key,ans_raw,64,72,9437184,7455488,36864,1368,7493720,6427702.460035603,7455115.385526352
9,bf16,key,zstd,64,72,9437184,7471187,0,1368,7472555,6427702.460035603,7455115.385526352
9,bf16,value,ans_lane,16,288,9437184,6321920,294912,7776,6624608,6313289.494530429,7360103.510743621
9,bf16,value,ans_lane,256,36,9437184,6327252,36864,972,6365088,6320760.155884393,7366968.849596298
9,bf16,value,ans_lane,64,72,9437184,6326352,73728,1944,6402024,6319532.4727544375,7365843.093534151
9,bf16,value,ans_lane_shared,16,288,9437184,6336760,0,7776,6344536,6313289.494530429,7360103.510743621
9,bf16,value,ans_lane_shared,256,36,9437184,6334696,0,972,6335668,6320760.155884393,7366968.849596298
9,bf16,value,ans_lane_shared,64,72,9437184,6335012,0,1944,6336956,6319532.4727544375,7365843.093534151
9,bf16,value,ans_raw,64,72,9437184,7366212,36864,1368,7404444,6319532.4727544375,7365843.093534151
9,bf16,value,zstd,64,72,9437184,7354036,0,1368,7355404,6319532.4727544375,7365843.093534151
9,fp8_e4m3_sat,key,ans_lane,16,288,4718592,4015016,147456,5472,4167944,4011863.6564448583,4011863.6564448583
9,fp8_e4m3_sat,key,ans_lane,256,36,4718592,4018896,18432,684,4038012,4016814.6414965587,4016814.6414965587
9,fp8_e4m3_sat,key,ans_lane,64,72,4718592,4018236,36864,1368,4056468,4015993.9439626783,4015993.9439626783
9,fp8_e4m3_sat,key,ans_lane_shared,16,288,4718592,4023488,0,5472,4028960,4011863.6564448583,4011863.6564448583
9,fp8_e4m3_sat,key,ans_lane_shared,256,36,4718592,4022520,0,684,4023204,4016814.6414965587,4016814.6414965587
9,fp8_e4m3_sat,key,ans_lane_shared,64,72,4718592,4022652,0,1368,4024020,4015993.9439626783,4015993.9439626783
9,fp8_e4m3_sat,key,zstd,64,72,4718592,4027476,0,1368,4028844,4015993.9439626783,4015993.9439626783
9,fp8_e4m3_sat,value,ans_lane,16,288,4718592,3820176,147456,5472,3973104,3815944.322063632,3815944.322063632
9,fp8_e4m3_sat,value,ans_lane,256,36,4718592,3823980,18432,684,3843096,3820877.0015025493,3820877.0015025493
9,fp8_e4m3_sat,value,ans_lane,64,72,4718592,3823228,36864,1368,3861460,3819940.959587433,3819940.959587433
9,fp8_e4m3_sat,value,ans_lane_shared,16,288,4718592,3827680,0,5472,3833152,3815944.322063632,3815944.322063632
9,fp8_e4m3_sat,value,ans_lane_shared,256,36,4718592,3826676,0,684,3827360,3820877.0015025493,3820877.0015025493
9,fp8_e4m3_sat,value,ans_lane_shared,64,72,4718592,3826812,0,1368,3828180,3819940.959587433,3819940.959587433
9,fp8_e4m3_sat,value,zstd,64,72,4718592,3826661,0,1368,3828029,3819940.959587433,3819940.959587433
