run_id,state_id,layer_idx,layer_type,state_kind,state_idx,dtype,element_size,block_size,block_index,tensor_byte_offset,raw_bytes,codec,payload_bytes,probability_table_bytes,header_bytes,required_padding_bytes,compressed_total_bytes,raw_sha256,decoded_sha256,bit_exact,artifact_path,artifact_frame_offset,artifact_container_bytes
20261004_m2c_qwen35_trace2_2k_ansraw,layer00.convolution.0,0,linear_attention,convolution,0,bfloat16,2,262144,0,0,65536,ans_raw,51648,1024,465,0,53137,fa4244fdea7cf5a3297276144640e056bf730ed49f647ef56918bb337f80faff,fa4244fdea7cf5a3297276144640e056bf730ed49f647ef56918bb337f80faff,true,/home/zhouziang/Workspace/compression/kv_compression/artifacts/raw/20261004_m2c_qwen35_trace2_2k_ansraw/ans_raw_262144.akvpack,0,53129
20261004_m2c_qwen35_trace2_2k_ansraw,layer00.recurrent.0,0,linear_attention,recurrent,0,float32,4,262144,0,0,262144,ans_raw,245728,1024,467,0,247219,c5054912d7f63f8cabbe8dcff2d9ac0dad29f30c43c5e7556fee61fea5b73d5b,c5054912d7f63f8cabbe8dcff2d9ac0dad29f30c43c5e7556fee61fea5b73d5b,true,/home/zhouziang/Workspace/compression/kv_compression/artifacts/raw/20261004_m2c_qwen35_trace2_2k_ansraw/ans_raw_262144.akvpack,53137,247211
20261004_m2c_qwen35_trace2_2k_ansraw,layer00.recurrent.0,0,linear_attention,recurrent,0,float32,4,262144,1,262144,262144,ans_raw,245864,1024,472,0,247360,2d0af94b23c9c13f754a402d03aa191c61018b7ba3b8aa0283998d436b03970e,2d0af94b23c9c13f754a402d03aa191c61018b7ba3b8aa0283998d436b03970e,true,/home/zhouziang/Workspace/compression/kv_compression/artifacts/raw/20261004_m2c_qwen35_trace2_2k_ansraw/ans_raw_262144.akvpack,300356,247352
20261004_m2c_qwen35_trace2_2k_ansraw,layer00.recurrent.0,0,linear_attention,recurrent,0,float32,4,262144,2,524288,262144,ans_raw,242936,1024,472,0,244432,704eec7e2a317e58dea73a2b6881e9a1dd7f538c26bccb5347317491af72619a,704eec7e2a317e58dea73a2b6881e9a1dd7f538c26bccb5347317491af72619a,true,/home/zhouziang/Workspace/compression/kv_compression/artifacts/raw/20261004_m2c_qwen35_trace2_2k_ansraw/ans_raw_262144.akvpack,547716,244424
20261004_m2c_qwen35_trace2_2k_ansraw,layer00.recurrent.0,0,linear_attention,recurrent,0,float32,4,262144,3,786432,262144,ans_raw,247128,1024,472,0,248624,a3eaa5c01099c19e75a45337afb663955ee692561b5ebc2538264d78f332bf43,a3eaa5c01099c19e75a45337afb663955ee692561b5ebc2538264d78f332bf43,true,/home/zhouziang/Workspace/compression/kv_compression/artifacts/raw/20261004_m2c_qwen35_trace2_2k_ansraw/ans_raw_262144.akvpack,792148,248616
20261004_m2c_qwen35_trace2_2k_ansraw,layer00.recurrent.0,0,linear_attention,recurrent,0,float32,4,262144,4,1048576,262144,ans_raw,242572,1024,473,0,244069,d1b60459c4621f15a36a527bd592298ef50eccf318921cccf90678ab438dbf8f,d1b60459c4621f15a36a527bd592298ef50eccf318921cccf90678ab438dbf8f,true,/home/zhouziang/Workspace/compression/kv_compression/artifacts/raw/20261004_m2c_qwen35_trace2_2k_ansraw/ans_raw_262144.akvpack,1040772,244061
20261004_m2c_qwen35_trace2_2k_ansraw,layer00.recurrent.0,0,linear_attention,recurrent,0,float32,4,262144,5,1310720,262144,ans_raw,246472,1024,473,0,247969,f96261895eb11af1f18514ee9087f0670c30f5c9dea588b5422c7fb109c978c9,f96261895eb11af1f18514ee9087f0670c30f5c9dea588b5422c7fb109c978c9,true,/home/zhouziang/Workspace/compression/kv_compression/artifacts/raw/20261004_m2c_qwen35_trace2_2k_ansraw/ans_raw_262144.akvpack,1284841,247961
20261004_m2c_qwen35_trace2_2k_ansraw,layer00.recurrent.0,0,linear_attention,recurrent,0,float32,4,262144,6,1572864,262144,ans_raw,246848,1024,473,0,248345,fbd07ef2ac2b69f3786fa5fa499d8fd611e9a9ac487b03f02d6b18d12c0a63d4,fbd07ef2ac2b69f3786fa5fa499d8fd611e9a9ac487b03f02d6b18d12c0a63d4,true,/home/zhouziang/Workspace/compression/kv_compression/artifacts/raw/20261004_m2c_qwen35_trace2_2k_ansraw/ans_raw_262144.akvpack,1532810,248337
20261004_m2c_qwen35_trace2_2k_ansraw,layer00.recurrent.0,0,linear_attention,recurrent,0,float32,4,262144,7,1835008,262144,ans_raw,247256,1024,473,0,248753,da3c8a7c79006c03a5f9845a350afb8768a32b9f76add6eb5208eae3be368ea1,da3c8a7c79006c03a5f9845a350afb8768a32b9f76add6eb5208eae3be368ea1,true,/home/zhouziang/Workspace/compression/kv_compression/artifacts/raw/20261004_m2c_qwen35_trace2_2k_ansraw/ans_raw_262144.akvpack,1781155,248745
20261004_m2c_qwen35_trace2_2k_ansraw,layer01.convolution.0,1,linear_attention,convolution,0,bfloat16,2,262144,0,0,65536,ans_raw,51396,1024,465,0,52885,c181e3adee6c6278aa276ff15574ebaf91b5a27340b67ae72293759dfb819f8b,c181e3adee6c6278aa276ff15574ebaf91b5a27340b67ae72293759dfb819f8b,true,/home/zhouziang/Workspace/compression/kv_compression/artifacts/raw/20261004_m2c_qwen35_trace2_2k_ansraw/ans_raw_262144.akvpack,2029908,52877
20261004_m2c_qwen35_trace2_2k_ansraw,layer01.recurrent.0,1,linear_attention,recurrent,0,float32,4,262144,0,0,262144,ans_raw,245756,1024,467,0,247247,45991d4eb8ad1e2081dc2889f8a6a7f05df3569288c58e50b4b64530b31088cb,45991d4eb8ad1e2081dc2889f8a6a7f05df3569288c58e50b4b64530b31088cb,true,/home/zhouziang/Workspace/compression/kv_compression/artifacts/raw/20261004_m2c_qwen35_trace2_2k_ansraw/ans_raw_262144.akvpack,2082793,247239
20261004_m2c_qwen35_trace2_2k_ansraw,layer01.recurrent.0,1,linear_attention,recurrent,0,float32,4,262144,1,262144,262144,ans_raw,243772,1024,472,0,245268,fbece7809cccbfb50185e98ced38daa5aba2ac7fef6113b996977db274ee1dbe,fbece7809cccbfb50185e98ced38daa5aba2ac7fef6113b996977db274ee1dbe,true,/home/zhouziang/Workspace/compression/kv_compression/artifacts/raw/20261004_m2c_qwen35_trace2_2k_ansraw/ans_raw_262144.akvpack,2330040,245260
20261004_m2c_qwen35_trace2_2k_ansraw,layer01.recurrent.0,1,linear_attention,recurrent,0,float32,4,262144,2,524288,262144,ans_raw,246256,1024,472,0,247752,f92a5fbe3b6f7e4e84c3627c45f65ff3ccad0572782f81163e8e343c8a1c5ccf,f92a5fbe3b6f7e4e84c3627c45f65ff3ccad0572782f81163e8e343c8a1c5ccf,true,/home/zhouziang/Workspace/compression/kv_compression/artifacts/raw/20261004_m2c_qwen35_trace2_2k_ansraw/ans_raw_262144.akvpack,2575308,247744
20261004_m2c_qwen35_trace2_2k_ansraw,layer01.recurrent.0,1,linear_attention,recurrent,0,float32,4,262144,3,786432,262144,ans_raw,245612,1024,472,0,247108,28d93c0cf0b252c2d4c009164f0bb22fc0b70e8cc701dbfdf005c5eb0b0b97ad,28d93c0cf0b252c2d4c009164f0bb22fc0b70e8cc701dbfdf005c5eb0b0b97ad,true,/home/zhouziang/Workspace/compression/kv_compression/artifacts/raw/20261004_m2c_qwen35_trace2_2k_ansraw/ans_raw_262144.akvpack,2823060,247100
20261004_m2c_qwen35_trace2_2k_ansraw,layer01.recurrent.0,1,linear_attention,recurrent,0,float32,4,262144,4,1048576,262144,ans_raw,246048,1024,473,0,247545,7080bff304e05c29604a1f104dbfdacbed6e90fa4d534d86b247f22ea601f020,7080bff304e05c29604a1f104dbfdacbed6e90fa4d534d86b247f22ea601f020,true,/home/zhouziang/Workspace/compression/kv_compression/artifacts/raw/20261004_m2c_qwen35_trace2_2k_ansraw/ans_raw_262144.akvpack,3070168,247537
20261004_m2c_qwen35_trace2_2k_ansraw,layer01.recurrent.0,1,linear_attention,recurrent,0,float32,4,262144,5,1310720,262144,ans_raw,245396,1024,473,0,246893,2188a3d1744c83d7e8cdfe4ec38f1a1d00af757d2b9ff1e3012e42d0e16ea83f,2188a3d1744c83d7e8cdfe4ec38f1a1d00af757d2b9ff1e3012e42d0e16ea83f,true,/home/zhouziang/Workspace/compression/kv_compression/artifacts/raw/20261004_m2c_qwen35_trace2_2k_ansraw/ans_raw_262144.akvpack,3317713,246885
20261004_m2c_qwen35_trace2_2k_ansraw,layer01.recurrent.0,1,linear_attention,recurrent,0,float32,4,262144,6,1572864,262144,ans_raw,244952,1024,473,0,246449,9f7f945d986bf5a5a43a252467e409286ab0fac5c1c84011c829287a3326b28e,9f7f945d986bf5a5a43a252467e409286ab0fac5c1c84011c829287a3326b28e,true,/home/zhouziang/Workspace/compression/kv_compression/artifacts/raw/20261004_m2c_qwen35_trace2_2k_ansraw/ans_raw_262144.akvpack,3564606,246441
20261004_m2c_qwen35_trace2_2k_ansraw,layer01.recurrent.0,1,linear_attention,recurrent,0,float32,4,262144,7,1835008,262144,ans_raw,245608,1024,473,0,247105,993d1a5828cc0c8af45356b4afea838fd40c499f22aadc4e5c040851d2c3f546,993d1a5828cc0c8af45356b4afea838fd40c499f22aadc4e5c040851d2c3f546,true,/home/zhouziang/Workspace/compression/kv_compression/artifacts/raw/20261004_m2c_qwen35_trace2_2k_ansraw/ans_raw_262144.akvpack,3811055,247097
20261004_m2c_qwen35_trace2_2k_ansraw,layer02.convolution.0,2,linear_attention,convolution,0,bfloat16,2,262144,0,0,65536,ans_raw,51432,1024,465,0,52921,d442366478cb49da48ff6ee68f64cff27c07212217db81f9944616d19b60d6c5,d442366478cb49da48ff6ee68f64cff27c07212217db81f9944616d19b60d6c5,true,/home/zhouziang/Workspace/compression/kv_compression/artifacts/raw/20261004_m2c_qwen35_trace2_2k_ansraw/ans_raw_262144.akvpack,4058160,52913
20261004_m2c_qwen35_trace2_2k_ansraw,layer02.recurrent.0,2,linear_attention,recurrent,0,float32,4,262144,0,0,262144,ans_raw,246512,1024,467,0,248003,d63ec33357daf70ba98f338166b10a9eca359ec383ffcbb52202fee2972a5998,d63ec33357daf70ba98f338166b10a9eca359ec383ffcbb52202fee2972a5998,true,/home/zhouziang/Workspace/compression/kv_compression/artifacts/raw/20261004_m2c_qwen35_trace2_2k_ansraw/ans_raw_262144.akvpack,4111081,247995
20261004_m2c_qwen35_trace2_2k_ansraw,layer02.recurrent.0,2,linear_attention,recurrent,0,float32,4,262144,1,262144,262144,ans_raw,245380,1024,472,0,246876,6820caaf1cdeab361774ebf9b3102ba39ebcadb48e7a52e6436dc4cfc0574753,6820caaf1cdeab361774ebf9b3102ba39ebcadb48e7a52e6436dc4cfc0574753,true,/home/zhouziang/Workspace/compression/kv_compression/artifacts/raw/20261004_m2c_qwen35_trace2_2k_ansraw/ans_raw_262144.akvpack,4359084,246868
20261004_m2c_qwen35_trace2_2k_ansraw,layer02.recurrent.0,2,linear_attention,recurrent,0,float32,4,262144,2,524288,262144,ans_raw,244968,1024,472,0,246464,704699c85a6cdfb848275730e93e4d2f1ccc28e9a3436a33ab21b20b3ba543e1,704699c85a6cdfb848275730e93e4d2f1ccc28e9a3436a33ab21b20b3ba543e1,true,/home/zhouziang/Workspace/compression/kv_compression/artifacts/raw/20261004_m2c_qwen35_trace2_2k_ansraw/ans_raw_262144.akvpack,4605960,246456
20261004_m2c_qwen35_trace2_2k_ansraw,layer02.recurrent.0,2,linear_attention,recurrent,0,float32,4,262144,3,786432,262144,ans_raw,245464,1024,472,0,246960,b86ac736d9b8f410e57d9aab86ccdefdedef8df6785a46955603a15bb025ce9a,b86ac736d9b8f410e57d9aab86ccdefdedef8df6785a46955603a15bb025ce9a,true,/home/zhouziang/Workspace/compression/kv_compression/artifacts/raw/20261004_m2c_qwen35_trace2_2k_ansraw/ans_raw_262144.akvpack,4852424,246952
20261004_m2c_qwen35_trace2_2k_ansraw,layer02.recurrent.0,2,linear_attention,recurrent,0,float32,4,262144,4,1048576,262144,ans_raw,244940,1024,473,0,246437,2acb7a00bdc2fe318aca235bb9a3e2087a0ea1271f81f57142dc1e0a194beeaa,2acb7a00bdc2fe318aca235bb9a3e2087a0ea1271f81f57142dc1e0a194beeaa,true,/home/zhouziang/Workspace/compression/kv_compression/artifacts/raw/20261004_m2c_qwen35_trace2_2k_ansraw/ans_raw_262144.akvpack,5099384,246429
20261004_m2c_qwen35_trace2_2k_ansraw,layer02.recurrent.0,2,linear_attention,recurrent,0,float32,4,262144,5,1310720,262144,ans_raw,245896,1024,473,0,247393,e820e20799a78126afc75b9cbde623920130a15017319711d3dc41f605c696c6,e820e20799a78126afc75b9cbde623920130a15017319711d3dc41f605c696c6,true,/home/zhouziang/Workspace/compression/kv_compression/artifacts/raw/20261004_m2c_qwen35_trace2_2k_ansraw/ans_raw_262144.akvpack,5345821,247385
20261004_m2c_qwen35_trace2_2k_ansraw,layer02.recurrent.0,2,linear_attention,recurrent,0,float32,4,262144,6,1572864,262144,ans_raw,245532,1024,473,0,247029,f54ed878db8fce4064a7204a0aa073441aef891bcb522399eb67f696cc912639,f54ed878db8fce4064a7204a0aa073441aef891bcb522399eb67f696cc912639,true,/home/zhouziang/Workspace/compression/kv_compression/artifacts/raw/20261004_m2c_qwen35_trace2_2k_ansraw/ans_raw_262144.akvpack,5593214,247021
20261004_m2c_qwen35_trace2_2k_ansraw,layer02.recurrent.0,2,linear_attention,recurrent,0,float32,4,262144,7,1835008,262144,ans_raw,247012,1024,473,0,248509,a21feda633e180f528029e65fc6a6320afdcd7001d34e4c9b78556dfd443b7e6,a21feda633e180f528029e65fc6a6320afdcd7001d34e4c9b78556dfd443b7e6,true,/home/zhouziang/Workspace/compression/kv_compression/artifacts/raw/20261004_m2c_qwen35_trace2_2k_ansraw/ans_raw_262144.akvpack,5840243,248501
20261004_m2c_qwen35_trace2_2k_ansraw,layer03.key.0,3,full_attention,key,0,bfloat16,2,262144,0,0,262144,ans_raw,205116,1024,454,0,206594,548fd69d993f92d23c08531270de1d05b49e386aa954ba7a3a0f9b5c35193c8d,548fd69d993f92d23c08531270de1d05b49e386aa954ba7a3a0f9b5c35193c8d,true,/home/zhouziang/Workspace/compression/kv_compression/artifacts/raw/20261004_m2c_qwen35_trace2_2k_ansraw/ans_raw_262144.akvpack,6088752,206586
20261004_m2c_qwen35_trace2_2k_ansraw,layer03.key.0,3,full_attention,key,0,bfloat16,2,262144,1,262144,262144,ans_raw,205224,1024,459,0,206707,57aabfc76d714d7a11edb75c1b91bfc4307139ea889aeed529c92905c5054244,57aabfc76d714d7a11edb75c1b91bfc4307139ea889aeed529c92905c5054244,true,/home/zhouziang/Workspace/compression/kv_compression/artifacts/raw/20261004_m2c_qwen35_trace2_2k_ansraw/ans_raw_262144.akvpack,6295346,206699
20261004_m2c_qwen35_trace2_2k_ansraw,layer03.key.0,3,full_attention,key,0,bfloat16,2,262144,2,524288,262144,ans_raw,205392,1024,459,0,206875,ed36ed091e81938a382ffb8c5b22b853c94a265824b90ca4ab4759084565f2b3,ed36ed091e81938a382ffb8c5b22b853c94a265824b90ca4ab4759084565f2b3,true,/home/zhouziang/Workspace/compression/kv_compression/artifacts/raw/20261004_m2c_qwen35_trace2_2k_ansraw/ans_raw_262144.akvpack,6502053,206867
20261004_m2c_qwen35_trace2_2k_ansraw,layer03.key.0,3,full_attention,key,0,bfloat16,2,262144,3,786432,262144,ans_raw,205492,1024,459,0,206975,b7d5fbb669a87878ee4f781c7cffb052ab49d81cad013e432e3e14bf98aea76e,b7d5fbb669a87878ee4f781c7cffb052ab49d81cad013e432e3e14bf98aea76e,true,/home/zhouziang/Workspace/compression/kv_compression/artifacts/raw/20261004_m2c_qwen35_trace2_2k_ansraw/ans_raw_262144.akvpack,6708928,206967
20261004_m2c_qwen35_trace2_2k_ansraw,layer03.key.0,3,full_attention,key,0,bfloat16,2,262144,4,1048576,262144,ans_raw,204608,1024,460,0,206092,ba2940895fb210f3084bf95359d93f28fc8a87666485ddb474871bf73b2fc0b2,ba2940895fb210f3084bf95359d93f28fc8a87666485ddb474871bf73b2fc0b2,true,/home/zhouziang/Workspace/compression/kv_compression/artifacts/raw/20261004_m2c_qwen35_trace2_2k_ansraw/ans_raw_262144.akvpack,6915903,206084
20261004_m2c_qwen35_trace2_2k_ansraw,layer03.key.0,3,full_attention,key,0,bfloat16,2,262144,5,1310720,262144,ans_raw,205240,1024,460,0,206724,381c2caa90e220a19fed90d9200bfe549c7c90f986f12816301d2c5048e6f97e,381c2caa90e220a19fed90d9200bfe549c7c90f986f12816301d2c5048e6f97e,true,/home/zhouziang/Workspace/compression/kv_compression/artifacts/raw/20261004_m2c_qwen35_trace2_2k_ansraw/ans_raw_262144.akvpack,7121995,206716
20261004_m2c_qwen35_trace2_2k_ansraw,layer03.key.0,3,full_attention,key,0,bfloat16,2,262144,6,1572864,262144,ans_raw,205088,1024,460,0,206572,ac4aabac58310154001f49fe526fcd4931386a483312a5d10fbcaef7ded57116,ac4aabac58310154001f49fe526fcd4931386a483312a5d10fbcaef7ded57116,true,/home/zhouziang/Workspace/compression/kv_compression/artifacts/raw/20261004_m2c_qwen35_trace2_2k_ansraw/ans_raw_262144.akvpack,7328719,206564
20261004_m2c_qwen35_trace2_2k_ansraw,layer03.key.0,3,full_attention,key,0,bfloat16,2,262144,7,1835008,262144,ans_raw,205044,1024,460,0,206528,f93cb839c60d40f99f3ff8a536d4590259fe566b587c8660776ec67e49f87e37,f93cb839c60d40f99f3ff8a536d4590259fe566b587c8660776ec67e49f87e37,true,/home/zhouziang/Workspace/compression/kv_compression/artifacts/raw/20261004_m2c_qwen35_trace2_2k_ansraw/ans_raw_262144.akvpack,7535291,206520
20261004_m2c_qwen35_trace2_2k_ansraw,layer03.key.0,3,full_attention,key,0,bfloat16,2,262144,8,2097152,262144,ans_raw,204520,1024,460,0,206004,5c681d6511c78d854472a2a8027da8585a550bda2e1159fe44732e486c4b8127,5c681d6511c78d854472a2a8027da8585a550bda2e1159fe44732e486c4b8127,true,/home/zhouziang/Workspace/compression/kv_compression/artifacts/raw/20261004_m2c_qwen35_trace2_2k_ansraw/ans_raw_262144.akvpack,7741819,205996
20261004_m2c_qwen35_trace2_2k_ansraw,layer03.key.0,3,full_attention,key,0,bfloat16,2,262144,9,2359296,262144,ans_raw,204444,1024,460,0,205928,677220957388ca9cd196bd8e50f5938f41ffb77c9444e9df05bb97347b5caa3a,677220957388ca9cd196bd8e50f5938f41ffb77c9444e9df05bb97347b5caa3a,true,/home/zhouziang/Workspace/compression/kv_compression/artifacts/raw/20261004_m2c_qwen35_trace2_2k_ansraw/ans_raw_262144.akvpack,7947823,205920
20261004_m2c_qwen35_trace2_2k_ansraw,layer03.key.0,3,full_attention,key,0,bfloat16,2,262144,10,2621440,262144,ans_raw,204668,1024,461,0,206153,0e71813d18a3ce804d02cea074ef1794939098e2350c587c7abe9a22766844c7,0e71813d18a3ce804d02cea074ef1794939098e2350c587c7abe9a22766844c7,true,/home/zhouziang/Workspace/compression/kv_compression/artifacts/raw/20261004_m2c_qwen35_trace2_2k_ansraw/ans_raw_262144.akvpack,8153751,206145
20261004_m2c_qwen35_trace2_2k_ansraw,layer03.key.0,3,full_attention,key,0,bfloat16,2,262144,11,2883584,262144,ans_raw,204544,1024,461,0,206029,e911432828f69d4fd2f4eb1bc46c681d6fa6bf0bfcb721d0724dabdfd101a746,e911432828f69d4fd2f4eb1bc46c681d6fa6bf0bfcb721d0724dabdfd101a746,true,/home/zhouziang/Workspace/compression/kv_compression/artifacts/raw/20261004_m2c_qwen35_trace2_2k_ansraw/ans_raw_262144.akvpack,8359904,206021
20261004_m2c_qwen35_trace2_2k_ansraw,layer03.key.0,3,full_attention,key,0,bfloat16,2,262144,12,3145728,262144,ans_raw,204336,1024,461,0,205821,3687929b712d75ee6bb6085ef68363a6bfd9840931dc8f92fa9151906bc576a8,3687929b712d75ee6bb6085ef68363a6bfd9840931dc8f92fa9151906bc576a8,true,/home/zhouziang/Workspace/compression/kv_compression/artifacts/raw/20261004_m2c_qwen35_trace2_2k_ansraw/ans_raw_262144.akvpack,8565933,205813
20261004_m2c_qwen35_trace2_2k_ansraw,layer03.key.0,3,full_attention,key,0,bfloat16,2,262144,13,3407872,262144,ans_raw,203912,1024,461,0,205397,4bdc18ad6e78e11b582f48a8413cd559adff33cde3549e68db7c8c0ddf34c5c3,4bdc18ad6e78e11b582f48a8413cd559adff33cde3549e68db7c8c0ddf34c5c3,true,/home/zhouziang/Workspace/compression/kv_compression/artifacts/raw/20261004_m2c_qwen35_trace2_2k_ansraw/ans_raw_262144.akvpack,8771754,205389
20261004_m2c_qwen35_trace2_2k_ansraw,layer03.key.0,3,full_attention,key,0,bfloat16,2,262144,14,3670016,262144,ans_raw,203868,1024,461,0,205353,b61e007afa9fdbacca1ae35ff5086dbaa8dbe9171d255d17af7badd7fa38db4d,b61e007afa9fdbacca1ae35ff5086dbaa8dbe9171d255d17af7badd7fa38db4d,true,/home/zhouziang/Workspace/compression/kv_compression/artifacts/raw/20261004_m2c_qwen35_trace2_2k_ansraw/ans_raw_262144.akvpack,8977151,205345
20261004_m2c_qwen35_trace2_2k_ansraw,layer03.key.0,3,full_attention,key,0,bfloat16,2,262144,15,3932160,262144,ans_raw,203772,1024,461,0,205257,b11a18e70138f996aa253e66de13bd2b9fa81bafacc714537c7db35eade568a0,b11a18e70138f996aa253e66de13bd2b9fa81bafacc714537c7db35eade568a0,true,/home/zhouziang/Workspace/compression/kv_compression/artifacts/raw/20261004_m2c_qwen35_trace2_2k_ansraw/ans_raw_262144.akvpack,9182504,205249
20261004_m2c_qwen35_trace2_2k_ansraw,layer03.value.0,3,full_attention,value,0,bfloat16,2,262144,0,0,262144,ans_raw,204940,1024,458,0,206422,c55d2d6fa361bd7453b6f0fce322d97305ae356587d556eccef0ebfbbe6fda16,c55d2d6fa361bd7453b6f0fce322d97305ae356587d556eccef0ebfbbe6fda16,true,/home/zhouziang/Workspace/compression/kv_compression/artifacts/raw/20261004_m2c_qwen35_trace2_2k_ansraw/ans_raw_262144.akvpack,9387761,206414
20261004_m2c_qwen35_trace2_2k_ansraw,layer03.value.0,3,full_attention,value,0,bfloat16,2,262144,1,262144,262144,ans_raw,205000,1024,463,0,206487,3bde119ccb01e9a273a7a13fb882443df65f33413a8e0119770536f65690a6e2,3bde119ccb01e9a273a7a13fb882443df65f33413a8e0119770536f65690a6e2,true,/home/zhouziang/Workspace/compression/kv_compression/artifacts/raw/20261004_m2c_qwen35_trace2_2k_ansraw/ans_raw_262144.akvpack,9594183,206479
20261004_m2c_qwen35_trace2_2k_ansraw,layer03.value.0,3,full_attention,value,0,bfloat16,2,262144,2,524288,262144,ans_raw,204912,1024,463,0,206399,85627f4ca504c5144978eeb80f3b89db282788181394ee88475c0ebb74b09f41,85627f4ca504c5144978eeb80f3b89db282788181394ee88475c0ebb74b09f41,true,/home/zhouziang/Workspace/compression/kv_compression/artifacts/raw/20261004_m2c_qwen35_trace2_2k_ansraw/ans_raw_262144.akvpack,9800670,206391
20261004_m2c_qwen35_trace2_2k_ansraw,layer03.value.0,3,full_attention,value,0,bfloat16,2,262144,3,786432,262144,ans_raw,204944,1024,463,0,206431,ab7ac0e13d3f8d340d5d17f7c7d6244e0fe88a21a37c651d1bba94ff5c58ec60,ab7ac0e13d3f8d340d5d17f7c7d6244e0fe88a21a37c651d1bba94ff5c58ec60,true,/home/zhouziang/Workspace/compression/kv_compression/artifacts/raw/20261004_m2c_qwen35_trace2_2k_ansraw/ans_raw_262144.akvpack,10007069,206423
20261004_m2c_qwen35_trace2_2k_ansraw,layer03.value.0,3,full_attention,value,0,bfloat16,2,262144,4,1048576,262144,ans_raw,204648,1024,464,0,206136,e4395e9f3ccc9b9716cf9f724b26032fb434d5fdc3970fea07646f7a9a8acb35,e4395e9f3ccc9b9716cf9f724b26032fb434d5fdc3970fea07646f7a9a8acb35,true,/home/zhouziang/Workspace/compression/kv_compression/artifacts/raw/20261004_m2c_qwen35_trace2_2k_ansraw/ans_raw_262144.akvpack,10213500,206128
20261004_m2c_qwen35_trace2_2k_ansraw,layer03.value.0,3,full_attention,value,0,bfloat16,2,262144,5,1310720,262144,ans_raw,204428,1024,464,0,205916,63eb69d927bff9d36148d2ea4ac97e27e1e2dfef0085a5beb0d2cc610c8d2549,63eb69d927bff9d36148d2ea4ac97e27e1e2dfef0085a5beb0d2cc610c8d2549,true,/home/zhouziang/Workspace/compression/kv_compression/artifacts/raw/20261004_m2c_qwen35_trace2_2k_ansraw/ans_raw_262144.akvpack,10419636,205908
20261004_m2c_qwen35_trace2_2k_ansraw,layer03.value.0,3,full_attention,value,0,bfloat16,2,262144,6,1572864,262144,ans_raw,204648,1024,464,0,206136,114daa67847d174eabd2ac2876723af5a182fdf5ebb76627e58d7c646ddcd6cd,114daa67847d174eabd2ac2876723af5a182fdf5ebb76627e58d7c646ddcd6cd,true,/home/zhouziang/Workspace/compression/kv_compression/artifacts/raw/20261004_m2c_qwen35_trace2_2k_ansraw/ans_raw_262144.akvpack,10625552,206128
20261004_m2c_qwen35_trace2_2k_ansraw,layer03.value.0,3,full_attention,value,0,bfloat16,2,262144,7,1835008,262144,ans_raw,204528,1024,464,0,206016,831120fbf8f35a5a4cadf72418067c961713892db1562e2ab90c6f4e49aaa51c,831120fbf8f35a5a4cadf72418067c961713892db1562e2ab90c6f4e49aaa51c,true,/home/zhouziang/Workspace/compression/kv_compression/artifacts/raw/20261004_m2c_qwen35_trace2_2k_ansraw/ans_raw_262144.akvpack,10831688,206008
20261004_m2c_qwen35_trace2_2k_ansraw,layer03.value.0,3,full_attention,value,0,bfloat16,2,262144,8,2097152,262144,ans_raw,204132,1024,464,0,205620,3d692ab14d7e4f5f724552457be670996b2db0f984535f2cc2b2c6dce7e0e0a0,3d692ab14d7e4f5f724552457be670996b2db0f984535f2cc2b2c6dce7e0e0a0,true,/home/zhouziang/Workspace/compression/kv_compression/artifacts/raw/20261004_m2c_qwen35_trace2_2k_ansraw/ans_raw_262144.akvpack,11037704,205612
20261004_m2c_qwen35_trace2_2k_ansraw,layer03.value.0,3,full_attention,value,0,bfloat16,2,262144,9,2359296,262144,ans_raw,204004,1024,464,0,205492,556d3928d0def96d9852f0b82e3993cb362b3b8a48a11e5c8378a1da5dcb43cc,556d3928d0def96d9852f0b82e3993cb362b3b8a48a11e5c8378a1da5dcb43cc,true,/home/zhouziang/Workspace/compression/kv_compression/artifacts/raw/20261004_m2c_qwen35_trace2_2k_ansraw/ans_raw_262144.akvpack,11243324,205484
20261004_m2c_qwen35_trace2_2k_ansraw,layer03.value.0,3,full_attention,value,0,bfloat16,2,262144,10,2621440,262144,ans_raw,204156,1024,465,0,205645,756442a5e8f250477e357c6b33132d1c223ca0b33409a5cea1e36a9a2f7ec0a2,756442a5e8f250477e357c6b33132d1c223ca0b33409a5cea1e36a9a2f7ec0a2,true,/home/zhouziang/Workspace/compression/kv_compression/artifacts/raw/20261004_m2c_qwen35_trace2_2k_ansraw/ans_raw_262144.akvpack,11448816,205637
20261004_m2c_qwen35_trace2_2k_ansraw,layer03.value.0,3,full_attention,value,0,bfloat16,2,262144,11,2883584,262144,ans_raw,204192,1024,465,0,205681,105037efa915559f44fd9fc791521e8f63323c0f8ac3920fb281894ab4387376,105037efa915559f44fd9fc791521e8f63323c0f8ac3920fb281894ab4387376,true,/home/zhouziang/Workspace/compression/kv_compression/artifacts/raw/20261004_m2c_qwen35_trace2_2k_ansraw/ans_raw_262144.akvpack,11654461,205673
20261004_m2c_qwen35_trace2_2k_ansraw,layer03.value.0,3,full_attention,value,0,bfloat16,2,262144,12,3145728,262144,ans_raw,203808,1024,465,0,205297,37d4cedae628d6491282e5b50fa80f8a9b7340e3eb7b335cbd6d9cf863688cf9,37d4cedae628d6491282e5b50fa80f8a9b7340e3eb7b335cbd6d9cf863688cf9,true,/home/zhouziang/Workspace/compression/kv_compression/artifacts/raw/20261004_m2c_qwen35_trace2_2k_ansraw/ans_raw_262144.akvpack,11860142,205289
20261004_m2c_qwen35_trace2_2k_ansraw,layer03.value.0,3,full_attention,value,0,bfloat16,2,262144,13,3407872,262144,ans_raw,203764,1024,465,0,205253,b5ccd093f40a0c00efeb1ddbd3d6d5f665923e661bd217f939f4a138a5262b1c,b5ccd093f40a0c00efeb1ddbd3d6d5f665923e661bd217f939f4a138a5262b1c,true,/home/zhouziang/Workspace/compression/kv_compression/artifacts/raw/20261004_m2c_qwen35_trace2_2k_ansraw/ans_raw_262144.akvpack,12065439,205245
20261004_m2c_qwen35_trace2_2k_ansraw,layer03.value.0,3,full_attention,value,0,bfloat16,2,262144,14,3670016,262144,ans_raw,203728,1024,465,0,205217,30c2668dba6f30fc0925b050e2eed5dea6eabc99f8c6a6a237eee9c7fb400ea1,30c2668dba6f30fc0925b050e2eed5dea6eabc99f8c6a6a237eee9c7fb400ea1,true,/home/zhouziang/Workspace/compression/kv_compression/artifacts/raw/20261004_m2c_qwen35_trace2_2k_ansraw/ans_raw_262144.akvpack,12270692,205209
20261004_m2c_qwen35_trace2_2k_ansraw,layer03.value.0,3,full_attention,value,0,bfloat16,2,262144,15,3932160,262144,ans_raw,203768,1024,465,0,205257,9cc58d2b34071280495325328c181b31729d8177ebcec3d07d24d2b27f43a0c9,9cc58d2b34071280495325328c181b31729d8177ebcec3d07d24d2b27f43a0c9,true,/home/zhouziang/Workspace/compression/kv_compression/artifacts/raw/20261004_m2c_qwen35_trace2_2k_ansraw/ans_raw_262144.akvpack,12475909,205249
20261004_m2c_qwen35_trace2_2k_ansraw,layer04.convolution.0,4,linear_attention,convolution,0,bfloat16,2,262144,0,0,65536,ans_raw,51320,1024,465,0,52809,c8356c2712ba5ee58fcf11c889d8def846203946f404694b4a45ea9bebe0f9ba,c8356c2712ba5ee58fcf11c889d8def846203946f404694b4a45ea9bebe0f9ba,true,/home/zhouziang/Workspace/compression/kv_compression/artifacts/raw/20261004_m2c_qwen35_trace2_2k_ansraw/ans_raw_262144.akvpack,12681166,52801
20261004_m2c_qwen35_trace2_2k_ansraw,layer04.recurrent.0,4,linear_attention,recurrent,0,float32,4,262144,0,0,262144,ans_raw,244952,1024,467,0,246443,18e35428336fc3e2cc17c8a273ef143923987efbce45cc5346f0e799717623df,18e35428336fc3e2cc17c8a273ef143923987efbce45cc5346f0e799717623df,true,/home/zhouziang/Workspace/compression/kv_compression/artifacts/raw/20261004_m2c_qwen35_trace2_2k_ansraw/ans_raw_262144.akvpack,12733975,246435
20261004_m2c_qwen35_trace2_2k_ansraw,layer04.recurrent.0,4,linear_attention,recurrent,0,float32,4,262144,1,262144,262144,ans_raw,245840,1024,472,0,247336,790ddbb7a3153ed4376aab262cc6769772bbbe5c9b3b49d15b293252547378eb,790ddbb7a3153ed4376aab262cc6769772bbbe5c9b3b49d15b293252547378eb,true,/home/zhouziang/Workspace/compression/kv_compression/artifacts/raw/20261004_m2c_qwen35_trace2_2k_ansraw/ans_raw_262144.akvpack,12980418,247328
20261004_m2c_qwen35_trace2_2k_ansraw,layer04.recurrent.0,4,linear_attention,recurrent,0,float32,4,262144,2,524288,262144,ans_raw,245080,1024,472,0,246576,220d694f5c5a8a8fb61066b8e21d61ce02a8ae579ec267bec38d84621570b030,220d694f5c5a8a8fb61066b8e21d61ce02a8ae579ec267bec38d84621570b030,true,/home/zhouziang/Workspace/compression/kv_compression/artifacts/raw/20261004_m2c_qwen35_trace2_2k_ansraw/ans_raw_262144.akvpack,13227754,246568
20261004_m2c_qwen35_trace2_2k_ansraw,layer04.recurrent.0,4,linear_attention,recurrent,0,float32,4,262144,3,786432,262144,ans_raw,245592,1024,472,0,247088,4c278ed6ba9d25f00ffb19d75356b4a6d63b850eba8a07764693316d3fddb44c,4c278ed6ba9d25f00ffb19d75356b4a6d63b850eba8a07764693316d3fddb44c,true,/home/zhouziang/Workspace/compression/kv_compression/artifacts/raw/20261004_m2c_qwen35_trace2_2k_ansraw/ans_raw_262144.akvpack,13474330,247080
20261004_m2c_qwen35_trace2_2k_ansraw,layer04.recurrent.0,4,linear_attention,recurrent,0,float32,4,262144,4,1048576,262144,ans_raw,244300,1024,473,0,245797,94de848b027a4660f89e0a0868a1fff0a99183b74b8bf29d74995542311f4d76,94de848b027a4660f89e0a0868a1fff0a99183b74b8bf29d74995542311f4d76,true,/home/zhouziang/Workspace/compression/kv_compression/artifacts/raw/20261004_m2c_qwen35_trace2_2k_ansraw/ans_raw_262144.akvpack,13721418,245789
20261004_m2c_qwen35_trace2_2k_ansraw,layer04.recurrent.0,4,linear_attention,recurrent,0,float32,4,262144,5,1310720,262144,ans_raw,244696,1024,473,0,246193,9e055c7c0a7900df6041156706842049a1f591621024553da58d181038f98429,9e055c7c0a7900df6041156706842049a1f591621024553da58d181038f98429,true,/home/zhouziang/Workspace/compression/kv_compression/artifacts/raw/20261004_m2c_qwen35_trace2_2k_ansraw/ans_raw_262144.akvpack,13967215,246185
20261004_m2c_qwen35_trace2_2k_ansraw,layer04.recurrent.0,4,linear_attention,recurrent,0,float32,4,262144,6,1572864,262144,ans_raw,244668,1024,473,0,246165,15d060487696af745b8bfcdbc5f19908c18f86e9212a6b53ac0c403cc6d0cbed,15d060487696af745b8bfcdbc5f19908c18f86e9212a6b53ac0c403cc6d0cbed,true,/home/zhouziang/Workspace/compression/kv_compression/artifacts/raw/20261004_m2c_qwen35_trace2_2k_ansraw/ans_raw_262144.akvpack,14213408,246157
20261004_m2c_qwen35_trace2_2k_ansraw,layer04.recurrent.0,4,linear_attention,recurrent,0,float32,4,262144,7,1835008,262144,ans_raw,245700,1024,473,0,247197,5697f7528b5c36ea8a65ca87d30f0207b7c3b4aff0e9475fdb743e1b507039d3,5697f7528b5c36ea8a65ca87d30f0207b7c3b4aff0e9475fdb743e1b507039d3,true,/home/zhouziang/Workspace/compression/kv_compression/artifacts/raw/20261004_m2c_qwen35_trace2_2k_ansraw/ans_raw_262144.akvpack,14459573,247189
20261004_m2c_qwen35_trace2_2k_ansraw,layer05.convolution.0,5,linear_attention,convolution,0,bfloat16,2,262144,0,0,65536,ans_raw,51468,1024,465,0,52957,c4116b3ee195854cabd67ca18e8789c4ee80aeab0b7e59c27108b58e4b898cc4,c4116b3ee195854cabd67ca18e8789c4ee80aeab0b7e59c27108b58e4b898cc4,true,/home/zhouziang/Workspace/compression/kv_compression/artifacts/raw/20261004_m2c_qwen35_trace2_2k_ansraw/ans_raw_262144.akvpack,14706770,52949
20261004_m2c_qwen35_trace2_2k_ansraw,layer05.recurrent.0,5,linear_attention,recurrent,0,float32,4,262144,0,0,262144,ans_raw,244448,1024,467,0,245939,99e50c589ab208522b9facaec98633ad8e1e04974562ea7e5780950adbad0d15,99e50c589ab208522b9facaec98633ad8e1e04974562ea7e5780950adbad0d15,true,/home/zhouziang/Workspace/compression/kv_compression/artifacts/raw/20261004_m2c_qwen35_trace2_2k_ansraw/ans_raw_262144.akvpack,14759727,245931
20261004_m2c_qwen35_trace2_2k_ansraw,layer05.recurrent.0,5,linear_attention,recurrent,0,float32,4,262144,1,262144,262144,ans_raw,245868,1024,472,0,247364,7ebfba2be0035bb03245e931f8eec7afd653af8e1ff77f36c265c0af95aedb00,7ebfba2be0035bb03245e931f8eec7afd653af8e1ff77f36c265c0af95aedb00,true,/home/zhouziang/Workspace/compression/kv_compression/artifacts/raw/20261004_m2c_qwen35_trace2_2k_ansraw/ans_raw_262144.akvpack,15005666,247356
20261004_m2c_qwen35_trace2_2k_ansraw,layer05.recurrent.0,5,linear_attention,recurrent,0,float32,4,262144,2,524288,262144,ans_raw,245488,1024,472,0,246984,5a3305d8c654843a9fd9c7385397c2c61d6adb77c863fc4aa6a06f80d6f24a50,5a3305d8c654843a9fd9c7385397c2c61d6adb77c863fc4aa6a06f80d6f24a50,true,/home/zhouziang/Workspace/compression/kv_compression/artifacts/raw/20261004_m2c_qwen35_trace2_2k_ansraw/ans_raw_262144.akvpack,15253030,246976
20261004_m2c_qwen35_trace2_2k_ansraw,layer05.recurrent.0,5,linear_attention,recurrent,0,float32,4,262144,3,786432,262144,ans_raw,245216,1024,472,0,246712,d11a4081d3aba6b559e7aa7bb97ee2347e9447e1a7e49559f6a8700cec5c5cad,d11a4081d3aba6b559e7aa7bb97ee2347e9447e1a7e49559f6a8700cec5c5cad,true,/home/zhouziang/Workspace/compression/kv_compression/artifacts/raw/20261004_m2c_qwen35_trace2_2k_ansraw/ans_raw_262144.akvpack,15500014,246704
20261004_m2c_qwen35_trace2_2k_ansraw,layer05.recurrent.0,5,linear_attention,recurrent,0,float32,4,262144,4,1048576,262144,ans_raw,246136,1024,473,0,247633,7a46f5079cd9153dee16df4b5a350cfc58ac98781ebd15ef0b31ce7fe1e257e7,7a46f5079cd9153dee16df4b5a350cfc58ac98781ebd15ef0b31ce7fe1e257e7,true,/home/zhouziang/Workspace/compression/kv_compression/artifacts/raw/20261004_m2c_qwen35_trace2_2k_ansraw/ans_raw_262144.akvpack,15746726,247625
20261004_m2c_qwen35_trace2_2k_ansraw,layer05.recurrent.0,5,linear_attention,recurrent,0,float32,4,262144,5,1310720,262144,ans_raw,244596,1024,473,0,246093,b54234347320a289a8a7abacf6a95dda55ea1a1269ed722a3cc7d9c6dbfbf823,b54234347320a289a8a7abacf6a95dda55ea1a1269ed722a3cc7d9c6dbfbf823,true,/home/zhouziang/Workspace/compression/kv_compression/artifacts/raw/20261004_m2c_qwen35_trace2_2k_ansraw/ans_raw_262144.akvpack,15994359,246085
20261004_m2c_qwen35_trace2_2k_ansraw,layer05.recurrent.0,5,linear_attention,recurrent,0,float32,4,262144,6,1572864,262144,ans_raw,244756,1024,473,0,246253,81695b51ff1affa3ee6e1356bb3ed2bf3a999d7aa0c0d78d899e32e414fe3c44,81695b51ff1affa3ee6e1356bb3ed2bf3a999d7aa0c0d78d899e32e414fe3c44,true,/home/zhouziang/Workspace/compression/kv_compression/artifacts/raw/20261004_m2c_qwen35_trace2_2k_ansraw/ans_raw_262144.akvpack,16240452,246245
20261004_m2c_qwen35_trace2_2k_ansraw,layer05.recurrent.0,5,linear_attention,recurrent,0,float32,4,262144,7,1835008,262144,ans_raw,246644,1024,473,0,248141,69041b2e8f85a159d05cea96ed4c39ad7a2d1fa98e380b7fb56238d204e4b944,69041b2e8f85a159d05cea96ed4c39ad7a2d1fa98e380b7fb56238d204e4b944,true,/home/zhouziang/Workspace/compression/kv_compression/artifacts/raw/20261004_m2c_qwen35_trace2_2k_ansraw/ans_raw_262144.akvpack,16486705,248133
20261004_m2c_qwen35_trace2_2k_ansraw,layer06.convolution.0,6,linear_attention,convolution,0,bfloat16,2,262144,0,0,65536,ans_raw,51432,1024,465,0,52921,3ba3b24ae201a958e60198f21727e72c505e8f8041bc22e8f0d70749dd47daed,3ba3b24ae201a958e60198f21727e72c505e8f8041bc22e8f0d70749dd47daed,true,/home/zhouziang/Workspace/compression/kv_compression/artifacts/raw/20261004_m2c_qwen35_trace2_2k_ansraw/ans_raw_262144.akvpack,16734846,52913
20261004_m2c_qwen35_trace2_2k_ansraw,layer06.recurrent.0,6,linear_attention,recurrent,0,float32,4,262144,0,0,262144,ans_raw,245188,1024,467,0,246679,dfc7ca2a7599668e2009851edda1d91abc1afd9d6559bbd7d115da20b77fe43f,dfc7ca2a7599668e2009851edda1d91abc1afd9d6559bbd7d115da20b77fe43f,true,/home/zhouziang/Workspace/compression/kv_compression/artifacts/raw/20261004_m2c_qwen35_trace2_2k_ansraw/ans_raw_262144.akvpack,16787767,246671
20261004_m2c_qwen35_trace2_2k_ansraw,layer06.recurrent.0,6,linear_attention,recurrent,0,float32,4,262144,1,262144,262144,ans_raw,245168,1024,472,0,246664,c925de00674c0071eda4d8462f958f16da01d4ba91ab7245d4df5c47d59d6c99,c925de00674c0071eda4d8462f958f16da01d4ba91ab7245d4df5c47d59d6c99,true,/home/zhouziang/Workspace/compression/kv_compression/artifacts/raw/20261004_m2c_qwen35_trace2_2k_ansraw/ans_raw_262144.akvpack,17034446,246656
20261004_m2c_qwen35_trace2_2k_ansraw,layer06.recurrent.0,6,linear_attention,recurrent,0,float32,4,262144,2,524288,262144,ans_raw,244164,1024,472,0,245660,362e4b28a23e5dbd1373fb865fe99d08b5265d6d037ccd4426cd80894b2972d4,362e4b28a23e5dbd1373fb865fe99d08b5265d6d037ccd4426cd80894b2972d4,true,/home/zhouziang/Workspace/compression/kv_compression/artifacts/raw/20261004_m2c_qwen35_trace2_2k_ansraw/ans_raw_262144.akvpack,17281110,245652
20261004_m2c_qwen35_trace2_2k_ansraw,layer06.recurrent.0,6,linear_attention,recurrent,0,float32,4,262144,3,786432,262144,ans_raw,244980,1024,472,0,246476,b44b6dfcec35d00f748884bedc443992efad82748d0eebac6213379b45ed3770,b44b6dfcec35d00f748884bedc443992efad82748d0eebac6213379b45ed3770,true,/home/zhouziang/Workspace/compression/kv_compression/artifacts/raw/20261004_m2c_qwen35_trace2_2k_ansraw/ans_raw_262144.akvpack,17526770,246468
20261004_m2c_qwen35_trace2_2k_ansraw,layer06.recurrent.0,6,linear_attention,recurrent,0,float32,4,262144,4,1048576,262144,ans_raw,244804,1024,473,0,246301,7b42124bf682a92e2eddf13f71a29e8b1727753dd0f7dcbeef33d9900df6a19c,7b42124bf682a92e2eddf13f71a29e8b1727753dd0f7dcbeef33d9900df6a19c,true,/home/zhouziang/Workspace/compression/kv_compression/artifacts/raw/20261004_m2c_qwen35_trace2_2k_ansraw/ans_raw_262144.akvpack,17773246,246293
20261004_m2c_qwen35_trace2_2k_ansraw,layer06.recurrent.0,6,linear_attention,recurrent,0,float32,4,262144,5,1310720,262144,ans_raw,245368,1024,473,0,246865,cf4c557117965dbbbe895c2770567cb698d4965f45ce4ccb79f72abc0b88bd2a,cf4c557117965dbbbe895c2770567cb698d4965f45ce4ccb79f72abc0b88bd2a,true,/home/zhouziang/Workspace/compression/kv_compression/artifacts/raw/20261004_m2c_qwen35_trace2_2k_ansraw/ans_raw_262144.akvpack,18019547,246857
20261004_m2c_qwen35_trace2_2k_ansraw,layer06.recurrent.0,6,linear_attention,recurrent,0,float32,4,262144,6,1572864,262144,ans_raw,244220,1024,473,0,245717,10b670bb675de4f0f46cfe5f833637f66de55bceaa3d8207d80787a870cb9a48,10b670bb675de4f0f46cfe5f833637f66de55bceaa3d8207d80787a870cb9a48,true,/home/zhouziang/Workspace/compression/kv_compression/artifacts/raw/20261004_m2c_qwen35_trace2_2k_ansraw/ans_raw_262144.akvpack,18266412,245709
20261004_m2c_qwen35_trace2_2k_ansraw,layer06.recurrent.0,6,linear_attention,recurrent,0,float32,4,262144,7,1835008,262144,ans_raw,245504,1024,473,0,247001,789ab91526856f1d41c2c63eb75693fd0937ea854db4d9c26f6a74f8b5ae0a86,789ab91526856f1d41c2c63eb75693fd0937ea854db4d9c26f6a74f8b5ae0a86,true,/home/zhouziang/Workspace/compression/kv_compression/artifacts/raw/20261004_m2c_qwen35_trace2_2k_ansraw/ans_raw_262144.akvpack,18512129,246993
20261004_m2c_qwen35_trace2_2k_ansraw,layer07.key.0,7,full_attention,key,0,bfloat16,2,262144,0,0,262144,ans_raw,204920,1024,454,0,206398,a1565bb11c94b7650aceedb049cb133c51a5d3e6e31c8b6e6326ba96bebb284e,a1565bb11c94b7650aceedb049cb133c51a5d3e6e31c8b6e6326ba96bebb284e,true,/home/zhouziang/Workspace/compression/kv_compression/artifacts/raw/20261004_m2c_qwen35_trace2_2k_ansraw/ans_raw_262144.akvpack,18759130,206390
20261004_m2c_qwen35_trace2_2k_ansraw,layer07.key.0,7,full_attention,key,0,bfloat16,2,262144,1,262144,262144,ans_raw,204944,1024,459,0,206427,13bfe96be88a471616e0fa670da8893aae00c45867ed5f15d7fbaca459b191fb,13bfe96be88a471616e0fa670da8893aae00c45867ed5f15d7fbaca459b191fb,true,/home/zhouziang/Workspace/compression/kv_compression/artifacts/raw/20261004_m2c_qwen35_trace2_2k_ansraw/ans_raw_262144.akvpack,18965528,206419
20261004_m2c_qwen35_trace2_2k_ansraw,layer07.key.0,7,full_attention,key,0,bfloat16,2,262144,2,524288,262144,ans_raw,204840,1024,459,0,206323,cff509033782e5b8d38f36dc2fba23b0dc6f55561a64e12dc4c4788a9380b912,cff509033782e5b8d38f36dc2fba23b0dc6f55561a64e12dc4c4788a9380b912,true,/home/zhouziang/Workspace/compression/kv_compression/artifacts/raw/20261004_m2c_qwen35_trace2_2k_ansraw/ans_raw_262144.akvpack,19171955,206315
20261004_m2c_qwen35_trace2_2k_ansraw,layer07.key.0,7,full_attention,key,0,bfloat16,2,262144,3,786432,262144,ans_raw,204840,1024,459,0,206323,4f54d513dc5e2801705c30de18e8bfd7adcac77ac22936ab27cfc72fff7efb0e,4f54d513dc5e2801705c30de18e8bfd7adcac77ac22936ab27cfc72fff7efb0e,true,/home/zhouziang/Workspace/compression/kv_compression/artifacts/raw/20261004_m2c_qwen35_trace2_2k_ansraw/ans_raw_262144.akvpack,19378278,206315
20261004_m2c_qwen35_trace2_2k_ansraw,layer07.key.0,7,full_attention,key,0,bfloat16,2,262144,4,1048576,262144,ans_raw,204416,1024,460,0,205900,9c4b15b97ab3f331451dc041aeaaba46ba2f4fe7ad204c7e0d93a2dc4db9e353,9c4b15b97ab3f331451dc041aeaaba46ba2f4fe7ad204c7e0d93a2dc4db9e353,true,/home/zhouziang/Workspace/compression/kv_compression/artifacts/raw/20261004_m2c_qwen35_trace2_2k_ansraw/ans_raw_262144.akvpack,19584601,205892
20261004_m2c_qwen35_trace2_2k_ansraw,layer07.key.0,7,full_attention,key,0,bfloat16,2,262144,5,1310720,262144,ans_raw,204420,1024,460,0,205904,ee32453afeab9dd3d52b4bfc042accf6742a2591260842c32a9fd09102fe22bc,ee32453afeab9dd3d52b4bfc042accf6742a2591260842c32a9fd09102fe22bc,true,/home/zhouziang/Workspace/compression/kv_compression/artifacts/raw/20261004_m2c_qwen35_trace2_2k_ansraw/ans_raw_262144.akvpack,19790501,205896
20261004_m2c_qwen35_trace2_2k_ansraw,layer07.key.0,7,full_attention,key,0,bfloat16,2,262144,6,1572864,262144,ans_raw,204568,1024,460,0,206052,59bcade3dcb2496fb8c606a0e07f7f96cde6f2d30b34eaeb8762d7d3baa58197,59bcade3dcb2496fb8c606a0e07f7f96cde6f2d30b34eaeb8762d7d3baa58197,true,/home/zhouziang/Workspace/compression/kv_compression/artifacts/raw/20261004_m2c_qwen35_trace2_2k_ansraw/ans_raw_262144.akvpack,19996405,206044
20261004_m2c_qwen35_trace2_2k_ansraw,layer07.key.0,7,full_attention,key,0,bfloat16,2,262144,7,1835008,262144,ans_raw,204776,1024,460,0,206260,ee27ebfa43d1290719466a3b736d97ba08035bcbdbef45474e6d33940cf4ee18,ee27ebfa43d1290719466a3b736d97ba08035bcbdbef45474e6d33940cf4ee18,true,/home/zhouziang/Workspace/compression/kv_compression/artifacts/raw/20261004_m2c_qwen35_trace2_2k_ansraw/ans_raw_262144.akvpack,20202457,206252
20261004_m2c_qwen35_trace2_2k_ansraw,layer07.key.0,7,full_attention,key,0,bfloat16,2,262144,8,2097152,262144,ans_raw,204736,1024,460,0,206220,35d57fccb2cff3dda6793bdd95a4782223dc7a58db1a34386c755cd5d53e1e84,35d57fccb2cff3dda6793bdd95a4782223dc7a58db1a34386c755cd5d53e1e84,true,/home/zhouziang/Workspace/compression/kv_compression/artifacts/raw/20261004_m2c_qwen35_trace2_2k_ansraw/ans_raw_262144.akvpack,20408717,206212
20261004_m2c_qwen35_trace2_2k_ansraw,layer07.key.0,7,full_attention,key,0,bfloat16,2,262144,9,2359296,262144,ans_raw,204520,1024,460,0,206004,4fbacfe594b53fe0b82a524be71d06560d89566387dbc1bc3b09975e1215179f,4fbacfe594b53fe0b82a524be71d06560d89566387dbc1bc3b09975e1215179f,true,/home/zhouziang/Workspace/compression/kv_compression/artifacts/raw/20261004_m2c_qwen35_trace2_2k_ansraw/ans_raw_262144.akvpack,20614937,205996
20261004_m2c_qwen35_trace2_2k_ansraw,layer07.key.0,7,full_attention,key,0,bfloat16,2,262144,10,2621440,262144,ans_raw,204492,1024,461,0,205977,f9bd345f3d596a9250072e02b780468ae22cfc6bffc0f9f331eb6dfceb47c365,f9bd345f3d596a9250072e02b780468ae22cfc6bffc0f9f331eb6dfceb47c365,true,/home/zhouziang/Workspace/compression/kv_compression/artifacts/raw/20261004_m2c_qwen35_trace2_2k_ansraw/ans_raw_262144.akvpack,20820941,205969
20261004_m2c_qwen35_trace2_2k_ansraw,layer07.key.0,7,full_attention,key,0,bfloat16,2,262144,11,2883584,262144,ans_raw,204520,1024,461,0,206005,6565c8409d48d883c63e16649b282e60fa89589930b2388b79ef350fe8283205,6565c8409d48d883c63e16649b282e60fa89589930b2388b79ef350fe8283205,true,/home/zhouziang/Workspace/compression/kv_compression/artifacts/raw/20261004_m2c_qwen35_trace2_2k_ansraw/ans_raw_262144.akvpack,21026918,205997
20261004_m2c_qwen35_trace2_2k_ansraw,layer07.key.0,7,full_attention,key,0,bfloat16,2,262144,12,3145728,262144,ans_raw,204868,1024,461,0,206353,634633b79b2e3f578e86ba58d95314e4c2f40883fa528c2c82d5336b0ae3d01e,634633b79b2e3f578e86ba58d95314e4c2f40883fa528c2c82d5336b0ae3d01e,true,/home/zhouziang/Workspace/compression/kv_compression/artifacts/raw/20261004_m2c_qwen35_trace2_2k_ansraw/ans_raw_262144.akvpack,21232923,206345
20261004_m2c_qwen35_trace2_2k_ansraw,layer07.key.0,7,full_attention,key,0,bfloat16,2,262144,13,3407872,262144,ans_raw,204920,1024,461,0,206405,9339c0d55c0d66c8eb0f37ec7a7a3a5eb55dd31c05ae9820f9db6da4b920640f,9339c0d55c0d66c8eb0f37ec7a7a3a5eb55dd31c05ae9820f9db6da4b920640f,true,/home/zhouziang/Workspace/compression/kv_compression/artifacts/raw/20261004_m2c_qwen35_trace2_2k_ansraw/ans_raw_262144.akvpack,21439276,206397
20261004_m2c_qwen35_trace2_2k_ansraw,layer07.key.0,7,full_attention,key,0,bfloat16,2,262144,14,3670016,262144,ans_raw,204828,1024,461,0,206313,42d75067a71dcdc72be290c5de7d726b7e9f89879c88ae459582f90cbad5627c,42d75067a71dcdc72be290c5de7d726b7e9f89879c88ae459582f90cbad5627c,true,/home/zhouziang/Workspace/compression/kv_compression/artifacts/raw/20261004_m2c_qwen35_trace2_2k_ansraw/ans_raw_262144.akvpack,21645681,206305
20261004_m2c_qwen35_trace2_2k_ansraw,layer07.key.0,7,full_attention,key,0,bfloat16,2,262144,15,3932160,262144,ans_raw,204696,1024,461,0,206181,dc821c1ffd073c094269805db87978979757ec303e7d90c614204bee35234e17,dc821c1ffd073c094269805db87978979757ec303e7d90c614204bee35234e17,true,/home/zhouziang/Workspace/compression/kv_compression/artifacts/raw/20261004_m2c_qwen35_trace2_2k_ansraw/ans_raw_262144.akvpack,21851994,206173
20261004_m2c_qwen35_trace2_2k_ansraw,layer07.value.0,7,full_attention,value,0,bfloat16,2,262144,0,0,262144,ans_raw,204620,1024,458,0,206102,eb699e7c3bdec16ed236db1915611878cb140a73be91241bc552a914650e23ca,eb699e7c3bdec16ed236db1915611878cb140a73be91241bc552a914650e23ca,true,/home/zhouziang/Workspace/compression/kv_compression/artifacts/raw/20261004_m2c_qwen35_trace2_2k_ansraw/ans_raw_262144.akvpack,22058175,206094
20261004_m2c_qwen35_trace2_2k_ansraw,layer07.value.0,7,full_attention,value,0,bfloat16,2,262144,1,262144,262144,ans_raw,204632,1024,463,0,206119,7c957aaae865e9ca30f187b6b9795b978978a4cc1afaeadb1083107f32e06f37,7c957aaae865e9ca30f187b6b9795b978978a4cc1afaeadb1083107f32e06f37,true,/home/zhouziang/Workspace/compression/kv_compression/artifacts/raw/20261004_m2c_qwen35_trace2_2k_ansraw/ans_raw_262144.akvpack,22264277,206111
20261004_m2c_qwen35_trace2_2k_ansraw,layer07.value.0,7,full_attention,value,0,bfloat16,2,262144,2,524288,262144,ans_raw,204720,1024,463,0,206207,e5066573e213c5a108662ff7c75426fd411e0d5a5f9915b8d8b9e635078a44da,e5066573e213c5a108662ff7c75426fd411e0d5a5f9915b8d8b9e635078a44da,true,/home/zhouziang/Workspace/compression/kv_compression/artifacts/raw/20261004_m2c_qwen35_trace2_2k_ansraw/ans_raw_262144.akvpack,22470396,206199
20261004_m2c_qwen35_trace2_2k_ansraw,layer07.value.0,7,full_attention,value,0,bfloat16,2,262144,3,786432,262144,ans_raw,204808,1024,463,0,206295,e0816ecbf02834ca3d31337f0eb2b4236d82597ab65c039b561624f6a214a6dc,e0816ecbf02834ca3d31337f0eb2b4236d82597ab65c039b561624f6a214a6dc,true,/home/zhouziang/Workspace/compression/kv_compression/artifacts/raw/20261004_m2c_qwen35_trace2_2k_ansraw/ans_raw_262144.akvpack,22676603,206287
20261004_m2c_qwen35_trace2_2k_ansraw,layer07.value.0,7,full_attention,value,0,bfloat16,2,262144,4,1048576,262144,ans_raw,204924,1024,464,0,206412,e84ea2a5c729dc0a4688cf4c5ec0db8c05da90deeaf390fffcbe2e9792bc54e8,e84ea2a5c729dc0a4688cf4c5ec0db8c05da90deeaf390fffcbe2e9792bc54e8,true,/home/zhouziang/Workspace/compression/kv_compression/artifacts/raw/20261004_m2c_qwen35_trace2_2k_ansraw/ans_raw_262144.akvpack,22882898,206404
20261004_m2c_qwen35_trace2_2k_ansraw,layer07.value.0,7,full_attention,value,0,bfloat16,2,262144,5,1310720,262144,ans_raw,204680,1024,464,0,206168,599b8659c075a05be373f608fa3e3a5aef0d82c27ab499844555356c4bef145f,599b8659c075a05be373f608fa3e3a5aef0d82c27ab499844555356c4bef145f,true,/home/zhouziang/Workspace/compression/kv_compression/artifacts/raw/20261004_m2c_qwen35_trace2_2k_ansraw/ans_raw_262144.akvpack,23089310,206160
20261004_m2c_qwen35_trace2_2k_ansraw,layer07.value.0,7,full_attention,value,0,bfloat16,2,262144,6,1572864,262144,ans_raw,204696,1024,464,0,206184,f3bc58cd2589dcfbb7f37bc528bf5313da51c5e8e4e75ded3baf786b5459bfab,f3bc58cd2589dcfbb7f37bc528bf5313da51c5e8e4e75ded3baf786b5459bfab,true,/home/zhouziang/Workspace/compression/kv_compression/artifacts/raw/20261004_m2c_qwen35_trace2_2k_ansraw/ans_raw_262144.akvpack,23295478,206176
20261004_m2c_qwen35_trace2_2k_ansraw,layer07.value.0,7,full_attention,value,0,bfloat16,2,262144,7,1835008,262144,ans_raw,204532,1024,464,0,206020,ba91b8c6ad3a35968db6796e1515eaaeb000b66daaddbacbdcac817b82fff9f0,ba91b8c6ad3a35968db6796e1515eaaeb000b66daaddbacbdcac817b82fff9f0,true,/home/zhouziang/Workspace/compression/kv_compression/artifacts/raw/20261004_m2c_qwen35_trace2_2k_ansraw/ans_raw_262144.akvpack,23501662,206012
20261004_m2c_qwen35_trace2_2k_ansraw,layer07.value.0,7,full_attention,value,0,bfloat16,2,262144,8,2097152,262144,ans_raw,204136,1024,464,0,205624,0517d434180f2427673e835453046d54fe5a0f5083c411eeb1dcb2010af1b4b1,0517d434180f2427673e835453046d54fe5a0f5083c411eeb1dcb2010af1b4b1,true,/home/zhouziang/Workspace/compression/kv_compression/artifacts/raw/20261004_m2c_qwen35_trace2_2k_ansraw/ans_raw_262144.akvpack,23707682,205616
20261004_m2c_qwen35_trace2_2k_ansraw,layer07.value.0,7,full_attention,value,0,bfloat16,2,262144,9,2359296,262144,ans_raw,204080,1024,464,0,205568,140ecf355e2eafae94dd13b6df6a0fece41be6f1af8e5d81a517841e7155cbe5,140ecf355e2eafae94dd13b6df6a0fece41be6f1af8e5d81a517841e7155cbe5,true,/home/zhouziang/Workspace/compression/kv_compression/artifacts/raw/20261004_m2c_qwen35_trace2_2k_ansraw/ans_raw_262144.akvpack,23913306,205560
20261004_m2c_qwen35_trace2_2k_ansraw,layer07.value.0,7,full_attention,value,0,bfloat16,2,262144,10,2621440,262144,ans_raw,204144,1024,465,0,205633,b9e31f7b40184af1e4289f3f84a2b06eb3db7e04a98d844b384b327769cc3ccf,b9e31f7b40184af1e4289f3f84a2b06eb3db7e04a98d844b384b327769cc3ccf,true,/home/zhouziang/Workspace/compression/kv_compression/artifacts/raw/20261004_m2c_qwen35_trace2_2k_ansraw/ans_raw_262144.akvpack,24118874,205625
20261004_m2c_qwen35_trace2_2k_ansraw,layer07.value.0,7,full_attention,value,0,bfloat16,2,262144,11,2883584,262144,ans_raw,204084,1024,465,0,205573,c233e42399cc8375609cebafea8508e4c84325019c91a155f3b38c8fc2189654,c233e42399cc8375609cebafea8508e4c84325019c91a155f3b38c8fc2189654,true,/home/zhouziang/Workspace/compression/kv_compression/artifacts/raw/20261004_m2c_qwen35_trace2_2k_ansraw/ans_raw_262144.akvpack,24324507,205565
20261004_m2c_qwen35_trace2_2k_ansraw,layer07.value.0,7,full_attention,value,0,bfloat16,2,262144,12,3145728,262144,ans_raw,204720,1024,465,0,206209,0c3ff7c06fd2a88a40d8ee7ed3df18a137f6d7af8a084d3b2f34ef0fd3a42b7d,0c3ff7c06fd2a88a40d8ee7ed3df18a137f6d7af8a084d3b2f34ef0fd3a42b7d,true,/home/zhouziang/Workspace/compression/kv_compression/artifacts/raw/20261004_m2c_qwen35_trace2_2k_ansraw/ans_raw_262144.akvpack,24530080,206201
20261004_m2c_qwen35_trace2_2k_ansraw,layer07.value.0,7,full_attention,value,0,bfloat16,2,262144,13,3407872,262144,ans_raw,204728,1024,465,0,206217,89078dbeae2ddb756a8f8ddab7d88cffaf83076351bdda45c65034ed14024305,89078dbeae2ddb756a8f8ddab7d88cffaf83076351bdda45c65034ed14024305,true,/home/zhouziang/Workspace/compression/kv_compression/artifacts/raw/20261004_m2c_qwen35_trace2_2k_ansraw/ans_raw_262144.akvpack,24736289,206209
20261004_m2c_qwen35_trace2_2k_ansraw,layer07.value.0,7,full_attention,value,0,bfloat16,2,262144,14,3670016,262144,ans_raw,204660,1024,465,0,206149,5caf505f77724acf1cbaad9987bff16229ad18552df4adf8d0d4a16e9aa6b9c4,5caf505f77724acf1cbaad9987bff16229ad18552df4adf8d0d4a16e9aa6b9c4,true,/home/zhouziang/Workspace/compression/kv_compression/artifacts/raw/20261004_m2c_qwen35_trace2_2k_ansraw/ans_raw_262144.akvpack,24942506,206141
20261004_m2c_qwen35_trace2_2k_ansraw,layer07.value.0,7,full_attention,value,0,bfloat16,2,262144,15,3932160,262144,ans_raw,204784,1024,465,0,206273,651bcec49a2e5487d02408e9919c656afdb9eb0c1f9c2fc53900ae478cbb7d24,651bcec49a2e5487d02408e9919c656afdb9eb0c1f9c2fc53900ae478cbb7d24,true,/home/zhouziang/Workspace/compression/kv_compression/artifacts/raw/20261004_m2c_qwen35_trace2_2k_ansraw/ans_raw_262144.akvpack,25148655,206265
20261004_m2c_qwen35_trace2_2k_ansraw,layer08.convolution.0,8,linear_attention,convolution,0,bfloat16,2,262144,0,0,65536,ans_raw,51396,1024,465,0,52885,1e95ab7e6738a6e99db79031a85d1b6ffef9f5ed12ce6fe6f6b3ad145fe1c403,1e95ab7e6738a6e99db79031a85d1b6ffef9f5ed12ce6fe6f6b3ad145fe1c403,true,/home/zhouziang/Workspace/compression/kv_compression/artifacts/raw/20261004_m2c_qwen35_trace2_2k_ansraw/ans_raw_262144.akvpack,25354928,52877
20261004_m2c_qwen35_trace2_2k_ansraw,layer08.recurrent.0,8,linear_attention,recurrent,0,float32,4,262144,0,0,262144,ans_raw,245224,1024,467,0,246715,037f8348f756102da4925d34891a61615aa97bf5388b13f81bed5e77a0bb4f61,037f8348f756102da4925d34891a61615aa97bf5388b13f81bed5e77a0bb4f61,true,/home/zhouziang/Workspace/compression/kv_compression/artifacts/raw/20261004_m2c_qwen35_trace2_2k_ansraw/ans_raw_262144.akvpack,25407813,246707
20261004_m2c_qwen35_trace2_2k_ansraw,layer08.recurrent.0,8,linear_attention,recurrent,0,float32,4,262144,1,262144,262144,ans_raw,245332,1024,472,0,246828,87d9367d111c72f2c6ba260a2cc2b3ac453240ab189815255363e1f2ca10f41d,87d9367d111c72f2c6ba260a2cc2b3ac453240ab189815255363e1f2ca10f41d,true,/home/zhouziang/Workspace/compression/kv_compression/artifacts/raw/20261004_m2c_qwen35_trace2_2k_ansraw/ans_raw_262144.akvpack,25654528,246820
20261004_m2c_qwen35_trace2_2k_ansraw,layer08.recurrent.0,8,linear_attention,recurrent,0,float32,4,262144,2,524288,262144,ans_raw,245088,1024,472,0,246584,bad779deb2ed0a95972709d446df64404f81e99e81451a6b1ef83f93efaf18d3,bad779deb2ed0a95972709d446df64404f81e99e81451a6b1ef83f93efaf18d3,true,/home/zhouziang/Workspace/compression/kv_compression/artifacts/raw/20261004_m2c_qwen35_trace2_2k_ansraw/ans_raw_262144.akvpack,25901356,246576
20261004_m2c_qwen35_trace2_2k_ansraw,layer08.recurrent.0,8,linear_attention,recurrent,0,float32,4,262144,3,786432,262144,ans_raw,245428,1024,472,0,246924,f01cf1b71fcc323831adabfbbd22364baa53409737907a42dc4da159c8781f4e,f01cf1b71fcc323831adabfbbd22364baa53409737907a42dc4da159c8781f4e,true,/home/zhouziang/Workspace/compression/kv_compression/artifacts/raw/20261004_m2c_qwen35_trace2_2k_ansraw/ans_raw_262144.akvpack,26147940,246916
20261004_m2c_qwen35_trace2_2k_ansraw,layer08.recurrent.0,8,linear_attention,recurrent,0,float32,4,262144,4,1048576,262144,ans_raw,243968,1024,473,0,245465,44206d92d100b573ad688d4e0b2f509d6b7d362cbda4f52fe72310904c9295cf,44206d92d100b573ad688d4e0b2f509d6b7d362cbda4f52fe72310904c9295cf,true,/home/zhouziang/Workspace/compression/kv_compression/artifacts/raw/20261004_m2c_qwen35_trace2_2k_ansraw/ans_raw_262144.akvpack,26394864,245457
20261004_m2c_qwen35_trace2_2k_ansraw,layer08.recurrent.0,8,linear_attention,recurrent,0,float32,4,262144,5,1310720,262144,ans_raw,247916,1024,473,0,249413,aaf794979b21a95244399607fdb31a5e85f04183df1129c370e2611c420f8cdc,aaf794979b21a95244399607fdb31a5e85f04183df1129c370e2611c420f8cdc,true,/home/zhouziang/Workspace/compression/kv_compression/artifacts/raw/20261004_m2c_qwen35_trace2_2k_ansraw/ans_raw_262144.akvpack,26640329,249405
20261004_m2c_qwen35_trace2_2k_ansraw,layer08.recurrent.0,8,linear_attention,recurrent,0,float32,4,262144,6,1572864,262144,ans_raw,244240,1024,473,0,245737,c43ff660473f924dc27dc68afaa4028706507cec8959601b5527ae1cb4c8b2a9,c43ff660473f924dc27dc68afaa4028706507cec8959601b5527ae1cb4c8b2a9,true,/home/zhouziang/Workspace/compression/kv_compression/artifacts/raw/20261004_m2c_qwen35_trace2_2k_ansraw/ans_raw_262144.akvpack,26889742,245729
20261004_m2c_qwen35_trace2_2k_ansraw,layer08.recurrent.0,8,linear_attention,recurrent,0,float32,4,262144,7,1835008,262144,ans_raw,245460,1024,473,0,246957,b390f3697d0020f11242c7c0cc9f412721fbced21372bd5da6f221f81805e63d,b390f3697d0020f11242c7c0cc9f412721fbced21372bd5da6f221f81805e63d,true,/home/zhouziang/Workspace/compression/kv_compression/artifacts/raw/20261004_m2c_qwen35_trace2_2k_ansraw/ans_raw_262144.akvpack,27135479,246949
20261004_m2c_qwen35_trace2_2k_ansraw,layer09.convolution.0,9,linear_attention,convolution,0,bfloat16,2,262144,0,0,65536,ans_raw,51436,1024,465,0,52925,8b651df054e69d5805c451ab75851c46eb7520b629845a795fbf4c8558bb7f8c,8b651df054e69d5805c451ab75851c46eb7520b629845a795fbf4c8558bb7f8c,true,/home/zhouziang/Workspace/compression/kv_compression/artifacts/raw/20261004_m2c_qwen35_trace2_2k_ansraw/ans_raw_262144.akvpack,27382436,52917
20261004_m2c_qwen35_trace2_2k_ansraw,layer09.recurrent.0,9,linear_attention,recurrent,0,float32,4,262144,0,0,262144,ans_raw,244908,1024,467,0,246399,51be01b48336f761371133c1d9a6dfdb7510dc8a244ad9bf18d2adf7bb68cb10,51be01b48336f761371133c1d9a6dfdb7510dc8a244ad9bf18d2adf7bb68cb10,true,/home/zhouziang/Workspace/compression/kv_compression/artifacts/raw/20261004_m2c_qwen35_trace2_2k_ansraw/ans_raw_262144.akvpack,27435361,246391
20261004_m2c_qwen35_trace2_2k_ansraw,layer09.recurrent.0,9,linear_attention,recurrent,0,float32,4,262144,1,262144,262144,ans_raw,244972,1024,472,0,246468,b1f8ee203e3355c0348af9be7f124eab92e8666d5d5d646cd1dce12cdfb562b0,b1f8ee203e3355c0348af9be7f124eab92e8666d5d5d646cd1dce12cdfb562b0,true,/home/zhouziang/Workspace/compression/kv_compression/artifacts/raw/20261004_m2c_qwen35_trace2_2k_ansraw/ans_raw_262144.akvpack,27681760,246460
20261004_m2c_qwen35_trace2_2k_ansraw,layer09.recurrent.0,9,linear_attention,recurrent,0,float32,4,262144,2,524288,262144,ans_raw,244740,1024,472,0,246236,e33e2a0fbd3d4136b4ec6f38c356fdad2440d30d529dc2e6d2c831eb1a2ecf2a,e33e2a0fbd3d4136b4ec6f38c356fdad2440d30d529dc2e6d2c831eb1a2ecf2a,true,/home/zhouziang/Workspace/compression/kv_compression/artifacts/raw/20261004_m2c_qwen35_trace2_2k_ansraw/ans_raw_262144.akvpack,27928228,246228
20261004_m2c_qwen35_trace2_2k_ansraw,layer09.recurrent.0,9,linear_attention,recurrent,0,float32,4,262144,3,786432,262144,ans_raw,244336,1024,472,0,245832,23e5e470b0a0b27e71cc1018beec82a3a83ec9839d7bd13198d8b4f89493fa8e,23e5e470b0a0b27e71cc1018beec82a3a83ec9839d7bd13198d8b4f89493fa8e,true,/home/zhouziang/Workspace/compression/kv_compression/artifacts/raw/20261004_m2c_qwen35_trace2_2k_ansraw/ans_raw_262144.akvpack,28174464,245824
20261004_m2c_qwen35_trace2_2k_ansraw,layer09.recurrent.0,9,linear_attention,recurrent,0,float32,4,262144,4,1048576,262144,ans_raw,244860,1024,473,0,246357,5b885d088090b96e4a502de5f682f19fcc7066da0b19e944678f6345b7aa37eb,5b885d088090b96e4a502de5f682f19fcc7066da0b19e944678f6345b7aa37eb,true,/home/zhouziang/Workspace/compression/kv_compression/artifacts/raw/20261004_m2c_qwen35_trace2_2k_ansraw/ans_raw_262144.akvpack,28420296,246349
20261004_m2c_qwen35_trace2_2k_ansraw,layer09.recurrent.0,9,linear_attention,recurrent,0,float32,4,262144,5,1310720,262144,ans_raw,244540,1024,473,0,246037,67b2fe99fe4f776310616310f60c659a0187730b156eb4affceb525533f2da03,67b2fe99fe4f776310616310f60c659a0187730b156eb4affceb525533f2da03,true,/home/zhouziang/Workspace/compression/kv_compression/artifacts/raw/20261004_m2c_qwen35_trace2_2k_ansraw/ans_raw_262144.akvpack,28666653,246029
20261004_m2c_qwen35_trace2_2k_ansraw,layer09.recurrent.0,9,linear_attention,recurrent,0,float32,4,262144,6,1572864,262144,ans_raw,243996,1024,473,0,245493,7978589cf068b15fe29d8283325bab49266068076d88d95075281507c5ac782b,7978589cf068b15fe29d8283325bab49266068076d88d95075281507c5ac782b,true,/home/zhouziang/Workspace/compression/kv_compression/artifacts/raw/20261004_m2c_qwen35_trace2_2k_ansraw/ans_raw_262144.akvpack,28912690,245485
20261004_m2c_qwen35_trace2_2k_ansraw,layer09.recurrent.0,9,linear_attention,recurrent,0,float32,4,262144,7,1835008,262144,ans_raw,245136,1024,473,0,246633,0dae15505cf21e61f78a4a634844563c9cd03e50f29f9ee67fc8d5aa8981db7d,0dae15505cf21e61f78a4a634844563c9cd03e50f29f9ee67fc8d5aa8981db7d,true,/home/zhouziang/Workspace/compression/kv_compression/artifacts/raw/20261004_m2c_qwen35_trace2_2k_ansraw/ans_raw_262144.akvpack,29158183,246625
20261004_m2c_qwen35_trace2_2k_ansraw,layer10.convolution.0,10,linear_attention,convolution,0,bfloat16,2,262144,0,0,65536,ans_raw,51336,1024,466,0,52826,9fe432cf8896d049bb8feaa9fda90f9d23f8e5782951e06c05742896f9f4df77,9fe432cf8896d049bb8feaa9fda90f9d23f8e5782951e06c05742896f9f4df77,true,/home/zhouziang/Workspace/compression/kv_compression/artifacts/raw/20261004_m2c_qwen35_trace2_2k_ansraw/ans_raw_262144.akvpack,29404816,52818
20261004_m2c_qwen35_trace2_2k_ansraw,layer10.recurrent.0,10,linear_attention,recurrent,0,float32,4,262144,0,0,262144,ans_raw,243920,1024,468,0,245412,97023ce10253338d20454e39f41c72e4deff423807bbce1a40e402f03a06bb84,97023ce10253338d20454e39f41c72e4deff423807bbce1a40e402f03a06bb84,true,/home/zhouziang/Workspace/compression/kv_compression/artifacts/raw/20261004_m2c_qwen35_trace2_2k_ansraw/ans_raw_262144.akvpack,29457642,245404
20261004_m2c_qwen35_trace2_2k_ansraw,layer10.recurrent.0,10,linear_attention,recurrent,0,float32,4,262144,1,262144,262144,ans_raw,244896,1024,473,0,246393,fc8620c04ed3f98489e8718f72aba0f8f4aa45e757bb78fbc7a072ae2fea4fce,fc8620c04ed3f98489e8718f72aba0f8f4aa45e757bb78fbc7a072ae2fea4fce,true,/home/zhouziang/Workspace/compression/kv_compression/artifacts/raw/20261004_m2c_qwen35_trace2_2k_ansraw/ans_raw_262144.akvpack,29703054,246385
20261004_m2c_qwen35_trace2_2k_ansraw,layer10.recurrent.0,10,linear_attention,recurrent,0,float32,4,262144,2,524288,262144,ans_raw,244644,1024,473,0,246141,dc19c12dc801c04f51ed6931a6f6ffe6ba639bcbb1d5c8713e272d0216025b3f,dc19c12dc801c04f51ed6931a6f6ffe6ba639bcbb1d5c8713e272d0216025b3f,true,/home/zhouziang/Workspace/compression/kv_compression/artifacts/raw/20261004_m2c_qwen35_trace2_2k_ansraw/ans_raw_262144.akvpack,29949447,246133
20261004_m2c_qwen35_trace2_2k_ansraw,layer10.recurrent.0,10,linear_attention,recurrent,0,float32,4,262144,3,786432,262144,ans_raw,245108,1024,473,0,246605,40c84c103e684f810a99c594a8ae5c2fe9ee374f45dfea3ed642144197430e00,40c84c103e684f810a99c594a8ae5c2fe9ee374f45dfea3ed642144197430e00,true,/home/zhouziang/Workspace/compression/kv_compression/artifacts/raw/20261004_m2c_qwen35_trace2_2k_ansraw/ans_raw_262144.akvpack,30195588,246597
20261004_m2c_qwen35_trace2_2k_ansraw,layer10.recurrent.0,10,linear_attention,recurrent,0,float32,4,262144,4,1048576,262144,ans_raw,244504,1024,474,0,246002,fca66b587800e2c51272e05d9a4ae60f643172e5b9c81efe09b336af36638c11,fca66b587800e2c51272e05d9a4ae60f643172e5b9c81efe09b336af36638c11,true,/home/zhouziang/Workspace/compression/kv_compression/artifacts/raw/20261004_m2c_qwen35_trace2_2k_ansraw/ans_raw_262144.akvpack,30442193,245994
20261004_m2c_qwen35_trace2_2k_ansraw,layer10.recurrent.0,10,linear_attention,recurrent,0,float32,4,262144,5,1310720,262144,ans_raw,244376,1024,474,0,245874,2c2928c68cd6c54ce391dc10e059793ac6c00be15ea4ef5807f6455e90d06c85,2c2928c68cd6c54ce391dc10e059793ac6c00be15ea4ef5807f6455e90d06c85,true,/home/zhouziang/Workspace/compression/kv_compression/artifacts/raw/20261004_m2c_qwen35_trace2_2k_ansraw/ans_raw_262144.akvpack,30688195,245866
20261004_m2c_qwen35_trace2_2k_ansraw,layer10.recurrent.0,10,linear_attention,recurrent,0,float32,4,262144,6,1572864,262144,ans_raw,244940,1024,474,0,246438,57542d08aaccdcef3adcfe04c58f2c6cdba106607d39f56563ef69d5362ceb5f,57542d08aaccdcef3adcfe04c58f2c6cdba106607d39f56563ef69d5362ceb5f,true,/home/zhouziang/Workspace/compression/kv_compression/artifacts/raw/20261004_m2c_qwen35_trace2_2k_ansraw/ans_raw_262144.akvpack,30934069,246430
20261004_m2c_qwen35_trace2_2k_ansraw,layer10.recurrent.0,10,linear_attention,recurrent,0,float32,4,262144,7,1835008,262144,ans_raw,245012,1024,474,0,246510,1cbb63050fe54ffc3afe1e9b135cdafe9d41a768732d4c3b3eb440c92b5f6012,1cbb63050fe54ffc3afe1e9b135cdafe9d41a768732d4c3b3eb440c92b5f6012,true,/home/zhouziang/Workspace/compression/kv_compression/artifacts/raw/20261004_m2c_qwen35_trace2_2k_ansraw/ans_raw_262144.akvpack,31180507,246502
20261004_m2c_qwen35_trace2_2k_ansraw,layer11.key.0,11,full_attention,key,0,bfloat16,2,262144,0,0,262144,ans_raw,205016,1024,455,0,206495,1f7178e90043d88baee02e0c7a066446ed1340fa4bf7a4edad75f7de19ca97a1,1f7178e90043d88baee02e0c7a066446ed1340fa4bf7a4edad75f7de19ca97a1,true,/home/zhouziang/Workspace/compression/kv_compression/artifacts/raw/20261004_m2c_qwen35_trace2_2k_ansraw/ans_raw_262144.akvpack,31427017,206487
20261004_m2c_qwen35_trace2_2k_ansraw,layer11.key.0,11,full_attention,key,0,bfloat16,2,262144,1,262144,262144,ans_raw,205096,1024,460,0,206580,c9b57893dcc8cfc4a3175cf8850172ce0cbeca594497ea28bfe439723e545022,c9b57893dcc8cfc4a3175cf8850172ce0cbeca594497ea28bfe439723e545022,true,/home/zhouziang/Workspace/compression/kv_compression/artifacts/raw/20261004_m2c_qwen35_trace2_2k_ansraw/ans_raw_262144.akvpack,31633512,206572
20261004_m2c_qwen35_trace2_2k_ansraw,layer11.key.0,11,full_attention,key,0,bfloat16,2,262144,2,524288,262144,ans_raw,204824,1024,460,0,206308,9e11aef27e963ea4c162ca86f02ea2a8f69a4d3cec03b633641e1eacc2f630d5,9e11aef27e963ea4c162ca86f02ea2a8f69a4d3cec03b633641e1eacc2f630d5,true,/home/zhouziang/Workspace/compression/kv_compression/artifacts/raw/20261004_m2c_qwen35_trace2_2k_ansraw/ans_raw_262144.akvpack,31840092,206300
20261004_m2c_qwen35_trace2_2k_ansraw,layer11.key.0,11,full_attention,key,0,bfloat16,2,262144,3,786432,262144,ans_raw,204896,1024,460,0,206380,713d1e84dcc3f7c1ffa417e35465415e21297254de4d1e97a3a2f98718ca9abe,713d1e84dcc3f7c1ffa417e35465415e21297254de4d1e97a3a2f98718ca9abe,true,/home/zhouziang/Workspace/compression/kv_compression/artifacts/raw/20261004_m2c_qwen35_trace2_2k_ansraw/ans_raw_262144.akvpack,32046400,206372
20261004_m2c_qwen35_trace2_2k_ansraw,layer11.key.0,11,full_attention,key,0,bfloat16,2,262144,4,1048576,262144,ans_raw,205236,1024,461,0,206721,fbd1106227d599fd86012c7c3507ec47a4d5b8eb48c0d2c41480cc1f543ca352,fbd1106227d599fd86012c7c3507ec47a4d5b8eb48c0d2c41480cc1f543ca352,true,/home/zhouziang/Workspace/compression/kv_compression/artifacts/raw/20261004_m2c_qwen35_trace2_2k_ansraw/ans_raw_262144.akvpack,32252780,206713
20261004_m2c_qwen35_trace2_2k_ansraw,layer11.key.0,11,full_attention,key,0,bfloat16,2,262144,5,1310720,262144,ans_raw,205232,1024,461,0,206717,42fdbee2a09e1617ff40777ca3573e54b754774aed78e313611e6a24ac9335d1,42fdbee2a09e1617ff40777ca3573e54b754774aed78e313611e6a24ac9335d1,true,/home/zhouziang/Workspace/compression/kv_compression/artifacts/raw/20261004_m2c_qwen35_trace2_2k_ansraw/ans_raw_262144.akvpack,32459501,206709
20261004_m2c_qwen35_trace2_2k_ansraw,layer11.key.0,11,full_attention,key,0,bfloat16,2,262144,6,1572864,262144,ans_raw,205104,1024,461,0,206589,51c8e70256c54b128cc7171d0c63fcc70d2ba9c2044816e162224ead20287568,51c8e70256c54b128cc7171d0c63fcc70d2ba9c2044816e162224ead20287568,true,/home/zhouziang/Workspace/compression/kv_compression/artifacts/raw/20261004_m2c_qwen35_trace2_2k_ansraw/ans_raw_262144.akvpack,32666218,206581
20261004_m2c_qwen35_trace2_2k_ansraw,layer11.key.0,11,full_attention,key,0,bfloat16,2,262144,7,1835008,262144,ans_raw,205088,1024,461,0,206573,07ba65b39d85bf95d7e1f3d15d69b3b5ff1d809ec865497d7289fead374c64f0,07ba65b39d85bf95d7e1f3d15d69b3b5ff1d809ec865497d7289fead374c64f0,true,/home/zhouziang/Workspace/compression/kv_compression/artifacts/raw/20261004_m2c_qwen35_trace2_2k_ansraw/ans_raw_262144.akvpack,32872807,206565
20261004_m2c_qwen35_trace2_2k_ansraw,layer11.key.0,11,full_attention,key,0,bfloat16,2,262144,8,2097152,262144,ans_raw,205856,1024,461,0,207341,017bc51983112adfd0c281dfc9542ffb79a59fac09585c2cb462f24aabb5ccd1,017bc51983112adfd0c281dfc9542ffb79a59fac09585c2cb462f24aabb5ccd1,true,/home/zhouziang/Workspace/compression/kv_compression/artifacts/raw/20261004_m2c_qwen35_trace2_2k_ansraw/ans_raw_262144.akvpack,33079380,207333
20261004_m2c_qwen35_trace2_2k_ansraw,layer11.key.0,11,full_attention,key,0,bfloat16,2,262144,9,2359296,262144,ans_raw,205200,1024,461,0,206685,595528043c486b039db099ea7f75d8c8c372858afe3c1fb8791c37b120259c2c,595528043c486b039db099ea7f75d8c8c372858afe3c1fb8791c37b120259c2c,true,/home/zhouziang/Workspace/compression/kv_compression/artifacts/raw/20261004_m2c_qwen35_trace2_2k_ansraw/ans_raw_262144.akvpack,33286721,206677
20261004_m2c_qwen35_trace2_2k_ansraw,layer11.key.0,11,full_attention,key,0,bfloat16,2,262144,10,2621440,262144,ans_raw,205004,1024,462,0,206490,ef9e3370af0a160521d2441399bf8bc7f1fe088e3eb605554968984374956a4b,ef9e3370af0a160521d2441399bf8bc7f1fe088e3eb605554968984374956a4b,true,/home/zhouziang/Workspace/compression/kv_compression/artifacts/raw/20261004_m2c_qwen35_trace2_2k_ansraw/ans_raw_262144.akvpack,33493406,206482
20261004_m2c_qwen35_trace2_2k_ansraw,layer11.key.0,11,full_attention,key,0,bfloat16,2,262144,11,2883584,262144,ans_raw,204972,1024,462,0,206458,a2f5990772f675c7a40e7d3b746ec9d764e228ef2559216668ab979d3f11e0a9,a2f5990772f675c7a40e7d3b746ec9d764e228ef2559216668ab979d3f11e0a9,true,/home/zhouziang/Workspace/compression/kv_compression/artifacts/raw/20261004_m2c_qwen35_trace2_2k_ansraw/ans_raw_262144.akvpack,33699896,206450
20261004_m2c_qwen35_trace2_2k_ansraw,layer11.key.0,11,full_attention,key,0,bfloat16,2,262144,12,3145728,262144,ans_raw,204712,1024,462,0,206198,f07048b8de8a401d43f4d50cb6f615f7e690ffc9259bad120bc3c01973f45dff,f07048b8de8a401d43f4d50cb6f615f7e690ffc9259bad120bc3c01973f45dff,true,/home/zhouziang/Workspace/compression/kv_compression/artifacts/raw/20261004_m2c_qwen35_trace2_2k_ansraw/ans_raw_262144.akvpack,33906354,206190
20261004_m2c_qwen35_trace2_2k_ansraw,layer11.key.0,11,full_attention,key,0,bfloat16,2,262144,13,3407872,262144,ans_raw,204860,1024,462,0,206346,1f5dd04464579d7352d97ffb25b7922ab29c20d1d31823b11c711aed5c75ee3f,1f5dd04464579d7352d97ffb25b7922ab29c20d1d31823b11c711aed5c75ee3f,true,/home/zhouziang/Workspace/compression/kv_compression/artifacts/raw/20261004_m2c_qwen35_trace2_2k_ansraw/ans_raw_262144.akvpack,34112552,206338
20261004_m2c_qwen35_trace2_2k_ansraw,layer11.key.0,11,full_attention,key,0,bfloat16,2,262144,14,3670016,262144,ans_raw,204568,1024,462,0,206054,49cebc31f25cb5a954f79ea205d5b0967f9f4c278d83ba5fad71d0fbe025460a,49cebc31f25cb5a954f79ea205d5b0967f9f4c278d83ba5fad71d0fbe025460a,true,/home/zhouziang/Workspace/compression/kv_compression/artifacts/raw/20261004_m2c_qwen35_trace2_2k_ansraw/ans_raw_262144.akvpack,34318898,206046
20261004_m2c_qwen35_trace2_2k_ansraw,layer11.key.0,11,full_attention,key,0,bfloat16,2,262144,15,3932160,262144,ans_raw,204604,1024,462,0,206090,f320258ec01cea7b917a9b079498587a3b662b95531f949ef987f6bc167a0110,f320258ec01cea7b917a9b079498587a3b662b95531f949ef987f6bc167a0110,true,/home/zhouziang/Workspace/compression/kv_compression/artifacts/raw/20261004_m2c_qwen35_trace2_2k_ansraw/ans_raw_262144.akvpack,34524952,206082
20261004_m2c_qwen35_trace2_2k_ansraw,layer11.value.0,11,full_attention,value,0,bfloat16,2,262144,0,0,262144,ans_raw,204804,1024,459,0,206287,1855fa8aea4c15962e6f780fa6ddf1eee5048ef2d8412d20d6bfae33f7762883,1855fa8aea4c15962e6f780fa6ddf1eee5048ef2d8412d20d6bfae33f7762883,true,/home/zhouziang/Workspace/compression/kv_compression/artifacts/raw/20261004_m2c_qwen35_trace2_2k_ansraw/ans_raw_262144.akvpack,34731042,206279
20261004_m2c_qwen35_trace2_2k_ansraw,layer11.value.0,11,full_attention,value,0,bfloat16,2,262144,1,262144,262144,ans_raw,204728,1024,464,0,206216,32bbe146508c00436a98f159cf6a58964bc7d1e47baa1547f80534408e232c82,32bbe146508c00436a98f159cf6a58964bc7d1e47baa1547f80534408e232c82,true,/home/zhouziang/Workspace/compression/kv_compression/artifacts/raw/20261004_m2c_qwen35_trace2_2k_ansraw/ans_raw_262144.akvpack,34937329,206208
20261004_m2c_qwen35_trace2_2k_ansraw,layer11.value.0,11,full_attention,value,0,bfloat16,2,262144,2,524288,262144,ans_raw,204760,1024,464,0,206248,d7e9ffbf8deb953aff901f1ed0d68ebc2873c563578dcdd68b938f4910ffb360,d7e9ffbf8deb953aff901f1ed0d68ebc2873c563578dcdd68b938f4910ffb360,true,/home/zhouziang/Workspace/compression/kv_compression/artifacts/raw/20261004_m2c_qwen35_trace2_2k_ansraw/ans_raw_262144.akvpack,35143545,206240
20261004_m2c_qwen35_trace2_2k_ansraw,layer11.value.0,11,full_attention,value,0,bfloat16,2,262144,3,786432,262144,ans_raw,204648,1024,464,0,206136,30e222ce26720e743af1fb03005725d85b627c1f1cfc2ed68159feac94c4625f,30e222ce26720e743af1fb03005725d85b627c1f1cfc2ed68159feac94c4625f,true,/home/zhouziang/Workspace/compression/kv_compression/artifacts/raw/20261004_m2c_qwen35_trace2_2k_ansraw/ans_raw_262144.akvpack,35349793,206128
20261004_m2c_qwen35_trace2_2k_ansraw,layer11.value.0,11,full_attention,value,0,bfloat16,2,262144,4,1048576,262144,ans_raw,204060,1024,465,0,205549,62e7d7b301c5d84f03129ff64f8e3b4eb5b0de9e8220b2c981340fdcc33eeb83,62e7d7b301c5d84f03129ff64f8e3b4eb5b0de9e8220b2c981340fdcc33eeb83,true,/home/zhouziang/Workspace/compression/kv_compression/artifacts/raw/20261004_m2c_qwen35_trace2_2k_ansraw/ans_raw_262144.akvpack,35555929,205541
20261004_m2c_qwen35_trace2_2k_ansraw,layer11.value.0,11,full_attention,value,0,bfloat16,2,262144,5,1310720,262144,ans_raw,204140,1024,465,0,205629,229501f7e1738b6e7801f38c1c9b6309adf0357828ebc5e81239606a4b94c67d,229501f7e1738b6e7801f38c1c9b6309adf0357828ebc5e81239606a4b94c67d,true,/home/zhouziang/Workspace/compression/kv_compression/artifacts/raw/20261004_m2c_qwen35_trace2_2k_ansraw/ans_raw_262144.akvpack,35761478,205621
20261004_m2c_qwen35_trace2_2k_ansraw,layer11.value.0,11,full_attention,value,0,bfloat16,2,262144,6,1572864,262144,ans_raw,204088,1024,465,0,205577,d842fbf17747640936f09251a555b3cc436d7ce9e51347bc5585210d11072fb7,d842fbf17747640936f09251a555b3cc436d7ce9e51347bc5585210d11072fb7,true,/home/zhouziang/Workspace/compression/kv_compression/artifacts/raw/20261004_m2c_qwen35_trace2_2k_ansraw/ans_raw_262144.akvpack,35967107,205569
20261004_m2c_qwen35_trace2_2k_ansraw,layer11.value.0,11,full_attention,value,0,bfloat16,2,262144,7,1835008,262144,ans_raw,204204,1024,465,0,205693,bc2a997ed4d7adb225f7b540186a6a3ff3b2cf1bc7f2f2c3ba7991f8ca34c3dd,bc2a997ed4d7adb225f7b540186a6a3ff3b2cf1bc7f2f2c3ba7991f8ca34c3dd,true,/home/zhouziang/Workspace/compression/kv_compression/artifacts/raw/20261004_m2c_qwen35_trace2_2k_ansraw/ans_raw_262144.akvpack,36172684,205685
20261004_m2c_qwen35_trace2_2k_ansraw,layer11.value.0,11,full_attention,value,0,bfloat16,2,262144,8,2097152,262144,ans_raw,204784,1024,465,0,206273,4fe709531ccb9fdc86e6a267706666ba4f3881e07c369d0f84743d34446905ff,4fe709531ccb9fdc86e6a267706666ba4f3881e07c369d0f84743d34446905ff,true,/home/zhouziang/Workspace/compression/kv_compression/artifacts/raw/20261004_m2c_qwen35_trace2_2k_ansraw/ans_raw_262144.akvpack,36378377,206265
20261004_m2c_qwen35_trace2_2k_ansraw,layer11.value.0,11,full_attention,value,0,bfloat16,2,262144,9,2359296,262144,ans_raw,204432,1024,465,0,205921,400b7112faf5a17758dbfd774e106f763e5758c1e0f5b7865af75b3be119c2fc,400b7112faf5a17758dbfd774e106f763e5758c1e0f5b7865af75b3be119c2fc,true,/home/zhouziang/Workspace/compression/kv_compression/artifacts/raw/20261004_m2c_qwen35_trace2_2k_ansraw/ans_raw_262144.akvpack,36584650,205913
20261004_m2c_qwen35_trace2_2k_ansraw,layer11.value.0,11,full_attention,value,0,bfloat16,2,262144,10,2621440,262144,ans_raw,204332,1024,466,0,205822,eb9d8d976850c4135c7922542c7e02ba813dbe2094cde64ba2488260127676b2,eb9d8d976850c4135c7922542c7e02ba813dbe2094cde64ba2488260127676b2,true,/home/zhouziang/Workspace/compression/kv_compression/artifacts/raw/20261004_m2c_qwen35_trace2_2k_ansraw/ans_raw_262144.akvpack,36790571,205814
20261004_m2c_qwen35_trace2_2k_ansraw,layer11.value.0,11,full_attention,value,0,bfloat16,2,262144,11,2883584,262144,ans_raw,204428,1024,466,0,205918,06c43881abd561e5ed28d239a88d481397446328f9151c5e5671ec3bf6ae6b52,06c43881abd561e5ed28d239a88d481397446328f9151c5e5671ec3bf6ae6b52,true,/home/zhouziang/Workspace/compression/kv_compression/artifacts/raw/20261004_m2c_qwen35_trace2_2k_ansraw/ans_raw_262144.akvpack,36996393,205910
20261004_m2c_qwen35_trace2_2k_ansraw,layer11.value.0,11,full_attention,value,0,bfloat16,2,262144,12,3145728,262144,ans_raw,204592,1024,466,0,206082,258cb60f9797083491978dd92d647681228a72a3002d90dd61f2173a747bf50c,258cb60f9797083491978dd92d647681228a72a3002d90dd61f2173a747bf50c,true,/home/zhouziang/Workspace/compression/kv_compression/artifacts/raw/20261004_m2c_qwen35_trace2_2k_ansraw/ans_raw_262144.akvpack,37202311,206074
20261004_m2c_qwen35_trace2_2k_ansraw,layer11.value.0,11,full_attention,value,0,bfloat16,2,262144,13,3407872,262144,ans_raw,204312,1024,466,0,205802,c5de710361fd18dd5f9c287df255840e4cdc7fd3ac6da93568bdf3a535d75c07,c5de710361fd18dd5f9c287df255840e4cdc7fd3ac6da93568bdf3a535d75c07,true,/home/zhouziang/Workspace/compression/kv_compression/artifacts/raw/20261004_m2c_qwen35_trace2_2k_ansraw/ans_raw_262144.akvpack,37408393,205794
20261004_m2c_qwen35_trace2_2k_ansraw,layer11.value.0,11,full_attention,value,0,bfloat16,2,262144,14,3670016,262144,ans_raw,204372,1024,466,0,205862,d5f81ec96df34eb457458272b859a1c8b8da6cedebf9915e7d3db312c3f6bfc4,d5f81ec96df34eb457458272b859a1c8b8da6cedebf9915e7d3db312c3f6bfc4,true,/home/zhouziang/Workspace/compression/kv_compression/artifacts/raw/20261004_m2c_qwen35_trace2_2k_ansraw/ans_raw_262144.akvpack,37614195,205854
20261004_m2c_qwen35_trace2_2k_ansraw,layer11.value.0,11,full_attention,value,0,bfloat16,2,262144,15,3932160,262144,ans_raw,204344,1024,466,0,205834,9b4419516ad66f6c4ceb683a4c4b0ed445ebd848b90c8b36782521dc36f4bb83,9b4419516ad66f6c4ceb683a4c4b0ed445ebd848b90c8b36782521dc36f4bb83,true,/home/zhouziang/Workspace/compression/kv_compression/artifacts/raw/20261004_m2c_qwen35_trace2_2k_ansraw/ans_raw_262144.akvpack,37820057,205826
20261004_m2c_qwen35_trace2_2k_ansraw,layer12.convolution.0,12,linear_attention,convolution,0,bfloat16,2,262144,0,0,65536,ans_raw,51436,1024,466,0,52926,456376a9f1b68c61045194dc5ce4e9340ce526b1fb9a526dacbdcf740f570ed6,456376a9f1b68c61045194dc5ce4e9340ce526b1fb9a526dacbdcf740f570ed6,true,/home/zhouziang/Workspace/compression/kv_compression/artifacts/raw/20261004_m2c_qwen35_trace2_2k_ansraw/ans_raw_262144.akvpack,38025891,52918
20261004_m2c_qwen35_trace2_2k_ansraw,layer12.recurrent.0,12,linear_attention,recurrent,0,float32,4,262144,0,0,262144,ans_raw,244372,1024,468,0,245864,99a48019dc746e1ca19a946788efe72d3adfd4f6b89f57d476f7c37ee489434c,99a48019dc746e1ca19a946788efe72d3adfd4f6b89f57d476f7c37ee489434c,true,/home/zhouziang/Workspace/compression/kv_compression/artifacts/raw/20261004_m2c_qwen35_trace2_2k_ansraw/ans_raw_262144.akvpack,38078817,245856
20261004_m2c_qwen35_trace2_2k_ansraw,layer12.recurrent.0,12,linear_attention,recurrent,0,float32,4,262144,1,262144,262144,ans_raw,244580,1024,473,0,246077,8e67e1410223e1bcacc86e7b6bc523909a259cf8411b182a300db01e566bb364,8e67e1410223e1bcacc86e7b6bc523909a259cf8411b182a300db01e566bb364,true,/home/zhouziang/Workspace/compression/kv_compression/artifacts/raw/20261004_m2c_qwen35_trace2_2k_ansraw/ans_raw_262144.akvpack,38324681,246069
20261004_m2c_qwen35_trace2_2k_ansraw,layer12.recurrent.0,12,linear_attention,recurrent,0,float32,4,262144,2,524288,262144,ans_raw,244668,1024,473,0,246165,c6fc136c1ebac76180ca8bb6789826f256abdf6e4565616ad8daf0a001c2b620,c6fc136c1ebac76180ca8bb6789826f256abdf6e4565616ad8daf0a001c2b620,true,/home/zhouziang/Workspace/compression/kv_compression/artifacts/raw/20261004_m2c_qwen35_trace2_2k_ansraw/ans_raw_262144.akvpack,38570758,246157
20261004_m2c_qwen35_trace2_2k_ansraw,layer12.recurrent.0,12,linear_attention,recurrent,0,float32,4,262144,3,786432,262144,ans_raw,244492,1024,473,0,245989,52bb536528f9c2ed1750307151c3e1b41165d331c32cbb719e9e7ea288b452eb,52bb536528f9c2ed1750307151c3e1b41165d331c32cbb719e9e7ea288b452eb,true,/home/zhouziang/Workspace/compression/kv_compression/artifacts/raw/20261004_m2c_qwen35_trace2_2k_ansraw/ans_raw_262144.akvpack,38816923,245981
20261004_m2c_qwen35_trace2_2k_ansraw,layer12.recurrent.0,12,linear_attention,recurrent,0,float32,4,262144,4,1048576,262144,ans_raw,246676,1024,474,0,248174,018ee22877875cdfa423c50f3b6f57fffe7994607f2aa0cda22ce2d4d76c0622,018ee22877875cdfa423c50f3b6f57fffe7994607f2aa0cda22ce2d4d76c0622,true,/home/zhouziang/Workspace/compression/kv_compression/artifacts/raw/20261004_m2c_qwen35_trace2_2k_ansraw/ans_raw_262144.akvpack,39062912,248166
20261004_m2c_qwen35_trace2_2k_ansraw,layer12.recurrent.0,12,linear_attention,recurrent,0,float32,4,262144,5,1310720,262144,ans_raw,244740,1024,474,0,246238,3831327e5beabf573e90b6dee49ccbbe616c82513f82778bce75dfbadbc04eef,3831327e5beabf573e90b6dee49ccbbe616c82513f82778bce75dfbadbc04eef,true,/home/zhouziang/Workspace/compression/kv_compression/artifacts/raw/20261004_m2c_qwen35_trace2_2k_ansraw/ans_raw_262144.akvpack,39311086,246230
20261004_m2c_qwen35_trace2_2k_ansraw,layer12.recurrent.0,12,linear_attention,recurrent,0,float32,4,262144,6,1572864,262144,ans_raw,245204,1024,474,0,246702,5b8778fe7269f2e506ab56136e6f00df17bd21f270f7ef9a1238b3adfd792a25,5b8778fe7269f2e506ab56136e6f00df17bd21f270f7ef9a1238b3adfd792a25,true,/home/zhouziang/Workspace/compression/kv_compression/artifacts/raw/20261004_m2c_qwen35_trace2_2k_ansraw/ans_raw_262144.akvpack,39557324,246694
20261004_m2c_qwen35_trace2_2k_ansraw,layer12.recurrent.0,12,linear_attention,recurrent,0,float32,4,262144,7,1835008,262144,ans_raw,243940,1024,474,0,245438,633d25d1dde204dcb5ecc1ac0908c2c1df83398a05ef7284dc0004145dbb2529,633d25d1dde204dcb5ecc1ac0908c2c1df83398a05ef7284dc0004145dbb2529,true,/home/zhouziang/Workspace/compression/kv_compression/artifacts/raw/20261004_m2c_qwen35_trace2_2k_ansraw/ans_raw_262144.akvpack,39804026,245430
20261004_m2c_qwen35_trace2_2k_ansraw,layer13.convolution.0,13,linear_attention,convolution,0,bfloat16,2,262144,0,0,65536,ans_raw,51408,1024,466,0,52898,6cf37335c60385b0c086b09381623a2ee3f9bb0089239ab421cc1a57e0454bc7,6cf37335c60385b0c086b09381623a2ee3f9bb0089239ab421cc1a57e0454bc7,true,/home/zhouziang/Workspace/compression/kv_compression/artifacts/raw/20261004_m2c_qwen35_trace2_2k_ansraw/ans_raw_262144.akvpack,40049464,52890
20261004_m2c_qwen35_trace2_2k_ansraw,layer13.recurrent.0,13,linear_attention,recurrent,0,float32,4,262144,0,0,262144,ans_raw,245648,1024,468,0,247140,161fd267e73635f1af3231311ce6f86c9e5c28ee3e6a40aec2e0c74e451d3bbd,161fd267e73635f1af3231311ce6f86c9e5c28ee3e6a40aec2e0c74e451d3bbd,true,/home/zhouziang/Workspace/compression/kv_compression/artifacts/raw/20261004_m2c_qwen35_trace2_2k_ansraw/ans_raw_262144.akvpack,40102362,247132
20261004_m2c_qwen35_trace2_2k_ansraw,layer13.recurrent.0,13,linear_attention,recurrent,0,float32,4,262144,1,262144,262144,ans_raw,245000,1024,473,0,246497,0ef7a6a4bf575ed9febf8f2d83bfac0a7244b9c6bcad8a69892601d33bb8126f,0ef7a6a4bf575ed9febf8f2d83bfac0a7244b9c6bcad8a69892601d33bb8126f,true,/home/zhouziang/Workspace/compression/kv_compression/artifacts/raw/20261004_m2c_qwen35_trace2_2k_ansraw/ans_raw_262144.akvpack,40349502,246489
20261004_m2c_qwen35_trace2_2k_ansraw,layer13.recurrent.0,13,linear_attention,recurrent,0,float32,4,262144,2,524288,262144,ans_raw,245324,1024,473,0,246821,b4568c912f70a1e04b5b65558d4b2cc50dba5beedf281582a04aa9cb5562ca5a,b4568c912f70a1e04b5b65558d4b2cc50dba5beedf281582a04aa9cb5562ca5a,true,/home/zhouziang/Workspace/compression/kv_compression/artifacts/raw/20261004_m2c_qwen35_trace2_2k_ansraw/ans_raw_262144.akvpack,40595999,246813
20261004_m2c_qwen35_trace2_2k_ansraw,layer13.recurrent.0,13,linear_attention,recurrent,0,float32,4,262144,3,786432,262144,ans_raw,244848,1024,473,0,246345,068944cefc751e75ef990272a287116575e2d377922bfbd9d54bfb73cdc110ee,068944cefc751e75ef990272a287116575e2d377922bfbd9d54bfb73cdc110ee,true,/home/zhouziang/Workspace/compression/kv_compression/artifacts/raw/20261004_m2c_qwen35_trace2_2k_ansraw/ans_raw_262144.akvpack,40842820,246337
20261004_m2c_qwen35_trace2_2k_ansraw,layer13.recurrent.0,13,linear_attention,recurrent,0,float32,4,262144,4,1048576,262144,ans_raw,244228,1024,474,0,245726,9a217ea0bd580c48e843ef879aa6055ed9c327a18b3a3fc1a51899c8b5bdbe7f,9a217ea0bd580c48e843ef879aa6055ed9c327a18b3a3fc1a51899c8b5bdbe7f,true,/home/zhouziang/Workspace/compression/kv_compression/artifacts/raw/20261004_m2c_qwen35_trace2_2k_ansraw/ans_raw_262144.akvpack,41089165,245718
20261004_m2c_qwen35_trace2_2k_ansraw,layer13.recurrent.0,13,linear_attention,recurrent,0,float32,4,262144,5,1310720,262144,ans_raw,245044,1024,474,0,246542,8a9a45d3aebbeea457266efa77b92eefc7350ddbb55a21875ad0006fa528e1fe,8a9a45d3aebbeea457266efa77b92eefc7350ddbb55a21875ad0006fa528e1fe,true,/home/zhouziang/Workspace/compression/kv_compression/artifacts/raw/20261004_m2c_qwen35_trace2_2k_ansraw/ans_raw_262144.akvpack,41334891,246534
20261004_m2c_qwen35_trace2_2k_ansraw,layer13.recurrent.0,13,linear_attention,recurrent,0,float32,4,262144,6,1572864,262144,ans_raw,244780,1024,474,0,246278,f6040fecfe791d22738a1ee950bda9ab340546f877c0e08b6a223040f66f31e3,f6040fecfe791d22738a1ee950bda9ab340546f877c0e08b6a223040f66f31e3,true,/home/zhouziang/Workspace/compression/kv_compression/artifacts/raw/20261004_m2c_qwen35_trace2_2k_ansraw/ans_raw_262144.akvpack,41581433,246270
20261004_m2c_qwen35_trace2_2k_ansraw,layer13.recurrent.0,13,linear_attention,recurrent,0,float32,4,262144,7,1835008,262144,ans_raw,244420,1024,474,0,245918,c9180d58a5f73aef1040ad163e43ef3aafdc8187876fcf9352c76c1a5e2f50c0,c9180d58a5f73aef1040ad163e43ef3aafdc8187876fcf9352c76c1a5e2f50c0,true,/home/zhouziang/Workspace/compression/kv_compression/artifacts/raw/20261004_m2c_qwen35_trace2_2k_ansraw/ans_raw_262144.akvpack,41827711,245910
20261004_m2c_qwen35_trace2_2k_ansraw,layer14.convolution.0,14,linear_attention,convolution,0,bfloat16,2,262144,0,0,65536,ans_raw,51412,1024,466,0,52902,4a3622963807563e2f1ff2dba7243b0964538cd7d5eb250540f634f7c225f7fe,4a3622963807563e2f1ff2dba7243b0964538cd7d5eb250540f634f7c225f7fe,true,/home/zhouziang/Workspace/compression/kv_compression/artifacts/raw/20261004_m2c_qwen35_trace2_2k_ansraw/ans_raw_262144.akvpack,42073629,52894
20261004_m2c_qwen35_trace2_2k_ansraw,layer14.recurrent.0,14,linear_attention,recurrent,0,float32,4,262144,0,0,262144,ans_raw,244532,1024,468,0,246024,81c6537ad551af50b68410844b6d4cf02e252890c44557317b4c2e87ee2e7b2b,81c6537ad551af50b68410844b6d4cf02e252890c44557317b4c2e87ee2e7b2b,true,/home/zhouziang/Workspace/compression/kv_compression/artifacts/raw/20261004_m2c_qwen35_trace2_2k_ansraw/ans_raw_262144.akvpack,42126531,246016
20261004_m2c_qwen35_trace2_2k_ansraw,layer14.recurrent.0,14,linear_attention,recurrent,0,float32,4,262144,1,262144,262144,ans_raw,245084,1024,473,0,246581,3cea0f3246b959e08aedbfba250f24a50138b92013683688f758443097352cf8,3cea0f3246b959e08aedbfba250f24a50138b92013683688f758443097352cf8,true,/home/zhouziang/Workspace/compression/kv_compression/artifacts/raw/20261004_m2c_qwen35_trace2_2k_ansraw/ans_raw_262144.akvpack,42372555,246573
20261004_m2c_qwen35_trace2_2k_ansraw,layer14.recurrent.0,14,linear_attention,recurrent,0,float32,4,262144,2,524288,262144,ans_raw,244940,1024,473,0,246437,7e97b6c2fc9257a1a5f4201e7010eec63aa100114a49431fa60354abd7d2d69f,7e97b6c2fc9257a1a5f4201e7010eec63aa100114a49431fa60354abd7d2d69f,true,/home/zhouziang/Workspace/compression/kv_compression/artifacts/raw/20261004_m2c_qwen35_trace2_2k_ansraw/ans_raw_262144.akvpack,42619136,246429
20261004_m2c_qwen35_trace2_2k_ansraw,layer14.recurrent.0,14,linear_attention,recurrent,0,float32,4,262144,3,786432,262144,ans_raw,245260,1024,473,0,246757,c99ec347ba354e2cf253fa5b11412b52aaa70f7d70b14f85b54976d1edad63f2,c99ec347ba354e2cf253fa5b11412b52aaa70f7d70b14f85b54976d1edad63f2,true,/home/zhouziang/Workspace/compression/kv_compression/artifacts/raw/20261004_m2c_qwen35_trace2_2k_ansraw/ans_raw_262144.akvpack,42865573,246749
20261004_m2c_qwen35_trace2_2k_ansraw,layer14.recurrent.0,14,linear_attention,recurrent,0,float32,4,262144,4,1048576,262144,ans_raw,244440,1024,474,0,245938,e3093fe09c80187eb02185524514bab65fa5d9e14030f2790562ffb6c23f4e49,e3093fe09c80187eb02185524514bab65fa5d9e14030f2790562ffb6c23f4e49,true,/home/zhouziang/Workspace/compression/kv_compression/artifacts/raw/20261004_m2c_qwen35_trace2_2k_ansraw/ans_raw_262144.akvpack,43112330,245930
20261004_m2c_qwen35_trace2_2k_ansraw,layer14.recurrent.0,14,linear_attention,recurrent,0,float32,4,262144,5,1310720,262144,ans_raw,244580,1024,474,0,246078,69b283121214363da0908fdc542a03f0d101701503e2dcc501425194dee6c871,69b283121214363da0908fdc542a03f0d101701503e2dcc501425194dee6c871,true,/home/zhouziang/Workspace/compression/kv_compression/artifacts/raw/20261004_m2c_qwen35_trace2_2k_ansraw/ans_raw_262144.akvpack,43358268,246070
20261004_m2c_qwen35_trace2_2k_ansraw,layer14.recurrent.0,14,linear_attention,recurrent,0,float32,4,262144,6,1572864,262144,ans_raw,244572,1024,474,0,246070,23183612b2a80523dbe9cf3f295a54fbd7677c4bbfe1aec9844c4e6ab914c7fb,23183612b2a80523dbe9cf3f295a54fbd7677c4bbfe1aec9844c4e6ab914c7fb,true,/home/zhouziang/Workspace/compression/kv_compression/artifacts/raw/20261004_m2c_qwen35_trace2_2k_ansraw/ans_raw_262144.akvpack,43604346,246062
20261004_m2c_qwen35_trace2_2k_ansraw,layer14.recurrent.0,14,linear_attention,recurrent,0,float32,4,262144,7,1835008,262144,ans_raw,244404,1024,474,0,245902,f6e7fa2a4fba1aaaf47899e86bde2daa10d742ce5ca5199a684118283f0c287b,f6e7fa2a4fba1aaaf47899e86bde2daa10d742ce5ca5199a684118283f0c287b,true,/home/zhouziang/Workspace/compression/kv_compression/artifacts/raw/20261004_m2c_qwen35_trace2_2k_ansraw/ans_raw_262144.akvpack,43850416,245894
20261004_m2c_qwen35_trace2_2k_ansraw,layer15.key.0,15,full_attention,key,0,bfloat16,2,262144,0,0,262144,ans_raw,206296,1024,455,0,207775,8f0a15988e3caa929d0a87a7e21b8c594af6b572a975af8d641385e8d14812e6,8f0a15988e3caa929d0a87a7e21b8c594af6b572a975af8d641385e8d14812e6,true,/home/zhouziang/Workspace/compression/kv_compression/artifacts/raw/20261004_m2c_qwen35_trace2_2k_ansraw/ans_raw_262144.akvpack,44096318,207767
20261004_m2c_qwen35_trace2_2k_ansraw,layer15.key.0,15,full_attention,key,0,bfloat16,2,262144,1,262144,262144,ans_raw,205732,1024,460,0,207216,4274f8aeb0d4934809f1987084398dd172e8cb0e86f2bec71fad5771569f3dcf,4274f8aeb0d4934809f1987084398dd172e8cb0e86f2bec71fad5771569f3dcf,true,/home/zhouziang/Workspace/compression/kv_compression/artifacts/raw/20261004_m2c_qwen35_trace2_2k_ansraw/ans_raw_262144.akvpack,44304093,207208
20261004_m2c_qwen35_trace2_2k_ansraw,layer15.key.0,15,full_attention,key,0,bfloat16,2,262144,2,524288,262144,ans_raw,205688,1024,460,0,207172,8bd08d9c01bd81fe25fabf0e8cf31db9697d856be00ba37797242c11ec284149,8bd08d9c01bd81fe25fabf0e8cf31db9697d856be00ba37797242c11ec284149,true,/home/zhouziang/Workspace/compression/kv_compression/artifacts/raw/20261004_m2c_qwen35_trace2_2k_ansraw/ans_raw_262144.akvpack,44511309,207164
20261004_m2c_qwen35_trace2_2k_ansraw,layer15.key.0,15,full_attention,key,0,bfloat16,2,262144,3,786432,262144,ans_raw,205440,1024,460,0,206924,bb0d1a36ee6d7ef48f8ea1385e69577b4b2fc2b4acd06bf403a637a1503e68e4,bb0d1a36ee6d7ef48f8ea1385e69577b4b2fc2b4acd06bf403a637a1503e68e4,true,/home/zhouziang/Workspace/compression/kv_compression/artifacts/raw/20261004_m2c_qwen35_trace2_2k_ansraw/ans_raw_262144.akvpack,44718481,206916
20261004_m2c_qwen35_trace2_2k_ansraw,layer15.key.0,15,full_attention,key,0,bfloat16,2,262144,4,1048576,262144,ans_raw,205136,1024,461,0,206621,99515a76fcbde8958c6eb9e5a5bb15aa62c806ba3d62a3496e2c63b4e4c1f580,99515a76fcbde8958c6eb9e5a5bb15aa62c806ba3d62a3496e2c63b4e4c1f580,true,/home/zhouziang/Workspace/compression/kv_compression/artifacts/raw/20261004_m2c_qwen35_trace2_2k_ansraw/ans_raw_262144.akvpack,44925405,206613
20261004_m2c_qwen35_trace2_2k_ansraw,layer15.key.0,15,full_attention,key,0,bfloat16,2,262144,5,1310720,262144,ans_raw,204772,1024,461,0,206257,7d15462a90ed6678a5ae9cd679dcd446127546c75c219717f2f0c0cae83c7f17,7d15462a90ed6678a5ae9cd679dcd446127546c75c219717f2f0c0cae83c7f17,true,/home/zhouziang/Workspace/compression/kv_compression/artifacts/raw/20261004_m2c_qwen35_trace2_2k_ansraw/ans_raw_262144.akvpack,45132026,206249
20261004_m2c_qwen35_trace2_2k_ansraw,layer15.key.0,15,full_attention,key,0,bfloat16,2,262144,6,1572864,262144,ans_raw,204868,1024,461,0,206353,a94529664c3e3f65b772e39670f59f8165ad92aaf8628e0080031656ad8fdbfa,a94529664c3e3f65b772e39670f59f8165ad92aaf8628e0080031656ad8fdbfa,true,/home/zhouziang/Workspace/compression/kv_compression/artifacts/raw/20261004_m2c_qwen35_trace2_2k_ansraw/ans_raw_262144.akvpack,45338283,206345
20261004_m2c_qwen35_trace2_2k_ansraw,layer15.key.0,15,full_attention,key,0,bfloat16,2,262144,7,1835008,262144,ans_raw,204600,1024,461,0,206085,25e0d2dbd8699a91aea328688ebd4be4276d0f07da1cd722d90d93d4f8e03371,25e0d2dbd8699a91aea328688ebd4be4276d0f07da1cd722d90d93d4f8e03371,true,/home/zhouziang/Workspace/compression/kv_compression/artifacts/raw/20261004_m2c_qwen35_trace2_2k_ansraw/ans_raw_262144.akvpack,45544636,206077
20261004_m2c_qwen35_trace2_2k_ansraw,layer15.key.0,15,full_attention,key,0,bfloat16,2,262144,8,2097152,262144,ans_raw,206180,1024,461,0,207665,19077d8556abbab93db767840b407bcd302b183b5228e46a81ea0461953c9c06,19077d8556abbab93db767840b407bcd302b183b5228e46a81ea0461953c9c06,true,/home/zhouziang/Workspace/compression/kv_compression/artifacts/raw/20261004_m2c_qwen35_trace2_2k_ansraw/ans_raw_262144.akvpack,45750721,207657
20261004_m2c_qwen35_trace2_2k_ansraw,layer15.key.0,15,full_attention,key,0,bfloat16,2,262144,9,2359296,262144,ans_raw,205768,1024,461,0,207253,85e304a0050ac3a75a07bd03cd95dac3ddbf99ef08c17071587d04a863a40516,85e304a0050ac3a75a07bd03cd95dac3ddbf99ef08c17071587d04a863a40516,true,/home/zhouziang/Workspace/compression/kv_compression/artifacts/raw/20261004_m2c_qwen35_trace2_2k_ansraw/ans_raw_262144.akvpack,45958386,207245
20261004_m2c_qwen35_trace2_2k_ansraw,layer15.key.0,15,full_attention,key,0,bfloat16,2,262144,10,2621440,262144,ans_raw,205608,1024,462,0,207094,24282efef32bbf92d6bf176db5ffa918789c6f9f6d8faf5ba4104c83bb261fdb,24282efef32bbf92d6bf176db5ffa918789c6f9f6d8faf5ba4104c83bb261fdb,true,/home/zhouziang/Workspace/compression/kv_compression/artifacts/raw/20261004_m2c_qwen35_trace2_2k_ansraw/ans_raw_262144.akvpack,46165639,207086
20261004_m2c_qwen35_trace2_2k_ansraw,layer15.key.0,15,full_attention,key,0,bfloat16,2,262144,11,2883584,262144,ans_raw,205360,1024,462,0,206846,eb1373b8185d1c7c50dc6dddb0bd28e545ca5312c3361352072ecf05f6dc99a3,eb1373b8185d1c7c50dc6dddb0bd28e545ca5312c3361352072ecf05f6dc99a3,true,/home/zhouziang/Workspace/compression/kv_compression/artifacts/raw/20261004_m2c_qwen35_trace2_2k_ansraw/ans_raw_262144.akvpack,46372733,206838
20261004_m2c_qwen35_trace2_2k_ansraw,layer15.key.0,15,full_attention,key,0,bfloat16,2,262144,12,3145728,262144,ans_raw,205820,1024,462,0,207306,7fc12077791208aa6e1cdd8640cdf1d0511efabf59945a59950d19e24da841de,7fc12077791208aa6e1cdd8640cdf1d0511efabf59945a59950d19e24da841de,true,/home/zhouziang/Workspace/compression/kv_compression/artifacts/raw/20261004_m2c_qwen35_trace2_2k_ansraw/ans_raw_262144.akvpack,46579579,207298
20261004_m2c_qwen35_trace2_2k_ansraw,layer15.key.0,15,full_attention,key,0,bfloat16,2,262144,13,3407872,262144,ans_raw,205468,1024,462,0,206954,10881a5bede1e796be98cbcfa4157ea339651285d7affb0335e119bfa0ab6732,10881a5bede1e796be98cbcfa4157ea339651285d7affb0335e119bfa0ab6732,true,/home/zhouziang/Workspace/compression/kv_compression/artifacts/raw/20261004_m2c_qwen35_trace2_2k_ansraw/ans_raw_262144.akvpack,46786885,206946
20261004_m2c_qwen35_trace2_2k_ansraw,layer15.key.0,15,full_attention,key,0,bfloat16,2,262144,14,3670016,262144,ans_raw,205400,1024,462,0,206886,5105f242afb95f970855bcde8e8313311b10973dfe072ab2b10477ceba3c819d,5105f242afb95f970855bcde8e8313311b10973dfe072ab2b10477ceba3c819d,true,/home/zhouziang/Workspace/compression/kv_compression/artifacts/raw/20261004_m2c_qwen35_trace2_2k_ansraw/ans_raw_262144.akvpack,46993839,206878
20261004_m2c_qwen35_trace2_2k_ansraw,layer15.key.0,15,full_attention,key,0,bfloat16,2,262144,15,3932160,262144,ans_raw,205488,1024,462,0,206974,223bc1101f6a69a464830fd1e77ea7c89a8caa604e43b176d2bf1e26228cf9f3,223bc1101f6a69a464830fd1e77ea7c89a8caa604e43b176d2bf1e26228cf9f3,true,/home/zhouziang/Workspace/compression/kv_compression/artifacts/raw/20261004_m2c_qwen35_trace2_2k_ansraw/ans_raw_262144.akvpack,47200725,206966
20261004_m2c_qwen35_trace2_2k_ansraw,layer15.value.0,15,full_attention,value,0,bfloat16,2,262144,0,0,262144,ans_raw,204316,1024,459,0,205799,f01e10a0bfc760dd0656ade1ab72316c688216d0c2a6fcfb5c6998bc8f0bed2e,f01e10a0bfc760dd0656ade1ab72316c688216d0c2a6fcfb5c6998bc8f0bed2e,true,/home/zhouziang/Workspace/compression/kv_compression/artifacts/raw/20261004_m2c_qwen35_trace2_2k_ansraw/ans_raw_262144.akvpack,47407699,205791
20261004_m2c_qwen35_trace2_2k_ansraw,layer15.value.0,15,full_attention,value,0,bfloat16,2,262144,1,262144,262144,ans_raw,204364,1024,464,0,205852,d46bd55678f55977164cefd753289b689f5db1e4be6a966a15ca44c5398b6756,d46bd55678f55977164cefd753289b689f5db1e4be6a966a15ca44c5398b6756,true,/home/zhouziang/Workspace/compression/kv_compression/artifacts/raw/20261004_m2c_qwen35_trace2_2k_ansraw/ans_raw_262144.akvpack,47613498,205844
20261004_m2c_qwen35_trace2_2k_ansraw,layer15.value.0,15,full_attention,value,0,bfloat16,2,262144,2,524288,262144,ans_raw,204260,1024,464,0,205748,ef416ee0ddf58a80b41ad42371d6c84d8e3f05be4e7a2a43fe5365ce6cd9f70a,ef416ee0ddf58a80b41ad42371d6c84d8e3f05be4e7a2a43fe5365ce6cd9f70a,true,/home/zhouziang/Workspace/compression/kv_compression/artifacts/raw/20261004_m2c_qwen35_trace2_2k_ansraw/ans_raw_262144.akvpack,47819350,205740
20261004_m2c_qwen35_trace2_2k_ansraw,layer15.value.0,15,full_attention,value,0,bfloat16,2,262144,3,786432,262144,ans_raw,204240,1024,464,0,205728,1c65c7022ee245c2ba558daf0fcdfe1d742cb9344e65d22a4e7c498b099163c8,1c65c7022ee245c2ba558daf0fcdfe1d742cb9344e65d22a4e7c498b099163c8,true,/home/zhouziang/Workspace/compression/kv_compression/artifacts/raw/20261004_m2c_qwen35_trace2_2k_ansraw/ans_raw_262144.akvpack,48025098,205720
20261004_m2c_qwen35_trace2_2k_ansraw,layer15.value.0,15,full_attention,value,0,bfloat16,2,262144,4,1048576,262144,ans_raw,204020,1024,465,0,205509,2097acbda18b9f44aaeee613cfe24eec09bdd280f3478bf6c6117f7d962cb4eb,2097acbda18b9f44aaeee613cfe24eec09bdd280f3478bf6c6117f7d962cb4eb,true,/home/zhouziang/Workspace/compression/kv_compression/artifacts/raw/20261004_m2c_qwen35_trace2_2k_ansraw/ans_raw_262144.akvpack,48230826,205501
20261004_m2c_qwen35_trace2_2k_ansraw,layer15.value.0,15,full_attention,value,0,bfloat16,2,262144,5,1310720,262144,ans_raw,203948,1024,465,0,205437,1733caed615aaac94c24bd90f5ec72d4cee0705f016980985c6962192d2123c2,1733caed615aaac94c24bd90f5ec72d4cee0705f016980985c6962192d2123c2,true,/home/zhouziang/Workspace/compression/kv_compression/artifacts/raw/20261004_m2c_qwen35_trace2_2k_ansraw/ans_raw_262144.akvpack,48436335,205429
20261004_m2c_qwen35_trace2_2k_ansraw,layer15.value.0,15,full_attention,value,0,bfloat16,2,262144,6,1572864,262144,ans_raw,203960,1024,465,0,205449,f504b5d4c41fe926e4b3d5205663231d0ea5869cd74385528c119d8930132df6,f504b5d4c41fe926e4b3d5205663231d0ea5869cd74385528c119d8930132df6,true,/home/zhouziang/Workspace/compression/kv_compression/artifacts/raw/20261004_m2c_qwen35_trace2_2k_ansraw/ans_raw_262144.akvpack,48641772,205441
20261004_m2c_qwen35_trace2_2k_ansraw,layer15.value.0,15,full_attention,value,0,bfloat16,2,262144,7,1835008,262144,ans_raw,204084,1024,465,0,205573,611ed2a1f00be2522dad2f24caee266bc70ce369098d80d0aa9146c3f5543025,611ed2a1f00be2522dad2f24caee266bc70ce369098d80d0aa9146c3f5543025,true,/home/zhouziang/Workspace/compression/kv_compression/artifacts/raw/20261004_m2c_qwen35_trace2_2k_ansraw/ans_raw_262144.akvpack,48847221,205565
20261004_m2c_qwen35_trace2_2k_ansraw,layer15.value.0,15,full_attention,value,0,bfloat16,2,262144,8,2097152,262144,ans_raw,204632,1024,465,0,206121,280605d81e02adfc2adbf138512c4d1aa06c7371d88c5d5233d11903784c89d3,280605d81e02adfc2adbf138512c4d1aa06c7371d88c5d5233d11903784c89d3,true,/home/zhouziang/Workspace/compression/kv_compression/artifacts/raw/20261004_m2c_qwen35_trace2_2k_ansraw/ans_raw_262144.akvpack,49052794,206113
20261004_m2c_qwen35_trace2_2k_ansraw,layer15.value.0,15,full_attention,value,0,bfloat16,2,262144,9,2359296,262144,ans_raw,204372,1024,465,0,205861,c9f51a0738b1431f567d25fca7a56b261fbf833c415141a640a6abdff5aa5283,c9f51a0738b1431f567d25fca7a56b261fbf833c415141a640a6abdff5aa5283,true,/home/zhouziang/Workspace/compression/kv_compression/artifacts/raw/20261004_m2c_qwen35_trace2_2k_ansraw/ans_raw_262144.akvpack,49258915,205853
20261004_m2c_qwen35_trace2_2k_ansraw,layer15.value.0,15,full_attention,value,0,bfloat16,2,262144,10,2621440,262144,ans_raw,204520,1024,466,0,206010,d42d16f915eee11b0b7f306d45e69686d0e92ac4b407208b019126dc87953cb7,d42d16f915eee11b0b7f306d45e69686d0e92ac4b407208b019126dc87953cb7,true,/home/zhouziang/Workspace/compression/kv_compression/artifacts/raw/20261004_m2c_qwen35_trace2_2k_ansraw/ans_raw_262144.akvpack,49464776,206002
20261004_m2c_qwen35_trace2_2k_ansraw,layer15.value.0,15,full_attention,value,0,bfloat16,2,262144,11,2883584,262144,ans_raw,204440,1024,466,0,205930,fe6a76fdf4a5828c8c91bdaff870e4a8c4134327330dcfbdae8f59eaa1059e79,fe6a76fdf4a5828c8c91bdaff870e4a8c4134327330dcfbdae8f59eaa1059e79,true,/home/zhouziang/Workspace/compression/kv_compression/artifacts/raw/20261004_m2c_qwen35_trace2_2k_ansraw/ans_raw_262144.akvpack,49670786,205922
20261004_m2c_qwen35_trace2_2k_ansraw,layer15.value.0,15,full_attention,value,0,bfloat16,2,262144,12,3145728,262144,ans_raw,205056,1024,466,0,206546,b5c47bffd3c6e416d60989e8fb1bf548b621762c130ec953b1765511e2f1ea20,b5c47bffd3c6e416d60989e8fb1bf548b621762c130ec953b1765511e2f1ea20,true,/home/zhouziang/Workspace/compression/kv_compression/artifacts/raw/20261004_m2c_qwen35_trace2_2k_ansraw/ans_raw_262144.akvpack,49876716,206538
20261004_m2c_qwen35_trace2_2k_ansraw,layer15.value.0,15,full_attention,value,0,bfloat16,2,262144,13,3407872,262144,ans_raw,204836,1024,466,0,206326,1ee06c74e50f27711ae336fa217855db6f14aa7ee1158d59c30c4d3a7f73e4be,1ee06c74e50f27711ae336fa217855db6f14aa7ee1158d59c30c4d3a7f73e4be,true,/home/zhouziang/Workspace/compression/kv_compression/artifacts/raw/20261004_m2c_qwen35_trace2_2k_ansraw/ans_raw_262144.akvpack,50083262,206318
20261004_m2c_qwen35_trace2_2k_ansraw,layer15.value.0,15,full_attention,value,0,bfloat16,2,262144,14,3670016,262144,ans_raw,204812,1024,466,0,206302,3231e471f75a795c5e5d037f2f9902b28630320e0f1274b598fccedff82b4b91,3231e471f75a795c5e5d037f2f9902b28630320e0f1274b598fccedff82b4b91,true,/home/zhouziang/Workspace/compression/kv_compression/artifacts/raw/20261004_m2c_qwen35_trace2_2k_ansraw/ans_raw_262144.akvpack,50289588,206294
20261004_m2c_qwen35_trace2_2k_ansraw,layer15.value.0,15,full_attention,value,0,bfloat16,2,262144,15,3932160,262144,ans_raw,204764,1024,466,0,206254,240a82162484059f271ff696293d1cfba5e70947c0050fe06161dd7bef4a0a9c,240a82162484059f271ff696293d1cfba5e70947c0050fe06161dd7bef4a0a9c,true,/home/zhouziang/Workspace/compression/kv_compression/artifacts/raw/20261004_m2c_qwen35_trace2_2k_ansraw/ans_raw_262144.akvpack,50495890,206246
20261004_m2c_qwen35_trace2_2k_ansraw,layer16.convolution.0,16,linear_attention,convolution,0,bfloat16,2,262144,0,0,65536,ans_raw,51452,1024,466,0,52942,9287463f3c1923d393d230c3e0d308e7941855aeb19adb5e1adac2b04e476da0,9287463f3c1923d393d230c3e0d308e7941855aeb19adb5e1adac2b04e476da0,true,/home/zhouziang/Workspace/compression/kv_compression/artifacts/raw/20261004_m2c_qwen35_trace2_2k_ansraw/ans_raw_262144.akvpack,50702144,52934
20261004_m2c_qwen35_trace2_2k_ansraw,layer16.recurrent.0,16,linear_attention,recurrent,0,float32,4,262144,0,0,262144,ans_raw,244024,1024,468,0,245516,8f68ab1fcd5f7fbc37cb090da3204f63c660c2957b4c7b41bbe63b9103391786,8f68ab1fcd5f7fbc37cb090da3204f63c660c2957b4c7b41bbe63b9103391786,true,/home/zhouziang/Workspace/compression/kv_compression/artifacts/raw/20261004_m2c_qwen35_trace2_2k_ansraw/ans_raw_262144.akvpack,50755086,245508
20261004_m2c_qwen35_trace2_2k_ansraw,layer16.recurrent.0,16,linear_attention,recurrent,0,float32,4,262144,1,262144,262144,ans_raw,244048,1024,473,0,245545,8f6473e23d95f6524bf13742dce782c199327fa2ba25472520c75eeecb99692f,8f6473e23d95f6524bf13742dce782c199327fa2ba25472520c75eeecb99692f,true,/home/zhouziang/Workspace/compression/kv_compression/artifacts/raw/20261004_m2c_qwen35_trace2_2k_ansraw/ans_raw_262144.akvpack,51000602,245537
20261004_m2c_qwen35_trace2_2k_ansraw,layer16.recurrent.0,16,linear_attention,recurrent,0,float32,4,262144,2,524288,262144,ans_raw,243912,1024,473,0,245409,d19ae443adf9bbf61366fa0671a4a00e10b56a25de2c39cd1dea7b0c858a9884,d19ae443adf9bbf61366fa0671a4a00e10b56a25de2c39cd1dea7b0c858a9884,true,/home/zhouziang/Workspace/compression/kv_compression/artifacts/raw/20261004_m2c_qwen35_trace2_2k_ansraw/ans_raw_262144.akvpack,51246147,245401
20261004_m2c_qwen35_trace2_2k_ansraw,layer16.recurrent.0,16,linear_attention,recurrent,0,float32,4,262144,3,786432,262144,ans_raw,243968,1024,473,0,245465,ee3b21a277ed9e92dbfb5a356873faa5c0a6a675218d0fdcf1197936de08d6d4,ee3b21a277ed9e92dbfb5a356873faa5c0a6a675218d0fdcf1197936de08d6d4,true,/home/zhouziang/Workspace/compression/kv_compression/artifacts/raw/20261004_m2c_qwen35_trace2_2k_ansraw/ans_raw_262144.akvpack,51491556,245457
20261004_m2c_qwen35_trace2_2k_ansraw,layer16.recurrent.0,16,linear_attention,recurrent,0,float32,4,262144,4,1048576,262144,ans_raw,244580,1024,474,0,246078,993fdf73d15a0ab4c801ac24cd751c709d718e31f073fb05ee41957eae81b0b2,993fdf73d15a0ab4c801ac24cd751c709d718e31f073fb05ee41957eae81b0b2,true,/home/zhouziang/Workspace/compression/kv_compression/artifacts/raw/20261004_m2c_qwen35_trace2_2k_ansraw/ans_raw_262144.akvpack,51737021,246070
20261004_m2c_qwen35_trace2_2k_ansraw,layer16.recurrent.0,16,linear_attention,recurrent,0,float32,4,262144,5,1310720,262144,ans_raw,244216,1024,474,0,245714,56ed3db8b5fe45ad40bcb297e1c5cfc6083aee40b7b7760f7e2bd6fd389e5778,56ed3db8b5fe45ad40bcb297e1c5cfc6083aee40b7b7760f7e2bd6fd389e5778,true,/home/zhouziang/Workspace/compression/kv_compression/artifacts/raw/20261004_m2c_qwen35_trace2_2k_ansraw/ans_raw_262144.akvpack,51983099,245706
20261004_m2c_qwen35_trace2_2k_ansraw,layer16.recurrent.0,16,linear_attention,recurrent,0,float32,4,262144,6,1572864,262144,ans_raw,244228,1024,474,0,245726,bbbdabc980aa5d804134221abea84f44fe978cde3001d38c90f32819652cf8c2,bbbdabc980aa5d804134221abea84f44fe978cde3001d38c90f32819652cf8c2,true,/home/zhouziang/Workspace/compression/kv_compression/artifacts/raw/20261004_m2c_qwen35_trace2_2k_ansraw/ans_raw_262144.akvpack,52228813,245718
20261004_m2c_qwen35_trace2_2k_ansraw,layer16.recurrent.0,16,linear_attention,recurrent,0,float32,4,262144,7,1835008,262144,ans_raw,245336,1024,474,0,246834,bb7b603416ba9a8b0f8611c9f15a88d3ae48525108e4b07dba086157b229dc43,bb7b603416ba9a8b0f8611c9f15a88d3ae48525108e4b07dba086157b229dc43,true,/home/zhouziang/Workspace/compression/kv_compression/artifacts/raw/20261004_m2c_qwen35_trace2_2k_ansraw/ans_raw_262144.akvpack,52474539,246826
20261004_m2c_qwen35_trace2_2k_ansraw,layer17.convolution.0,17,linear_attention,convolution,0,bfloat16,2,262144,0,0,65536,ans_raw,51472,1024,466,0,52962,6bce5034ce53c221ed62eade44ea2fddeaa576d7228910f6f811095513cbf2d7,6bce5034ce53c221ed62eade44ea2fddeaa576d7228910f6f811095513cbf2d7,true,/home/zhouziang/Workspace/compression/kv_compression/artifacts/raw/20261004_m2c_qwen35_trace2_2k_ansraw/ans_raw_262144.akvpack,52721373,52954
20261004_m2c_qwen35_trace2_2k_ansraw,layer17.recurrent.0,17,linear_attention,recurrent,0,float32,4,262144,0,0,262144,ans_raw,244088,1024,468,0,245580,47e1802ba054abe144ed9deec846f3accd6d71a0dd33095bda038f04b6b58085,47e1802ba054abe144ed9deec846f3accd6d71a0dd33095bda038f04b6b58085,true,/home/zhouziang/Workspace/compression/kv_compression/artifacts/raw/20261004_m2c_qwen35_trace2_2k_ansraw/ans_raw_262144.akvpack,52774335,245572
20261004_m2c_qwen35_trace2_2k_ansraw,layer17.recurrent.0,17,linear_attention,recurrent,0,float32,4,262144,1,262144,262144,ans_raw,244348,1024,473,0,245845,e901a0e6be189efd7686c80e0f9383834b72095706487112c993e0f3e97698fe,e901a0e6be189efd7686c80e0f9383834b72095706487112c993e0f3e97698fe,true,/home/zhouziang/Workspace/compression/kv_compression/artifacts/raw/20261004_m2c_qwen35_trace2_2k_ansraw/ans_raw_262144.akvpack,53019915,245837
20261004_m2c_qwen35_trace2_2k_ansraw,layer17.recurrent.0,17,linear_attention,recurrent,0,float32,4,262144,2,524288,262144,ans_raw,244104,1024,473,0,245601,954dfa538fc9f4cf560a0e5f75daaf3468e7da440bf69db4f76f598856d0a17d,954dfa538fc9f4cf560a0e5f75daaf3468e7da440bf69db4f76f598856d0a17d,true,/home/zhouziang/Workspace/compression/kv_compression/artifacts/raw/20261004_m2c_qwen35_trace2_2k_ansraw/ans_raw_262144.akvpack,53265760,245593
20261004_m2c_qwen35_trace2_2k_ansraw,layer17.recurrent.0,17,linear_attention,recurrent,0,float32,4,262144,3,786432,262144,ans_raw,244564,1024,473,0,246061,675ab17122673718343168041007ddda58b39be9690653143424b28a76834a4b,675ab17122673718343168041007ddda58b39be9690653143424b28a76834a4b,true,/home/zhouziang/Workspace/compression/kv_compression/artifacts/raw/20261004_m2c_qwen35_trace2_2k_ansraw/ans_raw_262144.akvpack,53511361,246053
20261004_m2c_qwen35_trace2_2k_ansraw,layer17.recurrent.0,17,linear_attention,recurrent,0,float32,4,262144,4,1048576,262144,ans_raw,244520,1024,474,0,246018,4e45fb03430e22c36d0c638952504cb52d994b675f87ba43d1263a17aeed245b,4e45fb03430e22c36d0c638952504cb52d994b675f87ba43d1263a17aeed245b,true,/home/zhouziang/Workspace/compression/kv_compression/artifacts/raw/20261004_m2c_qwen35_trace2_2k_ansraw/ans_raw_262144.akvpack,53757422,246010
20261004_m2c_qwen35_trace2_2k_ansraw,layer17.recurrent.0,17,linear_attention,recurrent,0,float32,4,262144,5,1310720,262144,ans_raw,245236,1024,474,0,246734,b4581538fedce61dcf92c1a9f9ca5f6fea3bee280e7027375b9fbbe2bfd6fe87,b4581538fedce61dcf92c1a9f9ca5f6fea3bee280e7027375b9fbbe2bfd6fe87,true,/home/zhouziang/Workspace/compression/kv_compression/artifacts/raw/20261004_m2c_qwen35_trace2_2k_ansraw/ans_raw_262144.akvpack,54003440,246726
20261004_m2c_qwen35_trace2_2k_ansraw,layer17.recurrent.0,17,linear_attention,recurrent,0,float32,4,262144,6,1572864,262144,ans_raw,244204,1024,474,0,245702,14a3205b87868d64a708cf99784279437ea7f2ae03400d31b7f5f7aea188fc2a,14a3205b87868d64a708cf99784279437ea7f2ae03400d31b7f5f7aea188fc2a,true,/home/zhouziang/Workspace/compression/kv_compression/artifacts/raw/20261004_m2c_qwen35_trace2_2k_ansraw/ans_raw_262144.akvpack,54250174,245694
20261004_m2c_qwen35_trace2_2k_ansraw,layer17.recurrent.0,17,linear_attention,recurrent,0,float32,4,262144,7,1835008,262144,ans_raw,244424,1024,474,0,245922,9cc57f5f5ec098f2833599ed0149cdfd0d8cda9236ac4e2f46a9185bdd8d33c7,9cc57f5f5ec098f2833599ed0149cdfd0d8cda9236ac4e2f46a9185bdd8d33c7,true,/home/zhouziang/Workspace/compression/kv_compression/artifacts/raw/20261004_m2c_qwen35_trace2_2k_ansraw/ans_raw_262144.akvpack,54495876,245914
20261004_m2c_qwen35_trace2_2k_ansraw,layer18.convolution.0,18,linear_attention,convolution,0,bfloat16,2,262144,0,0,65536,ans_raw,51508,1024,466,0,52998,f6a487d1896db36813b99e2547c4b555bc3c2c442b55b73c4b2131380eec617c,f6a487d1896db36813b99e2547c4b555bc3c2c442b55b73c4b2131380eec617c,true,/home/zhouziang/Workspace/compression/kv_compression/artifacts/raw/20261004_m2c_qwen35_trace2_2k_ansraw/ans_raw_262144.akvpack,54741798,52990
20261004_m2c_qwen35_trace2_2k_ansraw,layer18.recurrent.0,18,linear_attention,recurrent,0,float32,4,262144,0,0,262144,ans_raw,244628,1024,468,0,246120,559a36ecb500b355647faa2b6a9fda5b8ea305ba50edb5cabd3272348b6913f4,559a36ecb500b355647faa2b6a9fda5b8ea305ba50edb5cabd3272348b6913f4,true,/home/zhouziang/Workspace/compression/kv_compression/artifacts/raw/20261004_m2c_qwen35_trace2_2k_ansraw/ans_raw_262144.akvpack,54794796,246112
20261004_m2c_qwen35_trace2_2k_ansraw,layer18.recurrent.0,18,linear_attention,recurrent,0,float32,4,262144,1,262144,262144,ans_raw,245576,1024,473,0,247073,0e53a29ccb439dcf499b81c818c8a6b391e14c16bb3293cfcd6c418b5dd3461a,0e53a29ccb439dcf499b81c818c8a6b391e14c16bb3293cfcd6c418b5dd3461a,true,/home/zhouziang/Workspace/compression/kv_compression/artifacts/raw/20261004_m2c_qwen35_trace2_2k_ansraw/ans_raw_262144.akvpack,55040916,247065
20261004_m2c_qwen35_trace2_2k_ansraw,layer18.recurrent.0,18,linear_attention,recurrent,0,float32,4,262144,2,524288,262144,ans_raw,243880,1024,473,0,245377,2fa55e0c9d9899a2e64de3df53a1fb26d51ac7c609c5465851da883d28026d61,2fa55e0c9d9899a2e64de3df53a1fb26d51ac7c609c5465851da883d28026d61,true,/home/zhouziang/Workspace/compression/kv_compression/artifacts/raw/20261004_m2c_qwen35_trace2_2k_ansraw/ans_raw_262144.akvpack,55287989,245369
20261004_m2c_qwen35_trace2_2k_ansraw,layer18.recurrent.0,18,linear_attention,recurrent,0,float32,4,262144,3,786432,262144,ans_raw,244156,1024,473,0,245653,bc1dfdce1319d6c344c01aa0a12a76bcbd6b9f4ea751cef512735ac1eefb618a,bc1dfdce1319d6c344c01aa0a12a76bcbd6b9f4ea751cef512735ac1eefb618a,true,/home/zhouziang/Workspace/compression/kv_compression/artifacts/raw/20261004_m2c_qwen35_trace2_2k_ansraw/ans_raw_262144.akvpack,55533366,245645
20261004_m2c_qwen35_trace2_2k_ansraw,layer18.recurrent.0,18,linear_attention,recurrent,0,float32,4,262144,4,1048576,262144,ans_raw,244504,1024,474,0,246002,ffee9ee05ef07f4b607e0608e7d8210e8b2d494edce3facf7e74b5e8666601a0,ffee9ee05ef07f4b607e0608e7d8210e8b2d494edce3facf7e74b5e8666601a0,true,/home/zhouziang/Workspace/compression/kv_compression/artifacts/raw/20261004_m2c_qwen35_trace2_2k_ansraw/ans_raw_262144.akvpack,55779019,245994
20261004_m2c_qwen35_trace2_2k_ansraw,layer18.recurrent.0,18,linear_attention,recurrent,0,float32,4,262144,5,1310720,262144,ans_raw,244400,1024,474,0,245898,2127ba2ac32109f70c83fe67656a1b6ed16a48c9b6259e48d8d68a8070a2530b,2127ba2ac32109f70c83fe67656a1b6ed16a48c9b6259e48d8d68a8070a2530b,true,/home/zhouziang/Workspace/compression/kv_compression/artifacts/raw/20261004_m2c_qwen35_trace2_2k_ansraw/ans_raw_262144.akvpack,56025021,245890
20261004_m2c_qwen35_trace2_2k_ansraw,layer18.recurrent.0,18,linear_attention,recurrent,0,float32,4,262144,6,1572864,262144,ans_raw,243984,1024,474,0,245482,5dff4d13345570320d94023a836c5c51de2ec28c36d6953abe299c5e941a06d6,5dff4d13345570320d94023a836c5c51de2ec28c36d6953abe299c5e941a06d6,true,/home/zhouziang/Workspace/compression/kv_compression/artifacts/raw/20261004_m2c_qwen35_trace2_2k_ansraw/ans_raw_262144.akvpack,56270919,245474
20261004_m2c_qwen35_trace2_2k_ansraw,layer18.recurrent.0,18,linear_attention,recurrent,0,float32,4,262144,7,1835008,262144,ans_raw,244128,1024,474,0,245626,0e9027804f32a53179a3d82653299c648793aa58d5ac02c5ac6a6aa4867cd6c0,0e9027804f32a53179a3d82653299c648793aa58d5ac02c5ac6a6aa4867cd6c0,true,/home/zhouziang/Workspace/compression/kv_compression/artifacts/raw/20261004_m2c_qwen35_trace2_2k_ansraw/ans_raw_262144.akvpack,56516401,245618
20261004_m2c_qwen35_trace2_2k_ansraw,layer19.key.0,19,full_attention,key,0,bfloat16,2,262144,0,0,262144,ans_raw,205852,1024,455,0,207331,1558dae09be24b8ca49d1ace4b9b6fdaab9a8164b94e295732275804dbe33826,1558dae09be24b8ca49d1ace4b9b6fdaab9a8164b94e295732275804dbe33826,true,/home/zhouziang/Workspace/compression/kv_compression/artifacts/raw/20261004_m2c_qwen35_trace2_2k_ansraw/ans_raw_262144.akvpack,56762027,207323
20261004_m2c_qwen35_trace2_2k_ansraw,layer19.key.0,19,full_attention,key,0,bfloat16,2,262144,1,262144,262144,ans_raw,205768,1024,460,0,207252,9387d7f546604bd467ef6e0594548e7c9c045257e2d9978aaac58e5f60036ef4,9387d7f546604bd467ef6e0594548e7c9c045257e2d9978aaac58e5f60036ef4,true,/home/zhouziang/Workspace/compression/kv_compression/artifacts/raw/20261004_m2c_qwen35_trace2_2k_ansraw/ans_raw_262144.akvpack,56969358,207244
20261004_m2c_qwen35_trace2_2k_ansraw,layer19.key.0,19,full_attention,key,0,bfloat16,2,262144,2,524288,262144,ans_raw,205572,1024,460,0,207056,92642da78e28078ccb6ab1d3fd244a9a86c61eb2a17db6a1973a1d87e6cc2a38,92642da78e28078ccb6ab1d3fd244a9a86c61eb2a17db6a1973a1d87e6cc2a38,true,/home/zhouziang/Workspace/compression/kv_compression/artifacts/raw/20261004_m2c_qwen35_trace2_2k_ansraw/ans_raw_262144.akvpack,57176610,207048
20261004_m2c_qwen35_trace2_2k_ansraw,layer19.key.0,19,full_attention,key,0,bfloat16,2,262144,3,786432,262144,ans_raw,205440,1024,460,0,206924,54f79dfa845d54bba60dd49581530b184c2f3acc56748b5f17775eaff498c813,54f79dfa845d54bba60dd49581530b184c2f3acc56748b5f17775eaff498c813,true,/home/zhouziang/Workspace/compression/kv_compression/artifacts/raw/20261004_m2c_qwen35_trace2_2k_ansraw/ans_raw_262144.akvpack,57383666,206916
20261004_m2c_qwen35_trace2_2k_ansraw,layer19.key.0,19,full_attention,key,0,bfloat16,2,262144,4,1048576,262144,ans_raw,205980,1024,461,0,207465,40fef9692f2d3b1f0352c26c062a3355d264480dd893d2f6fb40ffd9a1926e97,40fef9692f2d3b1f0352c26c062a3355d264480dd893d2f6fb40ffd9a1926e97,true,/home/zhouziang/Workspace/compression/kv_compression/artifacts/raw/20261004_m2c_qwen35_trace2_2k_ansraw/ans_raw_262144.akvpack,57590590,207457
20261004_m2c_qwen35_trace2_2k_ansraw,layer19.key.0,19,full_attention,key,0,bfloat16,2,262144,5,1310720,262144,ans_raw,205744,1024,461,0,207229,db7e20f1ff3adcfa7e335534e69b3afd8c1ec8595f6bf99faa45be41572ac159,db7e20f1ff3adcfa7e335534e69b3afd8c1ec8595f6bf99faa45be41572ac159,true,/home/zhouziang/Workspace/compression/kv_compression/artifacts/raw/20261004_m2c_qwen35_trace2_2k_ansraw/ans_raw_262144.akvpack,57798055,207221
20261004_m2c_qwen35_trace2_2k_ansraw,layer19.key.0,19,full_attention,key,0,bfloat16,2,262144,6,1572864,262144,ans_raw,206044,1024,461,0,207529,2fed2505a0c1164d4b9170edf62d37dbcc54c1bfd24edd03c5e114d7ea46edfd,2fed2505a0c1164d4b9170edf62d37dbcc54c1bfd24edd03c5e114d7ea46edfd,true,/home/zhouziang/Workspace/compression/kv_compression/artifacts/raw/20261004_m2c_qwen35_trace2_2k_ansraw/ans_raw_262144.akvpack,58005284,207521
20261004_m2c_qwen35_trace2_2k_ansraw,layer19.key.0,19,full_attention,key,0,bfloat16,2,262144,7,1835008,262144,ans_raw,206016,1024,461,0,207501,afe7879d3bcaafdb8274494029186df4e0610671c563367c695a83cb793a1b7f,afe7879d3bcaafdb8274494029186df4e0610671c563367c695a83cb793a1b7f,true,/home/zhouziang/Workspace/compression/kv_compression/artifacts/raw/20261004_m2c_qwen35_trace2_2k_ansraw/ans_raw_262144.akvpack,58212813,207493
20261004_m2c_qwen35_trace2_2k_ansraw,layer19.key.0,19,full_attention,key,0,bfloat16,2,262144,8,2097152,262144,ans_raw,206300,1024,461,0,207785,0780efd3cc67f6359bbdd348e8857b76b33db429cf78aba315c217c7399644d1,0780efd3cc67f6359bbdd348e8857b76b33db429cf78aba315c217c7399644d1,true,/home/zhouziang/Workspace/compression/kv_compression/artifacts/raw/20261004_m2c_qwen35_trace2_2k_ansraw/ans_raw_262144.akvpack,58420314,207777
20261004_m2c_qwen35_trace2_2k_ansraw,layer19.key.0,19,full_attention,key,0,bfloat16,2,262144,9,2359296,262144,ans_raw,206124,1024,461,0,207609,a350aefc3fea08171350bc3d236510ff9b5726301a928a4791bc5adcf5bdc0cc,a350aefc3fea08171350bc3d236510ff9b5726301a928a4791bc5adcf5bdc0cc,true,/home/zhouziang/Workspace/compression/kv_compression/artifacts/raw/20261004_m2c_qwen35_trace2_2k_ansraw/ans_raw_262144.akvpack,58628099,207601
20261004_m2c_qwen35_trace2_2k_ansraw,layer19.key.0,19,full_attention,key,0,bfloat16,2,262144,10,2621440,262144,ans_raw,205928,1024,462,0,207414,efe9f66715e87b2c52e3ad7082fd8d9221a060252096d6828ecacf1c92dc8d3c,efe9f66715e87b2c52e3ad7082fd8d9221a060252096d6828ecacf1c92dc8d3c,true,/home/zhouziang/Workspace/compression/kv_compression/artifacts/raw/20261004_m2c_qwen35_trace2_2k_ansraw/ans_raw_262144.akvpack,58835708,207406
20261004_m2c_qwen35_trace2_2k_ansraw,layer19.key.0,19,full_attention,key,0,bfloat16,2,262144,11,2883584,262144,ans_raw,205924,1024,462,0,207410,88012bb7f58845e9d88f338adc52d0d104d8fdcc17a181fb2f50731735a7ed1b,88012bb7f58845e9d88f338adc52d0d104d8fdcc17a181fb2f50731735a7ed1b,true,/home/zhouziang/Workspace/compression/kv_compression/artifacts/raw/20261004_m2c_qwen35_trace2_2k_ansraw/ans_raw_262144.akvpack,59043122,207402
20261004_m2c_qwen35_trace2_2k_ansraw,layer19.key.0,19,full_attention,key,0,bfloat16,2,262144,12,3145728,262144,ans_raw,205228,1024,462,0,206714,654fd5bd051718a413eebd538b95a3b3a3f08c379ca4ac5497325eb24fa598d5,654fd5bd051718a413eebd538b95a3b3a3f08c379ca4ac5497325eb24fa598d5,true,/home/zhouziang/Workspace/compression/kv_compression/artifacts/raw/20261004_m2c_qwen35_trace2_2k_ansraw/ans_raw_262144.akvpack,59250532,206706
20261004_m2c_qwen35_trace2_2k_ansraw,layer19.key.0,19,full_attention,key,0,bfloat16,2,262144,13,3407872,262144,ans_raw,204984,1024,462,0,206470,ac0b1adbc4aba809c0c5e386e362497c148c1f77713ad04b9d4facb98e48cf1f,ac0b1adbc4aba809c0c5e386e362497c148c1f77713ad04b9d4facb98e48cf1f,true,/home/zhouziang/Workspace/compression/kv_compression/artifacts/raw/20261004_m2c_qwen35_trace2_2k_ansraw/ans_raw_262144.akvpack,59457246,206462
20261004_m2c_qwen35_trace2_2k_ansraw,layer19.key.0,19,full_attention,key,0,bfloat16,2,262144,14,3670016,262144,ans_raw,204956,1024,462,0,206442,49f34cbe0de1851858925ed9221a9fe4bf293fd8fee1d47853dfe61b243b27c4,49f34cbe0de1851858925ed9221a9fe4bf293fd8fee1d47853dfe61b243b27c4,true,/home/zhouziang/Workspace/compression/kv_compression/artifacts/raw/20261004_m2c_qwen35_trace2_2k_ansraw/ans_raw_262144.akvpack,59663716,206434
20261004_m2c_qwen35_trace2_2k_ansraw,layer19.key.0,19,full_attention,key,0,bfloat16,2,262144,15,3932160,262144,ans_raw,205116,1024,462,0,206602,bc5be243c8364f306cf4091c43ee4d292e767692b5f53c073fe0c05c5c2ff01d,bc5be243c8364f306cf4091c43ee4d292e767692b5f53c073fe0c05c5c2ff01d,true,/home/zhouziang/Workspace/compression/kv_compression/artifacts/raw/20261004_m2c_qwen35_trace2_2k_ansraw/ans_raw_262144.akvpack,59870158,206594
20261004_m2c_qwen35_trace2_2k_ansraw,layer19.value.0,19,full_attention,value,0,bfloat16,2,262144,0,0,262144,ans_raw,204196,1024,459,0,205679,f6a02b58b48af28f1ffbad5c0bf72396d1726f907e1b1cfdc255a3103808e1dd,f6a02b58b48af28f1ffbad5c0bf72396d1726f907e1b1cfdc255a3103808e1dd,true,/home/zhouziang/Workspace/compression/kv_compression/artifacts/raw/20261004_m2c_qwen35_trace2_2k_ansraw/ans_raw_262144.akvpack,60076760,205671
20261004_m2c_qwen35_trace2_2k_ansraw,layer19.value.0,19,full_attention,value,0,bfloat16,2,262144,1,262144,262144,ans_raw,203908,1024,464,0,205396,a0e7a27dc5cf1c370f4e2b5dbac9b7d814283c3ba863d7635645346204501779,a0e7a27dc5cf1c370f4e2b5dbac9b7d814283c3ba863d7635645346204501779,true,/home/zhouziang/Workspace/compression/kv_compression/artifacts/raw/20261004_m2c_qwen35_trace2_2k_ansraw/ans_raw_262144.akvpack,60282439,205388
20261004_m2c_qwen35_trace2_2k_ansraw,layer19.value.0,19,full_attention,value,0,bfloat16,2,262144,2,524288,262144,ans_raw,204004,1024,464,0,205492,9ccb4bc3c153435fd85bf2e25693e29a0ff83dfc1f21034f37aa2d0013c34a88,9ccb4bc3c153435fd85bf2e25693e29a0ff83dfc1f21034f37aa2d0013c34a88,true,/home/zhouziang/Workspace/compression/kv_compression/artifacts/raw/20261004_m2c_qwen35_trace2_2k_ansraw/ans_raw_262144.akvpack,60487835,205484
20261004_m2c_qwen35_trace2_2k_ansraw,layer19.value.0,19,full_attention,value,0,bfloat16,2,262144,3,786432,262144,ans_raw,203936,1024,464,0,205424,0924d4dd23f2bda83d58b40fb6486ce7de0769fa3e2467a90eb9473fa8772bb5,0924d4dd23f2bda83d58b40fb6486ce7de0769fa3e2467a90eb9473fa8772bb5,true,/home/zhouziang/Workspace/compression/kv_compression/artifacts/raw/20261004_m2c_qwen35_trace2_2k_ansraw/ans_raw_262144.akvpack,60693327,205416
20261004_m2c_qwen35_trace2_2k_ansraw,layer19.value.0,19,full_attention,value,0,bfloat16,2,262144,4,1048576,262144,ans_raw,205108,1024,465,0,206597,98584761686c8170249d047f3e6cb19a6db2ad10346d119cf0c15c8b8baf410d,98584761686c8170249d047f3e6cb19a6db2ad10346d119cf0c15c8b8baf410d,true,/home/zhouziang/Workspace/compression/kv_compression/artifacts/raw/20261004_m2c_qwen35_trace2_2k_ansraw/ans_raw_262144.akvpack,60898751,206589
20261004_m2c_qwen35_trace2_2k_ansraw,layer19.value.0,19,full_attention,value,0,bfloat16,2,262144,5,1310720,262144,ans_raw,205056,1024,465,0,206545,3275f1dbc369c7c2d5932d322f7e6a66ff99da72539015fe7dc47405ab7555e4,3275f1dbc369c7c2d5932d322f7e6a66ff99da72539015fe7dc47405ab7555e4,true,/home/zhouziang/Workspace/compression/kv_compression/artifacts/raw/20261004_m2c_qwen35_trace2_2k_ansraw/ans_raw_262144.akvpack,61105348,206537
20261004_m2c_qwen35_trace2_2k_ansraw,layer19.value.0,19,full_attention,value,0,bfloat16,2,262144,6,1572864,262144,ans_raw,205216,1024,465,0,206705,51461810b8ea42988a11268a33119984836599b999bc6cacffd4a9e6a49464cb,51461810b8ea42988a11268a33119984836599b999bc6cacffd4a9e6a49464cb,true,/home/zhouziang/Workspace/compression/kv_compression/artifacts/raw/20261004_m2c_qwen35_trace2_2k_ansraw/ans_raw_262144.akvpack,61311893,206697
20261004_m2c_qwen35_trace2_2k_ansraw,layer19.value.0,19,full_attention,value,0,bfloat16,2,262144,7,1835008,262144,ans_raw,205260,1024,465,0,206749,30157a7254fbf4f9e9e7294ce9e821ff935daa022c630353ae3ffa803538de89,30157a7254fbf4f9e9e7294ce9e821ff935daa022c630353ae3ffa803538de89,true,/home/zhouziang/Workspace/compression/kv_compression/artifacts/raw/20261004_m2c_qwen35_trace2_2k_ansraw/ans_raw_262144.akvpack,61518598,206741
20261004_m2c_qwen35_trace2_2k_ansraw,layer19.value.0,19,full_attention,value,0,bfloat16,2,262144,8,2097152,262144,ans_raw,204788,1024,465,0,206277,3716123c9b90b92d4d3a0560247c50f3f5e27f7ab901cea7544b28c7d3c9048d,3716123c9b90b92d4d3a0560247c50f3f5e27f7ab901cea7544b28c7d3c9048d,true,/home/zhouziang/Workspace/compression/kv_compression/artifacts/raw/20261004_m2c_qwen35_trace2_2k_ansraw/ans_raw_262144.akvpack,61725347,206269
20261004_m2c_qwen35_trace2_2k_ansraw,layer19.value.0,19,full_attention,value,0,bfloat16,2,262144,9,2359296,262144,ans_raw,204712,1024,465,0,206201,c134f4523d8b885e6e7e42844ef843e5e609d3241a63daf6128fe56c35cae1ec,c134f4523d8b885e6e7e42844ef843e5e609d3241a63daf6128fe56c35cae1ec,true,/home/zhouziang/Workspace/compression/kv_compression/artifacts/raw/20261004_m2c_qwen35_trace2_2k_ansraw/ans_raw_262144.akvpack,61931624,206193
20261004_m2c_qwen35_trace2_2k_ansraw,layer19.value.0,19,full_attention,value,0,bfloat16,2,262144,10,2621440,262144,ans_raw,204580,1024,466,0,206070,859db345d045552b5155b13794ac1dad41c190ead4286a48e5c7403123013ebe,859db345d045552b5155b13794ac1dad41c190ead4286a48e5c7403123013ebe,true,/home/zhouziang/Workspace/compression/kv_compression/artifacts/raw/20261004_m2c_qwen35_trace2_2k_ansraw/ans_raw_262144.akvpack,62137825,206062
20261004_m2c_qwen35_trace2_2k_ansraw,layer19.value.0,19,full_attention,value,0,bfloat16,2,262144,11,2883584,262144,ans_raw,204724,1024,466,0,206214,3cdf431daf2b9562e50974f1fc68016146801ec3d3a139bd66c77a98acc71ebf,3cdf431daf2b9562e50974f1fc68016146801ec3d3a139bd66c77a98acc71ebf,true,/home/zhouziang/Workspace/compression/kv_compression/artifacts/raw/20261004_m2c_qwen35_trace2_2k_ansraw/ans_raw_262144.akvpack,62343895,206206
20261004_m2c_qwen35_trace2_2k_ansraw,layer19.value.0,19,full_attention,value,0,bfloat16,2,262144,12,3145728,262144,ans_raw,205448,1024,466,0,206938,31f4c556c28affa0d0a538862ed0fd80b1b07b893ec60c83956304f0d27f48ca,31f4c556c28affa0d0a538862ed0fd80b1b07b893ec60c83956304f0d27f48ca,true,/home/zhouziang/Workspace/compression/kv_compression/artifacts/raw/20261004_m2c_qwen35_trace2_2k_ansraw/ans_raw_262144.akvpack,62550109,206930
20261004_m2c_qwen35_trace2_2k_ansraw,layer19.value.0,19,full_attention,value,0,bfloat16,2,262144,13,3407872,262144,ans_raw,205364,1024,466,0,206854,67c59e9a28c55eb96a000ecf9f3529d07aac72c6568fe0faa21712774078ddfb,67c59e9a28c55eb96a000ecf9f3529d07aac72c6568fe0faa21712774078ddfb,true,/home/zhouziang/Workspace/compression/kv_compression/artifacts/raw/20261004_m2c_qwen35_trace2_2k_ansraw/ans_raw_262144.akvpack,62757047,206846
20261004_m2c_qwen35_trace2_2k_ansraw,layer19.value.0,19,full_attention,value,0,bfloat16,2,262144,14,3670016,262144,ans_raw,205352,1024,466,0,206842,658edae4f940a74036f5f0b7b94a133f4989004979d3abe50cb29c5e4d8d0c5b,658edae4f940a74036f5f0b7b94a133f4989004979d3abe50cb29c5e4d8d0c5b,true,/home/zhouziang/Workspace/compression/kv_compression/artifacts/raw/20261004_m2c_qwen35_trace2_2k_ansraw/ans_raw_262144.akvpack,62963901,206834
20261004_m2c_qwen35_trace2_2k_ansraw,layer19.value.0,19,full_attention,value,0,bfloat16,2,262144,15,3932160,262144,ans_raw,205508,1024,466,0,206998,88f6f371ddce447905d50aa24ac8524dfd88ebdaba24a25d9bdb149c28236260,88f6f371ddce447905d50aa24ac8524dfd88ebdaba24a25d9bdb149c28236260,true,/home/zhouziang/Workspace/compression/kv_compression/artifacts/raw/20261004_m2c_qwen35_trace2_2k_ansraw/ans_raw_262144.akvpack,63170743,206990
20261004_m2c_qwen35_trace2_2k_ansraw,layer20.convolution.0,20,linear_attention,convolution,0,bfloat16,2,262144,0,0,65536,ans_raw,51656,1024,466,0,53146,f62f4f7dcc322ca1ba667a06212d2c2d56810f1f6833445738af840f49a8fa95,f62f4f7dcc322ca1ba667a06212d2c2d56810f1f6833445738af840f49a8fa95,true,/home/zhouziang/Workspace/compression/kv_compression/artifacts/raw/20261004_m2c_qwen35_trace2_2k_ansraw/ans_raw_262144.akvpack,63377741,53138
20261004_m2c_qwen35_trace2_2k_ansraw,layer20.recurrent.0,20,linear_attention,recurrent,0,float32,4,262144,0,0,262144,ans_raw,245892,1024,468,0,247384,2495fcc0ac631a59031c8d9e52f3e4cd01869ffc4dd21ab376a3ed94689249a7,2495fcc0ac631a59031c8d9e52f3e4cd01869ffc4dd21ab376a3ed94689249a7,true,/home/zhouziang/Workspace/compression/kv_compression/artifacts/raw/20261004_m2c_qwen35_trace2_2k_ansraw/ans_raw_262144.akvpack,63430887,247376
20261004_m2c_qwen35_trace2_2k_ansraw,layer20.recurrent.0,20,linear_attention,recurrent,0,float32,4,262144,1,262144,262144,ans_raw,244748,1024,473,0,246245,8135ec81e8018854d3a70e5b6c2560835cc900382399d3b1c7f7049a24ec992b,8135ec81e8018854d3a70e5b6c2560835cc900382399d3b1c7f7049a24ec992b,true,/home/zhouziang/Workspace/compression/kv_compression/artifacts/raw/20261004_m2c_qwen35_trace2_2k_ansraw/ans_raw_262144.akvpack,63678271,246237
20261004_m2c_qwen35_trace2_2k_ansraw,layer20.recurrent.0,20,linear_attention,recurrent,0,float32,4,262144,2,524288,262144,ans_raw,245288,1024,473,0,246785,5e16ca04a6757be53061eca0f7891fdcdc40f8d7f96b72f69b921d07da173500,5e16ca04a6757be53061eca0f7891fdcdc40f8d7f96b72f69b921d07da173500,true,/home/zhouziang/Workspace/compression/kv_compression/artifacts/raw/20261004_m2c_qwen35_trace2_2k_ansraw/ans_raw_262144.akvpack,63924516,246777
20261004_m2c_qwen35_trace2_2k_ansraw,layer20.recurrent.0,20,linear_attention,recurrent,0,float32,4,262144,3,786432,262144,ans_raw,244508,1024,473,0,246005,dd59491c91b375d00df669f62d6255a3a2d4d3884d47fd46afe0ebe32acf1755,dd59491c91b375d00df669f62d6255a3a2d4d3884d47fd46afe0ebe32acf1755,true,/home/zhouziang/Workspace/compression/kv_compression/artifacts/raw/20261004_m2c_qwen35_trace2_2k_ansraw/ans_raw_262144.akvpack,64171301,245997
20261004_m2c_qwen35_trace2_2k_ansraw,layer20.recurrent.0,20,linear_attention,recurrent,0,float32,4,262144,4,1048576,262144,ans_raw,245728,1024,474,0,247226,ade99b2b35d3a9c6405f7f5e5c3e2310f5de09e5ff9348a6a3370ad6928d2030,ade99b2b35d3a9c6405f7f5e5c3e2310f5de09e5ff9348a6a3370ad6928d2030,true,/home/zhouziang/Workspace/compression/kv_compression/artifacts/raw/20261004_m2c_qwen35_trace2_2k_ansraw/ans_raw_262144.akvpack,64417306,247218
20261004_m2c_qwen35_trace2_2k_ansraw,layer20.recurrent.0,20,linear_attention,recurrent,0,float32,4,262144,5,1310720,262144,ans_raw,245860,1024,474,0,247358,e6b0f590f9fdb2b7672bdb106af8bb1647b701f290cf9fece00be7eccaa7a1fa,e6b0f590f9fdb2b7672bdb106af8bb1647b701f290cf9fece00be7eccaa7a1fa,true,/home/zhouziang/Workspace/compression/kv_compression/artifacts/raw/20261004_m2c_qwen35_trace2_2k_ansraw/ans_raw_262144.akvpack,64664532,247350
20261004_m2c_qwen35_trace2_2k_ansraw,layer20.recurrent.0,20,linear_attention,recurrent,0,float32,4,262144,6,1572864,262144,ans_raw,245268,1024,474,0,246766,bfbee7c1e002ee8f70e87d9dd468085125e812e39fe76b56851ab388af59b591,bfbee7c1e002ee8f70e87d9dd468085125e812e39fe76b56851ab388af59b591,true,/home/zhouziang/Workspace/compression/kv_compression/artifacts/raw/20261004_m2c_qwen35_trace2_2k_ansraw/ans_raw_262144.akvpack,64911890,246758
20261004_m2c_qwen35_trace2_2k_ansraw,layer20.recurrent.0,20,linear_attention,recurrent,0,float32,4,262144,7,1835008,262144,ans_raw,245108,1024,474,0,246606,70b5ec91f0545f8e8b10977a9ad2bc5a98c76e8d4075b4969157e8e930139b1c,70b5ec91f0545f8e8b10977a9ad2bc5a98c76e8d4075b4969157e8e930139b1c,true,/home/zhouziang/Workspace/compression/kv_compression/artifacts/raw/20261004_m2c_qwen35_trace2_2k_ansraw/ans_raw_262144.akvpack,65158656,246598
20261004_m2c_qwen35_trace2_2k_ansraw,layer21.convolution.0,21,linear_attention,convolution,0,bfloat16,2,262144,0,0,65536,ans_raw,51548,1024,466,0,53038,dd1da8311afbbe3beb9cc176cf09e5ee21f3886156d57ee7c3f270789ec124e0,dd1da8311afbbe3beb9cc176cf09e5ee21f3886156d57ee7c3f270789ec124e0,true,/home/zhouziang/Workspace/compression/kv_compression/artifacts/raw/20261004_m2c_qwen35_trace2_2k_ansraw/ans_raw_262144.akvpack,65405262,53030
20261004_m2c_qwen35_trace2_2k_ansraw,layer21.recurrent.0,21,linear_attention,recurrent,0,float32,4,262144,0,0,262144,ans_raw,247652,1024,468,0,249144,8e6fea018ab5ae90de6c39334a1a4d0270323ee20f982fc9d0cc1e463dea7a76,8e6fea018ab5ae90de6c39334a1a4d0270323ee20f982fc9d0cc1e463dea7a76,true,/home/zhouziang/Workspace/compression/kv_compression/artifacts/raw/20261004_m2c_qwen35_trace2_2k_ansraw/ans_raw_262144.akvpack,65458300,249136
20261004_m2c_qwen35_trace2_2k_ansraw,layer21.recurrent.0,21,linear_attention,recurrent,0,float32,4,262144,1,262144,262144,ans_raw,245268,1024,473,0,246765,47cf8631c90eadaf032fa6b58a433b3145e3679aca2df517e71aae94604ae9b9,47cf8631c90eadaf032fa6b58a433b3145e3679aca2df517e71aae94604ae9b9,true,/home/zhouziang/Workspace/compression/kv_compression/artifacts/raw/20261004_m2c_qwen35_trace2_2k_ansraw/ans_raw_262144.akvpack,65707444,246757
20261004_m2c_qwen35_trace2_2k_ansraw,layer21.recurrent.0,21,linear_attention,recurrent,0,float32,4,262144,2,524288,262144,ans_raw,245020,1024,473,0,246517,013afa4b95f77b80ad9983108acafaae645ab774caae9c459e6881883a2536d8,013afa4b95f77b80ad9983108acafaae645ab774caae9c459e6881883a2536d8,true,/home/zhouziang/Workspace/compression/kv_compression/artifacts/raw/20261004_m2c_qwen35_trace2_2k_ansraw/ans_raw_262144.akvpack,65954209,246509
20261004_m2c_qwen35_trace2_2k_ansraw,layer21.recurrent.0,21,linear_attention,recurrent,0,float32,4,262144,3,786432,262144,ans_raw,243960,1024,473,0,245457,7a284ff4b420ba283a8c1e37dc18d4710cc586009fedf2909922adf1dc5df5eb,7a284ff4b420ba283a8c1e37dc18d4710cc586009fedf2909922adf1dc5df5eb,true,/home/zhouziang/Workspace/compression/kv_compression/artifacts/raw/20261004_m2c_qwen35_trace2_2k_ansraw/ans_raw_262144.akvpack,66200726,245449
20261004_m2c_qwen35_trace2_2k_ansraw,layer21.recurrent.0,21,linear_attention,recurrent,0,float32,4,262144,4,1048576,262144,ans_raw,245256,1024,474,0,246754,46ca776f32bd60d46d3fe2d08daeda0f289af189c9c3dab381bf3d097a1a60e5,46ca776f32bd60d46d3fe2d08daeda0f289af189c9c3dab381bf3d097a1a60e5,true,/home/zhouziang/Workspace/compression/kv_compression/artifacts/raw/20261004_m2c_qwen35_trace2_2k_ansraw/ans_raw_262144.akvpack,66446183,246746
20261004_m2c_qwen35_trace2_2k_ansraw,layer21.recurrent.0,21,linear_attention,recurrent,0,float32,4,262144,5,1310720,262144,ans_raw,244656,1024,474,0,246154,661b9b9e6d9fad16bf4e763db2f7aab88cb651862de5d246ad28c97515dbb272,661b9b9e6d9fad16bf4e763db2f7aab88cb651862de5d246ad28c97515dbb272,true,/home/zhouziang/Workspace/compression/kv_compression/artifacts/raw/20261004_m2c_qwen35_trace2_2k_ansraw/ans_raw_262144.akvpack,66692937,246146
20261004_m2c_qwen35_trace2_2k_ansraw,layer21.recurrent.0,21,linear_attention,recurrent,0,float32,4,262144,6,1572864,262144,ans_raw,245900,1024,474,0,247398,4653d37ed10e67b59a800b358b3120f54f159d715cee117a77d7d9b029fe01eb,4653d37ed10e67b59a800b358b3120f54f159d715cee117a77d7d9b029fe01eb,true,/home/zhouziang/Workspace/compression/kv_compression/artifacts/raw/20261004_m2c_qwen35_trace2_2k_ansraw/ans_raw_262144.akvpack,66939091,247390
20261004_m2c_qwen35_trace2_2k_ansraw,layer21.recurrent.0,21,linear_attention,recurrent,0,float32,4,262144,7,1835008,262144,ans_raw,244732,1024,474,0,246230,caf2e06cbd3bbafd9bb701f1e14f9d73e09fa01cc4a69bb832d5ef76d0a07403,caf2e06cbd3bbafd9bb701f1e14f9d73e09fa01cc4a69bb832d5ef76d0a07403,true,/home/zhouziang/Workspace/compression/kv_compression/artifacts/raw/20261004_m2c_qwen35_trace2_2k_ansraw/ans_raw_262144.akvpack,67186489,246222
20261004_m2c_qwen35_trace2_2k_ansraw,layer22.convolution.0,22,linear_attention,convolution,0,bfloat16,2,262144,0,0,65536,ans_raw,51420,1024,466,0,52910,6968108930879ddd2e23ee8b2176b1cb08d6a10bcc6a9d9bcfa2520f56d960d2,6968108930879ddd2e23ee8b2176b1cb08d6a10bcc6a9d9bcfa2520f56d960d2,true,/home/zhouziang/Workspace/compression/kv_compression/artifacts/raw/20261004_m2c_qwen35_trace2_2k_ansraw/ans_raw_262144.akvpack,67432719,52902
20261004_m2c_qwen35_trace2_2k_ansraw,layer22.recurrent.0,22,linear_attention,recurrent,0,float32,4,262144,0,0,262144,ans_raw,245164,1024,468,0,246656,a47ae693a95eacd4ab50084e9892cfeb5f1e880c4592b0f19b6bbf1e93fff426,a47ae693a95eacd4ab50084e9892cfeb5f1e880c4592b0f19b6bbf1e93fff426,true,/home/zhouziang/Workspace/compression/kv_compression/artifacts/raw/20261004_m2c_qwen35_trace2_2k_ansraw/ans_raw_262144.akvpack,67485629,246648
20261004_m2c_qwen35_trace2_2k_ansraw,layer22.recurrent.0,22,linear_attention,recurrent,0,float32,4,262144,1,262144,262144,ans_raw,244804,1024,473,0,246301,32db850e529ecbd89ddc6a8dd6db1697ac953934912556ec05830a273dc89f93,32db850e529ecbd89ddc6a8dd6db1697ac953934912556ec05830a273dc89f93,true,/home/zhouziang/Workspace/compression/kv_compression/artifacts/raw/20261004_m2c_qwen35_trace2_2k_ansraw/ans_raw_262144.akvpack,67732285,246293
20261004_m2c_qwen35_trace2_2k_ansraw,layer22.recurrent.0,22,linear_attention,recurrent,0,float32,4,262144,2,524288,262144,ans_raw,244744,1024,473,0,246241,bb4fd985299b1d61f1ba4705b6ee6df75793ffa20f2109807db3159cc9fb14c8,bb4fd985299b1d61f1ba4705b6ee6df75793ffa20f2109807db3159cc9fb14c8,true,/home/zhouziang/Workspace/compression/kv_compression/artifacts/raw/20261004_m2c_qwen35_trace2_2k_ansraw/ans_raw_262144.akvpack,67978586,246233
20261004_m2c_qwen35_trace2_2k_ansraw,layer22.recurrent.0,22,linear_attention,recurrent,0,float32,4,262144,3,786432,262144,ans_raw,244472,1024,473,0,245969,f56b3b3d04f440593e693ed47b2b275e6fee609f510b0ce859cb982c88376141,f56b3b3d04f440593e693ed47b2b275e6fee609f510b0ce859cb982c88376141,true,/home/zhouziang/Workspace/compression/kv_compression/artifacts/raw/20261004_m2c_qwen35_trace2_2k_ansraw/ans_raw_262144.akvpack,68224827,245961
20261004_m2c_qwen35_trace2_2k_ansraw,layer22.recurrent.0,22,linear_attention,recurrent,0,float32,4,262144,4,1048576,262144,ans_raw,244652,1024,474,0,246150,09d051dc31d793ccd6e347f76f4134dcf8e9f7d4337c5bb906c7a1204114e027,09d051dc31d793ccd6e347f76f4134dcf8e9f7d4337c5bb906c7a1204114e027,true,/home/zhouziang/Workspace/compression/kv_compression/artifacts/raw/20261004_m2c_qwen35_trace2_2k_ansraw/ans_raw_262144.akvpack,68470796,246142
20261004_m2c_qwen35_trace2_2k_ansraw,layer22.recurrent.0,22,linear_attention,recurrent,0,float32,4,262144,5,1310720,262144,ans_raw,244664,1024,474,0,246162,d7847d281409fc0efce78b04b3145185d47d85a3b3865c54bae0e6e64dce560e,d7847d281409fc0efce78b04b3145185d47d85a3b3865c54bae0e6e64dce560e,true,/home/zhouziang/Workspace/compression/kv_compression/artifacts/raw/20261004_m2c_qwen35_trace2_2k_ansraw/ans_raw_262144.akvpack,68716946,246154
20261004_m2c_qwen35_trace2_2k_ansraw,layer22.recurrent.0,22,linear_attention,recurrent,0,float32,4,262144,6,1572864,262144,ans_raw,243872,1024,474,0,245370,98a920f25aa0e296d6625d0e96de19320ccc1c928732dc3700bceed2175f3b22,98a920f25aa0e296d6625d0e96de19320ccc1c928732dc3700bceed2175f3b22,true,/home/zhouziang/Workspace/compression/kv_compression/artifacts/raw/20261004_m2c_qwen35_trace2_2k_ansraw/ans_raw_262144.akvpack,68963108,245362
20261004_m2c_qwen35_trace2_2k_ansraw,layer22.recurrent.0,22,linear_attention,recurrent,0,float32,4,262144,7,1835008,262144,ans_raw,244868,1024,474,0,246366,003e37a6d8be7cd8ebdc2dc4372d2923a66537d5d30712916102e3ff44989ced,003e37a6d8be7cd8ebdc2dc4372d2923a66537d5d30712916102e3ff44989ced,true,/home/zhouziang/Workspace/compression/kv_compression/artifacts/raw/20261004_m2c_qwen35_trace2_2k_ansraw/ans_raw_262144.akvpack,69208478,246358
20261004_m2c_qwen35_trace2_2k_ansraw,layer23.key.0,23,full_attention,key,0,bfloat16,2,262144,0,0,262144,ans_raw,206612,1024,455,0,208091,ee685ca031b1377bc98149f5cffe7d7d56fb024ec41540c0ffe56016c6fd05dd,ee685ca031b1377bc98149f5cffe7d7d56fb024ec41540c0ffe56016c6fd05dd,true,/home/zhouziang/Workspace/compression/kv_compression/artifacts/raw/20261004_m2c_qwen35_trace2_2k_ansraw/ans_raw_262144.akvpack,69454844,208083
20261004_m2c_qwen35_trace2_2k_ansraw,layer23.key.0,23,full_attention,key,0,bfloat16,2,262144,1,262144,262144,ans_raw,206372,1024,460,0,207856,b970794c388a9e5e3996a62c8688174e666024807d3f198e6b224b99ad708aaa,b970794c388a9e5e3996a62c8688174e666024807d3f198e6b224b99ad708aaa,true,/home/zhouziang/Workspace/compression/kv_compression/artifacts/raw/20261004_m2c_qwen35_trace2_2k_ansraw/ans_raw_262144.akvpack,69662935,207848
20261004_m2c_qwen35_trace2_2k_ansraw,layer23.key.0,23,full_attention,key,0,bfloat16,2,262144,2,524288,262144,ans_raw,206168,1024,460,0,207652,2e2b41f3b8d32b84a2b1340e73482af3d752bdfdaf86e3a5a57bdc3e6df32a81,2e2b41f3b8d32b84a2b1340e73482af3d752bdfdaf86e3a5a57bdc3e6df32a81,true,/home/zhouziang/Workspace/compression/kv_compression/artifacts/raw/20261004_m2c_qwen35_trace2_2k_ansraw/ans_raw_262144.akvpack,69870791,207644
20261004_m2c_qwen35_trace2_2k_ansraw,layer23.key.0,23,full_attention,key,0,bfloat16,2,262144,3,786432,262144,ans_raw,206240,1024,460,0,207724,2cfae5bc7ea05de724a2ffb8a2c4656003e0018aa81692df68a48e519995392f,2cfae5bc7ea05de724a2ffb8a2c4656003e0018aa81692df68a48e519995392f,true,/home/zhouziang/Workspace/compression/kv_compression/artifacts/raw/20261004_m2c_qwen35_trace2_2k_ansraw/ans_raw_262144.akvpack,70078443,207716
20261004_m2c_qwen35_trace2_2k_ansraw,layer23.key.0,23,full_attention,key,0,bfloat16,2,262144,4,1048576,262144,ans_raw,206668,1024,461,0,208153,c7be2c33ba217608d08a69f30a4f87bd91746818db6005f0fed4224a0ea46d9b,c7be2c33ba217608d08a69f30a4f87bd91746818db6005f0fed4224a0ea46d9b,true,/home/zhouziang/Workspace/compression/kv_compression/artifacts/raw/20261004_m2c_qwen35_trace2_2k_ansraw/ans_raw_262144.akvpack,70286167,208145
20261004_m2c_qwen35_trace2_2k_ansraw,layer23.key.0,23,full_attention,key,0,bfloat16,2,262144,5,1310720,262144,ans_raw,206192,1024,461,0,207677,73e842966e5482dfbe51ddd47e7a8c6b118d10697e4a2672e04a47b56a864575,73e842966e5482dfbe51ddd47e7a8c6b118d10697e4a2672e04a47b56a864575,true,/home/zhouziang/Workspace/compression/kv_compression/artifacts/raw/20261004_m2c_qwen35_trace2_2k_ansraw/ans_raw_262144.akvpack,70494320,207669
20261004_m2c_qwen35_trace2_2k_ansraw,layer23.key.0,23,full_attention,key,0,bfloat16,2,262144,6,1572864,262144,ans_raw,206096,1024,461,0,207581,86c2e9e15c571e4a00abfd28fa64da2893fe90942dc20621cf35f0b1aaebdc9d,86c2e9e15c571e4a00abfd28fa64da2893fe90942dc20621cf35f0b1aaebdc9d,true,/home/zhouziang/Workspace/compression/kv_compression/artifacts/raw/20261004_m2c_qwen35_trace2_2k_ansraw/ans_raw_262144.akvpack,70701997,207573
20261004_m2c_qwen35_trace2_2k_ansraw,layer23.key.0,23,full_attention,key,0,bfloat16,2,262144,7,1835008,262144,ans_raw,206116,1024,461,0,207601,1bfeec81ff2059a1da5dcedafac45420e23cd6b4109603c79e76e59fc32ad1f2,1bfeec81ff2059a1da5dcedafac45420e23cd6b4109603c79e76e59fc32ad1f2,true,/home/zhouziang/Workspace/compression/kv_compression/artifacts/raw/20261004_m2c_qwen35_trace2_2k_ansraw/ans_raw_262144.akvpack,70909578,207593
20261004_m2c_qwen35_trace2_2k_ansraw,layer23.key.0,23,full_attention,key,0,bfloat16,2,262144,8,2097152,262144,ans_raw,206216,1024,461,0,207701,348e777adb08256ed91a56183af50b557e238245ef1b0e6d191fa709e657b4e4,348e777adb08256ed91a56183af50b557e238245ef1b0e6d191fa709e657b4e4,true,/home/zhouziang/Workspace/compression/kv_compression/artifacts/raw/20261004_m2c_qwen35_trace2_2k_ansraw/ans_raw_262144.akvpack,71117179,207693
20261004_m2c_qwen35_trace2_2k_ansraw,layer23.key.0,23,full_attention,key,0,bfloat16,2,262144,9,2359296,262144,ans_raw,205888,1024,461,0,207373,7e039f0602a941cf88e6895bf68918d5febc985325908614673e3a24ff78a5ab,7e039f0602a941cf88e6895bf68918d5febc985325908614673e3a24ff78a5ab,true,/home/zhouziang/Workspace/compression/kv_compression/artifacts/raw/20261004_m2c_qwen35_trace2_2k_ansraw/ans_raw_262144.akvpack,71324880,207365
20261004_m2c_qwen35_trace2_2k_ansraw,layer23.key.0,23,full_attention,key,0,bfloat16,2,262144,10,2621440,262144,ans_raw,205716,1024,462,0,207202,d5df641d2c4a2e8259af38b982cc76e00079858b6486381141d4640a2ec762d4,d5df641d2c4a2e8259af38b982cc76e00079858b6486381141d4640a2ec762d4,true,/home/zhouziang/Workspace/compression/kv_compression/artifacts/raw/20261004_m2c_qwen35_trace2_2k_ansraw/ans_raw_262144.akvpack,71532253,207194
20261004_m2c_qwen35_trace2_2k_ansraw,layer23.key.0,23,full_attention,key,0,bfloat16,2,262144,11,2883584,262144,ans_raw,205860,1024,462,0,207346,9d5d0fe44ae1c2109ba19374296c8f2faf46bde0c66b61220ae03fd992b831e2,9d5d0fe44ae1c2109ba19374296c8f2faf46bde0c66b61220ae03fd992b831e2,true,/home/zhouziang/Workspace/compression/kv_compression/artifacts/raw/20261004_m2c_qwen35_trace2_2k_ansraw/ans_raw_262144.akvpack,71739455,207338
20261004_m2c_qwen35_trace2_2k_ansraw,layer23.key.0,23,full_attention,key,0,bfloat16,2,262144,12,3145728,262144,ans_raw,206936,1024,462,0,208422,40cc831863e9977cc6a9becca2a56ac06f7a22477793def59f0629a8581cfb69,40cc831863e9977cc6a9becca2a56ac06f7a22477793def59f0629a8581cfb69,true,/home/zhouziang/Workspace/compression/kv_compression/artifacts/raw/20261004_m2c_qwen35_trace2_2k_ansraw/ans_raw_262144.akvpack,71946801,208414
20261004_m2c_qwen35_trace2_2k_ansraw,layer23.key.0,23,full_attention,key,0,bfloat16,2,262144,13,3407872,262144,ans_raw,206640,1024,462,0,208126,532e00a204ff684ea58a5c8fd43c471c9f2667071168c58a4285399d277f1c8b,532e00a204ff684ea58a5c8fd43c471c9f2667071168c58a4285399d277f1c8b,true,/home/zhouziang/Workspace/compression/kv_compression/artifacts/raw/20261004_m2c_qwen35_trace2_2k_ansraw/ans_raw_262144.akvpack,72155223,208118
20261004_m2c_qwen35_trace2_2k_ansraw,layer23.key.0,23,full_attention,key,0,bfloat16,2,262144,14,3670016,262144,ans_raw,206368,1024,462,0,207854,e993aef2cb75427e1c3d28286ae40f6613624e54188c3aecec95bf8069234242,e993aef2cb75427e1c3d28286ae40f6613624e54188c3aecec95bf8069234242,true,/home/zhouziang/Workspace/compression/kv_compression/artifacts/raw/20261004_m2c_qwen35_trace2_2k_ansraw/ans_raw_262144.akvpack,72363349,207846
20261004_m2c_qwen35_trace2_2k_ansraw,layer23.key.0,23,full_attention,key,0,bfloat16,2,262144,15,3932160,262144,ans_raw,206452,1024,462,0,207938,f61cf0d5ac74b453c80f175172d23c1034f59737d3ad2abd652ac5df6895030c,f61cf0d5ac74b453c80f175172d23c1034f59737d3ad2abd652ac5df6895030c,true,/home/zhouziang/Workspace/compression/kv_compression/artifacts/raw/20261004_m2c_qwen35_trace2_2k_ansraw/ans_raw_262144.akvpack,72571203,207930
20261004_m2c_qwen35_trace2_2k_ansraw,layer23.value.0,23,full_attention,value,0,bfloat16,2,262144,0,0,262144,ans_raw,205688,1024,459,0,207171,8848b223a0fc07bb1fb58e3deed821322629d6607ccb115a5888749150ec4d23,8848b223a0fc07bb1fb58e3deed821322629d6607ccb115a5888749150ec4d23,true,/home/zhouziang/Workspace/compression/kv_compression/artifacts/raw/20261004_m2c_qwen35_trace2_2k_ansraw/ans_raw_262144.akvpack,72779141,207163
20261004_m2c_qwen35_trace2_2k_ansraw,layer23.value.0,23,full_attention,value,0,bfloat16,2,262144,1,262144,262144,ans_raw,205712,1024,464,0,207200,6a266065ded4831e806d953cba3e9aa9c018c7db047c39901b4fc728bb58a309,6a266065ded4831e806d953cba3e9aa9c018c7db047c39901b4fc728bb58a309,true,/home/zhouziang/Workspace/compression/kv_compression/artifacts/raw/20261004_m2c_qwen35_trace2_2k_ansraw/ans_raw_262144.akvpack,72986312,207192
20261004_m2c_qwen35_trace2_2k_ansraw,layer23.value.0,23,full_attention,value,0,bfloat16,2,262144,2,524288,262144,ans_raw,205572,1024,464,0,207060,e390b8f70e9754e01154d20811d7b14361ea08b9509758f742b52aa85859b27e,e390b8f70e9754e01154d20811d7b14361ea08b9509758f742b52aa85859b27e,true,/home/zhouziang/Workspace/compression/kv_compression/artifacts/raw/20261004_m2c_qwen35_trace2_2k_ansraw/ans_raw_262144.akvpack,73193512,207052
20261004_m2c_qwen35_trace2_2k_ansraw,layer23.value.0,23,full_attention,value,0,bfloat16,2,262144,3,786432,262144,ans_raw,205592,1024,464,0,207080,505229cb5ccfa9b2c8737cda0b7b10a6231a81455d3012c3dc4a4b6f5dd7c828,505229cb5ccfa9b2c8737cda0b7b10a6231a81455d3012c3dc4a4b6f5dd7c828,true,/home/zhouziang/Workspace/compression/kv_compression/artifacts/raw/20261004_m2c_qwen35_trace2_2k_ansraw/ans_raw_262144.akvpack,73400572,207072
20261004_m2c_qwen35_trace2_2k_ansraw,layer23.value.0,23,full_attention,value,0,bfloat16,2,262144,4,1048576,262144,ans_raw,205580,1024,465,0,207069,a47ca58c0bfd148bed5e973ff32b06b27eea16fa2fae6b9fa2de04875e9d2ecd,a47ca58c0bfd148bed5e973ff32b06b27eea16fa2fae6b9fa2de04875e9d2ecd,true,/home/zhouziang/Workspace/compression/kv_compression/artifacts/raw/20261004_m2c_qwen35_trace2_2k_ansraw/ans_raw_262144.akvpack,73607652,207061
20261004_m2c_qwen35_trace2_2k_ansraw,layer23.value.0,23,full_attention,value,0,bfloat16,2,262144,5,1310720,262144,ans_raw,205576,1024,465,0,207065,0520e3dcae936630aacc770e1536e5467f3a4f58004547d8b3a9a1c8f8207f7e,0520e3dcae936630aacc770e1536e5467f3a4f58004547d8b3a9a1c8f8207f7e,true,/home/zhouziang/Workspace/compression/kv_compression/artifacts/raw/20261004_m2c_qwen35_trace2_2k_ansraw/ans_raw_262144.akvpack,73814721,207057
20261004_m2c_qwen35_trace2_2k_ansraw,layer23.value.0,23,full_attention,value,0,bfloat16,2,262144,6,1572864,262144,ans_raw,205460,1024,465,0,206949,7fc87326227bb0fc44573c708b42e521491ff9240825d260c4198c517f904757,7fc87326227bb0fc44573c708b42e521491ff9240825d260c4198c517f904757,true,/home/zhouziang/Workspace/compression/kv_compression/artifacts/raw/20261004_m2c_qwen35_trace2_2k_ansraw/ans_raw_262144.akvpack,74021786,206941
20261004_m2c_qwen35_trace2_2k_ansraw,layer23.value.0,23,full_attention,value,0,bfloat16,2,262144,7,1835008,262144,ans_raw,205408,1024,465,0,206897,7e1cf6483b301593f3ee095341d05fda0337ea18aaf53258d96cab8b9a4cb0be,7e1cf6483b301593f3ee095341d05fda0337ea18aaf53258d96cab8b9a4cb0be,true,/home/zhouziang/Workspace/compression/kv_compression/artifacts/raw/20261004_m2c_qwen35_trace2_2k_ansraw/ans_raw_262144.akvpack,74228735,206889
20261004_m2c_qwen35_trace2_2k_ansraw,layer23.value.0,23,full_attention,value,0,bfloat16,2,262144,8,2097152,262144,ans_raw,206080,1024,465,0,207569,d062a98293ca9fcc805ad4945c30f9e0006d4e2b6f8c3816bc7ef1eb1a5a512a,d062a98293ca9fcc805ad4945c30f9e0006d4e2b6f8c3816bc7ef1eb1a5a512a,true,/home/zhouziang/Workspace/compression/kv_compression/artifacts/raw/20261004_m2c_qwen35_trace2_2k_ansraw/ans_raw_262144.akvpack,74435632,207561
20261004_m2c_qwen35_trace2_2k_ansraw,layer23.value.0,23,full_attention,value,0,bfloat16,2,262144,9,2359296,262144,ans_raw,205976,1024,465,0,207465,83ff220a0ff329d501d323f8ef58fa9734c008664f99b5381b32e3e0a8abcb9b,83ff220a0ff329d501d323f8ef58fa9734c008664f99b5381b32e3e0a8abcb9b,true,/home/zhouziang/Workspace/compression/kv_compression/artifacts/raw/20261004_m2c_qwen35_trace2_2k_ansraw/ans_raw_262144.akvpack,74643201,207457
20261004_m2c_qwen35_trace2_2k_ansraw,layer23.value.0,23,full_attention,value,0,bfloat16,2,262144,10,2621440,262144,ans_raw,205832,1024,466,0,207322,859c266256567af4806b0b45812c79c997966dad45049a19f6286d4682b102d4,859c266256567af4806b0b45812c79c997966dad45049a19f6286d4682b102d4,true,/home/zhouziang/Workspace/compression/kv_compression/artifacts/raw/20261004_m2c_qwen35_trace2_2k_ansraw/ans_raw_262144.akvpack,74850666,207314
20261004_m2c_qwen35_trace2_2k_ansraw,layer23.value.0,23,full_attention,value,0,bfloat16,2,262144,11,2883584,262144,ans_raw,205960,1024,466,0,207450,2702b2a72930dd3318c90afbaeef31bb268b42af7eb04abce55725ea7d491984,2702b2a72930dd3318c90afbaeef31bb268b42af7eb04abce55725ea7d491984,true,/home/zhouziang/Workspace/compression/kv_compression/artifacts/raw/20261004_m2c_qwen35_trace2_2k_ansraw/ans_raw_262144.akvpack,75057988,207442
20261004_m2c_qwen35_trace2_2k_ansraw,layer23.value.0,23,full_attention,value,0,bfloat16,2,262144,12,3145728,262144,ans_raw,205388,1024,466,0,206878,7969e3620fbe935eb691ded4d23d35001a93fd10105d726a734086b193595078,7969e3620fbe935eb691ded4d23d35001a93fd10105d726a734086b193595078,true,/home/zhouziang/Workspace/compression/kv_compression/artifacts/raw/20261004_m2c_qwen35_trace2_2k_ansraw/ans_raw_262144.akvpack,75265438,206870
20261004_m2c_qwen35_trace2_2k_ansraw,layer23.value.0,23,full_attention,value,0,bfloat16,2,262144,13,3407872,262144,ans_raw,205376,1024,466,0,206866,6f178be2cb6c010f0d0e572d2e74ccb839fb34e4643cbe89e23b7a6fea6c7f5b,6f178be2cb6c010f0d0e572d2e74ccb839fb34e4643cbe89e23b7a6fea6c7f5b,true,/home/zhouziang/Workspace/compression/kv_compression/artifacts/raw/20261004_m2c_qwen35_trace2_2k_ansraw/ans_raw_262144.akvpack,75472316,206858
20261004_m2c_qwen35_trace2_2k_ansraw,layer23.value.0,23,full_attention,value,0,bfloat16,2,262144,14,3670016,262144,ans_raw,205284,1024,466,0,206774,5e91ca60c0cfb705253f764193c850afb319e0d2377de4d1a621b16cdf187e7b,5e91ca60c0cfb705253f764193c850afb319e0d2377de4d1a621b16cdf187e7b,true,/home/zhouziang/Workspace/compression/kv_compression/artifacts/raw/20261004_m2c_qwen35_trace2_2k_ansraw/ans_raw_262144.akvpack,75679182,206766
20261004_m2c_qwen35_trace2_2k_ansraw,layer23.value.0,23,full_attention,value,0,bfloat16,2,262144,15,3932160,262144,ans_raw,205280,1024,466,0,206770,7b15554666de56ac8e5512014cc8b8f4efb1648c22c6824721a1d7d56a449164,7b15554666de56ac8e5512014cc8b8f4efb1648c22c6824721a1d7d56a449164,true,/home/zhouziang/Workspace/compression/kv_compression/artifacts/raw/20261004_m2c_qwen35_trace2_2k_ansraw/ans_raw_262144.akvpack,75885956,206762
20261004_m2c_qwen35_trace2_2k_ansraw,layer24.convolution.0,24,linear_attention,convolution,0,bfloat16,2,262144,0,0,65536,ans_raw,51400,1024,466,0,52890,f4a643ecccafa7e75abad12399bb09b80fa72a380b54694f14b044c6fc7113f6,f4a643ecccafa7e75abad12399bb09b80fa72a380b54694f14b044c6fc7113f6,true,/home/zhouziang/Workspace/compression/kv_compression/artifacts/raw/20261004_m2c_qwen35_trace2_2k_ansraw/ans_raw_262144.akvpack,76092726,52882
20261004_m2c_qwen35_trace2_2k_ansraw,layer24.recurrent.0,24,linear_attention,recurrent,0,float32,4,262144,0,0,262144,ans_raw,246056,1024,468,0,247548,804ebd54682f945a503703ae62a59448f53e3ced740989b65566e393dcaa8070,804ebd54682f945a503703ae62a59448f53e3ced740989b65566e393dcaa8070,true,/home/zhouziang/Workspace/compression/kv_compression/artifacts/raw/20261004_m2c_qwen35_trace2_2k_ansraw/ans_raw_262144.akvpack,76145616,247540
20261004_m2c_qwen35_trace2_2k_ansraw,layer24.recurrent.0,24,linear_attention,recurrent,0,float32,4,262144,1,262144,262144,ans_raw,244700,1024,473,0,246197,e71ae3805784a43c1b8329340032ee80a435867d6433fc1814a90b6e067361cd,e71ae3805784a43c1b8329340032ee80a435867d6433fc1814a90b6e067361cd,true,/home/zhouziang/Workspace/compression/kv_compression/artifacts/raw/20261004_m2c_qwen35_trace2_2k_ansraw/ans_raw_262144.akvpack,76393164,246189
20261004_m2c_qwen35_trace2_2k_ansraw,layer24.recurrent.0,24,linear_attention,recurrent,0,float32,4,262144,2,524288,262144,ans_raw,244408,1024,473,0,245905,2ea6c2bdd5c54f0d1ee089405fa4b82a4f589ccfe6d4b5a7b44e43b2f40e77dc,2ea6c2bdd5c54f0d1ee089405fa4b82a4f589ccfe6d4b5a7b44e43b2f40e77dc,true,/home/zhouziang/Workspace/compression/kv_compression/artifacts/raw/20261004_m2c_qwen35_trace2_2k_ansraw/ans_raw_262144.akvpack,76639361,245897
20261004_m2c_qwen35_trace2_2k_ansraw,layer24.recurrent.0,24,linear_attention,recurrent,0,float32,4,262144,3,786432,262144,ans_raw,244536,1024,473,0,246033,a9ebc5053c1398865d5997621968c6f00f95efb75f541f16172bc4845543a328,a9ebc5053c1398865d5997621968c6f00f95efb75f541f16172bc4845543a328,true,/home/zhouziang/Workspace/compression/kv_compression/artifacts/raw/20261004_m2c_qwen35_trace2_2k_ansraw/ans_raw_262144.akvpack,76885266,246025
20261004_m2c_qwen35_trace2_2k_ansraw,layer24.recurrent.0,24,linear_attention,recurrent,0,float32,4,262144,4,1048576,262144,ans_raw,244892,1024,474,0,246390,614caf8fa4488be40332dc5a6471ca91b47315ea8728bb43df792c36f5be29c8,614caf8fa4488be40332dc5a6471ca91b47315ea8728bb43df792c36f5be29c8,true,/home/zhouziang/Workspace/compression/kv_compression/artifacts/raw/20261004_m2c_qwen35_trace2_2k_ansraw/ans_raw_262144.akvpack,77131299,246382
20261004_m2c_qwen35_trace2_2k_ansraw,layer24.recurrent.0,24,linear_attention,recurrent,0,float32,4,262144,5,1310720,262144,ans_raw,243992,1024,474,0,245490,f879dff890327f35325b7690b69979b84d28f8198e62c458e824653b790db9f2,f879dff890327f35325b7690b69979b84d28f8198e62c458e824653b790db9f2,true,/home/zhouziang/Workspace/compression/kv_compression/artifacts/raw/20261004_m2c_qwen35_trace2_2k_ansraw/ans_raw_262144.akvpack,77377689,245482
20261004_m2c_qwen35_trace2_2k_ansraw,layer24.recurrent.0,24,linear_attention,recurrent,0,float32,4,262144,6,1572864,262144,ans_raw,244836,1024,474,0,246334,1e5c3d032e054631491ca3d8f41d8be127c4466d91f0b1179be35d4d62ede0bc,1e5c3d032e054631491ca3d8f41d8be127c4466d91f0b1179be35d4d62ede0bc,true,/home/zhouziang/Workspace/compression/kv_compression/artifacts/raw/20261004_m2c_qwen35_trace2_2k_ansraw/ans_raw_262144.akvpack,77623179,246326
20261004_m2c_qwen35_trace2_2k_ansraw,layer24.recurrent.0,24,linear_attention,recurrent,0,float32,4,262144,7,1835008,262144,ans_raw,244532,1024,474,0,246030,35a015756cba9fe67ee0219e14c0fc98b80a6b64e8b50f024d8c62c70661860d,35a015756cba9fe67ee0219e14c0fc98b80a6b64e8b50f024d8c62c70661860d,true,/home/zhouziang/Workspace/compression/kv_compression/artifacts/raw/20261004_m2c_qwen35_trace2_2k_ansraw/ans_raw_262144.akvpack,77869513,246022
20261004_m2c_qwen35_trace2_2k_ansraw,layer25.convolution.0,25,linear_attention,convolution,0,bfloat16,2,262144,0,0,65536,ans_raw,51488,1024,466,0,52978,50a789d62d67893533453ac65bbf86a9c54e5739a73adf5270ad53f83a8c21e5,50a789d62d67893533453ac65bbf86a9c54e5739a73adf5270ad53f83a8c21e5,true,/home/zhouziang/Workspace/compression/kv_compression/artifacts/raw/20261004_m2c_qwen35_trace2_2k_ansraw/ans_raw_262144.akvpack,78115543,52970
20261004_m2c_qwen35_trace2_2k_ansraw,layer25.recurrent.0,25,linear_attention,recurrent,0,float32,4,262144,0,0,262144,ans_raw,244204,1024,468,0,245696,96a03a2dc774e6bf00df671d505fde9a476db43884fe9c01ca638d4c1aa496a9,96a03a2dc774e6bf00df671d505fde9a476db43884fe9c01ca638d4c1aa496a9,true,/home/zhouziang/Workspace/compression/kv_compression/artifacts/raw/20261004_m2c_qwen35_trace2_2k_ansraw/ans_raw_262144.akvpack,78168521,245688
20261004_m2c_qwen35_trace2_2k_ansraw,layer25.recurrent.0,25,linear_attention,recurrent,0,float32,4,262144,1,262144,262144,ans_raw,244180,1024,473,0,245677,bc1f42b3cf999a9c2579e10582e8d3229c4c64c63de099f6aae75b0f29693fa1,bc1f42b3cf999a9c2579e10582e8d3229c4c64c63de099f6aae75b0f29693fa1,true,/home/zhouziang/Workspace/compression/kv_compression/artifacts/raw/20261004_m2c_qwen35_trace2_2k_ansraw/ans_raw_262144.akvpack,78414217,245669
20261004_m2c_qwen35_trace2_2k_ansraw,layer25.recurrent.0,25,linear_attention,recurrent,0,float32,4,262144,2,524288,262144,ans_raw,247480,1024,473,0,248977,10d4a3e10fe572033442192f85f00120e6bbfb79779947eff223c78b6a85d183,10d4a3e10fe572033442192f85f00120e6bbfb79779947eff223c78b6a85d183,true,/home/zhouziang/Workspace/compression/kv_compression/artifacts/raw/20261004_m2c_qwen35_trace2_2k_ansraw/ans_raw_262144.akvpack,78659894,248969
20261004_m2c_qwen35_trace2_2k_ansraw,layer25.recurrent.0,25,linear_attention,recurrent,0,float32,4,262144,3,786432,262144,ans_raw,244164,1024,473,0,245661,39ea5e793ba4c0a8e046e794d2c12375e94e9620c259db44f775c46e34cefd54,39ea5e793ba4c0a8e046e794d2c12375e94e9620c259db44f775c46e34cefd54,true,/home/zhouziang/Workspace/compression/kv_compression/artifacts/raw/20261004_m2c_qwen35_trace2_2k_ansraw/ans_raw_262144.akvpack,78908871,245653
20261004_m2c_qwen35_trace2_2k_ansraw,layer25.recurrent.0,25,linear_attention,recurrent,0,float32,4,262144,4,1048576,262144,ans_raw,244192,1024,474,0,245690,3f42364fec518cea49c0234259521ff961af7df60c10c0d6a6a244a1ffb08b6a,3f42364fec518cea49c0234259521ff961af7df60c10c0d6a6a244a1ffb08b6a,true,/home/zhouziang/Workspace/compression/kv_compression/artifacts/raw/20261004_m2c_qwen35_trace2_2k_ansraw/ans_raw_262144.akvpack,79154532,245682
20261004_m2c_qwen35_trace2_2k_ansraw,layer25.recurrent.0,25,linear_attention,recurrent,0,float32,4,262144,5,1310720,262144,ans_raw,245520,1024,474,0,247018,6cd847ac8fa2538483965705732e02cf5cbbfeb4d052a629e7db753ebe1b0446,6cd847ac8fa2538483965705732e02cf5cbbfeb4d052a629e7db753ebe1b0446,true,/home/zhouziang/Workspace/compression/kv_compression/artifacts/raw/20261004_m2c_qwen35_trace2_2k_ansraw/ans_raw_262144.akvpack,79400222,247010
20261004_m2c_qwen35_trace2_2k_ansraw,layer25.recurrent.0,25,linear_attention,recurrent,0,float32,4,262144,6,1572864,262144,ans_raw,243936,1024,474,0,245434,4a8a42c812a1edaca754ddb25e8f9a7cfd1b8b082eac2e55c78c14b82f0637c3,4a8a42c812a1edaca754ddb25e8f9a7cfd1b8b082eac2e55c78c14b82f0637c3,true,/home/zhouziang/Workspace/compression/kv_compression/artifacts/raw/20261004_m2c_qwen35_trace2_2k_ansraw/ans_raw_262144.akvpack,79647240,245426
20261004_m2c_qwen35_trace2_2k_ansraw,layer25.recurrent.0,25,linear_attention,recurrent,0,float32,4,262144,7,1835008,262144,ans_raw,243816,1024,474,0,245314,a11c1b5484fd81088954cb8148966d736140221791f5b187fc004c9f1d0759f5,a11c1b5484fd81088954cb8148966d736140221791f5b187fc004c9f1d0759f5,true,/home/zhouziang/Workspace/compression/kv_compression/artifacts/raw/20261004_m2c_qwen35_trace2_2k_ansraw/ans_raw_262144.akvpack,79892674,245306
20261004_m2c_qwen35_trace2_2k_ansraw,layer26.convolution.0,26,linear_attention,convolution,0,bfloat16,2,262144,0,0,65536,ans_raw,51452,1024,466,0,52942,6b7d42fc8a401e5b192f93fcce52ef871e41802a3e772c8166d19e45004fed4f,6b7d42fc8a401e5b192f93fcce52ef871e41802a3e772c8166d19e45004fed4f,true,/home/zhouziang/Workspace/compression/kv_compression/artifacts/raw/20261004_m2c_qwen35_trace2_2k_ansraw/ans_raw_262144.akvpack,80137988,52934
20261004_m2c_qwen35_trace2_2k_ansraw,layer26.recurrent.0,26,linear_attention,recurrent,0,float32,4,262144,0,0,262144,ans_raw,245060,1024,468,0,246552,c2a540bd43f314e534d800f1ce9e9fbbb28108da14232a77e877a3a0ca3990bb,c2a540bd43f314e534d800f1ce9e9fbbb28108da14232a77e877a3a0ca3990bb,true,/home/zhouziang/Workspace/compression/kv_compression/artifacts/raw/20261004_m2c_qwen35_trace2_2k_ansraw/ans_raw_262144.akvpack,80190930,246544
20261004_m2c_qwen35_trace2_2k_ansraw,layer26.recurrent.0,26,linear_attention,recurrent,0,float32,4,262144,1,262144,262144,ans_raw,244304,1024,473,0,245801,335bfe98e0b9e3bd491801ae9dd08161469636d775dde0b556af39af7a1b8ec8,335bfe98e0b9e3bd491801ae9dd08161469636d775dde0b556af39af7a1b8ec8,true,/home/zhouziang/Workspace/compression/kv_compression/artifacts/raw/20261004_m2c_qwen35_trace2_2k_ansraw/ans_raw_262144.akvpack,80437482,245793
20261004_m2c_qwen35_trace2_2k_ansraw,layer26.recurrent.0,26,linear_attention,recurrent,0,float32,4,262144,2,524288,262144,ans_raw,244468,1024,473,0,245965,0fcd6e8ca95551f8d59da931686d3016c22564c1260a525ac42ac9210b95588a,0fcd6e8ca95551f8d59da931686d3016c22564c1260a525ac42ac9210b95588a,true,/home/zhouziang/Workspace/compression/kv_compression/artifacts/raw/20261004_m2c_qwen35_trace2_2k_ansraw/ans_raw_262144.akvpack,80683283,245957
20261004_m2c_qwen35_trace2_2k_ansraw,layer26.recurrent.0,26,linear_attention,recurrent,0,float32,4,262144,3,786432,262144,ans_raw,242784,1024,473,0,244281,ac36307a7e031838681d6b993aed48016eccc42811c51b6d7e8b22588a370cbe,ac36307a7e031838681d6b993aed48016eccc42811c51b6d7e8b22588a370cbe,true,/home/zhouziang/Workspace/compression/kv_compression/artifacts/raw/20261004_m2c_qwen35_trace2_2k_ansraw/ans_raw_262144.akvpack,80929248,244273
20261004_m2c_qwen35_trace2_2k_ansraw,layer26.recurrent.0,26,linear_attention,recurrent,0,float32,4,262144,4,1048576,262144,ans_raw,245084,1024,474,0,246582,3e138e5ad13a94fc8345fb892fd48d894628166e50b2ac84d194a5a61d2bc53c,3e138e5ad13a94fc8345fb892fd48d894628166e50b2ac84d194a5a61d2bc53c,true,/home/zhouziang/Workspace/compression/kv_compression/artifacts/raw/20261004_m2c_qwen35_trace2_2k_ansraw/ans_raw_262144.akvpack,81173529,246574
20261004_m2c_qwen35_trace2_2k_ansraw,layer26.recurrent.0,26,linear_attention,recurrent,0,float32,4,262144,5,1310720,262144,ans_raw,244204,1024,474,0,245702,327fc613ed79d293ae592971f3d6432364787accce118ab5778b4ef26c589406,327fc613ed79d293ae592971f3d6432364787accce118ab5778b4ef26c589406,true,/home/zhouziang/Workspace/compression/kv_compression/artifacts/raw/20261004_m2c_qwen35_trace2_2k_ansraw/ans_raw_262144.akvpack,81420111,245694
20261004_m2c_qwen35_trace2_2k_ansraw,layer26.recurrent.0,26,linear_attention,recurrent,0,float32,4,262144,6,1572864,262144,ans_raw,244180,1024,474,0,245678,376ec8a9229d9c0dd1de7199c62ab1ae1e98556f8ebe4c510f28f7275c0f0517,376ec8a9229d9c0dd1de7199c62ab1ae1e98556f8ebe4c510f28f7275c0f0517,true,/home/zhouziang/Workspace/compression/kv_compression/artifacts/raw/20261004_m2c_qwen35_trace2_2k_ansraw/ans_raw_262144.akvpack,81665813,245670
20261004_m2c_qwen35_trace2_2k_ansraw,layer26.recurrent.0,26,linear_attention,recurrent,0,float32,4,262144,7,1835008,262144,ans_raw,246660,1024,474,0,248158,89d164e376879eaf6167910c2e793ebd11f73a32b301b8280b68f612bc289ebe,89d164e376879eaf6167910c2e793ebd11f73a32b301b8280b68f612bc289ebe,true,/home/zhouziang/Workspace/compression/kv_compression/artifacts/raw/20261004_m2c_qwen35_trace2_2k_ansraw/ans_raw_262144.akvpack,81911491,248150
20261004_m2c_qwen35_trace2_2k_ansraw,layer27.key.0,27,full_attention,key,0,bfloat16,2,262144,0,0,262144,ans_raw,205708,1024,455,0,207187,ce457b21887680d57e0a311aeb2e8fa427bd04dad51c60638371375a34fb209b,ce457b21887680d57e0a311aeb2e8fa427bd04dad51c60638371375a34fb209b,true,/home/zhouziang/Workspace/compression/kv_compression/artifacts/raw/20261004_m2c_qwen35_trace2_2k_ansraw/ans_raw_262144.akvpack,82159649,207179
20261004_m2c_qwen35_trace2_2k_ansraw,layer27.key.0,27,full_attention,key,0,bfloat16,2,262144,1,262144,262144,ans_raw,205324,1024,460,0,206808,bea417225210a3f4c2d49d9f34560aa8837d8ccc526444e6dc1cc88cc5da989c,bea417225210a3f4c2d49d9f34560aa8837d8ccc526444e6dc1cc88cc5da989c,true,/home/zhouziang/Workspace/compression/kv_compression/artifacts/raw/20261004_m2c_qwen35_trace2_2k_ansraw/ans_raw_262144.akvpack,82366836,206800
20261004_m2c_qwen35_trace2_2k_ansraw,layer27.key.0,27,full_attention,key,0,bfloat16,2,262144,2,524288,262144,ans_raw,205224,1024,460,0,206708,e0cf8f8245ee815aef154245e587d696e6006e816da4ce16ca6280b941c039fe,e0cf8f8245ee815aef154245e587d696e6006e816da4ce16ca6280b941c039fe,true,/home/zhouziang/Workspace/compression/kv_compression/artifacts/raw/20261004_m2c_qwen35_trace2_2k_ansraw/ans_raw_262144.akvpack,82573644,206700
20261004_m2c_qwen35_trace2_2k_ansraw,layer27.key.0,27,full_attention,key,0,bfloat16,2,262144,3,786432,262144,ans_raw,205252,1024,460,0,206736,c16d3c7870fb4c4b79eeff2abe597480e640083f865cbf511ae2eda9270931cf,c16d3c7870fb4c4b79eeff2abe597480e640083f865cbf511ae2eda9270931cf,true,/home/zhouziang/Workspace/compression/kv_compression/artifacts/raw/20261004_m2c_qwen35_trace2_2k_ansraw/ans_raw_262144.akvpack,82780352,206728
20261004_m2c_qwen35_trace2_2k_ansraw,layer27.key.0,27,full_attention,key,0,bfloat16,2,262144,4,1048576,262144,ans_raw,205692,1024,461,0,207177,b896ecfbfb638f7635f2117942baf924e75bc9431081aed58ff4100f1df6d723,b896ecfbfb638f7635f2117942baf924e75bc9431081aed58ff4100f1df6d723,true,/home/zhouziang/Workspace/compression/kv_compression/artifacts/raw/20261004_m2c_qwen35_trace2_2k_ansraw/ans_raw_262144.akvpack,82987088,207169
20261004_m2c_qwen35_trace2_2k_ansraw,layer27.key.0,27,full_attention,key,0,bfloat16,2,262144,5,1310720,262144,ans_raw,205612,1024,461,0,207097,6cc5e0288481e730857ecf6445e77c76340ff6581100d5d6a30a7dcf516e77c0,6cc5e0288481e730857ecf6445e77c76340ff6581100d5d6a30a7dcf516e77c0,true,/home/zhouziang/Workspace/compression/kv_compression/artifacts/raw/20261004_m2c_qwen35_trace2_2k_ansraw/ans_raw_262144.akvpack,83194265,207089
20261004_m2c_qwen35_trace2_2k_ansraw,layer27.key.0,27,full_attention,key,0,bfloat16,2,262144,6,1572864,262144,ans_raw,205672,1024,461,0,207157,0273b757cd37d2d436e3e1f1cd246727f319c7e03e09b6596066a52bf678f682,0273b757cd37d2d436e3e1f1cd246727f319c7e03e09b6596066a52bf678f682,true,/home/zhouziang/Workspace/compression/kv_compression/artifacts/raw/20261004_m2c_qwen35_trace2_2k_ansraw/ans_raw_262144.akvpack,83401362,207149
20261004_m2c_qwen35_trace2_2k_ansraw,layer27.key.0,27,full_attention,key,0,bfloat16,2,262144,7,1835008,262144,ans_raw,205628,1024,461,0,207113,fb3a9ef1d0da14d71e61068e024329a62d8492c7725b39f64f71f6e8db3c64d7,fb3a9ef1d0da14d71e61068e024329a62d8492c7725b39f64f71f6e8db3c64d7,true,/home/zhouziang/Workspace/compression/kv_compression/artifacts/raw/20261004_m2c_qwen35_trace2_2k_ansraw/ans_raw_262144.akvpack,83608519,207105
20261004_m2c_qwen35_trace2_2k_ansraw,layer27.key.0,27,full_attention,key,0,bfloat16,2,262144,8,2097152,262144,ans_raw,206288,1024,461,0,207773,04d9cc6559e6f2f5fd96707717336e5b1aedad5fd47f36afc9106bbdce3d0873,04d9cc6559e6f2f5fd96707717336e5b1aedad5fd47f36afc9106bbdce3d0873,true,/home/zhouziang/Workspace/compression/kv_compression/artifacts/raw/20261004_m2c_qwen35_trace2_2k_ansraw/ans_raw_262144.akvpack,83815632,207765
20261004_m2c_qwen35_trace2_2k_ansraw,layer27.key.0,27,full_attention,key,0,bfloat16,2,262144,9,2359296,262144,ans_raw,205928,1024,461,0,207413,622df9c51e4cc56db0162ced46b91f7f40e09d71812c5387439abf716b83b765,622df9c51e4cc56db0162ced46b91f7f40e09d71812c5387439abf716b83b765,true,/home/zhouziang/Workspace/compression/kv_compression/artifacts/raw/20261004_m2c_qwen35_trace2_2k_ansraw/ans_raw_262144.akvpack,84023405,207405
20261004_m2c_qwen35_trace2_2k_ansraw,layer27.key.0,27,full_attention,key,0,bfloat16,2,262144,10,2621440,262144,ans_raw,205744,1024,462,0,207230,ddf09bccf8a2dbe26ad9b27dc5d59c289ec981cfae6cf7a0230a02b4ca512d3a,ddf09bccf8a2dbe26ad9b27dc5d59c289ec981cfae6cf7a0230a02b4ca512d3a,true,/home/zhouziang/Workspace/compression/kv_compression/artifacts/raw/20261004_m2c_qwen35_trace2_2k_ansraw/ans_raw_262144.akvpack,84230818,207222
20261004_m2c_qwen35_trace2_2k_ansraw,layer27.key.0,27,full_attention,key,0,bfloat16,2,262144,11,2883584,262144,ans_raw,205848,1024,462,0,207334,9b82dad4ae53a3bc5407143eac9342764dc41fbcc117892f8cda42d1b1044565,9b82dad4ae53a3bc5407143eac9342764dc41fbcc117892f8cda42d1b1044565,true,/home/zhouziang/Workspace/compression/kv_compression/artifacts/raw/20261004_m2c_qwen35_trace2_2k_ansraw/ans_raw_262144.akvpack,84438048,207326
20261004_m2c_qwen35_trace2_2k_ansraw,layer27.key.0,27,full_attention,key,0,bfloat16,2,262144,12,3145728,262144,ans_raw,206196,1024,462,0,207682,441a017aecc55df28323c22893760ae7e3b6ae0ab4acb10d8d4b6c8cdf078754,441a017aecc55df28323c22893760ae7e3b6ae0ab4acb10d8d4b6c8cdf078754,true,/home/zhouziang/Workspace/compression/kv_compression/artifacts/raw/20261004_m2c_qwen35_trace2_2k_ansraw/ans_raw_262144.akvpack,84645382,207674
20261004_m2c_qwen35_trace2_2k_ansraw,layer27.key.0,27,full_attention,key,0,bfloat16,2,262144,13,3407872,262144,ans_raw,205820,1024,462,0,207306,d2c4fe80f88f53a0edf58cbc8f78a8fe12b7531d51fffac2823a2d4475882fa8,d2c4fe80f88f53a0edf58cbc8f78a8fe12b7531d51fffac2823a2d4475882fa8,true,/home/zhouziang/Workspace/compression/kv_compression/artifacts/raw/20261004_m2c_qwen35_trace2_2k_ansraw/ans_raw_262144.akvpack,84853064,207298
20261004_m2c_qwen35_trace2_2k_ansraw,layer27.key.0,27,full_attention,key,0,bfloat16,2,262144,14,3670016,262144,ans_raw,205756,1024,462,0,207242,85570b8ba78df30047b2714420836e5d356b3eb453783a53836ddec42a00ec69,85570b8ba78df30047b2714420836e5d356b3eb453783a53836ddec42a00ec69,true,/home/zhouziang/Workspace/compression/kv_compression/artifacts/raw/20261004_m2c_qwen35_trace2_2k_ansraw/ans_raw_262144.akvpack,85060370,207234
20261004_m2c_qwen35_trace2_2k_ansraw,layer27.key.0,27,full_attention,key,0,bfloat16,2,262144,15,3932160,262144,ans_raw,206048,1024,462,0,207534,65547df0f2ecb292399f2c1708c72ae850a82d1505cd8a19b3daa53cdc81b78d,65547df0f2ecb292399f2c1708c72ae850a82d1505cd8a19b3daa53cdc81b78d,true,/home/zhouziang/Workspace/compression/kv_compression/artifacts/raw/20261004_m2c_qwen35_trace2_2k_ansraw/ans_raw_262144.akvpack,85267612,207526
20261004_m2c_qwen35_trace2_2k_ansraw,layer27.value.0,27,full_attention,value,0,bfloat16,2,262144,0,0,262144,ans_raw,206080,1024,459,0,207563,04cd215606a0cb7fa94cec932865cce8522a5b7ad96acc4709cb02eb1b8cd5b5,04cd215606a0cb7fa94cec932865cce8522a5b7ad96acc4709cb02eb1b8cd5b5,true,/home/zhouziang/Workspace/compression/kv_compression/artifacts/raw/20261004_m2c_qwen35_trace2_2k_ansraw/ans_raw_262144.akvpack,85475146,207555
20261004_m2c_qwen35_trace2_2k_ansraw,layer27.value.0,27,full_attention,value,0,bfloat16,2,262144,1,262144,262144,ans_raw,205948,1024,464,0,207436,6d0bd71c07a35ac9c46730cfc6762f2418b84fde4640cadb2ec8d8582534e21d,6d0bd71c07a35ac9c46730cfc6762f2418b84fde4640cadb2ec8d8582534e21d,true,/home/zhouziang/Workspace/compression/kv_compression/artifacts/raw/20261004_m2c_qwen35_trace2_2k_ansraw/ans_raw_262144.akvpack,85682709,207428
20261004_m2c_qwen35_trace2_2k_ansraw,layer27.value.0,27,full_attention,value,0,bfloat16,2,262144,2,524288,262144,ans_raw,205920,1024,464,0,207408,083d464b2cca29c1eff8b291e95aa5e7b6d63aff338e75684a243f71441baef2,083d464b2cca29c1eff8b291e95aa5e7b6d63aff338e75684a243f71441baef2,true,/home/zhouziang/Workspace/compression/kv_compression/artifacts/raw/20261004_m2c_qwen35_trace2_2k_ansraw/ans_raw_262144.akvpack,85890145,207400
20261004_m2c_qwen35_trace2_2k_ansraw,layer27.value.0,27,full_attention,value,0,bfloat16,2,262144,3,786432,262144,ans_raw,205920,1024,464,0,207408,2d70b9229bfd2a37657a3bc70beca19878021635dfd62d5418adc00789341f81,2d70b9229bfd2a37657a3bc70beca19878021635dfd62d5418adc00789341f81,true,/home/zhouziang/Workspace/compression/kv_compression/artifacts/raw/20261004_m2c_qwen35_trace2_2k_ansraw/ans_raw_262144.akvpack,86097553,207400
20261004_m2c_qwen35_trace2_2k_ansraw,layer27.value.0,27,full_attention,value,0,bfloat16,2,262144,4,1048576,262144,ans_raw,206140,1024,465,0,207629,18a6bb03ee508d77dce8b7493c742b05253971aceac813548d878c59eef56232,18a6bb03ee508d77dce8b7493c742b05253971aceac813548d878c59eef56232,true,/home/zhouziang/Workspace/compression/kv_compression/artifacts/raw/20261004_m2c_qwen35_trace2_2k_ansraw/ans_raw_262144.akvpack,86304961,207621
20261004_m2c_qwen35_trace2_2k_ansraw,layer27.value.0,27,full_attention,value,0,bfloat16,2,262144,5,1310720,262144,ans_raw,206132,1024,465,0,207621,1fbc9179e543dea6c94c8ede9885597ee6af6ea7c69514c7a175393d2db390bd,1fbc9179e543dea6c94c8ede9885597ee6af6ea7c69514c7a175393d2db390bd,true,/home/zhouziang/Workspace/compression/kv_compression/artifacts/raw/20261004_m2c_qwen35_trace2_2k_ansraw/ans_raw_262144.akvpack,86512590,207613
20261004_m2c_qwen35_trace2_2k_ansraw,layer27.value.0,27,full_attention,value,0,bfloat16,2,262144,6,1572864,262144,ans_raw,206036,1024,465,0,207525,06696608431fe3c51f091efd353b877f4c5b6c098cdadf89e3676af5a6f2dcbe,06696608431fe3c51f091efd353b877f4c5b6c098cdadf89e3676af5a6f2dcbe,true,/home/zhouziang/Workspace/compression/kv_compression/artifacts/raw/20261004_m2c_qwen35_trace2_2k_ansraw/ans_raw_262144.akvpack,86720211,207517
20261004_m2c_qwen35_trace2_2k_ansraw,layer27.value.0,27,full_attention,value,0,bfloat16,2,262144,7,1835008,262144,ans_raw,206108,1024,465,0,207597,887771c90561f5d859713e19c0576a200f4d5d53f24fd45be3771804dbcb1245,887771c90561f5d859713e19c0576a200f4d5d53f24fd45be3771804dbcb1245,true,/home/zhouziang/Workspace/compression/kv_compression/artifacts/raw/20261004_m2c_qwen35_trace2_2k_ansraw/ans_raw_262144.akvpack,86927736,207589
20261004_m2c_qwen35_trace2_2k_ansraw,layer27.value.0,27,full_attention,value,0,bfloat16,2,262144,8,2097152,262144,ans_raw,206264,1024,465,0,207753,fb4b503b705133535a94fa782a249a66b4b5857b9e526cf8659d24940a532af8,fb4b503b705133535a94fa782a249a66b4b5857b9e526cf8659d24940a532af8,true,/home/zhouziang/Workspace/compression/kv_compression/artifacts/raw/20261004_m2c_qwen35_trace2_2k_ansraw/ans_raw_262144.akvpack,87135333,207745
20261004_m2c_qwen35_trace2_2k_ansraw,layer27.value.0,27,full_attention,value,0,bfloat16,2,262144,9,2359296,262144,ans_raw,206116,1024,465,0,207605,089d9bec2ab4c44825d0a5c7e5c9d7caec8b656be6c5743708574e99381ccc7a,089d9bec2ab4c44825d0a5c7e5c9d7caec8b656be6c5743708574e99381ccc7a,true,/home/zhouziang/Workspace/compression/kv_compression/artifacts/raw/20261004_m2c_qwen35_trace2_2k_ansraw/ans_raw_262144.akvpack,87343086,207597
20261004_m2c_qwen35_trace2_2k_ansraw,layer27.value.0,27,full_attention,value,0,bfloat16,2,262144,10,2621440,262144,ans_raw,205976,1024,466,0,207466,e1b8bac22160e8e891a5a327477fb6b9abb6bba89a796788d1524bdedc9b718d,e1b8bac22160e8e891a5a327477fb6b9abb6bba89a796788d1524bdedc9b718d,true,/home/zhouziang/Workspace/compression/kv_compression/artifacts/raw/20261004_m2c_qwen35_trace2_2k_ansraw/ans_raw_262144.akvpack,87550691,207458
20261004_m2c_qwen35_trace2_2k_ansraw,layer27.value.0,27,full_attention,value,0,bfloat16,2,262144,11,2883584,262144,ans_raw,206196,1024,466,0,207686,5106a02f569128091176104ae1f5ba15333d909cb837ea3b01e2e18b930a13ba,5106a02f569128091176104ae1f5ba15333d909cb837ea3b01e2e18b930a13ba,true,/home/zhouziang/Workspace/compression/kv_compression/artifacts/raw/20261004_m2c_qwen35_trace2_2k_ansraw/ans_raw_262144.akvpack,87758157,207678
20261004_m2c_qwen35_trace2_2k_ansraw,layer27.value.0,27,full_attention,value,0,bfloat16,2,262144,12,3145728,262144,ans_raw,206380,1024,466,0,207870,294b5cffbc52001a2bb824b9478be0848c800317e497770bb9faf7552a7bff97,294b5cffbc52001a2bb824b9478be0848c800317e497770bb9faf7552a7bff97,true,/home/zhouziang/Workspace/compression/kv_compression/artifacts/raw/20261004_m2c_qwen35_trace2_2k_ansraw/ans_raw_262144.akvpack,87965843,207862
20261004_m2c_qwen35_trace2_2k_ansraw,layer27.value.0,27,full_attention,value,0,bfloat16,2,262144,13,3407872,262144,ans_raw,206268,1024,466,0,207758,b4723ce0adf4acde5ea4ad1276055202f6626bd4ababec49c328a59bd0a17f77,b4723ce0adf4acde5ea4ad1276055202f6626bd4ababec49c328a59bd0a17f77,true,/home/zhouziang/Workspace/compression/kv_compression/artifacts/raw/20261004_m2c_qwen35_trace2_2k_ansraw/ans_raw_262144.akvpack,88173713,207750
20261004_m2c_qwen35_trace2_2k_ansraw,layer27.value.0,27,full_attention,value,0,bfloat16,2,262144,14,3670016,262144,ans_raw,206220,1024,466,0,207710,bfc884dc9411890fea272a01429f30162c2b9e8019ce4aa401f846a6da9c0c86,bfc884dc9411890fea272a01429f30162c2b9e8019ce4aa401f846a6da9c0c86,true,/home/zhouziang/Workspace/compression/kv_compression/artifacts/raw/20261004_m2c_qwen35_trace2_2k_ansraw/ans_raw_262144.akvpack,88381471,207702
20261004_m2c_qwen35_trace2_2k_ansraw,layer27.value.0,27,full_attention,value,0,bfloat16,2,262144,15,3932160,262144,ans_raw,206236,1024,466,0,207726,32f3a4372affb6ad8096d24f98eb0dfcc0def501bc43595d40235027ab2b5c99,32f3a4372affb6ad8096d24f98eb0dfcc0def501bc43595d40235027ab2b5c99,true,/home/zhouziang/Workspace/compression/kv_compression/artifacts/raw/20261004_m2c_qwen35_trace2_2k_ansraw/ans_raw_262144.akvpack,88589181,207718
20261004_m2c_qwen35_trace2_2k_ansraw,layer28.convolution.0,28,linear_attention,convolution,0,bfloat16,2,262144,0,0,65536,ans_raw,51760,1024,466,0,53250,e2b429ae34a15c753477484f037e7d5c24fd2a66534c954b74091ba42da4a6ca,e2b429ae34a15c753477484f037e7d5c24fd2a66534c954b74091ba42da4a6ca,true,/home/zhouziang/Workspace/compression/kv_compression/artifacts/raw/20261004_m2c_qwen35_trace2_2k_ansraw/ans_raw_262144.akvpack,88796907,53242
20261004_m2c_qwen35_trace2_2k_ansraw,layer28.recurrent.0,28,linear_attention,recurrent,0,float32,4,262144,0,0,262144,ans_raw,245140,1024,468,0,246632,8d4eaa996b90d199af8bbc7fd0d8e556f3795e0e553d5e85608af20820fb7bdf,8d4eaa996b90d199af8bbc7fd0d8e556f3795e0e553d5e85608af20820fb7bdf,true,/home/zhouziang/Workspace/compression/kv_compression/artifacts/raw/20261004_m2c_qwen35_trace2_2k_ansraw/ans_raw_262144.akvpack,88850157,246624
20261004_m2c_qwen35_trace2_2k_ansraw,layer28.recurrent.0,28,linear_attention,recurrent,0,float32,4,262144,1,262144,262144,ans_raw,245180,1024,473,0,246677,fd56a11ea70310790f221df470cc0bd68812ef0b7c52b731283530ade87052d9,fd56a11ea70310790f221df470cc0bd68812ef0b7c52b731283530ade87052d9,true,/home/zhouziang/Workspace/compression/kv_compression/artifacts/raw/20261004_m2c_qwen35_trace2_2k_ansraw/ans_raw_262144.akvpack,89096789,246669
20261004_m2c_qwen35_trace2_2k_ansraw,layer28.recurrent.0,28,linear_attention,recurrent,0,float32,4,262144,2,524288,262144,ans_raw,244576,1024,473,0,246073,4abd51fb7b7bd8aa23b4a106285795c8ef62eec0e958289590ddd8daea2a7bbe,4abd51fb7b7bd8aa23b4a106285795c8ef62eec0e958289590ddd8daea2a7bbe,true,/home/zhouziang/Workspace/compression/kv_compression/artifacts/raw/20261004_m2c_qwen35_trace2_2k_ansraw/ans_raw_262144.akvpack,89343466,246065
20261004_m2c_qwen35_trace2_2k_ansraw,layer28.recurrent.0,28,linear_attention,recurrent,0,float32,4,262144,3,786432,262144,ans_raw,244232,1024,473,0,245729,24e900e2cc0e3c733d7031b16fea149b0a76a9aaccb5f3ee59171759d8ab983a,24e900e2cc0e3c733d7031b16fea149b0a76a9aaccb5f3ee59171759d8ab983a,true,/home/zhouziang/Workspace/compression/kv_compression/artifacts/raw/20261004_m2c_qwen35_trace2_2k_ansraw/ans_raw_262144.akvpack,89589539,245721
20261004_m2c_qwen35_trace2_2k_ansraw,layer28.recurrent.0,28,linear_attention,recurrent,0,float32,4,262144,4,1048576,262144,ans_raw,245908,1024,474,0,247406,a6013581d8f757fca5cd002a2651fbd1828abf8a0260cc2e8dff469905437a7a,a6013581d8f757fca5cd002a2651fbd1828abf8a0260cc2e8dff469905437a7a,true,/home/zhouziang/Workspace/compression/kv_compression/artifacts/raw/20261004_m2c_qwen35_trace2_2k_ansraw/ans_raw_262144.akvpack,89835268,247398
20261004_m2c_qwen35_trace2_2k_ansraw,layer28.recurrent.0,28,linear_attention,recurrent,0,float32,4,262144,5,1310720,262144,ans_raw,245676,1024,474,0,247174,b74f9fa86506fa5cabe94f361a5418cc734696cefa5d0ebb62e85ead6abad7bb,b74f9fa86506fa5cabe94f361a5418cc734696cefa5d0ebb62e85ead6abad7bb,true,/home/zhouziang/Workspace/compression/kv_compression/artifacts/raw/20261004_m2c_qwen35_trace2_2k_ansraw/ans_raw_262144.akvpack,90082674,247166
20261004_m2c_qwen35_trace2_2k_ansraw,layer28.recurrent.0,28,linear_attention,recurrent,0,float32,4,262144,6,1572864,262144,ans_raw,246368,1024,474,0,247866,947d971472e98afea2d8c59944253d3e7d6cb66510c6af9db48ea8ae3966348c,947d971472e98afea2d8c59944253d3e7d6cb66510c6af9db48ea8ae3966348c,true,/home/zhouziang/Workspace/compression/kv_compression/artifacts/raw/20261004_m2c_qwen35_trace2_2k_ansraw/ans_raw_262144.akvpack,90329848,247858
20261004_m2c_qwen35_trace2_2k_ansraw,layer28.recurrent.0,28,linear_attention,recurrent,0,float32,4,262144,7,1835008,262144,ans_raw,245880,1024,474,0,247378,8b022fa1de6bba10ce1cd04ed5d7689596eb9c459e9a6bf81c6edf7bc849523b,8b022fa1de6bba10ce1cd04ed5d7689596eb9c459e9a6bf81c6edf7bc849523b,true,/home/zhouziang/Workspace/compression/kv_compression/artifacts/raw/20261004_m2c_qwen35_trace2_2k_ansraw/ans_raw_262144.akvpack,90577714,247370
20261004_m2c_qwen35_trace2_2k_ansraw,layer29.convolution.0,29,linear_attention,convolution,0,bfloat16,2,262144,0,0,65536,ans_raw,51500,1024,466,0,52990,5b03daf94f2961c2cd206bc894f414ea66a9791fddaf81147d4834280ae19632,5b03daf94f2961c2cd206bc894f414ea66a9791fddaf81147d4834280ae19632,true,/home/zhouziang/Workspace/compression/kv_compression/artifacts/raw/20261004_m2c_qwen35_trace2_2k_ansraw/ans_raw_262144.akvpack,90825092,52982
20261004_m2c_qwen35_trace2_2k_ansraw,layer29.recurrent.0,29,linear_attention,recurrent,0,float32,4,262144,0,0,262144,ans_raw,244192,1024,468,0,245684,9f972c6f11913ae8db594af8bcdc87f04a8eea3548389750fc248f22e9829910,9f972c6f11913ae8db594af8bcdc87f04a8eea3548389750fc248f22e9829910,true,/home/zhouziang/Workspace/compression/kv_compression/artifacts/raw/20261004_m2c_qwen35_trace2_2k_ansraw/ans_raw_262144.akvpack,90878082,245676
20261004_m2c_qwen35_trace2_2k_ansraw,layer29.recurrent.0,29,linear_attention,recurrent,0,float32,4,262144,1,262144,262144,ans_raw,246156,1024,473,0,247653,907b4e1b678b7daf36b20c8d62f464f6939a392e45e2338190d864ea6c9f274f,907b4e1b678b7daf36b20c8d62f464f6939a392e45e2338190d864ea6c9f274f,true,/home/zhouziang/Workspace/compression/kv_compression/artifacts/raw/20261004_m2c_qwen35_trace2_2k_ansraw/ans_raw_262144.akvpack,91123766,247645
20261004_m2c_qwen35_trace2_2k_ansraw,layer29.recurrent.0,29,linear_attention,recurrent,0,float32,4,262144,2,524288,262144,ans_raw,244884,1024,473,0,246381,c0e17dbaa718bba5d574dd110af6a4740f707bc8109c34dc425d1dd5ad3fa1c8,c0e17dbaa718bba5d574dd110af6a4740f707bc8109c34dc425d1dd5ad3fa1c8,true,/home/zhouziang/Workspace/compression/kv_compression/artifacts/raw/20261004_m2c_qwen35_trace2_2k_ansraw/ans_raw_262144.akvpack,91371419,246373
20261004_m2c_qwen35_trace2_2k_ansraw,layer29.recurrent.0,29,linear_attention,recurrent,0,float32,4,262144,3,786432,262144,ans_raw,244788,1024,473,0,246285,41cc97b435609a78ac3f10e465a9b75e7cf130eda5dcfb82a81141dcad596361,41cc97b435609a78ac3f10e465a9b75e7cf130eda5dcfb82a81141dcad596361,true,/home/zhouziang/Workspace/compression/kv_compression/artifacts/raw/20261004_m2c_qwen35_trace2_2k_ansraw/ans_raw_262144.akvpack,91617800,246277
20261004_m2c_qwen35_trace2_2k_ansraw,layer29.recurrent.0,29,linear_attention,recurrent,0,float32,4,262144,4,1048576,262144,ans_raw,245568,1024,474,0,247066,c58e7cce48961caab72c8fb07267761f7f5e0b4ca842b78919e9df4c0c93a9df,c58e7cce48961caab72c8fb07267761f7f5e0b4ca842b78919e9df4c0c93a9df,true,/home/zhouziang/Workspace/compression/kv_compression/artifacts/raw/20261004_m2c_qwen35_trace2_2k_ansraw/ans_raw_262144.akvpack,91864085,247058
20261004_m2c_qwen35_trace2_2k_ansraw,layer29.recurrent.0,29,linear_attention,recurrent,0,float32,4,262144,5,1310720,262144,ans_raw,245292,1024,474,0,246790,ee5c657188b86bcace8c3a90600bf9126d4efccbdebe72c18de6dbd835c3fbf7,ee5c657188b86bcace8c3a90600bf9126d4efccbdebe72c18de6dbd835c3fbf7,true,/home/zhouziang/Workspace/compression/kv_compression/artifacts/raw/20261004_m2c_qwen35_trace2_2k_ansraw/ans_raw_262144.akvpack,92111151,246782
20261004_m2c_qwen35_trace2_2k_ansraw,layer29.recurrent.0,29,linear_attention,recurrent,0,float32,4,262144,6,1572864,262144,ans_raw,245020,1024,474,0,246518,d6d914adfa8e2d4f76ae8e457149484878b46160dff7318f56ab9ba83dcda6a1,d6d914adfa8e2d4f76ae8e457149484878b46160dff7318f56ab9ba83dcda6a1,true,/home/zhouziang/Workspace/compression/kv_compression/artifacts/raw/20261004_m2c_qwen35_trace2_2k_ansraw/ans_raw_262144.akvpack,92357941,246510
20261004_m2c_qwen35_trace2_2k_ansraw,layer29.recurrent.0,29,linear_attention,recurrent,0,float32,4,262144,7,1835008,262144,ans_raw,244568,1024,474,0,246066,143cc03f168a3dc4df587d9d6722c3dc468cdeff18503d3235fd21a5e8164c6f,143cc03f168a3dc4df587d9d6722c3dc468cdeff18503d3235fd21a5e8164c6f,true,/home/zhouziang/Workspace/compression/kv_compression/artifacts/raw/20261004_m2c_qwen35_trace2_2k_ansraw/ans_raw_262144.akvpack,92604459,246058
20261004_m2c_qwen35_trace2_2k_ansraw,layer30.convolution.0,30,linear_attention,convolution,0,bfloat16,2,262144,0,0,65536,ans_raw,51680,1024,466,0,53170,ace18cf8bc2f4ca1c2e8a665cc634f1cff95cf89943ee81404b61f5d0c6f70fe,ace18cf8bc2f4ca1c2e8a665cc634f1cff95cf89943ee81404b61f5d0c6f70fe,true,/home/zhouziang/Workspace/compression/kv_compression/artifacts/raw/20261004_m2c_qwen35_trace2_2k_ansraw/ans_raw_262144.akvpack,92850525,53162
20261004_m2c_qwen35_trace2_2k_ansraw,layer30.recurrent.0,30,linear_attention,recurrent,0,float32,4,262144,0,0,262144,ans_raw,246392,1024,468,0,247884,8cb2b4199f7992d27cc2c9f6ac4e8addb99339cfb9342d8c4ee5f1f4d5f45a7e,8cb2b4199f7992d27cc2c9f6ac4e8addb99339cfb9342d8c4ee5f1f4d5f45a7e,true,/home/zhouziang/Workspace/compression/kv_compression/artifacts/raw/20261004_m2c_qwen35_trace2_2k_ansraw/ans_raw_262144.akvpack,92903695,247876
20261004_m2c_qwen35_trace2_2k_ansraw,layer30.recurrent.0,30,linear_attention,recurrent,0,float32,4,262144,1,262144,262144,ans_raw,244488,1024,473,0,245985,137e41109ebc99203ec50b99f537e02728e80ac35f0d91391218fc77f84394f4,137e41109ebc99203ec50b99f537e02728e80ac35f0d91391218fc77f84394f4,true,/home/zhouziang/Workspace/compression/kv_compression/artifacts/raw/20261004_m2c_qwen35_trace2_2k_ansraw/ans_raw_262144.akvpack,93151579,245977
20261004_m2c_qwen35_trace2_2k_ansraw,layer30.recurrent.0,30,linear_attention,recurrent,0,float32,4,262144,2,524288,262144,ans_raw,244724,1024,473,0,246221,8f43cbc5059a5cdd7c8969c2f40b9a209360c9ff21375b43e4fbc1e9b67bfb21,8f43cbc5059a5cdd7c8969c2f40b9a209360c9ff21375b43e4fbc1e9b67bfb21,true,/home/zhouziang/Workspace/compression/kv_compression/artifacts/raw/20261004_m2c_qwen35_trace2_2k_ansraw/ans_raw_262144.akvpack,93397564,246213
20261004_m2c_qwen35_trace2_2k_ansraw,layer30.recurrent.0,30,linear_attention,recurrent,0,float32,4,262144,3,786432,262144,ans_raw,245348,1024,473,0,246845,ffc2a6c1cc08f041195006880bb9d9142a17e241c4227489f4505e164e4d2b2f,ffc2a6c1cc08f041195006880bb9d9142a17e241c4227489f4505e164e4d2b2f,true,/home/zhouziang/Workspace/compression/kv_compression/artifacts/raw/20261004_m2c_qwen35_trace2_2k_ansraw/ans_raw_262144.akvpack,93643785,246837
20261004_m2c_qwen35_trace2_2k_ansraw,layer30.recurrent.0,30,linear_attention,recurrent,0,float32,4,262144,4,1048576,262144,ans_raw,245368,1024,474,0,246866,50a8311bcce2dde6ace2ba810a162bf2b0bbedb9e1a5543b673f793a321eec74,50a8311bcce2dde6ace2ba810a162bf2b0bbedb9e1a5543b673f793a321eec74,true,/home/zhouziang/Workspace/compression/kv_compression/artifacts/raw/20261004_m2c_qwen35_trace2_2k_ansraw/ans_raw_262144.akvpack,93890630,246858
20261004_m2c_qwen35_trace2_2k_ansraw,layer30.recurrent.0,30,linear_attention,recurrent,0,float32,4,262144,5,1310720,262144,ans_raw,245736,1024,474,0,247234,a009066f66cdd5ad298aac99b1d2531b97d0ef4eeedc7bdc974569b103967bd4,a009066f66cdd5ad298aac99b1d2531b97d0ef4eeedc7bdc974569b103967bd4,true,/home/zhouziang/Workspace/compression/kv_compression/artifacts/raw/20261004_m2c_qwen35_trace2_2k_ansraw/ans_raw_262144.akvpack,94137496,247226
20261004_m2c_qwen35_trace2_2k_ansraw,layer30.recurrent.0,30,linear_attention,recurrent,0,float32,4,262144,6,1572864,262144,ans_raw,245832,1024,474,0,247330,a5edb67933f2238c070134ef6f44be62fb1db8a45617f973c3a9313afc60e96f,a5edb67933f2238c070134ef6f44be62fb1db8a45617f973c3a9313afc60e96f,true,/home/zhouziang/Workspace/compression/kv_compression/artifacts/raw/20261004_m2c_qwen35_trace2_2k_ansraw/ans_raw_262144.akvpack,94384730,247322
20261004_m2c_qwen35_trace2_2k_ansraw,layer30.recurrent.0,30,linear_attention,recurrent,0,float32,4,262144,7,1835008,262144,ans_raw,244540,1024,474,0,246038,be4566ab5f761c0b0090d67fbc5bb3c78e4cc00e57e2ab9c0483de653f5c67f9,be4566ab5f761c0b0090d67fbc5bb3c78e4cc00e57e2ab9c0483de653f5c67f9,true,/home/zhouziang/Workspace/compression/kv_compression/artifacts/raw/20261004_m2c_qwen35_trace2_2k_ansraw/ans_raw_262144.akvpack,94632060,246030
20261004_m2c_qwen35_trace2_2k_ansraw,layer31.key.0,31,full_attention,key,0,bfloat16,2,262144,0,0,262144,ans_raw,205800,1024,455,0,207279,6c8a9db86d5981b1dcf63cec17713ea70b15b3fdaacdf1631762867c0f548382,6c8a9db86d5981b1dcf63cec17713ea70b15b3fdaacdf1631762867c0f548382,true,/home/zhouziang/Workspace/compression/kv_compression/artifacts/raw/20261004_m2c_qwen35_trace2_2k_ansraw/ans_raw_262144.akvpack,94878098,207271
20261004_m2c_qwen35_trace2_2k_ansraw,layer31.key.0,31,full_attention,key,0,bfloat16,2,262144,1,262144,262144,ans_raw,205428,1024,460,0,206912,87552be74ec66277c0b3f92726aea1ff3e188a6c0315613ecc6523d7acbdb14d,87552be74ec66277c0b3f92726aea1ff3e188a6c0315613ecc6523d7acbdb14d,true,/home/zhouziang/Workspace/compression/kv_compression/artifacts/raw/20261004_m2c_qwen35_trace2_2k_ansraw/ans_raw_262144.akvpack,95085377,206904
20261004_m2c_qwen35_trace2_2k_ansraw,layer31.key.0,31,full_attention,key,0,bfloat16,2,262144,2,524288,262144,ans_raw,205356,1024,460,0,206840,25bb68553c32e373319cfcf074c821a9e8c219ef0baafe30bf6159275185be81,25bb68553c32e373319cfcf074c821a9e8c219ef0baafe30bf6159275185be81,true,/home/zhouziang/Workspace/compression/kv_compression/artifacts/raw/20261004_m2c_qwen35_trace2_2k_ansraw/ans_raw_262144.akvpack,95292289,206832
20261004_m2c_qwen35_trace2_2k_ansraw,layer31.key.0,31,full_attention,key,0,bfloat16,2,262144,3,786432,262144,ans_raw,205516,1024,460,0,207000,f5a697bbf22814f60a4fac1b132f017c7097648bc22fe9451e197cc2ad0e9730,f5a697bbf22814f60a4fac1b132f017c7097648bc22fe9451e197cc2ad0e9730,true,/home/zhouziang/Workspace/compression/kv_compression/artifacts/raw/20261004_m2c_qwen35_trace2_2k_ansraw/ans_raw_262144.akvpack,95499129,206992
20261004_m2c_qwen35_trace2_2k_ansraw,layer31.key.0,31,full_attention,key,0,bfloat16,2,262144,4,1048576,262144,ans_raw,205832,1024,461,0,207317,a9b50d2b025013b5641e4bb0c54e48280be82e4f58d9ea14b63caeb60e119f56,a9b50d2b025013b5641e4bb0c54e48280be82e4f58d9ea14b63caeb60e119f56,true,/home/zhouziang/Workspace/compression/kv_compression/artifacts/raw/20261004_m2c_qwen35_trace2_2k_ansraw/ans_raw_262144.akvpack,95706129,207309
20261004_m2c_qwen35_trace2_2k_ansraw,layer31.key.0,31,full_attention,key,0,bfloat16,2,262144,5,1310720,262144,ans_raw,205700,1024,461,0,207185,80f0441cfd52d286efe432b01cca361f9472bf69aea1164c355d61994840ecb1,80f0441cfd52d286efe432b01cca361f9472bf69aea1164c355d61994840ecb1,true,/home/zhouziang/Workspace/compression/kv_compression/artifacts/raw/20261004_m2c_qwen35_trace2_2k_ansraw/ans_raw_262144.akvpack,95913446,207177
20261004_m2c_qwen35_trace2_2k_ansraw,layer31.key.0,31,full_attention,key,0,bfloat16,2,262144,6,1572864,262144,ans_raw,205592,1024,461,0,207077,c683a47b781eda21358eaea66191d1c7c7b2062e779fbd7287e46e49c50f17e7,c683a47b781eda21358eaea66191d1c7c7b2062e779fbd7287e46e49c50f17e7,true,/home/zhouziang/Workspace/compression/kv_compression/artifacts/raw/20261004_m2c_qwen35_trace2_2k_ansraw/ans_raw_262144.akvpack,96120631,207069
20261004_m2c_qwen35_trace2_2k_ansraw,layer31.key.0,31,full_attention,key,0,bfloat16,2,262144,7,1835008,262144,ans_raw,205516,1024,461,0,207001,fdb39954ace28b382a124502f7c599b2498cc71541595f2556327f22921ffded,fdb39954ace28b382a124502f7c599b2498cc71541595f2556327f22921ffded,true,/home/zhouziang/Workspace/compression/kv_compression/artifacts/raw/20261004_m2c_qwen35_trace2_2k_ansraw/ans_raw_262144.akvpack,96327708,206993
20261004_m2c_qwen35_trace2_2k_ansraw,layer31.key.0,31,full_attention,key,0,bfloat16,2,262144,8,2097152,262144,ans_raw,204576,1024,461,0,206061,acebd482ecd3d64776f9216561cd71d5d7495345e8ecf0dd7596c52ddbd0ac1d,acebd482ecd3d64776f9216561cd71d5d7495345e8ecf0dd7596c52ddbd0ac1d,true,/home/zhouziang/Workspace/compression/kv_compression/artifacts/raw/20261004_m2c_qwen35_trace2_2k_ansraw/ans_raw_262144.akvpack,96534709,206053
20261004_m2c_qwen35_trace2_2k_ansraw,layer31.key.0,31,full_attention,key,0,bfloat16,2,262144,9,2359296,262144,ans_raw,204464,1024,461,0,205949,109c8a8f6b0ad759f2ecd472315af0b5fa65963131673065f514e39f1d0dd491,109c8a8f6b0ad759f2ecd472315af0b5fa65963131673065f514e39f1d0dd491,true,/home/zhouziang/Workspace/compression/kv_compression/artifacts/raw/20261004_m2c_qwen35_trace2_2k_ansraw/ans_raw_262144.akvpack,96740770,205941
20261004_m2c_qwen35_trace2_2k_ansraw,layer31.key.0,31,full_attention,key,0,bfloat16,2,262144,10,2621440,262144,ans_raw,204364,1024,462,0,205850,61feca0e42af23314ae283c7835a4b2f6c587230d0d3d7e46e7c4eaf1ff60cd0,61feca0e42af23314ae283c7835a4b2f6c587230d0d3d7e46e7c4eaf1ff60cd0,true,/home/zhouziang/Workspace/compression/kv_compression/artifacts/raw/20261004_m2c_qwen35_trace2_2k_ansraw/ans_raw_262144.akvpack,96946719,205842
20261004_m2c_qwen35_trace2_2k_ansraw,layer31.key.0,31,full_attention,key,0,bfloat16,2,262144,11,2883584,262144,ans_raw,204428,1024,462,0,205914,d151a9d0c0ce4127c6fa9d4415ca4f7fa102a66ad0867e001bae4e78dd2e71b4,d151a9d0c0ce4127c6fa9d4415ca4f7fa102a66ad0867e001bae4e78dd2e71b4,true,/home/zhouziang/Workspace/compression/kv_compression/artifacts/raw/20261004_m2c_qwen35_trace2_2k_ansraw/ans_raw_262144.akvpack,97152569,205906
20261004_m2c_qwen35_trace2_2k_ansraw,layer31.key.0,31,full_attention,key,0,bfloat16,2,262144,12,3145728,262144,ans_raw,205124,1024,462,0,206610,c6e73129e059cf367725528d9b36dde60828bc21f20e3dd661f26cbc5b5e352e,c6e73129e059cf367725528d9b36dde60828bc21f20e3dd661f26cbc5b5e352e,true,/home/zhouziang/Workspace/compression/kv_compression/artifacts/raw/20261004_m2c_qwen35_trace2_2k_ansraw/ans_raw_262144.akvpack,97358483,206602
20261004_m2c_qwen35_trace2_2k_ansraw,layer31.key.0,31,full_attention,key,0,bfloat16,2,262144,13,3407872,262144,ans_raw,204880,1024,462,0,206366,1cbf56bb0db199117a515d9b716baea424c6e681871048fa2c6aac44fe5b1a58,1cbf56bb0db199117a515d9b716baea424c6e681871048fa2c6aac44fe5b1a58,true,/home/zhouziang/Workspace/compression/kv_compression/artifacts/raw/20261004_m2c_qwen35_trace2_2k_ansraw/ans_raw_262144.akvpack,97565093,206358
20261004_m2c_qwen35_trace2_2k_ansraw,layer31.key.0,31,full_attention,key,0,bfloat16,2,262144,14,3670016,262144,ans_raw,204700,1024,462,0,206186,d1eba800feed5efc6719dc1960fc21c1c439fc279d61cd28210a2c3911bccf0c,d1eba800feed5efc6719dc1960fc21c1c439fc279d61cd28210a2c3911bccf0c,true,/home/zhouziang/Workspace/compression/kv_compression/artifacts/raw/20261004_m2c_qwen35_trace2_2k_ansraw/ans_raw_262144.akvpack,97771459,206178
20261004_m2c_qwen35_trace2_2k_ansraw,layer31.key.0,31,full_attention,key,0,bfloat16,2,262144,15,3932160,262144,ans_raw,204768,1024,462,0,206254,c4fdb9f2e4187e67917462183cb682e3927213191363421d0de8cf9da8a63c25,c4fdb9f2e4187e67917462183cb682e3927213191363421d0de8cf9da8a63c25,true,/home/zhouziang/Workspace/compression/kv_compression/artifacts/raw/20261004_m2c_qwen35_trace2_2k_ansraw/ans_raw_262144.akvpack,97977645,206246
20261004_m2c_qwen35_trace2_2k_ansraw,layer31.value.0,31,full_attention,value,0,bfloat16,2,262144,0,0,262144,ans_raw,209608,1024,459,0,211091,1311c955dce90228c21d9e9d7d846219197d6e960e82c22d2ca63c776b98da70,1311c955dce90228c21d9e9d7d846219197d6e960e82c22d2ca63c776b98da70,true,/home/zhouziang/Workspace/compression/kv_compression/artifacts/raw/20261004_m2c_qwen35_trace2_2k_ansraw/ans_raw_262144.akvpack,98183899,211083
20261004_m2c_qwen35_trace2_2k_ansraw,layer31.value.0,31,full_attention,value,0,bfloat16,2,262144,1,262144,262144,ans_raw,209456,1024,464,0,210944,a195936397bc0250847ea807034185d1544ea1dd6d3ab28ab10ee408081fb32a,a195936397bc0250847ea807034185d1544ea1dd6d3ab28ab10ee408081fb32a,true,/home/zhouziang/Workspace/compression/kv_compression/artifacts/raw/20261004_m2c_qwen35_trace2_2k_ansraw/ans_raw_262144.akvpack,98394990,210936
20261004_m2c_qwen35_trace2_2k_ansraw,layer31.value.0,31,full_attention,value,0,bfloat16,2,262144,2,524288,262144,ans_raw,209472,1024,464,0,210960,b30a7b121bfa1027b42f7a5fd5e642bdc01512895a3a00592e5aa5f97555e039,b30a7b121bfa1027b42f7a5fd5e642bdc01512895a3a00592e5aa5f97555e039,true,/home/zhouziang/Workspace/compression/kv_compression/artifacts/raw/20261004_m2c_qwen35_trace2_2k_ansraw/ans_raw_262144.akvpack,98605934,210952
20261004_m2c_qwen35_trace2_2k_ansraw,layer31.value.0,31,full_attention,value,0,bfloat16,2,262144,3,786432,262144,ans_raw,209432,1024,464,0,210920,0e98f7c616330ceb9ea45833f6e312e78f375f79c120890688a86c08fcf44a1d,0e98f7c616330ceb9ea45833f6e312e78f375f79c120890688a86c08fcf44a1d,true,/home/zhouziang/Workspace/compression/kv_compression/artifacts/raw/20261004_m2c_qwen35_trace2_2k_ansraw/ans_raw_262144.akvpack,98816894,210912
20261004_m2c_qwen35_trace2_2k_ansraw,layer31.value.0,31,full_attention,value,0,bfloat16,2,262144,4,1048576,262144,ans_raw,209136,1024,465,0,210625,18b41147e8ab9a835c52b4f890b9a86c5a1f924d602ccd71db384df2b4be5e64,18b41147e8ab9a835c52b4f890b9a86c5a1f924d602ccd71db384df2b4be5e64,true,/home/zhouziang/Workspace/compression/kv_compression/artifacts/raw/20261004_m2c_qwen35_trace2_2k_ansraw/ans_raw_262144.akvpack,99027814,210617
20261004_m2c_qwen35_trace2_2k_ansraw,layer31.value.0,31,full_attention,value,0,bfloat16,2,262144,5,1310720,262144,ans_raw,209212,1024,465,0,210701,03249f181c6a45462c21c92c73a289b258161c79fac7bcc4676edc7214369682,03249f181c6a45462c21c92c73a289b258161c79fac7bcc4676edc7214369682,true,/home/zhouziang/Workspace/compression/kv_compression/artifacts/raw/20261004_m2c_qwen35_trace2_2k_ansraw/ans_raw_262144.akvpack,99238439,210693
20261004_m2c_qwen35_trace2_2k_ansraw,layer31.value.0,31,full_attention,value,0,bfloat16,2,262144,6,1572864,262144,ans_raw,209116,1024,465,0,210605,9a8b5bfb6fb943286882b21855f112d926a51c3d4059bceafb45213b57ed01a1,9a8b5bfb6fb943286882b21855f112d926a51c3d4059bceafb45213b57ed01a1,true,/home/zhouziang/Workspace/compression/kv_compression/artifacts/raw/20261004_m2c_qwen35_trace2_2k_ansraw/ans_raw_262144.akvpack,99449140,210597
20261004_m2c_qwen35_trace2_2k_ansraw,layer31.value.0,31,full_attention,value,0,bfloat16,2,262144,7,1835008,262144,ans_raw,209108,1024,465,0,210597,67c21a4b8d07a34ac0dfd2f8eb7e9775b4844effe04a7fe707075b35cc644ab9,67c21a4b8d07a34ac0dfd2f8eb7e9775b4844effe04a7fe707075b35cc644ab9,true,/home/zhouziang/Workspace/compression/kv_compression/artifacts/raw/20261004_m2c_qwen35_trace2_2k_ansraw/ans_raw_262144.akvpack,99659745,210589
20261004_m2c_qwen35_trace2_2k_ansraw,layer31.value.0,31,full_attention,value,0,bfloat16,2,262144,8,2097152,262144,ans_raw,207968,1024,465,0,209457,ac5bcb00917cc04a8e8be63f6c90706eadad9adcbbf78f05a259512e3f9034a4,ac5bcb00917cc04a8e8be63f6c90706eadad9adcbbf78f05a259512e3f9034a4,true,/home/zhouziang/Workspace/compression/kv_compression/artifacts/raw/20261004_m2c_qwen35_trace2_2k_ansraw/ans_raw_262144.akvpack,99870342,209449
20261004_m2c_qwen35_trace2_2k_ansraw,layer31.value.0,31,full_attention,value,0,bfloat16,2,262144,9,2359296,262144,ans_raw,207912,1024,465,0,209401,7b034d464f366c37e50278d361d98cd055559e079218a4adf909528ec074a7f2,7b034d464f366c37e50278d361d98cd055559e079218a4adf909528ec074a7f2,true,/home/zhouziang/Workspace/compression/kv_compression/artifacts/raw/20261004_m2c_qwen35_trace2_2k_ansraw/ans_raw_262144.akvpack,100079799,209393
20261004_m2c_qwen35_trace2_2k_ansraw,layer31.value.0,31,full_attention,value,0,bfloat16,2,262144,10,2621440,262144,ans_raw,207828,1024,466,0,209318,47990d94475c9cb227f9dc5373a4c73e108c3bb603c32def136932f8acbb2fdb,47990d94475c9cb227f9dc5373a4c73e108c3bb603c32def136932f8acbb2fdb,true,/home/zhouziang/Workspace/compression/kv_compression/artifacts/raw/20261004_m2c_qwen35_trace2_2k_ansraw/ans_raw_262144.akvpack,100289200,209310
20261004_m2c_qwen35_trace2_2k_ansraw,layer31.value.0,31,full_attention,value,0,bfloat16,2,262144,11,2883584,262144,ans_raw,207776,1024,466,0,209266,d316196f3b034130a01361c841bef9bfdac93cf4fb3b759fe1a70939ae9f9492,d316196f3b034130a01361c841bef9bfdac93cf4fb3b759fe1a70939ae9f9492,true,/home/zhouziang/Workspace/compression/kv_compression/artifacts/raw/20261004_m2c_qwen35_trace2_2k_ansraw/ans_raw_262144.akvpack,100498518,209258
20261004_m2c_qwen35_trace2_2k_ansraw,layer31.value.0,31,full_attention,value,0,bfloat16,2,262144,12,3145728,262144,ans_raw,209008,1024,466,0,210498,16d67570be739ccab6b28d818a658ea70e5be55a37b7ab509300208f21e29ff9,16d67570be739ccab6b28d818a658ea70e5be55a37b7ab509300208f21e29ff9,true,/home/zhouziang/Workspace/compression/kv_compression/artifacts/raw/20261004_m2c_qwen35_trace2_2k_ansraw/ans_raw_262144.akvpack,100707784,210490
20261004_m2c_qwen35_trace2_2k_ansraw,layer31.value.0,31,full_attention,value,0,bfloat16,2,262144,13,3407872,262144,ans_raw,208640,1024,466,0,210130,4320edd01563565f6b0d7959fd72736740ab1f8b3a52db09622f457868c40c0e,4320edd01563565f6b0d7959fd72736740ab1f8b3a52db09622f457868c40c0e,true,/home/zhouziang/Workspace/compression/kv_compression/artifacts/raw/20261004_m2c_qwen35_trace2_2k_ansraw/ans_raw_262144.akvpack,100918282,210122
20261004_m2c_qwen35_trace2_2k_ansraw,layer31.value.0,31,full_attention,value,0,bfloat16,2,262144,14,3670016,262144,ans_raw,208744,1024,466,0,210234,e1b6fa97f1f05ee6312166f6f11128c248247a78f474aace6019cb898432ba61,e1b6fa97f1f05ee6312166f6f11128c248247a78f474aace6019cb898432ba61,true,/home/zhouziang/Workspace/compression/kv_compression/artifacts/raw/20261004_m2c_qwen35_trace2_2k_ansraw/ans_raw_262144.akvpack,101128412,210226
20261004_m2c_qwen35_trace2_2k_ansraw,layer31.value.0,31,full_attention,value,0,bfloat16,2,262144,15,3932160,262144,ans_raw,208848,1024,466,0,210338,1c730f8435019f62cfa4f73883055bd2ad3e5ffce25e0150654ba40c1083acbc,1c730f8435019f62cfa4f73883055bd2ad3e5ffce25e0150654ba40c1083acbc,true,/home/zhouziang/Workspace/compression/kv_compression/artifacts/raw/20261004_m2c_qwen35_trace2_2k_ansraw/ans_raw_262144.akvpack,101338646,210330
