turn_idx,format,state_kind,codec,block_tokens,units,raw_bytes,payload_bytes,table_bytes,header_bytes,compressed_total_bytes,entropy_lane_bytes,entropy_raw_bytes
0,bf16,key,ans_lane,16,320,10485760,7063224,327680,8640,7399544,7053655.811356113,8212903.6878657695
0,bf16,key,ans_lane,256,24,10485760,7068756,24576,648,7093980,7061724.8283759495,8220255.729839419
0,bf16,key,ans_lane,64,80,10485760,7067496,81920,2160,7151576,7059997.925084173,8218702.048127569
0,bf16,key,ans_lane_shared,16,320,10485760,7073828,0,8640,7082468,7053655.811356113,8212903.6878657695
0,bf16,key,ans_lane_shared,256,24,10485760,7071368,0,648,7072016,7061724.8283759495,8220255.729839419
0,bf16,key,ans_lane_shared,64,80,10485760,7071824,0,2160,7073984,7059997.925084173,8218702.048127569
0,bf16,key,ans_raw,64,80,10485760,8219120,40960,1520,8261600,7059997.925084173,8218702.048127569
0,bf16,key,zstd,64,80,10485760,8252175,0,1520,8253695,7059997.925084173,8218702.048127569
0,bf16,value,ans_lane,16,320,10485760,7063720,327680,8640,7400040,7054225.574987787,8214783.56417423
0,bf16,value,ans_lane,256,24,10485760,7070456,24576,648,7095680,7063430.595564979,8223213.293651503
0,bf16,value,ans_lane,64,80,10485760,7068720,81920,2160,7152800,7061192.414577996,8221167.888601273
0,bf16,value,ans_lane_shared,16,320,10485760,7077208,0,8640,7085848,7054225.574987787,8214783.56417423
0,bf16,value,ans_lane_shared,256,24,10485760,7074788,0,648,7075436,7063430.595564979,8223213.293651503
0,bf16,value,ans_lane_shared,64,80,10485760,7075232,0,2160,7077392,7061192.414577996,8221167.888601273
0,bf16,value,ans_raw,64,80,10485760,8221596,40960,1520,8264076,7061192.414577996,8221167.888601273
0,bf16,value,zstd,64,80,10485760,8264836,0,1520,8266356,7061192.414577996,8221167.888601273
0,fp8_e4m3_sat,key,ans_lane,16,320,5242880,4347988,163840,6080,4517908,4343966.076660114,4343966.076660114
0,fp8_e4m3_sat,key,ans_lane,256,24,5242880,4352160,12288,456,4364904,4349444.473971188,4349444.473971188
0,fp8_e4m3_sat,key,ans_lane,64,80,5242880,4351124,40960,1520,4393604,4348126.3743153345,4348126.3743153345
0,fp8_e4m3_sat,key,ans_lane_shared,16,320,5242880,4356140,0,6080,4362220,4343966.076660114,4343966.076660114
0,fp8_e4m3_sat,key,ans_lane_shared,256,24,5242880,4354936,0,456,4355392,4349444.473971188,4349444.473971188
0,fp8_e4m3_sat,key,ans_lane_shared,64,80,5242880,4355140,0,1520,4356660,4348126.3743153345,4348126.3743153345
0,fp8_e4m3_sat,key,zstd,64,80,5242880,4377728,0,1520,4379248,4348126.3743153345,4348126.3743153345
0,fp8_e4m3_sat,value,ans_lane,16,320,5242880,4349016,163840,6080,4518936,4345033.864602567,4345033.864602567
0,fp8_e4m3_sat,value,ans_lane,256,24,5242880,4354772,12288,456,4367516,4352154.967263556,4352154.967263556
0,fp8_e4m3_sat,value,ans_lane,64,80,5242880,4353084,40960,1520,4395564,4350115.197148921,4350115.197148921
0,fp8_e4m3_sat,value,ans_lane_shared,16,320,5242880,4361208,0,6080,4367288,4345033.864602567,4345033.864602567
0,fp8_e4m3_sat,value,ans_lane_shared,256,24,5242880,4360008,0,456,4360464,4352154.967263556,4352154.967263556
0,fp8_e4m3_sat,value,ans_lane_shared,64,80,5242880,4360224,0,1520,4361744,4350115.197148921,4350115.197148921
0,fp8_e4m3_sat,value,zstd,64,80,5242880,4382153,0,1520,4383673,4350115.197148921,4350115.197148921
0,native,convolution,ans_lane,,24,1572864,1059868,24576,648,1085092,1058634.6978025571,1232588.0852436002
0,native,convolution,ans_lane_shared,,24,1572864,1062148,0,648,1062796,1058634.6978025571,1232588.0852436002
0,native,convolution,zstd,,24,1572864,1239350,0,456,1239806,1058634.6978025571,1232588.0852436002
0,native,recurrent,ans_lane,,24,50331648,42842104,49152,1032,42892288,42825709.42111297,47020049.37839966
0,native,recurrent,ans_lane_shared,,24,50331648,42859300,0,1032,42860332,42825709.42111297,47020049.37839966
0,native,recurrent,zstd,,24,50331648,47199148,0,456,47199604,42825709.42111297,47020049.37839966
1,bf16,key,ans_lane,16,31872,1044381696,702419564,32636928,860544,735917036,701469179.9312434,817017800.9250034
1,bf16,key,ans_lane,256,1992,1044381696,702963716,2039808,53784,705057308,702267363.088477,817745041.9070157
1,bf16,key,ans_lane,64,7968,1044381696,702840572,8159232,215136,711214940,702091418.9661311,817587302.1574446
1,bf16,key,ans_lane_shared,16,31872,1044381696,703282636,0,860544,704143180,701469179.9312434,817017800.9250034
1,bf16,key,ans_lane_shared,256,1992,1044381696,703035720,0,53784,703089504,702267363.088477,817745041.9070157
1,bf16,key,ans_lane_shared,64,7968,1044381696,703085128,0,215136,703300264,702091418.9661311,817587302.1574446
1,bf16,key,ans_raw,64,7968,1044381696,817629044,4079616,151392,821860052,702091418.9661311,817587302.1574446
1,bf16,key,zstd,64,7968,1044381696,821106658,0,151392,821258050,702091418.9661311,817587302.1574446
1,bf16,value,ans_lane,16,31872,1044381696,704160632,32636928,860544,737658104,703208788.830567,818743930.9394273
1,bf16,value,ans_lane,256,1992,1044381696,704822568,2039808,53784,706916160,704124696.5117415,819584772.9407421
1,bf16,value,ans_lane,64,7968,1044381696,704653900,8159232,215136,713028268,703902415.862477,819382767.007133
1,bf16,value,ans_lane_shared,16,31872,1044381696,705166596,0,860544,706027140,703208788.830567,818743930.9394273
1,bf16,value,ans_lane_shared,256,1992,1044381696,704919188,0,53784,704972972,704124696.5117415,819584772.9407421
1,bf16,value,ans_lane_shared,64,7968,1044381696,704968548,0,215136,705183684,703902415.862477,819382767.007133
1,bf16,value,ans_raw,64,7968,1044381696,819424544,4079616,151392,823655552,703902415.862477,819382767.007133
1,bf16,value,zstd,64,7968,1044381696,823776030,0,151392,823927422,703902415.862477,819382767.007133
1,fp8_e4m3_sat,key,ans_lane,16,31872,522190848,431293228,16318464,605568,448217260,430890673.07742083,430890673.07742083
1,fp8_e4m3_sat,key,ans_lane,256,1992,522190848,431696816,1019904,37848,432754568,431423556.090606,431423556.090606
1,fp8_e4m3_sat,key,ans_lane,64,7968,522190848,431592472,4079616,151392,435823480,431290476.19446206,431290476.19446206
1,fp8_e4m3_sat,key,ans_lane_shared,16,31872,522190848,431880400,0,605568,432485968,430890673.07742083,430890673.07742083
1,fp8_e4m3_sat,key,ans_lane_shared,256,1992,522190848,431760648,0,37848,431798496,431423556.090606,431423556.090606
1,fp8_e4m3_sat,key,ans_lane_shared,64,7968,522190848,431784536,0,151392,431935928,431290476.19446206,431290476.19446206
1,fp8_e4m3_sat,key,zstd,64,7968,522190848,434069400,0,151392,434220792,431290476.19446206,431290476.19446206
1,fp8_e4m3_sat,value,ans_lane,16,31872,522190848,433557348,16318464,605568,450481380,433154797.8310909,433154797.8310909
1,fp8_e4m3_sat,value,ans_lane,256,1992,522190848,434109952,1019904,37848,435167704,433845078.03304905,433845078.03304905
1,fp8_e4m3_sat,value,ans_lane,64,7968,522190848,433949792,4079616,151392,438180800,433652832.34235215,433652832.34235215
1,fp8_e4m3_sat,value,ans_lane_shared,16,31872,522190848,434325384,0,605568,434930952,433154797.8310909,433154797.8310909
1,fp8_e4m3_sat,value,ans_lane_shared,256,1992,522190848,434205708,0,37848,434243556,433845078.03304905,433845078.03304905
1,fp8_e4m3_sat,value,ans_lane_shared,64,7968,522190848,434229864,0,151392,434381256,433652832.34235215,433652832.34235215
1,fp8_e4m3_sat,value,zstd,64,7968,522190848,437006738,0,151392,437158130,433652832.34235215,433652832.34235215
1,native,convolution,ans_lane,,24,1572864,1065708,24576,648,1090932,1064479.8885968444,1237664.1552684512
1,native,convolution,ans_lane_shared,,24,1572864,1070872,0,648,1071520,1064479.8885968444,1237664.1552684512
1,native,convolution,zstd,,24,1572864,1244583,0,456,1245039,1064479.8885968444,1237664.1552684512
1,native,recurrent,ans_lane,,24,50331648,42985200,49152,1032,43035384,42968867.76188393,47128491.4885406
1,native,recurrent,ans_lane_shared,,24,50331648,42995304,0,1032,42996336,42968867.76188393,47128491.4885406
1,native,recurrent,zstd,,24,50331648,47233810,0,456,47234266,42968867.76188393,47128491.4885406
10,bf16,key,ans_lane,16,96,3145728,2115204,98304,2592,2216100,2112363.458450863,2460427.755679827
10,bf16,key,ans_lane,256,8,3145728,2116808,8192,216,2125216,2114677.793367925,2462536.054958722
10,bf16,key,ans_lane,64,24,3145728,2116484,24576,648,2141708,2114231.2375853467,2462134.2251292383
10,bf16,key,ans_lane_shared,16,96,3145728,2117864,0,2592,2120456,2112363.458450863,2460427.755679827
10,bf16,key,ans_lane_shared,256,8,3145728,2117136,0,216,2117352,2114677.793367925,2462536.054958722
10,bf16,key,ans_lane_shared,64,24,3145728,2117268,0,648,2117916,2114231.2375853467,2462134.2251292383
10,bf16,key,ans_raw,64,24,3145728,2462264,12288,456,2475008,2114231.2375853467,2462134.2251292383
10,bf16,key,zstd,64,24,3145728,2472591,0,456,2473047,2114231.2375853467,2462134.2251292383
10,bf16,value,ans_lane,16,96,3145728,2122400,98304,2592,2223296,2119551.0424755495,2467530.7694103005
10,bf16,value,ans_lane,256,8,3145728,2124356,8192,216,2132764,2122240.9946501325,2470010.8559601493
10,bf16,value,ans_lane,64,24,3145728,2124048,24576,648,2149272,2121777.487439194,2469588.6787080453
10,bf16,value,ans_lane_shared,16,96,3145728,2125364,0,2592,2127956,2119551.0424755495,2467530.7694103005
10,bf16,value,ans_lane_shared,256,8,3145728,2124628,0,216,2124844,2122240.9946501325,2470010.8559601493
10,bf16,value,ans_lane_shared,64,24,3145728,2124756,0,648,2125404,2121777.487439194,2469588.6787080453
10,bf16,value,ans_raw,64,24,3145728,2469716,12288,456,2482460,2121777.487439194,2469588.6787080453
10,bf16,value,zstd,64,24,3145728,2482614,0,456,2483070,2121777.487439194,2469588.6787080453
10,fp8_e4m3_sat,key,ans_lane,16,96,1572864,1298408,49152,1824,1349384,1297203.1101504937,1297203.1101504937
10,fp8_e4m3_sat,key,ans_lane,256,8,1572864,1299596,4096,152,1303844,1298759.3761397477,1298759.3761397477
10,fp8_e4m3_sat,key,ans_lane,64,24,1572864,1299320,12288,456,1312064,1298404.8985848017,1298404.8985848017
10,fp8_e4m3_sat,key,ans_lane_shared,16,96,1572864,1300300,0,1824,1302124,1297203.1101504937,1297203.1101504937
10,fp8_e4m3_sat,key,ans_lane_shared,256,8,1572864,1299940,0,152,1300092,1298759.3761397477,1298759.3761397477
10,fp8_e4m3_sat,key,ans_lane_shared,64,24,1572864,1300004,0,456,1300460,1298404.8985848017,1298404.8985848017
10,fp8_e4m3_sat,key,zstd,64,24,1572864,1306699,0,456,1307155,1298404.8985848017,1298404.8985848017
10,fp8_e4m3_sat,value,ans_lane,16,96,1572864,1307144,49152,1824,1358120,1305935.7598543358,1305935.7598543358
10,fp8_e4m3_sat,value,ans_lane,256,8,1572864,1308760,4096,152,1313008,1307946.8728329656,1307946.8728329656
10,fp8_e4m3_sat,value,ans_lane,64,24,1572864,1308492,12288,456,1321236,1307592.7268997661,1307592.7268997661
10,fp8_e4m3_sat,value,ans_lane_shared,16,96,1572864,1309356,0,1824,1311180,1305935.7598543358,1305935.7598543358
10,fp8_e4m3_sat,value,ans_lane_shared,256,8,1572864,1309020,0,152,1309172,1307946.8728329656,1307946.8728329656
10,fp8_e4m3_sat,value,ans_lane_shared,64,24,1572864,1309092,0,456,1309548,1307592.7268997661,1307592.7268997661
10,fp8_e4m3_sat,value,zstd,64,24,1572864,1317681,0,456,1318137,1307592.7268997661,1307592.7268997661
10,native,convolution,ans_lane,,24,1572864,1064800,24576,648,1090024,1063584.4671621146,1237033.4438702555
10,native,convolution,ans_lane_shared,,24,1572864,1067084,0,648,1067732,1063584.4671621146,1237033.4438702555
10,native,convolution,zstd,,24,1572864,1244132,0,456,1244588,1063584.4671621146,1237033.4438702555
10,native,recurrent,ans_lane,,24,50331648,43037388,49152,1032,43087572,43021038.882656716,47165261.2896385
10,native,recurrent,ans_lane_shared,,24,50331648,43059992,0,1032,43061024,43021038.882656716,47165261.2896385
10,native,recurrent,zstd,,24,50331648,47258320,0,456,47258776,43021038.882656716,47165261.2896385
11,bf16,key,ans_lane,16,672,22020096,14803272,688128,18144,15509544,14783279.23737978,17219989.077472012
11,bf16,key,ans_lane,256,48,22020096,14814540,49152,1296,14864988,14799814.243937504,17235068.63166875
11,bf16,key,ans_lane,64,168,22020096,14812120,172032,4536,14988688,14796288.36037819,17231892.98994306
11,bf16,key,ans_lane_shared,16,672,22020096,14821792,0,18144,14839936,14783279.23737978,17219989.077472012
11,bf16,key,ans_lane_shared,256,48,22020096,14816500,0,1296,14817796,14799814.243937504,17235068.63166875
11,bf16,key,ans_lane_shared,64,168,22020096,14817508,0,4536,14822044,14796288.36037819,17231892.98994306
11,bf16,key,ans_raw,64,168,22020096,17232768,86016,3192,17321976,14796288.36037819,17231892.98994306
11,bf16,key,zstd,64,168,22020096,17306705,0,3192,17309897,14796288.36037819,17231892.98994306
11,bf16,value,ans_lane,16,672,22020096,14861664,688128,18144,15567936,14841594.065026093,17276196.636799157
11,bf16,value,ans_lane,256,48,22020096,14875624,49152,1296,14926072,14860859.074023342,17293897.93902029
11,bf16,value,ans_lane,64,168,22020096,14872440,172032,4536,15049008,14856621.735042019,17290031.60712503
11,bf16,value,ans_lane_shared,16,672,22020096,14883172,0,18144,14901316,14841594.065026093,17276196.636799157
11,bf16,value,ans_lane_shared,256,48,22020096,14877992,0,1296,14879288,14860859.074023342,17293897.93902029
11,bf16,value,ans_lane_shared,64,168,22020096,14878972,0,4536,14883508,14856621.735042019,17290031.60712503
11,bf16,value,ans_raw,64,168,22020096,17290896,86016,3192,17380104,14856621.735042019,17290031.60712503
11,bf16,value,zstd,64,168,22020096,17382124,0,3192,17385316,14856621.735042019,17290031.60712503
11,fp8_e4m3_sat,key,ans_lane,16,672,11010048,9081472,344064,12768,9438304,9072961.012972431,9072961.012972431
11,fp8_e4m3_sat,key,ans_lane,256,48,11010048,9089800,24576,912,9115288,9083962.636559993,9083962.636559993
11,fp8_e4m3_sat,key,ans_lane,64,168,11010048,9087708,86016,3192,9176916,9081273.239094025,9081273.239094025
11,fp8_e4m3_sat,key,ans_lane_shared,16,672,11010048,9094524,0,12768,9107292,9072961.012972431,9072961.012972431
11,fp8_e4m3_sat,key,ans_lane_shared,256,48,11010048,9091960,0,912,9092872,9083962.636559993,9083962.636559993
11,fp8_e4m3_sat,key,ans_lane_shared,64,168,11010048,9092436,0,3192,9095628,9081273.239094025,9081273.239094025
11,fp8_e4m3_sat,key,zstd,64,168,11010048,9139108,0,3192,9142300,9081273.239094025,9081273.239094025
11,fp8_e4m3_sat,value,ans_lane,16,672,11010048,9156196,344064,12768,9513028,9147681.841302713,9147681.841302713
11,fp8_e4m3_sat,value,ans_lane,256,48,11010048,9167808,24576,912,9193296,9162188.464729993,9162188.464729993
11,fp8_e4m3_sat,value,ans_lane,64,168,11010048,9164860,86016,3192,9254068,9158626.3294362,9158626.3294362
11,fp8_e4m3_sat,value,ans_lane_shared,16,672,11010048,9172668,0,12768,9185436,9147681.841302713,9147681.841302713
11,fp8_e4m3_sat,value,ans_lane_shared,256,48,11010048,9170156,0,912,9171068,9162188.464729993,9162188.464729993
11,fp8_e4m3_sat,value,ans_lane_shared,64,168,11010048,9170624,0,3192,9173816,9158626.3294362,9158626.3294362
11,fp8_e4m3_sat,value,zstd,64,168,11010048,9230102,0,3192,9233294,9158626.3294362,9158626.3294362
11,native,convolution,ans_lane,,24,1572864,1064136,24576,648,1089360,1062905.6732662127,1236373.0582630525
11,native,convolution,ans_lane_shared,,24,1572864,1066504,0,648,1067152,1062905.6732662127,1236373.0582630525
11,native,convolution,zstd,,24,1572864,1243433,0,456,1243889,1062905.6732662127,1236373.0582630525
11,native,recurrent,ans_lane,,24,50331648,42994420,49152,1032,43044604,42978054.63086114,47135587.30694027
11,native,recurrent,ans_lane_shared,,24,50331648,43002376,0,1032,43003408,42978054.63086114,47135587.30694027
11,native,recurrent,zstd,,24,50331648,47236065,0,456,47236521,42978054.63086114,47135587.30694027
12,bf16,key,ans_lane,16,640,20971520,14104764,655360,17280,14777404,14085752.712567788,16405578.314086441
12,bf16,key,ans_lane,256,40,20971520,14115736,40960,1080,14157776,14101737.209138393,16420131.907161709
12,bf16,key,ans_lane,64,160,20971520,14113236,163840,4320,14281396,14098182.742485184,16416956.485932542
12,bf16,key,ans_lane_shared,16,640,20971520,14122276,0,17280,14139556,14085752.712567788,16405578.314086441
12,bf16,key,ans_lane_shared,256,40,20971520,14117252,0,1080,14118332,14101737.209138393,16420131.907161709
12,bf16,key,ans_lane_shared,64,160,20971520,14118184,0,4320,14122504,14098182.742485184,16416956.485932542
12,bf16,key,ans_raw,64,160,20971520,16417788,81920,3040,16502748,14098182.742485184,16416956.485932542
12,bf16,key,zstd,64,160,20971520,16487962,0,3040,16491002,14098182.742485184,16416956.485932542
12,bf16,value,ans_lane,16,640,20971520,14152040,655360,17280,14824680,14132961.894353189,16452402.12050531
12,bf16,value,ans_lane,256,40,20971520,14165832,40960,1080,14207872,14151798.0152094,16469734.78227564
12,bf16,value,ans_lane,64,160,20971520,14162160,163840,4320,14330320,14147057.979505198,16465402.873547534
12,bf16,value,ans_lane_shared,16,640,20971520,14172540,0,17280,14189820,14132961.894353189,16452402.12050531
12,bf16,value,ans_lane_shared,256,40,20971520,14167572,0,1080,14168652,14151798.0152094,16469734.78227564
12,bf16,value,ans_lane_shared,64,160,20971520,14168612,0,4320,14172932,14147057.979505198,16465402.873547534
12,bf16,value,ans_raw,64,160,20971520,16466244,81920,3040,16551204,14147057.979505198,16465402.873547534
12,bf16,value,zstd,64,160,20971520,16553502,0,3040,16556542,14147057.979505198,16465402.873547534
12,fp8_e4m3_sat,key,ans_lane,16,640,10485760,8656732,327680,12160,8996572,8648600.816536311,8648600.816536311
12,fp8_e4m3_sat,key,ans_lane,256,40,10485760,8664756,20480,760,8685996,8659216.805532832,8659216.805532832
12,fp8_e4m3_sat,key,ans_lane,64,160,10485760,8662640,81920,3040,8747600,8656532.516674072,8656532.516674072
12,fp8_e4m3_sat,key,ans_lane_shared,16,640,10485760,8668756,0,12160,8680916,8648600.816536311,8648600.816536311
12,fp8_e4m3_sat,key,ans_lane_shared,256,40,10485760,8666300,0,760,8667060,8659216.805532832,8659216.805532832
12,fp8_e4m3_sat,key,ans_lane_shared,64,160,10485760,8666804,0,3040,8669844,8656532.516674072,8656532.516674072
12,fp8_e4m3_sat,key,zstd,64,160,10485760,8711968,0,3040,8715008,8656532.516674072,8656532.516674072
12,fp8_e4m3_sat,value,ans_lane,16,640,10485760,8717960,327680,12160,9057800,8709893.885046545,8709893.885046545
12,fp8_e4m3_sat,value,ans_lane,256,40,10485760,8729604,20480,760,8750844,8724255.910878256,8724255.910878256
12,fp8_e4m3_sat,value,ans_lane,64,160,10485760,8726020,81920,3040,8810980,8720060.146448484,8720060.146448484
12,fp8_e4m3_sat,value,ans_lane_shared,16,640,10485760,8733816,0,12160,8745976,8709893.885046545,8709893.885046545
12,fp8_e4m3_sat,value,ans_lane_shared,256,40,10485760,8731400,0,760,8732160,8724255.910878256,8724255.910878256
12,fp8_e4m3_sat,value,ans_lane_shared,64,160,10485760,8731884,0,3040,8734924,8720060.146448484,8720060.146448484
12,fp8_e4m3_sat,value,zstd,64,160,10485760,8786978,0,3040,8790018,8720060.146448484,8720060.146448484
12,native,convolution,ans_lane,,24,1572864,1064784,24576,648,1090008,1063544.545927567,1236794.9369366276
12,native,convolution,ans_lane_shared,,24,1572864,1068840,0,648,1069488,1063544.545927567,1236794.9369366276
12,native,convolution,zstd,,24,1572864,1243834,0,456,1244290,1063544.545927567,1236794.9369366276
12,native,recurrent,ans_lane,,24,50331648,42987716,49152,1032,43037900,42971381.613556385,47130450.84812791
12,native,recurrent,ans_lane_shared,,24,50331648,42997968,0,1032,42999000,42971381.613556385,47130450.84812791
12,native,recurrent,zstd,,24,50331648,47241130,0,456,47241586,42971381.613556385,47130450.84812791
13,bf16,key,ans_lane,16,3968,130023424,87440004,4063232,107136,91610372,87321691.85170598,101711190.5845785
13,bf16,key,ans_lane,256,248,130023424,87507332,253952,6696,87767980,87420619.18369853,101801424.8293132
13,bf16,key,ans_lane,64,992,130023424,87492368,1015808,26784,88534960,87399001.19044001,101782014.8107633
13,bf16,key,ans_lane_shared,16,3968,130023424,87548388,0,107136,87655524,87321691.85170598,101711190.5845785
13,bf16,key,ans_lane_shared,256,248,130023424,87517628,0,6696,87524324,87420619.18369853,101801424.8293132
13,bf16,key,ans_lane_shared,64,992,130023424,87523764,0,26784,87550548,87399001.19044001,101782014.8107633
13,bf16,key,ans_raw,64,992,130023424,101787224,507904,18848,102313976,87399001.19044001,101782014.8107633
13,bf16,key,zstd,64,992,130023424,102224736,0,18848,102243584,87399001.19044001,101782014.8107633
13,bf16,value,ans_lane,16,3968,130023424,87727004,4063232,107136,91897372,87608620.87726595,101986316.6874286
13,bf16,value,ans_lane,256,248,130023424,87807436,253952,6696,88068084,87720513.6812699,102089135.59565644
13,bf16,value,ans_lane,64,992,130023424,87788048,1015808,26784,88830640,87694592.52535497,102065567.88804546
13,bf16,value,ans_lane_shared,16,3968,130023424,87848780,0,107136,87955916,87608620.87726595,101986316.6874286
13,bf16,value,ans_lane_shared,256,248,130023424,87818100,0,6696,87824796,87720513.6812699,102089135.59565644
13,bf16,value,ans_lane_shared,64,992,130023424,87824320,0,26784,87851104,87694592.52535497,102065567.88804546
13,bf16,value,ans_raw,64,992,130023424,102070732,507904,18848,102597484,87694592.52535497,102065567.88804546
13,bf16,value,zstd,64,992,130023424,102610887,0,18848,102629735,87694592.52535497,102065567.88804546
13,fp8_e4m3_sat,key,ans_lane,16,3968,65011712,53658464,2031616,75392,55765472,53608031.59987784,53608031.59987784
13,fp8_e4m3_sat,key,ans_lane,256,248,65011712,53708200,126976,4712,53839888,53673791.845983714,53673791.845983714
13,fp8_e4m3_sat,key,ans_lane,64,992,65011712,53695568,507904,18848,54222320,53657602.5819729,53657602.5819729
13,fp8_e4m3_sat,key,ans_lane_shared,16,3968,65011712,53733876,0,75392,53809268,53608031.59987784,53608031.59987784
13,fp8_e4m3_sat,key,ans_lane_shared,256,248,65011712,53719032,0,4712,53723744,53673791.845983714,53673791.845983714
13,fp8_e4m3_sat,key,ans_lane_shared,64,992,65011712,53721996,0,18848,53740844,53657602.5819729,53657602.5819729
13,fp8_e4m3_sat,key,zstd,64,992,65011712,54000718,0,18848,54019566,53657602.5819729,53657602.5819729
13,fp8_e4m3_sat,value,ans_lane,16,3968,65011712,54035508,2031616,75392,56142516,53985497.530205436,53985497.530205436
13,fp8_e4m3_sat,value,ans_lane,256,248,65011712,54101720,126976,4712,54233408,54068699.55728094,54068699.55728094
13,fp8_e4m3_sat,value,ans_lane,64,992,65011712,54083748,507904,18848,54610500,54046851.20951129,54046851.20951129
13,fp8_e4m3_sat,value,ans_lane_shared,16,3968,65011712,54127364,0,75392,54202756,53985497.530205436,53985497.530205436
13,fp8_e4m3_sat,value,ans_lane_shared,256,248,65011712,54112624,0,4712,54117336,54068699.55728094,54068699.55728094
13,fp8_e4m3_sat,value,ans_lane_shared,64,992,65011712,54115576,0,18848,54134424,54046851.20951129,54046851.20951129
13,fp8_e4m3_sat,value,zstd,64,992,65011712,54466732,0,18848,54485580,54046851.20951129,54046851.20951129
13,native,convolution,ans_lane,,24,1572864,1066100,24576,648,1091324,1064865.4332848806,1238152.8892514722
13,native,convolution,ans_lane_shared,,24,1572864,1070628,0,648,1071276,1064865.4332848806,1238152.8892514722
13,native,convolution,zstd,,24,1572864,1245122,0,456,1245578,1064865.4332848806,1238152.8892514722
13,native,recurrent,ans_lane,,24,50331648,43010672,49152,1032,43060856,42994301.81373157,47148262.993089184
13,native,recurrent,ans_lane_shared,,24,50331648,43028752,0,1032,43029784,42994301.81373157,47148262.993089184
13,native,recurrent,zstd,,24,50331648,47242334,0,456,47242790,42994301.81373157,47148262.993089184
14,bf16,key,ans_lane,16,800,26214400,17626980,819200,21600,18467780,17603188.130317513,20504697.91671432
14,bf16,key,ans_lane,256,56,26214400,17640684,57344,1512,17699540,17623153.631538656,20522877.97340122
14,bf16,key,ans_lane,64,200,26214400,17637716,204800,5400,17847916,17618889.919963427,20519067.275985748
14,bf16,key,ans_lane_shared,16,800,26214400,17649108,0,21600,17670708,17603188.130317513,20504697.91671432
14,bf16,key,ans_lane_shared,256,56,26214400,17642932,0,1512,17644444,17623153.631538656,20522877.97340122
14,bf16,key,ans_lane_shared,64,200,26214400,17644140,0,5400,17649540,17618889.919963427,20519067.275985748
14,bf16,key,ans_raw,64,200,26214400,20520136,102400,3800,20626336,17618889.919963427,20519067.275985748
14,bf16,key,zstd,64,200,26214400,20608527,0,3800,20612327,17618889.919963427,20519067.275985748
14,bf16,value,ans_lane,16,800,26214400,17689176,819200,21600,18529976,17665248.044833794,20564248.150399502
14,bf16,value,ans_lane,256,56,26214400,17705472,57344,1512,17764328,17687884.254569046,20585074.35799824
14,bf16,value,ans_lane,64,200,26214400,17701372,204800,5400,17911572,17682519.876201212,20580185.764928777
14,bf16,value,ans_lane_shared,16,800,26214400,17714572,0,21600,17736172,17665248.044833794,20564248.150399502
14,bf16,value,ans_lane_shared,256,56,26214400,17708384,0,1512,17709896,17687884.254569046,20585074.35799824
14,bf16,value,ans_lane_shared,64,200,26214400,17709532,0,5400,17714932,17682519.876201212,20580185.764928777
14,bf16,value,ans_raw,64,200,26214400,20581216,102400,3800,20687416,17682519.876201212,20580185.764928777
14,bf16,value,zstd,64,200,26214400,20689337,0,3800,20693137,17682519.876201212,20580185.764928777
14,fp8_e4m3_sat,key,ans_lane,16,800,13107200,10816900,409600,15200,11241700,10806727.476707626,10806727.476707626
14,fp8_e4m3_sat,key,ans_lane,256,56,13107200,10827016,28672,1064,10856752,10820037.12876746,10820037.12876746
14,fp8_e4m3_sat,key,ans_lane,64,200,13107200,10824484,102400,3800,10930684,10816808.824368203,10816808.824368203
14,fp8_e4m3_sat,key,ans_lane_shared,16,800,13107200,10832352,0,15200,10847552,10806727.476707626,10806727.476707626
14,fp8_e4m3_sat,key,ans_lane_shared,256,56,13107200,10829392,0,1064,10830456,10820037.12876746,10820037.12876746
14,fp8_e4m3_sat,key,ans_lane_shared,64,200,13107200,10829976,0,3800,10833776,10816808.824368203,10816808.824368203
14,fp8_e4m3_sat,key,zstd,64,200,13107200,10885758,0,3800,10889558,10816808.824368203,10816808.824368203
14,fp8_e4m3_sat,value,ans_lane,16,800,13107200,10895624,409600,15200,11320424,10885432.299077475,10885432.299077475
14,fp8_e4m3_sat,value,ans_lane,256,56,13107200,10909308,28672,1064,10939044,10902589.879375674,10902589.879375674
14,fp8_e4m3_sat,value,ans_lane,64,200,13107200,10905340,102400,3800,11011540,10897879.089683462,10897879.089683462
14,fp8_e4m3_sat,value,ans_lane_shared,16,800,13107200,10915448,0,15200,10930648,10885432.299077475,10885432.299077475
14,fp8_e4m3_sat,value,ans_lane_shared,256,56,13107200,10912504,0,1064,10913568,10902589.879375674,10902589.879375674
14,fp8_e4m3_sat,value,ans_lane_shared,64,200,13107200,10913056,0,3800,10916856,10897879.089683462,10897879.089683462
14,fp8_e4m3_sat,value,zstd,64,200,13107200,10981998,0,3800,10985798,10897879.089683462,10897879.089683462
14,native,convolution,ans_lane,,24,1572864,1061680,24576,648,1086904,1060455.3043358556,1234176.7419780844
14,native,convolution,ans_lane_shared,,24,1572864,1063316,0,648,1063964,1060455.3043358556,1234176.7419780844
14,native,convolution,zstd,,24,1572864,1241149,0,456,1241605,1060455.3043358556,1234176.7419780844
14,native,recurrent,ans_lane,,24,50331648,43032292,49152,1032,43082476,43015961.56375828,47163701.097630605
14,native,recurrent,ans_lane_shared,,24,50331648,43049960,0,1032,43050992,43015961.56375828,47163701.097630605
14,native,recurrent,zstd,,24,50331648,47255100,0,456,47255556,43015961.56375828,47163701.097630605
15,bf16,key,ans_lane,16,7392,242221056,162884852,7569408,199584,170653844,162664228.98757073,189470834.91544962
15,bf16,key,ans_lane,256,464,242221056,163010164,475136,12528,163497828,162848638.41961193,189638842.71055865
15,bf16,key,ans_lane,64,1848,242221056,162981832,1892352,49896,164924080,162808092.92006162,189602477.20270872
15,bf16,key,ans_lane_shared,16,7392,242221056,163086268,0,199584,163285852,162664228.98757073,189470834.91544962
15,bf16,key,ans_lane_shared,256,464,242221056,163028876,0,12528,163041404,162848638.41961193,189638842.71055865
15,bf16,key,ans_lane_shared,64,1848,242221056,163040296,0,49896,163090192,162808092.92006162,189602477.20270872
15,bf16,key,ans_raw,64,1848,242221056,189612136,946176,35112,190593424,162808092.92006162,189602477.20270872
15,bf16,key,zstd,64,1848,242221056,190426858,0,35112,190461970,162808092.92006162,189602477.20270872
15,bf16,value,ans_lane,16,7392,242221056,163467444,7569408,199584,171236436,163246546.74942672,190027532.57921192
15,bf16,value,ans_lane,256,464,242221056,163618228,475136,12528,164105892,163456359.02004057,190220256.61560735
15,bf16,value,ans_lane,64,1848,242221056,163581120,1892352,49896,165523368,163406894.08170083,190175246.47101787
15,bf16,value,ans_lane_shared,16,7392,242221056,163699832,0,199584,163899416,163246546.74942672,190027532.57921192
15,bf16,value,ans_lane_shared,256,464,242221056,163642624,0,12528,163655152,163456359.02004057,190220256.61560735
15,bf16,value,ans_lane_shared,64,1848,242221056,163654020,0,49896,163703916,163406894.08170083,190175246.47101787
15,bf16,value,ans_raw,64,1848,242221056,190184892,946176,35112,191166180,163406894.08170083,190175246.47101787
15,bf16,value,zstd,64,1848,242221056,191187770,0,35112,191222882,163406894.08170083,190175246.47101787
15,fp8_e4m3_sat,key,ans_lane,16,7392,121110528,99985384,3784704,140448,103910536,99891300.68557835,99891300.68557835
15,fp8_e4m3_sat,key,ans_lane,256,464,121110528,100078340,237568,8816,100324724,100014264.45866464,100014264.45866464
15,fp8_e4m3_sat,key,ans_lane,64,1848,121110528,100054176,946176,35112,101035464,99983486.10230806,99983486.10230806
15,fp8_e4m3_sat,key,ans_lane_shared,16,7392,121110528,100127520,0,140448,100267968,99891300.68557835,99891300.68557835
15,fp8_e4m3_sat,key,ans_lane_shared,256,464,121110528,100099736,0,8816,100108552,100014264.45866464,100014264.45866464
15,fp8_e4m3_sat,key,ans_lane_shared,64,1848,121110528,100105288,0,35112,100140400,99983486.10230806,99983486.10230806
15,fp8_e4m3_sat,key,zstd,64,1848,121110528,100622496,0,35112,100657608,99983486.10230806,99983486.10230806
15,fp8_e4m3_sat,value,ans_lane,16,7392,121110528,100698852,3784704,140448,104624004,100605658.38551034,100605658.38551034
15,fp8_e4m3_sat,value,ans_lane,256,464,121110528,100824720,237568,8816,101071104,100763223.72251907,100763223.72251907
15,fp8_e4m3_sat,value,ans_lane,64,1848,121110528,100789856,946176,35112,101771144,100721161.27381463,100721161.27381463
15,fp8_e4m3_sat,value,ans_lane_shared,16,7392,121110528,100880620,0,140448,101021068,100605658.38551034,100605658.38551034
15,fp8_e4m3_sat,value,ans_lane_shared,256,464,121110528,100852992,0,8816,100861808,100763223.72251907,100763223.72251907
15,fp8_e4m3_sat,value,ans_lane_shared,64,1848,121110528,100858472,0,35112,100893584,100721161.27381463,100721161.27381463
15,fp8_e4m3_sat,value,zstd,64,1848,121110528,101501611,0,35112,101536723,100721161.27381463,100721161.27381463
15,native,convolution,ans_lane,,24,1572864,1063480,24576,648,1088704,1062255.726573911,1235664.46443732
15,native,convolution,ans_lane_shared,,24,1572864,1065692,0,648,1066340,1062255.726573911,1235664.46443732
15,native,convolution,zstd,,24,1572864,1242832,0,456,1243288,1062255.726573911,1235664.46443732
15,native,recurrent,ans_lane,,24,50331648,42991320,49152,1032,43041504,42974954.296046965,47132920.16265211
15,native,recurrent,ans_lane_shared,,24,50331648,42999184,0,1032,43000216,42974954.296046965,47132920.16265211
15,native,recurrent,zstd,,24,50331648,47238496,0,456,47238952,42974954.296046965,47132920.16265211
16,bf16,key,ans_lane,16,1120,36700160,24680580,1146880,30240,25857700,24647097.092718177,28707783.681325637
16,bf16,key,ans_lane,256,72,36700160,24699400,73728,1944,24775072,24674903.55511577,28733154.69913632
16,bf16,key,ans_lane,64,280,36700160,24695144,286720,7560,24989424,24668821.21804249,28727697.645168465
16,bf16,key,ans_lane_shared,16,1120,36700160,24710820,0,30240,24741060,24647097.092718177,28707783.681325637
16,bf16,key,ans_lane_shared,256,72,36700160,24702268,0,1944,24704212,24674903.55511577,28733154.69913632
16,bf16,key,ans_lane_shared,64,280,36700160,24703972,0,7560,24711532,24668821.21804249,28727697.645168465
16,bf16,key,ans_raw,64,280,36700160,28729180,143360,5320,28877860,24668821.21804249,28727697.645168465
16,bf16,key,zstd,64,280,36700160,28853010,0,5320,28858330,24668821.21804249,28727697.645168465
16,bf16,value,ans_lane,16,1120,36700160,24769132,1146880,30240,25946252,24735660.838651605,28793447.024417974
16,bf16,value,ans_lane,256,72,36700160,24792224,73728,1944,24867896,24767683.73868023,28822889.96553748
16,bf16,value,ans_lane,64,280,36700160,24786204,286720,7560,25080484,24759826.38655945,28815723.319901846
16,bf16,value,ans_lane_shared,16,1120,36700160,24805536,0,30240,24835776,24735660.838651605,28793447.024417974
16,bf16,value,ans_lane_shared,256,72,36700160,24796812,0,1944,24798756,24767683.73868023,28822889.96553748
16,bf16,value,ans_lane_shared,64,280,36700160,24798548,0,7560,24806108,24759826.38655945,28815723.319901846
16,bf16,value,ans_raw,64,280,36700160,28817192,143360,5320,28965872,24759826.38655945,28815723.319901846
16,bf16,value,zstd,64,280,36700160,28969411,0,5320,28974731,24759826.38655945,28815723.319901846
16,fp8_e4m3_sat,key,ans_lane,16,1120,18350080,15150180,573440,21280,15744900,15135913.863304751,15135913.863304751
16,fp8_e4m3_sat,key,ans_lane,256,72,18350080,15164260,36864,1368,15202492,15154524.048487866,15154524.048487866
16,fp8_e4m3_sat,key,ans_lane,64,280,18350080,15160564,143360,5320,15309244,15149837.645270653,15149837.645270653
16,fp8_e4m3_sat,key,ans_lane_shared,16,1120,18350080,15171908,0,21280,15193188,15135913.863304751,15135913.863304751
16,fp8_e4m3_sat,key,ans_lane_shared,256,72,18350080,15167716,0,1368,15169084,15154524.048487866,15154524.048487866
16,fp8_e4m3_sat,key,ans_lane_shared,64,280,18350080,15168524,0,5320,15173844,15149837.645270653,15149837.645270653
16,fp8_e4m3_sat,key,zstd,64,280,18350080,15246617,0,5320,15251937,15149837.645270653,15149837.645270653
16,fp8_e4m3_sat,value,ans_lane,16,1120,18350080,15257920,573440,21280,15852640,15243823.30315693,15243823.30315693
16,fp8_e4m3_sat,value,ans_lane,256,72,18350080,15277420,36864,1368,15315652,15268103.665479625,15268103.665479625
16,fp8_e4m3_sat,value,ans_lane,64,280,18350080,15271660,143360,5320,15420340,15261227.54830761,15261227.54830761
16,fp8_e4m3_sat,value,ans_lane_shared,16,1120,18350080,15287184,0,21280,15308464,15243823.30315693,15243823.30315693
16,fp8_e4m3_sat,value,ans_lane_shared,256,72,18350080,15282948,0,1368,15284316,15268103.665479625,15268103.665479625
16,fp8_e4m3_sat,value,ans_lane_shared,64,280,18350080,15283824,0,5320,15289144,15261227.54830761,15261227.54830761
16,fp8_e4m3_sat,value,zstd,64,280,18350080,15378620,0,5320,15383940,15261227.54830761,15261227.54830761
16,native,convolution,ans_lane,,24,1572864,1065352,24576,648,1090576,1064130.861250338,1237533.8424039911
16,native,convolution,ans_lane_shared,,24,1572864,1068080,0,648,1068728,1064130.861250338,1237533.8424039911
16,native,convolution,zstd,,24,1572864,1244572,0,456,1245028,1064130.861250338,1237533.8424039911
16,native,recurrent,ans_lane,,24,50331648,43030088,49152,1032,43080272,43013751.209220156,47161225.38718903
16,native,recurrent,ans_lane_shared,,24,50331648,43052556,0,1032,43053588,43013751.209220156,47161225.38718903
16,native,recurrent,zstd,,24,50331648,47250529,0,456,47250985,43013751.209220156,47161225.38718903
17,bf16,key,ans_lane,16,64,2097152,1409808,65536,1728,1477072,1407902.4506896762,1640218.6518470745
17,bf16,key,ans_lane,256,8,2097152,1410788,8192,216,1419196,1409350.254273997,1641543.4682563574
17,bf16,key,ans_lane,64,16,2097152,1410636,16384,432,1427452,1409131.381968416,1641342.8576778194
17,bf16,key,ans_lane_shared,16,64,2097152,1411520,0,1728,1413248,1407902.4506896762,1640218.6518470745
17,bf16,key,ans_lane_shared,256,8,2097152,1411064,0,216,1411280,1409350.254273997,1641543.4682563574
17,bf16,key,ans_lane_shared,64,16,2097152,1411132,0,432,1411564,1409131.381968416,1641342.8576778194
17,bf16,key,ans_raw,64,16,2097152,1641424,8192,304,1649920,1409131.381968416,1641342.8576778194
17,bf16,key,zstd,64,16,2097152,1648561,0,304,1648865,1409131.381968416,1641342.8576778194
17,bf16,value,ans_lane,16,64,2097152,1414084,65536,1728,1481348,1412186.1122957633,1644088.367328743
17,bf16,value,ans_lane,256,8,2097152,1415288,8192,216,1423696,1413849.002137465,1645619.935966774
17,bf16,value,ans_lane,64,16,2097152,1415132,16384,432,1431948,1413623.7916715606,1645413.575566646
17,bf16,value,ans_lane_shared,16,64,2097152,1416060,0,1728,1417788,1412186.1122957633,1644088.367328743
17,bf16,value,ans_lane_shared,256,8,2097152,1415624,0,216,1415840,1413849.002137465,1645619.935966774
17,bf16,value,ans_lane_shared,64,16,2097152,1415676,0,432,1416108,1413623.7916715606,1645413.575566646
17,bf16,value,ans_raw,64,16,2097152,1645496,8192,304,1653992,1413623.7916715606,1645413.575566646
17,bf16,value,zstd,64,16,2097152,1654249,0,304,1654553,1413623.7916715606,1645413.575566646
17,fp8_e4m3_sat,key,ans_lane,16,64,1048576,865012,32768,1216,898996,864184.8341103065,864184.8341103065
17,fp8_e4m3_sat,key,ans_lane,256,8,1048576,865736,4096,152,869984,865152.3088096604,865152.3088096604
17,fp8_e4m3_sat,key,ans_lane,64,16,1048576,865600,8192,304,874096,864983.0525509373,864983.0525509373
17,fp8_e4m3_sat,key,ans_lane_shared,16,64,1048576,866276,0,1216,867492,864184.8341103065,864184.8341103065
17,fp8_e4m3_sat,key,ans_lane_shared,256,8,1048576,866040,0,152,866192,865152.3088096604,865152.3088096604
17,fp8_e4m3_sat,key,ans_lane_shared,64,16,1048576,866072,0,304,866376,864983.0525509373,864983.0525509373
17,fp8_e4m3_sat,key,zstd,64,16,1048576,870566,0,304,870870,864983.0525509373,864983.0525509373
17,fp8_e4m3_sat,value,ans_lane,16,64,1048576,870644,32768,1216,904628,869842.0802979125,869842.0802979125
17,fp8_e4m3_sat,value,ans_lane,256,8,1048576,871604,4096,152,875852,871048.5991435482,871048.5991435482
17,fp8_e4m3_sat,value,ans_lane,64,16,1048576,871472,8192,304,879968,870877.0291275113,870877.0291275113
17,fp8_e4m3_sat,value,ans_lane_shared,16,64,1048576,872172,0,1216,873388,869842.0802979125,869842.0802979125
17,fp8_e4m3_sat,value,ans_lane_shared,256,8,1048576,871952,0,152,872104,871048.5991435482,871048.5991435482
17,fp8_e4m3_sat,value,ans_lane_shared,64,16,1048576,871984,0,304,872288,870877.0291275113,870877.0291275113
17,fp8_e4m3_sat,value,zstd,64,16,1048576,877473,0,304,877777,870877.0291275113,870877.0291275113
17,native,convolution,ans_lane,,24,1572864,1063644,24576,648,1088868,1062406.66022759,1236022.4304859147
17,native,convolution,ans_lane_shared,,24,1572864,1065436,0,648,1066084,1062406.66022759,1236022.4304859147
17,native,convolution,zstd,,24,1572864,1243056,0,456,1243512,1062406.66022759,1236022.4304859147
17,native,recurrent,ans_lane,,24,50331648,43080392,49152,1032,43130576,43064078.85876578,47198428.46418793
17,native,recurrent,ans_lane_shared,,24,50331648,43124148,0,1032,43125180,43064078.85876578,47198428.46418793
17,native,recurrent,zstd,,24,50331648,47251363,0,456,47251819,43064078.85876578,47198428.46418793
18,bf16,key,ans_lane,16,1280,41943040,28195028,1310720,34560,29540308,28156916.699883487,32798934.32621881
18,bf16,key,ans_lane,256,80,41943040,28216592,81920,2160,28300672,28188605.969618853,32827837.79280749
18,bf16,key,ans_lane,64,320,41943040,28211804,327680,8640,28548124,28181707.525479805,32821641.016726915
18,bf16,key,ans_lane_shared,16,1280,41943040,28229956,0,34560,28264516,28156916.699883487,32798934.32621881
18,bf16,key,ans_lane_shared,256,80,41943040,28220104,0,2160,28222264,28188605.969618853,32827837.79280749
18,bf16,key,ans_lane_shared,64,320,41943040,28222068,0,8640,28230708,28181707.525479805,32821641.016726915
18,bf16,key,ans_raw,64,320,41943040,32823292,163840,6080,32993212,28181707.525479805,32821641.016726915
18,bf16,key,zstd,64,320,41943040,32964358,0,6080,32970438,28181707.525479805,32821641.016726915
18,bf16,value,ans_lane,16,1280,41943040,28306864,1310720,34560,29652144,28268567.218286976,32906428.790426236
18,bf16,value,ans_lane,256,80,41943040,28332824,81920,2160,28416904,28304782.228237163,32939788.98424545
18,bf16,value,ans_lane,64,320,41943040,28326360,327680,8640,28662680,28296179.33250793,32931925.072332673
18,bf16,value,ans_lane_shared,16,1280,41943040,28347172,0,34560,28381732,28268567.218286976,32906428.790426236
18,bf16,value,ans_lane_shared,256,80,41943040,28337268,0,2160,28339428,28304782.228237163,32939788.98424545
18,bf16,value,ans_lane_shared,64,320,41943040,28339248,0,8640,28347888,28296179.33250793,32931925.072332673
18,bf16,value,ans_raw,64,320,41943040,32933616,163840,6080,33103536,28296179.33250793,32931925.072332673
18,bf16,value,zstd,64,320,41943040,33107031,0,6080,33113111,28296179.33250793,32931925.072332673
18,fp8_e4m3_sat,key,ans_lane,16,1280,20971520,17303056,655360,24320,17982736,17286775.34592649,17286775.34592649
18,fp8_e4m3_sat,key,ans_lane,256,80,20971520,17318740,40960,1520,17361220,17307594.551417507,17307594.551417507
18,fp8_e4m3_sat,key,ans_lane,64,320,20971520,17314640,163840,6080,17484560,17302399.902449556,17302399.902449556
18,fp8_e4m3_sat,key,ans_lane_shared,16,1280,20971520,17327704,0,24320,17352024,17286775.34592649,17286775.34592649
18,fp8_e4m3_sat,key,ans_lane_shared,256,80,20971520,17322928,0,1520,17324448,17307594.551417507,17307594.551417507
18,fp8_e4m3_sat,key,ans_lane_shared,64,320,20971520,17323840,0,6080,17329920,17302399.902449556,17302399.902449556
18,fp8_e4m3_sat,key,zstd,64,320,20971520,17412237,0,6080,17418317,17302399.902449556,17302399.902449556
18,fp8_e4m3_sat,value,ans_lane,16,1280,20971520,17438688,655360,24320,18118368,17422480.82534335,17422480.82534335
18,fp8_e4m3_sat,value,ans_lane,256,80,20971520,17460288,40960,1520,17502768,17449604.75304145,17449604.75304145
18,fp8_e4m3_sat,value,ans_lane,64,320,20971520,17454164,163840,6080,17624084,17442288.138737336,17442288.138737336
18,fp8_e4m3_sat,value,ans_lane_shared,16,1280,20971520,17470572,0,24320,17494892,17422480.82534335,17422480.82534335
18,fp8_e4m3_sat,value,ans_lane_shared,256,80,20971520,17465776,0,1520,17467296,17449604.75304145,17449604.75304145
18,fp8_e4m3_sat,value,ans_lane_shared,64,320,20971520,17466756,0,6080,17472836,17442288.138737336,17442288.138737336
18,fp8_e4m3_sat,value,zstd,64,320,20971520,17577119,0,6080,17583199,17442288.138737336,17442288.138737336
18,native,convolution,ans_lane,,24,1572864,1063944,24576,648,1089168,1062731.2084543284,1236219.0715558669
18,native,convolution,ans_lane_shared,,24,1572864,1066376,0,648,1067024,1062731.2084543284,1236219.0715558669
18,native,convolution,zstd,,24,1572864,1243320,0,456,1243776,1062731.2084543284,1236219.0715558669
18,native,recurrent,ans_lane,,24,50331648,42982960,49152,1032,43033144,42966608.82894388,47127311.1981267
18,native,recurrent,ans_lane_shared,,24,50331648,42991264,0,1032,42992296,42966608.82894388,47127311.1981267
18,native,recurrent,zstd,,24,50331648,47239725,0,456,47240181,42966608.82894388,47127311.1981267
19,bf16,key,ans_lane,16,1376,45088768,30318688,1409024,37152,31764864,30277625.456562065,35267709.53073445
19,bf16,key,ans_lane,256,88,45088768,30341864,90112,2376,30434352,30311760.630654782,35298822.40200305
19,bf16,key,ans_lane,64,344,45088768,30336704,352256,9288,30698248,30304362.101542216,35292201.76070129
19,bf16,key,ans_lane_shared,16,1376,45088768,30356300,0,37152,30393452,30277625.456562065,35267709.53073445
19,bf16,key,ans_lane_shared,256,88,45088768,30345660,0,2376,30348036,30311760.630654782,35298822.40200305
19,bf16,key,ans_lane_shared,64,344,45088768,30347768,0,9288,30357056,30304362.101542216,35292201.76070129
19,bf16,key,ans_raw,64,344,45088768,35293964,176128,6536,35476628,30304362.101542216,35292201.76070129
19,bf16,key,zstd,64,344,45088768,35445935,0,6536,35452471,30304362.101542216,35292201.76070129
19,bf16,value,ans_lane,16,1376,45088768,30434476,1409024,37152,31880652,30393382.946935985,35377992.757587984
19,bf16,value,ans_lane,256,88,45088768,30463228,90112,2376,30555716,30433057.79694347,35414425.4431384
19,bf16,value,ans_lane,64,344,45088768,30455756,352256,9288,30817300,30423291.70734245,35405520.96236598
19,bf16,value,ans_lane_shared,16,1376,45088768,30478696,0,37152,30515848,30393382.946935985,35377992.757587984
19,bf16,value,ans_lane_shared,256,88,45088768,30467968,0,2376,30470344,30433057.79694347,35414425.4431384
19,bf16,value,ans_lane_shared,64,344,45088768,30470104,0,9288,30479392,30423291.70734245,35405520.96236598
19,bf16,value,ans_raw,64,344,45088768,35407308,176128,6536,35589972,30423291.70734245,35405520.96236598
19,bf16,value,zstd,64,344,45088768,35594566,0,6536,35601102,30423291.70734245,35405520.96236598
19,fp8_e4m3_sat,key,ans_lane,16,1376,22544384,18611700,704512,26144,19342356,18594208.327996243,18594208.327996243
19,fp8_e4m3_sat,key,ans_lane,256,88,22544384,18628908,45056,1672,18675636,18616972.184249435,18616972.184249435
19,fp8_e4m3_sat,key,ans_lane,64,344,22544384,18624520,176128,6536,18807184,18611336.54416901,18611336.54416901
19,fp8_e4m3_sat,key,ans_lane_shared,16,1376,22544384,18638356,0,26144,18664500,18594208.327996243,18594208.327996243
19,fp8_e4m3_sat,key,ans_lane_shared,256,88,22544384,18633244,0,1672,18634916,18616972.184249435,18616972.184249435
19,fp8_e4m3_sat,key,ans_lane_shared,64,344,22544384,18634260,0,6536,18640796,18611336.54416901,18611336.54416901
19,fp8_e4m3_sat,key,zstd,64,344,22544384,18729876,0,6536,18736412,18611336.54416901,18611336.54416901
19,fp8_e4m3_sat,value,ans_lane,16,1376,22544384,18748900,704512,26144,19479556,18731569.191219643,18731569.191219643
19,fp8_e4m3_sat,value,ans_lane,256,88,22544384,18773204,45056,1672,18819932,18761754.695092663,18761754.695092663
19,fp8_e4m3_sat,value,ans_lane,64,344,22544384,18765912,176128,6536,18948576,18753134.014865536,18753134.014865536
19,fp8_e4m3_sat,value,ans_lane_shared,16,1376,22544384,18784424,0,26144,18810568,18731569.191219643,18731569.191219643
19,fp8_e4m3_sat,value,ans_lane_shared,256,88,22544384,18779264,0,1672,18780936,18761754.695092663,18761754.695092663
19,fp8_e4m3_sat,value,ans_lane_shared,64,344,22544384,18780272,0,6536,18786808,18753134.014865536,18753134.014865536
19,fp8_e4m3_sat,value,zstd,64,344,22544384,18898088,0,6536,18904624,18753134.014865536,18753134.014865536
19,native,convolution,ans_lane,,24,1572864,1064236,24576,648,1089460,1063010.3993049334,1236495.2413485958
19,native,convolution,ans_lane_shared,,24,1572864,1067284,0,648,1067932,1063010.3993049334,1236495.2413485958
19,native,convolution,zstd,,24,1572864,1243608,0,456,1244064,1063010.3993049334,1236495.2413485958
19,native,recurrent,ans_lane,,24,50331648,43004008,49152,1032,43054192,42987661.72295293,47144035.66467845
19,native,recurrent,ans_lane_shared,,24,50331648,43016676,0,1032,43017708,42987661.72295293,47144035.66467845
19,native,recurrent,zstd,,24,50331648,47249177,0,456,47249633,42987661.72295293,47144035.66467845
2,bf16,key,ans_lane,16,832,27262976,18337476,851968,22464,19211908,18312708.04389086,21328699.819684047
2,bf16,key,ans_lane,256,56,27262976,18351580,57344,1512,18410436,18333373.151528545,21347517.518351283
2,bf16,key,ans_lane,64,208,27262976,18348536,212992,5616,18567144,18328954.467882685,21343548.772556867
2,bf16,key,ans_lane_shared,16,832,27262976,18359860,0,22464,18382324,18312708.04389086,21328699.819684047
2,bf16,key,ans_lane_shared,256,56,27262976,18353440,0,1512,18354952,18333373.151528545,21347517.518351283
2,bf16,key,ans_lane_shared,64,208,27262976,18354696,0,5616,18360312,18328954.467882685,21343548.772556867
2,bf16,key,ans_raw,64,208,27262976,21344612,106496,3952,21455060,18328954.467882685,21343548.772556867
2,bf16,key,zstd,64,208,27262976,21435498,0,3952,21439450,18328954.467882685,21343548.772556867
2,bf16,value,ans_lane,16,832,27262976,18390460,851968,22464,19264892,18365620.101332854,21380551.85675811
2,bf16,value,ans_lane,256,56,27262976,18407208,57344,1512,18466064,18388948.575345132,21401990.226647235
2,bf16,value,ans_lane,64,208,27262976,18403012,212992,5616,18621620,18383367.3411733,21396906.090811502
2,bf16,value,ans_lane_shared,16,832,27262976,18415712,0,22464,18438176,18365620.101332854,21380551.85675811
2,bf16,value,ans_lane_shared,256,56,27262976,18409348,0,1512,18410860,18388948.575345132,21401990.226647235
2,bf16,value,ans_lane_shared,64,208,27262976,18410632,0,5616,18416248,18383367.3411733,21396906.090811502
2,bf16,value,ans_raw,64,208,27262976,21397976,106496,3952,21508424,18383367.3411733,21396906.090811502
2,bf16,value,zstd,64,208,27262976,21511005,0,3952,21514957,18383367.3411733,21396906.090811502
2,fp8_e4m3_sat,key,ans_lane,16,832,13631488,11262596,425984,15808,11704388,11252018.981954092,11252018.981954092
2,fp8_e4m3_sat,key,ans_lane,256,56,13631488,11273028,28672,1064,11302764,11265856.055597728,11265856.055597728
2,fp8_e4m3_sat,key,ans_lane,64,208,13631488,11270404,106496,3952,11380852,11262484.027886417,11262484.027886417
2,fp8_e4m3_sat,key,ans_lane_shared,16,832,13631488,11277704,0,15808,11293512,11252018.981954092,11252018.981954092
2,fp8_e4m3_sat,key,ans_lane_shared,256,56,13631488,11274604,0,1064,11275668,11265856.055597728,11265856.055597728
2,fp8_e4m3_sat,key,ans_lane_shared,64,208,13631488,11275200,0,3952,11279152,11262484.027886417,11262484.027886417
2,fp8_e4m3_sat,key,zstd,64,208,13631488,11335247,0,3952,11339199,11262484.027886417,11262484.027886417
2,fp8_e4m3_sat,value,ans_lane,16,832,13631488,11326128,425984,15808,11767920,11315621.840054257,11315621.840054257
2,fp8_e4m3_sat,value,ans_lane,256,56,13631488,11339936,28672,1064,11369672,11332992.255881492,11332992.255881492
2,fp8_e4m3_sat,value,ans_lane,64,208,13631488,11335928,106496,3952,11446376,11328197.316544099,11328197.316544099
2,fp8_e4m3_sat,value,ans_lane_shared,16,832,13631488,11344968,0,15808,11360776,11315621.840054257,11315621.840054257
2,fp8_e4m3_sat,value,ans_lane_shared,256,56,13631488,11341876,0,1064,11342940,11332992.255881492,11332992.255881492
2,fp8_e4m3_sat,value,ans_lane_shared,64,208,13631488,11342460,0,3952,11346412,11328197.316544099,11328197.316544099
2,fp8_e4m3_sat,value,zstd,64,208,13631488,11416113,0,3952,11420065,11328197.316544099,11328197.316544099
2,native,convolution,ans_lane,,24,1572864,1063980,24576,648,1089204,1062760.1885413642,1236165.8052994632
2,native,convolution,ans_lane_shared,,24,1572864,1065956,0,648,1066604,1062760.1885413642,1236165.8052994632
2,native,convolution,zstd,,24,1572864,1243437,0,456,1243893,1062760.1885413642,1236165.8052994632
2,native,recurrent,ans_lane,,24,50331648,43019008,49152,1032,43069192,43002656.31218424,47154484.751917325
2,native,recurrent,ans_lane_shared,,24,50331648,43031872,0,1032,43032904,43002656.31218424,47154484.751917325
2,native,recurrent,zstd,,24,50331648,47241304,0,456,47241760,43002656.31218424,47154484.751917325
20,bf16,key,ans_lane,16,7680,251658240,169200756,7864320,207360,177272436,168971400.95914835,196827483.527939
20,bf16,key,ans_lane,256,480,251658240,169330464,491520,12960,169834944,169162659.0970116,197001881.89620784
20,bf16,key,ans_lane,64,1920,251658240,169301140,1966080,51840,171319060,169120498.76716423,196963997.16522694
20,bf16,key,ans_lane_shared,16,7680,251658240,169413136,0,207360,169620496,168971400.95914835,196827483.527939
20,bf16,key,ans_lane_shared,256,480,251658240,169353740,0,12960,169366700,169162659.0970116,197001881.89620784
20,bf16,key,ans_lane_shared,64,1920,251658240,169365712,0,51840,169417552,169120498.76716423,196963997.16522694
20,bf16,key,ans_raw,64,1920,251658240,196973968,983040,36480,197993488,169120498.76716423,196963997.16522694
20,bf16,key,zstd,64,1920,251658240,197823197,0,36480,197859677,169120498.76716423,196963997.16522694
20,bf16,value,ans_lane,16,7680,251658240,169858600,7864320,207360,177930280,169629171.52113682,197450959.74105796
20,bf16,value,ans_lane,256,480,251658240,170016176,491520,12960,170520656,169847993.77205586,197652250.60001382
20,bf16,value,ans_lane,64,1920,251658240,169977192,1966080,51840,171995112,169796285.11841828,197605063.47298232
20,bf16,value,ans_lane_shared,16,7680,251658240,170104540,0,207360,170311900,169629171.52113682,197450959.74105796
20,bf16,value,ans_lane_shared,256,480,251658240,170044852,0,12960,170057812,169847993.77205586,197652250.60001382
20,bf16,value,ans_lane_shared,64,1920,251658240,170056752,0,51840,170108592,169796285.11841828,197605063.47298232
20,bf16,value,ans_raw,64,1920,251658240,197615028,983040,36480,198634548,169796285.11841828,197605063.47298232
20,bf16,value,zstd,64,1920,251658240,198654250,0,36480,198690730,169796285.11841828,197605063.47298232
20,fp8_e4m3_sat,key,ans_lane,16,7680,125829120,103823548,3932160,145920,107901628,103725401.46524516,103725401.46524516
20,fp8_e4m3_sat,key,ans_lane,256,480,125829120,103919720,245760,9120,104174600,103852932.63032326,103852932.63032326
20,fp8_e4m3_sat,key,ans_lane,64,1920,125829120,103894600,983040,36480,104914120,103820957.30830726,103820957.30830726
20,fp8_e4m3_sat,key,ans_lane_shared,16,7680,125829120,103977156,0,145920,104123076,103725401.46524516,103725401.46524516
20,fp8_e4m3_sat,key,ans_lane_shared,256,480,125829120,103948348,0,9120,103957468,103852932.63032326,103852932.63032326
20,fp8_e4m3_sat,key,ans_lane_shared,64,1920,125829120,103954100,0,36480,103990580,103820957.30830726,103820957.30830726
20,fp8_e4m3_sat,key,zstd,64,1920,125829120,104481123,0,36480,104517603,103820957.30830726,103820957.30830726
20,fp8_e4m3_sat,value,ans_lane,16,7680,125829120,104645272,3932160,145920,108723352,104548520.1844585,104548520.1844585
20,fp8_e4m3_sat,value,ans_lane,256,480,125829120,104777232,245760,9120,105032112,104713381.87129763,104713381.87129763
20,fp8_e4m3_sat,value,ans_lane,64,1920,125829120,104740292,983040,36480,105759812,104669162.8758006,104669162.8758006
20,fp8_e4m3_sat,value,ans_lane_shared,16,7680,125829120,104843364,0,145920,104989284,104548520.1844585,104548520.1844585
20,fp8_e4m3_sat,value,ans_lane_shared,256,480,125829120,104814476,0,9120,104823596,104713381.87129763,104713381.87129763
20,fp8_e4m3_sat,value,ans_lane_shared,64,1920,125829120,104820272,0,36480,104856752,104669162.8758006,104669162.8758006
20,fp8_e4m3_sat,value,zstd,64,1920,125829120,105476436,0,36480,105512916,104669162.8758006,104669162.8758006
20,native,convolution,ans_lane,,24,1572864,1064364,24576,648,1089588,1063136.9021258997,1236525.5485204249
20,native,convolution,ans_lane_shared,,24,1572864,1066608,0,648,1067256,1063136.9021258997,1236525.5485204249
20,native,convolution,zstd,,24,1572864,1243719,0,456,1244175,1063136.9021258997,1236525.5485204249
20,native,recurrent,ans_lane,,24,50331648,43005232,49152,1032,43055416,42988904.495918,47144808.81623538
20,native,recurrent,ans_lane_shared,,24,50331648,43018420,0,1032,43019452,42988904.495918,47144808.81623538
20,native,recurrent,zstd,,24,50331648,47237600,0,456,47238056,42988904.495918,47144808.81623538
21,bf16,key,ans_lane,16,1152,37748736,25375072,1179648,31104,26585824,25340695.574815046,29520388.36330742
21,bf16,key,ans_lane,256,72,37748736,25394680,73728,1944,25470352,25369501.73186585,29546684.905857302
21,bf16,key,ans_lane,64,288,37748736,25390068,294912,7776,25692756,25362973.465743378,29540817.20697644
21,bf16,key,ans_lane_shared,16,1152,37748736,25407296,0,31104,25438400,25340695.574815046,29520388.36330742
21,bf16,key,ans_lane_shared,256,72,37748736,25398400,0,1944,25400344,25369501.73186585,29546684.905857302
21,bf16,key,ans_lane_shared,64,288,37748736,25400196,0,7776,25407972,25362973.465743378,29540817.20697644
21,bf16,key,ans_raw,64,288,37748736,29542320,147456,5472,29695248,25362973.465743378,29540817.20697644
21,bf16,key,zstd,64,288,37748736,29669908,0,5472,29675380,25362973.465743378,29540817.20697644
21,bf16,value,ans_lane,16,1152,37748736,25478576,1179648,31104,26689328,25444278.445921823,29617603.073152702
21,bf16,value,ans_lane,256,72,37748736,25501528,73728,1944,25577200,25476278.843159515,29647046.447145548
21,bf16,value,ans_lane,64,288,37748736,25495980,294912,7776,25798668,25468869.8597459,29640296.770177927
21,bf16,value,ans_lane_shared,16,1152,37748736,25514528,0,31104,25545632,25444278.445921823,29617603.073152702
21,bf16,value,ans_lane_shared,256,72,37748736,25505540,0,1944,25507484,25476278.843159515,29647046.447145548
21,bf16,value,ans_lane_shared,64,288,37748736,25507312,0,7776,25515088,25468869.8597459,29640296.770177927
21,bf16,value,ans_raw,64,288,37748736,29641820,147456,5472,29794748,25468869.8597459,29640296.770177927
21,bf16,value,zstd,64,288,37748736,29798420,0,5472,29803892,25468869.8597459,29640296.770177927
21,fp8_e4m3_sat,key,ans_lane,16,1152,18874368,15567360,589824,21888,16179072,15552677.970859352,15552677.970859352
21,fp8_e4m3_sat,key,ans_lane,256,72,18874368,15582096,36864,1368,15620328,15572022.367852177,15572022.367852177
21,fp8_e4m3_sat,key,ans_lane,64,288,18874368,15578076,147456,5472,15731004,15566994.22678538,15566994.22678538
21,fp8_e4m3_sat,key,ans_lane_shared,16,1152,18874368,15591108,0,21888,15612996,15552677.970859352,15552677.970859352
21,fp8_e4m3_sat,key,ans_lane_shared,256,72,18874368,15586800,0,1368,15588168,15572022.367852177,15572022.367852177
21,fp8_e4m3_sat,key,ans_lane_shared,64,288,18874368,15587664,0,5472,15593136,15566994.22678538,15566994.22678538
21,fp8_e4m3_sat,key,zstd,64,288,18874368,15665507,0,5472,15670979,15566994.22678538,15566994.22678538
21,fp8_e4m3_sat,value,ans_lane,16,1152,18874368,15697076,589824,21888,16308788,15682602.862321788,15682602.862321788
21,fp8_e4m3_sat,value,ans_lane,256,72,18874368,15716072,36864,1368,15754304,15706492.148341917,15706492.148341917
21,fp8_e4m3_sat,value,ans_lane,64,288,18874368,15710896,147456,5472,15863824,15700216.939705033,15700216.939705033
21,fp8_e4m3_sat,value,ans_lane_shared,16,1152,18874368,15725956,0,21888,15747844,15682602.862321788,15682602.862321788
21,fp8_e4m3_sat,value,ans_lane_shared,256,72,18874368,15721640,0,1368,15723008,15706492.148341917,15706492.148341917
21,fp8_e4m3_sat,value,ans_lane_shared,64,288,18874368,15722516,0,5472,15727988,15700216.939705033,15700216.939705033
21,fp8_e4m3_sat,value,zstd,64,288,18874368,15821579,0,5472,15827051,15700216.939705033,15700216.939705033
21,native,convolution,ans_lane,,24,1572864,1064936,24576,648,1090160,1063698.0564830885,1236916.2763421105
21,native,convolution,ans_lane_shared,,24,1572864,1068336,0,648,1068984,1063698.0564830885,1236916.2763421105
21,native,convolution,zstd,,24,1572864,1244095,0,456,1244551,1063698.0564830885,1236916.2763421105
21,native,recurrent,ans_lane,,24,50331648,42942400,49152,1032,42992584,42926034.3217976,47097649.76525179
21,native,recurrent,ans_lane_shared,,24,50331648,42950644,0,1032,42951676,42926034.3217976,47097649.76525179
21,native,recurrent,zstd,,24,50331648,47224590,0,456,47225046,42926034.3217976,47097649.76525179
22,bf16,key,ans_lane,16,672,22020096,14805456,688128,18144,15511728,14785421.043424759,17223377.720318258
22,bf16,key,ans_lane,256,48,22020096,14816688,49152,1296,14867136,14801945.985843023,17238461.25064463
22,bf16,key,ans_lane,64,168,22020096,14814300,172032,4536,14990868,14798489.460335432,17235357.157195184
22,bf16,key,ans_lane_shared,16,672,22020096,14824168,0,18144,14842312,14785421.043424759,17223377.720318258
22,bf16,key,ans_lane_shared,256,48,22020096,14819036,0,1296,14820332,14801945.985843023,17238461.25064463
22,bf16,key,ans_lane_shared,64,168,22020096,14820056,0,4536,14824592,14798489.460335432,17235357.157195184
22,bf16,key,ans_raw,64,168,22020096,17236264,86016,3192,17325472,14798489.460335432,17235357.157195184
22,bf16,key,zstd,64,168,22020096,17310574,0,3192,17313766,14798489.460335432,17235357.157195184
22,bf16,value,ans_lane,16,672,22020096,14864436,688128,18144,15570708,14844335.707796918,17279125.726708915
22,bf16,value,ans_lane,256,48,22020096,14878196,49152,1296,14928644,14863448.534813525,17296715.33962908
22,bf16,value,ans_lane,64,168,22020096,14874712,172032,4536,15051280,14858877.676401831,17292535.768633824
22,bf16,value,ans_lane_shared,16,672,22020096,14886444,0,18144,14904588,14844335.707796918,17279125.726708915
22,bf16,value,ans_lane_shared,256,48,22020096,14881324,0,1296,14882620,14863448.534813525,17296715.33962908
22,bf16,value,ans_lane_shared,64,168,22020096,14882264,0,4536,14886800,14858877.676401831,17292535.768633824
22,bf16,value,ans_raw,64,168,22020096,17293432,86016,3192,17382640,14858877.676401831,17292535.768633824
22,bf16,value,zstd,64,168,22020096,17383959,0,3192,17387151,14858877.676401831,17292535.768633824
22,fp8_e4m3_sat,key,ans_lane,16,672,11010048,9084192,344064,12768,9441024,9075598.419991352,9075598.419991352
22,fp8_e4m3_sat,key,ans_lane,256,48,11010048,9092496,24576,912,9117984,9086624.828743812,9086624.828743812
22,fp8_e4m3_sat,key,ans_lane,64,168,11010048,9090460,86016,3192,9179668,9084000.792501604,9084000.792501604
22,fp8_e4m3_sat,key,ans_lane_shared,16,672,11010048,9097856,0,12768,9110624,9075598.419991352,9075598.419991352
22,fp8_e4m3_sat,key,ans_lane_shared,256,48,11010048,9095396,0,912,9096308,9086624.828743812,9086624.828743812
22,fp8_e4m3_sat,key,ans_lane_shared,64,168,11010048,9095876,0,3192,9099068,9084000.792501604,9084000.792501604
22,fp8_e4m3_sat,key,zstd,64,168,11010048,9141520,0,3192,9144712,9084000.792501604,9084000.792501604
22,fp8_e4m3_sat,value,ans_lane,16,672,11010048,9157476,344064,12768,9514308,9148975.116119532,9148975.116119532
22,fp8_e4m3_sat,value,ans_lane,256,48,11010048,9169048,24576,912,9194536,9163426.293180201,9163426.293180201
22,fp8_e4m3_sat,value,ans_lane,64,168,11010048,9165592,86016,3192,9254800,9159362.03384732,9159362.03384732
22,fp8_e4m3_sat,value,ans_lane_shared,16,672,11010048,9175800,0,12768,9188568,9148975.116119532,9148975.116119532
22,fp8_e4m3_sat,value,ans_lane_shared,256,48,11010048,9173292,0,912,9174204,9163426.293180201,9163426.293180201
22,fp8_e4m3_sat,value,ans_lane_shared,64,168,11010048,9173792,0,3192,9176984,9159362.03384732,9159362.03384732
22,fp8_e4m3_sat,value,zstd,64,168,11010048,9229418,0,3192,9232610,9159362.03384732,9159362.03384732
22,native,convolution,ans_lane,,24,1572864,1065324,24576,648,1090548,1064106.4805341898,1237408.7383681673
22,native,convolution,ans_lane_shared,,24,1572864,1069104,0,648,1069752,1064106.4805341898,1237408.7383681673
22,native,convolution,zstd,,24,1572864,1244329,0,456,1244785,1064106.4805341898,1237408.7383681673
22,native,recurrent,ans_lane,,24,50331648,43080580,49152,1032,43130764,43064262.23657202,47200975.175454035
22,native,recurrent,ans_lane_shared,,24,50331648,43126964,0,1032,43127996,43064262.23657202,47200975.175454035
22,native,recurrent,zstd,,24,50331648,47260706,0,456,47261162,43064262.23657202,47200975.175454035
23,bf16,key,ans_lane,16,5888,192937984,129737712,6029312,158976,135926000,129562124.1239197,150921720.94077942
23,bf16,key,ans_lane,256,368,192937984,129837760,376832,9936,130224528,129708994.60506593,151055592.40751687
23,bf16,key,ans_lane,64,1472,192937984,129815092,1507328,39744,131362164,129676481.80293013,151026425.79115176
23,bf16,key,ans_lane_shared,16,5888,192937984,129901960,0,158976,130060936,129562124.1239197,150921720.94077942
23,bf16,key,ans_lane_shared,256,368,192937984,129856436,0,9936,129866372,129708994.60506593,151055592.40751687
23,bf16,key,ans_lane_shared,64,1472,192937984,129865484,0,39744,129905228,129676481.80293013,151026425.79115176
23,bf16,key,ans_raw,64,1472,192937984,151034120,753664,27968,151815752,129676481.80293013,151026425.79115176
23,bf16,key,zstd,64,1472,192937984,151684920,0,27968,151712888,129676481.80293013,151026425.79115176
23,bf16,value,ans_lane,16,5888,192937984,130238052,6029312,158976,136426340,130062015.21908155,151387685.4620673
23,bf16,value,ans_lane,256,368,192937984,130356592,376832,9936,130743360,130227600.99432112,151540043.27093092
23,bf16,value,ans_lane,64,1472,192937984,130327216,1507328,39744,131874288,130188475.73663504,151504366.32025543
23,bf16,value,ans_lane_shared,16,5888,192937984,130428292,0,158976,130587268,130062015.21908155,151387685.4620673
23,bf16,value,ans_lane_shared,256,368,192937984,130382804,0,9936,130392740,130227600.99432112,151540043.27093092
23,bf16,value,ans_lane_shared,64,1472,192937984,130391896,0,39744,130431640,130188475.73663504,151504366.32025543
23,bf16,value,ans_raw,64,1472,192937984,151512004,753664,27968,152293636,130188475.73663504,151504366.32025543
23,bf16,value,zstd,64,1472,192937984,152308564,0,27968,152336532,130188475.73663504,151504366.32025543
23,fp8_e4m3_sat,key,ans_lane,16,5888,96468992,79599904,3014656,111872,82726432,79524793.71691251,79524793.71691251
23,fp8_e4m3_sat,key,ans_lane,256,368,96468992,79673860,188416,6992,79869268,79622553.37952128,79622553.37952128
23,fp8_e4m3_sat,key,ans_lane,64,1472,96468992,79654408,753664,27968,80436040,79597830.51023835,79597830.51023835
23,fp8_e4m3_sat,key,ans_lane_shared,16,5888,96468992,79720080,0,111872,79831952,79524793.71691251,79524793.71691251
23,fp8_e4m3_sat,key,ans_lane_shared,256,368,96468992,79698152,0,6992,79705144,79622553.37952128,79622553.37952128
23,fp8_e4m3_sat,key,ans_lane_shared,64,1472,96468992,79702580,0,27968,79730548,79597830.51023835,79597830.51023835
23,fp8_e4m3_sat,key,zstd,64,1472,96468992,80104470,0,27968,80132438,79597830.51023835,79597830.51023835
23,fp8_e4m3_sat,value,ans_lane,16,5888,96468992,80238164,3014656,111872,83364692,80163935.31105825,80163935.31105825
23,fp8_e4m3_sat,value,ans_lane,256,368,96468992,80336600,188416,6992,80532008,80287579.82528315,80287579.82528315
23,fp8_e4m3_sat,value,ans_lane,64,1472,96468992,80309012,753664,27968,81090644,80254332.85219169,80254332.85219169
23,fp8_e4m3_sat,value,ans_lane_shared,16,5888,96468992,80395708,0,111872,80507580,80163935.31105825,80163935.31105825
23,fp8_e4m3_sat,value,ans_lane_shared,256,368,96468992,80373720,0,6992,80380712,80287579.82528315,80287579.82528315
23,fp8_e4m3_sat,value,ans_lane_shared,64,1472,96468992,80378180,0,27968,80406148,80254332.85219169,80254332.85219169
23,fp8_e4m3_sat,value,zstd,64,1472,96468992,80871414,0,27968,80899382,80254332.85219169,80254332.85219169
23,native,convolution,ans_lane,,24,1572864,1065848,24576,648,1091072,1064622.9071825587,1237845.5066689032
23,native,convolution,ans_lane_shared,,24,1572864,1070800,0,648,1071448,1064622.9071825587,1237845.5066689032
23,native,convolution,zstd,,24,1572864,1244781,0,456,1245237,1064622.9071825587,1237845.5066689032
23,native,recurrent,ans_lane,,24,50331648,42998204,49152,1032,43048388,42981850.26832396,47140251.41726243
23,native,recurrent,ans_lane_shared,,24,50331648,43016792,0,1032,43017824,42981850.26832396,47140251.41726243
23,native,recurrent,zstd,,24,50331648,47239640,0,456,47240096,42981850.26832396,47140251.41726243
24,bf16,key,ans_lane,16,1088,35651584,23974040,1114112,29376,25117528,23941490.25814281,27888304.162494406
24,bf16,key,ans_lane,256,72,35651584,23992244,73728,1944,24067916,23968435.704509668,27912868.303020842
24,bf16,key,ans_lane,64,272,35651584,23988124,278528,7344,24273996,23962555.034873683,27907609.213487595
24,bf16,key,ans_lane_shared,16,1088,35651584,24004156,0,29376,24033532,23941490.25814281,27888304.162494406
24,bf16,key,ans_lane_shared,256,72,35651584,23995720,0,1944,23997664,23968435.704509668,27912868.303020842
24,bf16,key,ans_lane_shared,64,272,35651584,23997328,0,7344,24004672,23962555.034873683,27907609.213487595
24,bf16,key,ans_raw,64,272,35651584,27909016,139264,5168,28053448,23962555.034873683,27907609.213487595
24,bf16,key,zstd,64,272,35651584,28030283,0,5168,28035451,23962555.034873683,27907609.213487595
24,bf16,value,ans_lane,16,1088,35651584,24069700,1114112,29376,25213188,24037180.04622236,27978860.70581692
24,bf16,value,ans_lane,256,72,35651584,24091724,73728,1944,24167396,24067854.499096725,28007105.807284232
24,bf16,value,ans_lane,64,272,35651584,24086364,278528,7344,24372236,24060725.059166115,28000600.31907622
24,bf16,value,ans_lane_shared,16,1088,35651584,24105848,0,29376,24135224,24037180.04622236,27978860.70581692
24,bf16,value,ans_lane_shared,256,72,35651584,24097436,0,1944,24099380,24067854.499096725,28007105.807284232
24,bf16,value,ans_lane_shared,64,272,35651584,24099120,0,7344,24106464,24060725.059166115,28000600.31907622
24,bf16,value,ans_raw,64,272,35651584,28001988,139264,5168,28146420,24060725.059166115,28000600.31907622
24,bf16,value,zstd,64,272,35651584,28148837,0,5168,28154005,24060725.059166115,28000600.31907622
24,fp8_e4m3_sat,key,ans_lane,16,1088,17825792,14711068,557056,20672,15288796,14697160.779966282,14697160.779966282
24,fp8_e4m3_sat,key,ans_lane,256,72,17825792,14724640,36864,1368,14762872,14715134.102422982,14715134.102422982
24,fp8_e4m3_sat,key,ans_lane,64,272,17825792,14721032,139264,5168,14865464,14710591.076690447,14710591.076690447
24,fp8_e4m3_sat,key,ans_lane_shared,16,1088,17825792,14733068,0,20672,14753740,14697160.779966282,14697160.779966282
24,fp8_e4m3_sat,key,ans_lane_shared,256,72,17825792,14728996,0,1368,14730364,14715134.102422982,14715134.102422982
24,fp8_e4m3_sat,key,ans_lane_shared,64,272,17825792,14729816,0,5168,14734984,14710591.076690447,14710591.076690447
24,fp8_e4m3_sat,key,zstd,64,272,17825792,14804142,0,5168,14809310,14710591.076690447,14710591.076690447
24,fp8_e4m3_sat,value,ans_lane,16,1088,17825792,14831152,557056,20672,15408880,14817545.065802727,14817545.065802727
24,fp8_e4m3_sat,value,ans_lane,256,72,17825792,14849720,36864,1368,14887952,14840627.676950065,14840627.676950065
24,fp8_e4m3_sat,value,ans_lane,64,272,17825792,14844576,139264,5168,14989008,14834480.169464545,14834480.169464545
24,fp8_e4m3_sat,value,ans_lane_shared,16,1088,17825792,14861732,0,20672,14882404,14817545.065802727,14817545.065802727
24,fp8_e4m3_sat,value,ans_lane_shared,256,72,17825792,14857688,0,1368,14859056,14840627.676950065,14840627.676950065
24,fp8_e4m3_sat,value,ans_lane_shared,64,272,17825792,14858492,0,5168,14863660,14834480.169464545,14834480.169464545
24,fp8_e4m3_sat,value,zstd,64,272,17825792,14947785,0,5168,14952953,14834480.169464545,14834480.169464545
24,native,convolution,ans_lane,,24,1572864,1066796,24576,648,1092020,1065564.6609667838,1238787.3006999732
24,native,convolution,ans_lane_shared,,24,1572864,1074220,0,648,1074868,1065564.6609667838,1238787.3006999732
24,native,convolution,zstd,,24,1572864,1245756,0,456,1246212,1065564.6609667838,1238787.3006999732
24,native,recurrent,ans_lane,,24,50331648,43022704,49152,1032,43072888,43006353.64845782,47156328.91631256
24,native,recurrent,ans_lane_shared,,24,50331648,43056472,0,1032,43057504,43006353.64845782,47156328.91631256
24,native,recurrent,zstd,,24,50331648,47246167,0,456,47246623,43006353.64845782,47156328.91631256
25,bf16,key,ans_lane,16,2432,79691776,53597024,2490368,65664,56153056,53524350.432396464,62344492.620234646
25,bf16,key,ans_lane,256,152,79691776,53638264,155648,4104,53798016,53585127.193300925,62399844.882463604
25,bf16,key,ans_lane,64,608,79691776,53628672,622592,16416,54267680,53571542.11723172,62387679.73102233
25,bf16,key,ans_lane_shared,16,2432,79691776,53664416,0,65664,53730080,53524350.432396464,62344492.620234646
25,bf16,key,ans_lane_shared,256,152,79691776,53645624,0,4104,53649728,53585127.193300925,62399844.882463604
25,bf16,key,ans_lane_shared,64,608,79691776,53649424,0,16416,53665840,53571542.11723172,62387679.73102233
25,bf16,key,ans_raw,64,608,79691776,62390836,311296,11552,62713684,53571542.11723172,62387679.73102233
25,bf16,key,zstd,64,608,79691776,62660126,0,11552,62671678,53571542.11723172,62387679.73102233
25,bf16,value,ans_lane,16,2432,79691776,53812376,2490368,65664,56368408,53739952.362178214,62547165.077597804
25,bf16,value,ans_lane,256,152,79691776,53861776,155648,4104,54021528,53808543.72307108,62610243.46630338
25,bf16,value,ans_lane,64,608,79691776,53848960,622592,16416,54487968,53791645.14573022,62594815.05594099
25,bf16,value,ans_lane_shared,16,2432,79691776,53893352,0,65664,53959016,53739952.362178214,62547165.077597804
25,bf16,value,ans_lane_shared,256,152,79691776,53874616,0,4104,53878720,53808543.72307108,62610243.46630338
25,bf16,value,ans_lane_shared,64,608,79691776,53878404,0,16416,53894820,53791645.14573022,62594815.05594099
25,bf16,value,ans_raw,64,608,79691776,62598000,311296,11552,62920848,53791645.14573022,62594815.05594099
25,bf16,value,zstd,64,608,79691776,62925287,0,11552,62936839,53791645.14573022,62594815.05594099
25,fp8_e4m3_sat,key,ans_lane,16,2432,39845888,32895508,1245184,46208,34186900,32864476.850265536,32864476.850265536
25,fp8_e4m3_sat,key,ans_lane,256,152,39845888,32926288,77824,2888,33007000,32905104.997387458,32905104.997387458
25,fp8_e4m3_sat,key,ans_lane,64,608,39845888,32917848,311296,11552,33240696,32894532.247970764,32894532.247970764
25,fp8_e4m3_sat,key,ans_lane_shared,16,2432,39845888,32944844,0,46208,32991052,32864476.850265536,32864476.850265536
25,fp8_e4m3_sat,key,ans_lane_shared,256,152,39845888,32935656,0,2888,32938544,32905104.997387458,32905104.997387458
25,fp8_e4m3_sat,key,ans_lane_shared,64,608,39845888,32937496,0,11552,32949048,32894532.247970764,32894532.247970764
25,fp8_e4m3_sat,key,zstd,64,608,39845888,33105167,0,11552,33116719,32894532.247970764,32894532.247970764
25,fp8_e4m3_sat,value,ans_lane,16,2432,39845888,33162908,1245184,46208,34454300,33132220.12590144,33132220.12590144
25,fp8_e4m3_sat,value,ans_lane,256,152,39845888,33204136,77824,2888,33284848,33183933.15660566,33183933.15660566
25,fp8_e4m3_sat,value,ans_lane,64,608,39845888,33191632,311296,11552,33514480,33169053.41007503,33169053.41007503
25,fp8_e4m3_sat,value,ans_lane_shared,16,2432,39845888,33230900,0,46208,33277108,33132220.12590144,33132220.12590144
25,fp8_e4m3_sat,value,ans_lane_shared,256,152,39845888,33221764,0,2888,33224652,33183933.15660566,33183933.15660566
25,fp8_e4m3_sat,value,ans_lane_shared,64,608,39845888,33223520,0,11552,33235072,33169053.41007503,33169053.41007503
25,fp8_e4m3_sat,value,zstd,64,608,39845888,33422688,0,11552,33434240,33169053.41007503,33169053.41007503
25,native,convolution,ans_lane,,24,1572864,1067356,24576,648,1092580,1066126.8024557068,1239195.5822747033
25,native,convolution,ans_lane_shared,,24,1572864,1074640,0,648,1075288,1066126.8024557068,1239195.5822747033
25,native,convolution,zstd,,24,1572864,1246096,0,456,1246552,1066126.8024557068,1239195.5822747033
25,native,recurrent,ans_lane,,24,50331648,42992632,49152,1032,43042816,42976286.75486486,47136024.082977116
25,native,recurrent,ans_lane_shared,,24,50331648,43008844,0,1032,43009876,42976286.75486486,47136024.082977116
25,native,recurrent,zstd,,24,50331648,47233151,0,456,47233607,42976286.75486486,47136024.082977116
26,bf16,key,ans_lane,16,928,30408704,20447688,950272,25056,21423016,20419991.912313394,23785829.014943536
26,bf16,key,ans_lane,256,64,30408704,20463268,65536,1728,20530532,20442928.960347783,23806767.10669722
26,bf16,key,ans_lane,64,232,30408704,20459896,237568,6264,20703728,20438042.121738136,23802366.370383017
26,bf16,key,ans_lane_shared,16,928,30408704,20473420,0,25056,20498476,20419991.912313394,23785829.014943536
26,bf16,key,ans_lane_shared,256,64,30408704,20466236,0,1728,20467964,20442928.960347783,23806767.10669722
26,bf16,key,ans_lane_shared,64,232,30408704,20467624,0,6264,20473888,20438042.121738136,23802366.370383017
26,bf16,key,ans_raw,64,232,30408704,23803580,118784,4408,23926772,20438042.121738136,23802366.370383017
26,bf16,key,zstd,64,232,30408704,23906124,0,4408,23910532,20438042.121738136,23802366.370383017
26,bf16,value,ans_lane,16,928,30408704,20530420,950272,25056,21505748,20502629.002496246,23863114.386431254
26,bf16,value,ans_lane,256,64,30408704,20548708,65536,1728,20615972,20528306.429709658,23886746.34924419
26,bf16,value,ans_lane,64,232,30408704,20544380,237568,6264,20788212,20522513.785835236,23881467.587511096
26,bf16,value,ans_lane_shared,16,928,30408704,20560336,0,25056,20585392,20502629.002496246,23863114.386431254
26,bf16,value,ans_lane_shared,256,64,30408704,20553196,0,1728,20554924,20528306.429709658,23886746.34924419
26,bf16,value,ans_lane_shared,64,232,30408704,20554648,0,6264,20560912,20522513.785835236,23881467.587511096
26,bf16,value,ans_raw,64,232,30408704,23882684,118784,4408,24005876,20522513.785835236,23881467.587511096
26,bf16,value,zstd,64,232,30408704,24007900,0,4408,24012308,20522513.785835236,23881467.587511096
26,fp8_e4m3_sat,key,ans_lane,16,928,15204352,12548040,475136,17632,13040808,12536194.814509798,12536194.814509798
26,fp8_e4m3_sat,key,ans_lane,256,64,15204352,12559584,32768,1216,12593568,12551487.651263133,12551487.651263133
26,fp8_e4m3_sat,key,ans_lane,64,232,15204352,12556708,118784,4408,12679900,12547796.651504675,12547796.651504675
26,fp8_e4m3_sat,key,ans_lane_shared,16,928,15204352,12566636,0,17632,12584268,12536194.814509798,12536194.814509798
26,fp8_e4m3_sat,key,ans_lane_shared,256,64,15204352,12563120,0,1216,12564336,12551487.651263133,12551487.651263133
26,fp8_e4m3_sat,key,ans_lane_shared,64,232,15204352,12563840,0,4408,12568248,12547796.651504675,12547796.651504675
26,fp8_e4m3_sat,key,zstd,64,232,15204352,12628455,0,4408,12632863,12547796.651504675,12547796.651504675
26,fp8_e4m3_sat,value,ans_lane,16,928,15204352,12651356,475136,17632,13144124,12639639.972865118,12639639.972865118
26,fp8_e4m3_sat,value,ans_lane,256,64,15204352,12666564,32768,1216,12700548,12658839.150140634,12658839.150140634
26,fp8_e4m3_sat,value,ans_lane,64,232,15204352,12662672,118784,4408,12785864,12654067.283983225,12654067.283983225
26,fp8_e4m3_sat,value,ans_lane_shared,16,928,15204352,12676272,0,17632,12693904,12639639.972865118,12639639.972865118
26,fp8_e4m3_sat,value,ans_lane_shared,256,64,15204352,12672856,0,1216,12674072,12658839.150140634,12658839.150140634
26,fp8_e4m3_sat,value,ans_lane_shared,64,232,15204352,12673560,0,4408,12677968,12654067.283983225,12654067.283983225
26,fp8_e4m3_sat,value,zstd,64,232,15204352,12751603,0,4408,12756011,12654067.283983225,12654067.283983225
26,native,convolution,ans_lane,,24,1572864,1063144,24576,648,1088368,1061913.639290609,1235533.4102227883
26,native,convolution,ans_lane_shared,,24,1572864,1065040,0,648,1065688,1061913.639290609,1235533.4102227883
26,native,convolution,zstd,,24,1572864,1242831,0,456,1243287,1061913.639290609,1235533.4102227883
26,native,recurrent,ans_lane,,24,50331648,42955820,49152,1032,43006004,42939450.30612563,47104958.66039592
26,native,recurrent,ans_lane_shared,,24,50331648,42964824,0,1032,42965856,42939450.30612563,47104958.66039592
26,native,recurrent,zstd,,24,50331648,47242653,0,456,47243109,42939450.30612563,47104958.66039592
28,bf16,key,ans_lane,16,1216,39845888,26790300,1245184,32832,28068316,26754051.744055316,31164626.783477254
28,bf16,key,ans_lane,256,80,39845888,26810892,81920,2160,26894972,26784291.439455535,31192145.889809392
28,bf16,key,ans_lane,64,304,39845888,26806328,311296,8208,27125832,26777797.739250436,31186316.76291551
28,bf16,key,ans_lane_shared,16,1216,39845888,26824320,0,32832,26857152,26754051.744055316,31164626.783477254
28,bf16,key,ans_lane_shared,256,80,39845888,26814848,0,2160,26817008,26784291.439455535,31192145.889809392
28,bf16,key,ans_lane_shared,64,304,39845888,26816704,0,8208,26824912,26777797.739250436,31186316.76291551
28,bf16,key,ans_raw,64,304,39845888,31187872,155648,5776,31349296,26777797.739250436,31186316.76291551
28,bf16,key,zstd,64,304,39845888,31322381,0,5776,31328157,26777797.739250436,31186316.76291551
28,bf16,value,ans_lane,16,1216,39845888,26901996,1245184,32832,28180012,26865681.264660303,31269577.00165258
28,bf16,value,ans_lane,256,80,39845888,26926840,81920,2160,27010920,26900158.272055704,31301258.8001995
28,bf16,value,ans_lane,64,304,39845888,26920652,311296,8208,27240156,26891992.416230947,31293819.016146977
28,bf16,value,ans_lane_shared,16,1216,39845888,26942200,0,32832,26975032,26865681.264660303,31269577.00165258
28,bf16,value,ans_lane_shared,256,80,39845888,26932852,0,2160,26935012,26900158.272055704,31301258.8001995
28,bf16,value,ans_lane_shared,64,304,39845888,26934664,0,8208,26942872,26891992.416230947,31293819.016146977
28,bf16,value,ans_raw,64,304,39845888,31295404,155648,5776,31456828,26891992.416230947,31293819.016146977
28,bf16,value,zstd,64,304,39845888,31459524,0,5776,31465300,26891992.416230947,31293819.016146977
28,fp8_e4m3_sat,key,ans_lane,16,1216,19922944,16436756,622592,23104,17082452,16421227.550084908,16421227.550084908
28,fp8_e4m3_sat,key,ans_lane,256,80,19922944,16451892,40960,1520,16494372,16441270.795615915,16441270.795615915
28,fp8_e4m3_sat,key,ans_lane,64,304,19922944,16448048,155648,5776,16609472,16436392.956582464,16436392.956582464
28,fp8_e4m3_sat,key,ans_lane_shared,16,1216,19922944,16461344,0,23104,16484448,16421227.550084908,16421227.550084908
28,fp8_e4m3_sat,key,ans_lane_shared,256,80,19922944,16456840,0,1520,16458360,16441270.795615915,16441270.795615915
28,fp8_e4m3_sat,key,ans_lane_shared,64,304,19922944,16457748,0,5776,16463524,16436392.956582464,16436392.956582464
28,fp8_e4m3_sat,key,zstd,64,304,19922944,16541529,0,5776,16547305,16436392.956582464,16436392.956582464
28,fp8_e4m3_sat,value,ans_lane,16,1216,19922944,16577272,622592,23104,17222968,16561908.869493034,16561908.869493034
28,fp8_e4m3_sat,value,ans_lane,256,80,19922944,16598172,40960,1520,16640652,16588060.430816835,16588060.430816835
28,fp8_e4m3_sat,value,ans_lane,64,304,19922944,16592224,155648,5776,16753648,16580956.031680545,16580956.031680545
28,fp8_e4m3_sat,value,ans_lane_shared,16,1216,19922944,16611116,0,23104,16634220,16561908.869493034,16561908.869493034
28,fp8_e4m3_sat,value,ans_lane_shared,256,80,19922944,16606596,0,1520,16608116,16588060.430816835,16588060.430816835
28,fp8_e4m3_sat,value,ans_lane_shared,64,304,19922944,16607488,0,5776,16613264,16580956.031680545,16580956.031680545
28,fp8_e4m3_sat,value,zstd,64,304,19922944,16708587,0,5776,16714363,16580956.031680545,16580956.031680545
28,native,convolution,ans_lane,,24,1572864,1065192,24576,648,1090416,1063978.4912169029,1237313.842553683
28,native,convolution,ans_lane_shared,,24,1572864,1068508,0,648,1069156,1063978.4912169029,1237313.842553683
28,native,convolution,zstd,,24,1572864,1244238,0,456,1244694,1063978.4912169029,1237313.842553683
28,native,recurrent,ans_lane,,24,50331648,43119488,49152,1032,43169672,43103179.280008174,47230346.29661974
28,native,recurrent,ans_lane_shared,,24,50331648,43185904,0,1032,43186936,43103179.280008174,47230346.29661974
28,native,recurrent,zstd,,24,50331648,47273969,0,456,47274425,43103179.280008174,47230346.29661974
29,bf16,key,ans_lane,16,1120,36700160,24686804,1146880,30240,25863924,24653397.18919682,28714705.486317117
29,bf16,key,ans_lane,256,72,36700160,24705604,73728,1944,24781276,24681116.765488967,28740013.01375539
29,bf16,key,ans_lane,64,280,36700160,24701432,286720,7560,24995712,24675092.95856197,28734589.951294173
29,bf16,key,ans_lane_shared,16,1120,36700160,24717800,0,30240,24748040,24653397.18919682,28714705.486317117
29,bf16,key,ans_lane_shared,256,72,36700160,24709140,0,1944,24711084,24681116.765488967,28740013.01375539
29,bf16,key,ans_lane_shared,64,280,36700160,24710816,0,7560,24718376,24675092.95856197,28734589.951294173
29,bf16,key,ans_raw,64,280,36700160,28736064,143360,5320,28884744,24675092.95856197,28734589.951294173
29,bf16,key,zstd,64,280,36700160,28859344,0,5320,28864664,24675092.95856197,28734589.951294173
29,bf16,value,ans_lane,16,1120,36700160,24781980,1146880,30240,25959100,24748520.649056725,28804899.254082568
29,bf16,value,ans_lane,256,72,36700160,24804664,73728,1944,24880336,24780104.975588992,28833956.273792714
29,bf16,value,ans_lane,64,280,36700160,24798764,286720,7560,25093044,24772371.145369172,28826901.122972127
29,bf16,value,ans_lane_shared,16,1120,36700160,24818844,0,30240,24849084,24748520.649056725,28804899.254082568
29,bf16,value,ans_lane_shared,256,72,36700160,24810052,0,1944,24811996,24780104.975588992,28833956.273792714
29,bf16,value,ans_lane_shared,64,280,36700160,24811840,0,7560,24819400,24772371.145369172,28826901.122972127
29,bf16,value,ans_raw,64,280,36700160,28828348,143360,5320,28977028,24772371.145369172,28826901.122972127
29,bf16,value,zstd,64,280,36700160,28979242,0,5320,28984562,24772371.145369172,28826901.122972127
29,fp8_e4m3_sat,key,ans_lane,16,1120,18350080,15151280,573440,21280,15746000,15136928.717436671,15136928.717436671
29,fp8_e4m3_sat,key,ans_lane,256,72,18350080,15165132,36864,1368,15203364,15155366.486818539,15155366.486818539
29,fp8_e4m3_sat,key,ans_lane,64,280,18350080,15161572,143360,5320,15310252,15150792.17099926,15150792.17099926
29,fp8_e4m3_sat,key,ans_lane_shared,16,1120,18350080,15173860,0,21280,15195140,15136928.717436671,15136928.717436671
29,fp8_e4m3_sat,key,ans_lane_shared,256,72,18350080,15169644,0,1368,15171012,15155366.486818539,15155366.486818539
29,fp8_e4m3_sat,key,ans_lane_shared,64,280,18350080,15170472,0,5320,15175792,15150792.17099926,15150792.17099926
29,fp8_e4m3_sat,key,zstd,64,280,18350080,15247717,0,5320,15253037,15150792.17099926,15150792.17099926
29,fp8_e4m3_sat,value,ans_lane,16,1120,18350080,15273092,573440,21280,15867812,15258993.886786306,15258993.886786306
29,fp8_e4m3_sat,value,ans_lane,256,72,18350080,15292236,36864,1368,15330468,15282903.265204148,15282903.265204148
29,fp8_e4m3_sat,value,ans_lane,64,280,18350080,15286544,143360,5320,15435224,15276141.408982845,15276141.408982845
29,fp8_e4m3_sat,value,ans_lane_shared,16,1120,18350080,15304264,0,21280,15325544,15258993.886786306,15258993.886786306
29,fp8_e4m3_sat,value,ans_lane_shared,256,72,18350080,15300036,0,1368,15301404,15282903.265204148,15282903.265204148
29,fp8_e4m3_sat,value,ans_lane_shared,64,280,18350080,15300860,0,5320,15306180,15276141.408982845,15276141.408982845
29,fp8_e4m3_sat,value,zstd,64,280,18350080,15392854,0,5320,15398174,15276141.408982845,15276141.408982845
29,native,convolution,ans_lane,,24,1572864,1063632,24576,648,1088856,1062406.825743617,1235783.6576022008
29,native,convolution,ans_lane_shared,,24,1572864,1065856,0,648,1066504,1062406.825743617,1235783.6576022008
29,native,convolution,zstd,,24,1572864,1243131,0,456,1243587,1062406.825743617,1235783.6576022008
29,native,recurrent,ans_lane,,24,50331648,43003896,49152,1032,43054080,42987542.22546069,47142520.46744975
29,native,recurrent,ans_lane_shared,,24,50331648,43014860,0,1032,43015892,42987542.22546069,47142520.46744975
29,native,recurrent,zstd,,24,50331648,47252341,0,456,47252797,42987542.22546069,47142520.46744975
3,bf16,key,ans_lane,16,736,24117248,16222500,753664,19872,16996036,16200568.523995256,18868106.508316
3,bf16,key,ans_lane,256,48,24117248,16235048,49152,1296,16285496,16218945.828351172,18884843.46996334
3,bf16,key,ans_lane,64,184,24117248,16232204,188416,4968,16425588,16214893.996536227,18881222.27182726
3,bf16,key,ans_lane_shared,16,736,24117248,16242540,0,19872,16262412,16200568.523995256,18868106.508316
3,bf16,key,ans_lane_shared,256,48,24117248,16236740,0,1296,16238036,16218945.828351172,18884843.46996334
3,bf16,key,ans_lane_shared,64,184,24117248,16237908,0,4968,16242876,16214893.996536227,18881222.27182726
3,bf16,key,ans_raw,64,184,24117248,18882208,94208,3496,18979912,16214893.996536227,18881222.27182726
3,bf16,key,zstd,64,184,24117248,18961680,0,3496,18965176,16214893.996536227,18881222.27182726
3,bf16,value,ans_lane,16,736,24117248,16264700,753664,19872,17038236,16242625.264231583,18910569.02785734
3,bf16,value,ans_lane,256,48,24117248,16280288,49152,1296,16330736,16264160.564873457,18930387.105351083
3,bf16,value,ans_lane,64,184,24117248,16276436,188416,4968,16469820,16259091.156728372,18925762.840590976
3,bf16,value,ans_lane_shared,16,736,24117248,16287668,0,19872,16307540,16242625.264231583,18910569.02785734
3,bf16,value,ans_lane_shared,256,48,24117248,16282036,0,1296,16283332,16264160.564873457,18930387.105351083
3,bf16,value,ans_lane_shared,64,184,24117248,16283148,0,4968,16288116,16259091.156728372,18925762.840590976
3,bf16,value,ans_raw,64,184,24117248,18926748,94208,3496,19024452,16259091.156728372,18925762.840590976
3,bf16,value,zstd,64,184,24117248,19026654,0,3496,19030150,16259091.156728372,18925762.840590976
3,fp8_e4m3_sat,key,ans_lane,16,736,12058624,9963964,376832,13984,10354780,9954665.203786584,9954665.203786584
3,fp8_e4m3_sat,key,ans_lane,256,48,12058624,9973236,24576,912,9998724,9966909.999269241,9966909.999269241
3,fp8_e4m3_sat,key,ans_lane,64,184,12058624,9970788,94208,3496,10068492,9963816.109904177,9963816.109904177
3,fp8_e4m3_sat,key,ans_lane_shared,16,736,12058624,9977592,0,13984,9991576,9954665.203786584,9954665.203786584
3,fp8_e4m3_sat,key,ans_lane_shared,256,48,12058624,9974808,0,912,9975720,9966909.999269241,9966909.999269241
3,fp8_e4m3_sat,key,ans_lane_shared,64,184,12058624,9975364,0,3496,9978860,9963816.109904177,9963816.109904177
3,fp8_e4m3_sat,key,zstd,64,184,12058624,10028402,0,3496,10031898,9963816.109904177,9963816.109904177
3,fp8_e4m3_sat,value,ans_lane,16,736,12058624,10015024,376832,13984,10405840,10005730.938717952,10005730.938717952
3,fp8_e4m3_sat,value,ans_lane,256,48,12058624,10028144,24576,912,10053632,10022014.538987631,10022014.538987631
3,fp8_e4m3_sat,value,ans_lane,64,184,12058624,10024520,94208,3496,10122224,10017653.140836554,10017653.140836554
3,fp8_e4m3_sat,value,ans_lane_shared,16,736,12058624,10032556,0,13984,10046540,10005730.938717952,10005730.938717952
3,fp8_e4m3_sat,value,ans_lane_shared,256,48,12058624,10029780,0,912,10030692,10022014.538987631,10022014.538987631
3,fp8_e4m3_sat,value,ans_lane_shared,64,184,12058624,10030308,0,3496,10033804,10017653.140836554,10017653.140836554
3,fp8_e4m3_sat,value,zstd,64,184,12058624,10095659,0,3496,10099155,10017653.140836554,10017653.140836554
3,native,convolution,ans_lane,,24,1572864,1064560,24576,648,1089784,1063330.209524231,1236704.9175256055
3,native,convolution,ans_lane_shared,,24,1572864,1066480,0,648,1067128,1063330.209524231,1236704.9175256055
3,native,convolution,zstd,,24,1572864,1243837,0,456,1244293,1063330.209524231,1236704.9175256055
3,native,recurrent,ans_lane,,24,50331648,42999404,49152,1032,43049588,42983043.88051518,47139098.372251436
3,native,recurrent,ans_lane_shared,,24,50331648,43011424,0,1032,43012456,42983043.88051518,47139098.372251436
3,native,recurrent,zstd,,24,50331648,47243371,0,456,47243827,42983043.88051518,47139098.372251436
30,bf16,key,ans_lane,16,128,4194304,2821624,131072,3456,2956152,2817814.058077474,3282055.0602889326
30,bf16,key,ans_lane,256,8,4194304,2823804,8192,216,2832212,2821002.4431513855,3284963.673331119
30,bf16,key,ans_lane,64,32,4194304,2823340,32768,864,2856972,2820331.1433958258,3284363.6309304335
30,bf16,key,ans_lane_shared,16,128,4194304,2825220,0,3456,2828676,2817814.058077474,3282055.0602889326
30,bf16,key,ans_lane_shared,256,8,4194304,2824236,0,216,2824452,2821002.4431513855,3284963.673331119
30,bf16,key,ans_lane_shared,64,32,4194304,2824440,0,864,2825304,2820331.1433958258,3284363.6309304335
30,bf16,key,ans_raw,64,32,4194304,3284528,16384,608,3301520,2820331.1433958258,3284363.6309304335
30,bf16,key,zstd,64,32,4194304,3298838,0,608,3299446,2820331.1433958258,3284363.6309304335
30,bf16,value,ans_lane,16,128,4194304,2833028,131072,3456,2967556,2829224.808185322,3292694.0061766263
30,bf16,value,ans_lane,256,8,4194304,2835552,8192,216,2843960,2832745.4190275455,3295935.9416786185
30,bf16,value,ans_lane,64,32,4194304,2834936,32768,864,2868568,2831916.9581332426,3295182.4129594644
30,bf16,value,ans_lane_shared,16,128,4194304,2837448,0,3456,2840904,2829224.808185322,3292694.0061766263
30,bf16,value,ans_lane_shared,256,8,4194304,2836452,0,216,2836668,2832745.4190275455,3295935.9416786185
30,bf16,value,ans_lane_shared,64,32,4194304,2836636,0,864,2837500,2831916.9581332426,3295182.4129594644
30,bf16,value,ans_raw,64,32,4194304,3295348,16384,608,3312340,2831916.9581332426,3295182.4129594644
30,bf16,value,zstd,64,32,4194304,3312328,0,608,3312936,2831916.9581332426,3295182.4129594644
30,fp8_e4m3_sat,key,ans_lane,16,128,2097152,1732368,65536,2432,1800336,1730760.4334032082,1730760.4334032082
30,fp8_e4m3_sat,key,ans_lane,256,8,2097152,1733956,4096,152,1738204,1732850.9347685303,1732850.9347685303
30,fp8_e4m3_sat,key,ans_lane,64,32,2097152,1733584,16384,608,1750576,1732344.4426172075,1732344.4426172075
30,fp8_e4m3_sat,key,ans_lane_shared,16,128,2097152,1735080,0,2432,1737512,1730760.4334032082,1730760.4334032082
30,fp8_e4m3_sat,key,ans_lane_shared,256,8,2097152,1734572,0,152,1734724,1732850.9347685303,1732850.9347685303
30,fp8_e4m3_sat,key,ans_lane_shared,64,32,2097152,1734684,0,608,1735292,1732344.4426172075,1732344.4426172075
30,fp8_e4m3_sat,key,zstd,64,32,2097152,1743502,0,608,1744110,1732344.4426172075,1732344.4426172075
30,fp8_e4m3_sat,value,ans_lane,16,128,2097152,1745832,65536,2432,1813800,1744201.475014979,1744201.475014979
30,fp8_e4m3_sat,value,ans_lane,256,8,2097152,1747904,4096,152,1752152,1746834.2192348035,1746834.2192348035
30,fp8_e4m3_sat,value,ans_lane,64,32,2097152,1747296,16384,608,1764288,1746104.416213615,1746104.416213615
30,fp8_e4m3_sat,value,ans_lane_shared,16,128,2097152,1749700,0,2432,1752132,1744201.475014979,1744201.475014979
30,fp8_e4m3_sat,value,ans_lane_shared,256,8,2097152,1749192,0,152,1749344,1746834.2192348035,1746834.2192348035
30,fp8_e4m3_sat,value,ans_lane_shared,64,32,2097152,1749284,0,608,1749892,1746104.416213615,1746104.416213615
30,fp8_e4m3_sat,value,zstd,64,32,2097152,1759252,0,608,1759860,1746104.416213615,1746104.416213615
30,native,convolution,ans_lane,,24,1572864,1066160,24576,648,1091384,1064945.1931393144,1238175.7132678868
30,native,convolution,ans_lane_shared,,24,1572864,1070412,0,648,1071060,1064945.1931393144,1238175.7132678868
30,native,convolution,zstd,,24,1572864,1245040,0,456,1245496,1064945.1931393144,1238175.7132678868
30,native,recurrent,ans_lane,,24,50331648,43019828,49152,1032,43070012,43003488.58957763,47155913.47092493
30,native,recurrent,ans_lane_shared,,24,50331648,43040224,0,1032,43041256,43003488.58957763,47155913.47092493
30,native,recurrent,zstd,,24,50331648,47248906,0,456,47249362,43003488.58957763,47155913.47092493
31,bf16,key,ans_lane,16,992,32505856,21856916,1015808,26784,22899508,21827256.010131575,25426220.575363412
31,bf16,key,ans_lane,256,64,32505856,21873580,65536,1728,21940844,21851880.866401833,25448710.89994368
31,bf16,key,ans_lane,64,248,32505856,21869956,253952,6696,22130604,21846596.93141873,25443946.925096113
31,bf16,key,ans_lane_shared,16,992,32505856,21884768,0,26784,21911552,21827256.010131575,25426220.575363412
31,bf16,key,ans_lane_shared,256,64,32505856,21877072,0,1728,21878800,21851880.866401833,25448710.89994368
31,bf16,key,ans_lane_shared,64,248,32505856,21878612,0,6696,21885308,21846596.93141873,25443946.925096113
31,bf16,key,ans_raw,64,248,32505856,25445256,126976,4712,25576944,21846596.93141873,25443946.925096113
31,bf16,key,zstd,64,248,32505856,25555549,0,4712,25560261,21846596.93141873,25443946.925096113
31,bf16,value,ans_lane,16,992,32505856,21951764,1015808,26784,22994356,21922058.750361927,25514653.594308306
31,bf16,value,ans_lane,256,64,32505856,21972292,65536,1728,22039556,21950546.917490263,25540844.380555455
31,bf16,value,ans_lane,64,248,32505856,21966920,253952,6696,22227568,21943571.618745003,25534475.96660405
31,bf16,value,ans_lane_shared,16,992,32505856,21985792,0,26784,22012576,21922058.750361927,25514653.594308306
31,bf16,value,ans_lane_shared,256,64,32505856,21978172,0,1728,21979900,21950546.917490263,25540844.380555455
31,bf16,value,ans_lane_shared,64,248,32505856,21979672,0,6696,21986368,21943571.618745003,25534475.96660405
31,bf16,value,ans_raw,64,248,32505856,25535780,126976,4712,25667468,21943571.618745003,25534475.96660405
31,bf16,value,zstd,64,248,32505856,25668727,0,4712,25673439,21943571.618745003,25534475.96660405
31,fp8_e4m3_sat,key,ans_lane,16,992,16252928,13409500,507904,18848,13936252,13396874.618222672,13396874.618222672
31,fp8_e4m3_sat,key,ans_lane,256,64,16252928,13421760,32768,1216,13455744,13413115.352859516,13413115.352859516
31,fp8_e4m3_sat,key,ans_lane,64,248,16252928,13418816,126976,4712,13550504,13409255.847653741,13409255.847653741
31,fp8_e4m3_sat,key,ans_lane_shared,16,992,16252928,13430316,0,18848,13449164,13396874.618222672,13396874.618222672
31,fp8_e4m3_sat,key,ans_lane_shared,256,64,16252928,13426632,0,1216,13427848,13413115.352859516,13413115.352859516
31,fp8_e4m3_sat,key,ans_lane_shared,64,248,16252928,13427376,0,4712,13432088,13409255.847653741,13409255.847653741
31,fp8_e4m3_sat,key,zstd,64,248,16252928,13494643,0,4712,13499355,13409255.847653741,13409255.847653741
31,fp8_e4m3_sat,value,ans_lane,16,992,16252928,13528704,507904,18848,14055456,13516173.945878208,13516173.945878208
31,fp8_e4m3_sat,value,ans_lane,256,64,16252928,13546056,32768,1216,13580040,13537840.793427816,13537840.793427816
31,fp8_e4m3_sat,value,ans_lane,64,248,16252928,13540820,126976,4712,13672508,13531678.263101257,13531678.263101257
31,fp8_e4m3_sat,value,ans_lane_shared,16,992,16252928,13558224,0,18848,13577072,13516173.945878208,13516173.945878208
31,fp8_e4m3_sat,value,ans_lane_shared,256,64,16252928,13554488,0,1216,13555704,13537840.793427816,13537840.793427816
31,fp8_e4m3_sat,value,ans_lane_shared,64,248,16252928,13555236,0,4712,13559948,13531678.263101257,13531678.263101257
31,fp8_e4m3_sat,value,zstd,64,248,16252928,13635670,0,4712,13640382,13531678.263101257,13531678.263101257
31,native,convolution,ans_lane,,24,1572864,1064904,24576,648,1090128,1063667.5310402873,1237325.9118330246
31,native,convolution,ans_lane_shared,,24,1572864,1067068,0,648,1067716,1063667.5310402873,1237325.9118330246
31,native,convolution,zstd,,24,1572864,1244403,0,456,1244859,1063667.5310402873,1237325.9118330246
31,native,recurrent,ans_lane,,24,50331648,43070472,49152,1032,43120656,43054161.88673823,47192834.23706433
31,native,recurrent,ans_lane_shared,,24,50331648,43105736,0,1032,43106768,43054161.88673823,47192834.23706433
31,native,recurrent,zstd,,24,50331648,47258724,0,456,47259180,43054161.88673823,47192834.23706433
32,bf16,key,ans_lane,16,160,5242880,3524696,163840,4320,3692856,3519927.3252027147,4100491.386519085
32,bf16,key,ans_lane,256,16,5242880,3527300,16384,432,3544116,3523762.5305506214,4104005.154169619
32,bf16,key,ans_lane,64,40,5242880,3526816,40960,1080,3568856,3523059.039074373,4103366.629380423
32,bf16,key,ans_lane_shared,16,160,5242880,3529316,0,4320,3533636,3519927.3252027147,4100491.386519085
32,bf16,key,ans_lane_shared,256,16,5242880,3528100,0,432,3528532,3523762.5305506214,4104005.154169619
32,bf16,key,ans_lane_shared,64,40,5242880,3528292,0,1080,3529372,3523059.039074373,4103366.629380423
32,bf16,key,ans_raw,64,40,5242880,4103572,20480,760,4124812,3523059.039074373,4103366.629380423
32,bf16,key,zstd,64,40,5242880,4121370,0,760,4122130,3523059.039074373,4103366.629380423
32,bf16,value,ans_lane,16,160,5242880,3540516,163840,4320,3708676,3535726.71626407,4115403.589387644
32,bf16,value,ans_lane,256,16,5242880,3543640,16384,432,3560456,3540086.8269331427,4119428.8873011745
32,bf16,value,ans_lane,64,40,5242880,3542880,40960,1080,3584920,3539108.8045795667,4118537.869000608
32,bf16,value,ans_lane_shared,16,160,5242880,3545944,0,4320,3550264,3535726.71626407,4115403.589387644
32,bf16,value,ans_lane_shared,256,16,5242880,3544752,0,432,3545184,3540086.8269331427,4119428.8873011745
32,bf16,value,ans_lane_shared,64,40,5242880,3544948,0,1080,3546028,3539108.8045795667,4118537.869000608
32,bf16,value,ans_raw,64,40,5242880,4118740,20480,760,4139980,3539108.8045795667,4118537.869000608
32,bf16,value,zstd,64,40,5242880,4140124,0,760,4140884,3539108.8045795667,4118537.869000608
32,fp8_e4m3_sat,key,ans_lane,16,160,2621440,2161344,81920,3040,2246304,2159304.791391038,2159304.791391038
32,fp8_e4m3_sat,key,ans_lane,256,16,2621440,2163148,8192,304,2171644,2161719.805243602,2161719.805243602
32,fp8_e4m3_sat,key,ans_lane,64,40,2621440,2162780,20480,760,2184020,2161238.8594361576,2161238.8594361576
32,fp8_e4m3_sat,key,ans_lane_shared,16,160,2621440,2164772,0,3040,2167812,2159304.791391038,2159304.791391038
32,fp8_e4m3_sat,key,ans_lane_shared,256,16,2621440,2164188,0,304,2164492,2161719.805243602,2161719.805243602
32,fp8_e4m3_sat,key,ans_lane_shared,64,40,2621440,2164288,0,760,2165048,2161238.8594361576,2161238.8594361576
32,fp8_e4m3_sat,key,zstd,64,40,2621440,2174948,0,760,2175708,2161238.8594361576,2161238.8594361576
32,fp8_e4m3_sat,value,ans_lane,16,160,2621440,2182064,81920,3040,2267024,2180048.9380042916,2180048.9380042916
32,fp8_e4m3_sat,value,ans_lane,256,16,2621440,2184588,8192,304,2193084,2183222.8051640783,2183222.8051640783
32,fp8_e4m3_sat,value,ans_lane,64,40,2621440,2183836,20480,760,2205076,2182349.4523850745,2182349.4523850745
32,fp8_e4m3_sat,value,ans_lane_shared,16,160,2621440,2186720,0,3040,2189760,2180048.9380042916,2180048.9380042916
32,fp8_e4m3_sat,value,ans_lane_shared,256,16,2621440,2186148,0,304,2186452,2183222.8051640783,2183222.8051640783
32,fp8_e4m3_sat,value,ans_lane_shared,64,40,2621440,2186244,0,760,2187004,2182349.4523850745,2182349.4523850745
32,fp8_e4m3_sat,value,zstd,64,40,2621440,2198875,0,760,2199635,2182349.4523850745,2182349.4523850745
32,native,convolution,ans_lane,,24,1572864,1065544,24576,648,1090768,1064320.2889725221,1237706.8916993837
32,native,convolution,ans_lane_shared,,24,1572864,1069236,0,648,1069884,1064320.2889725221,1237706.8916993837
32,native,convolution,zstd,,24,1572864,1244700,0,456,1245156,1064320.2889725221,1237706.8916993837
32,native,recurrent,ans_lane,,24,50331648,43003836,49152,1032,43054020,42987483.381405085,47144006.70108702
32,native,recurrent,ans_lane_shared,,24,50331648,43021924,0,1032,43022956,42987483.381405085,47144006.70108702
32,native,recurrent,zstd,,24,50331648,47245388,0,456,47245844,42987483.381405085,47144006.70108702
33,bf16,key,ans_lane,16,3360,110100480,74036032,3440640,90720,77567392,73935864.22971302,86123120.56931455
33,bf16,key,ans_lane,256,216,110100480,74092620,221184,5832,74319636,74019117.42572829,86199005.08646785
33,bf16,key,ans_lane,64,840,110100480,74079972,860160,22680,74962812,74000926.93092741,86182677.72688508
33,bf16,key,ans_lane_shared,16,3360,110100480,74130268,0,90720,74220988,73935864.22971302,86123120.56931455
33,bf16,key,ans_lane_shared,256,216,110100480,74104324,0,5832,74110156,74019117.42572829,86199005.08646785
33,bf16,key,ans_lane_shared,64,840,110100480,74109420,0,22680,74132100,74000926.93092741,86182677.72688508
33,bf16,key,ans_raw,64,840,110100480,86187044,430080,15960,86633084,74000926.93092741,86182677.72688508
33,bf16,key,zstd,64,840,110100480,86555164,0,15960,86571124,74000926.93092741,86182677.72688508
33,bf16,value,ans_lane,16,3360,110100480,74336708,3440640,90720,77868068,74236435.29325286,86407296.57049973
33,bf16,value,ans_lane,256,216,110100480,74406356,221184,5832,74633372,74332706.08022337,86495938.52266021
33,bf16,value,ans_lane,64,840,110100480,74388684,860160,22680,75271524,74309468.99357261,86474710.07910924
33,bf16,value,ans_lane_shared,16,3360,110100480,74449624,0,90720,74540344,74236435.29325286,86407296.57049973
33,bf16,value,ans_lane_shared,256,216,110100480,74423680,0,5832,74429512,74332706.08022337,86495938.52266021
33,bf16,value,ans_lane_shared,64,840,110100480,74428852,0,22680,74451532,74309468.99357261,86474710.07910924
33,bf16,value,ans_raw,64,840,110100480,86479128,430080,15960,86925168,74309468.99357261,86474710.07910924
33,bf16,value,zstd,64,840,110100480,86932139,0,15960,86948099,74309468.99357261,86474710.07910924
33,fp8_e4m3_sat,key,ans_lane,16,3360,55050240,45428172,1720320,63840,47212332,45385263.87954415,45385263.87954415
33,fp8_e4m3_sat,key,ans_lane,256,216,55050240,45469648,110592,4104,45584344,45440315.56458813,45440315.56458813
33,fp8_e4m3_sat,key,ans_lane,64,840,55050240,45458972,430080,15960,45905012,45426651.48307909,45426651.48307909
33,fp8_e4m3_sat,key,ans_lane_shared,16,3360,55050240,45497132,0,63840,45560972,45385263.87954415,45385263.87954415
33,fp8_e4m3_sat,key,ans_lane_shared,256,216,55050240,45484528,0,4104,45488632,45440315.56458813,45440315.56458813
33,fp8_e4m3_sat,key,ans_lane_shared,64,840,55050240,45487064,0,15960,45503024,45426651.48307909,45426651.48307909
33,fp8_e4m3_sat,key,zstd,64,840,55050240,45716395,0,15960,45732355,45426651.48307909,45426651.48307909
33,fp8_e4m3_sat,value,ans_lane,16,3360,55050240,45803920,1720320,63840,47588080,45761780.61885412,45761780.61885412
33,fp8_e4m3_sat,value,ans_lane,256,216,55050240,45863004,110592,4104,45977700,45834995.45325296,45834995.45325296
33,fp8_e4m3_sat,value,ans_lane,64,840,55050240,45845848,430080,15960,46291888,45814628.77415706,45814628.77415706
33,fp8_e4m3_sat,value,ans_lane_shared,16,3360,55050240,45901196,0,63840,45965036,45761780.61885412,45761780.61885412
33,fp8_e4m3_sat,value,ans_lane_shared,256,216,55050240,45888644,0,4104,45892748,45834995.45325296,45834995.45325296
33,fp8_e4m3_sat,value,ans_lane_shared,64,840,55050240,45891188,0,15960,45907148,45814628.77415706,45814628.77415706
33,fp8_e4m3_sat,value,zstd,64,840,55050240,46165798,0,15960,46181758,45814628.77415706,45814628.77415706
33,native,convolution,ans_lane,,24,1572864,1064964,24576,648,1090188,1063741.5490037403,1237196.8329028902
33,native,convolution,ans_lane_shared,,24,1572864,1067204,0,648,1067852,1063741.5490037403,1237196.8329028902
33,native,convolution,zstd,,24,1572864,1244337,0,456,1244793,1063741.5490037403,1237196.8329028902
33,native,recurrent,ans_lane,,24,50331648,43022676,49152,1032,43072860,43006359.70216085,47156558.79733026
33,native,recurrent,ans_lane_shared,,24,50331648,43042252,0,1032,43043284,43006359.70216085,47156558.79733026
33,native,recurrent,zstd,,24,50331648,47251850,0,456,47252306,43006359.70216085,47156558.79733026
34,bf16,key,ans_lane,16,1440,47185920,31737648,1474560,38880,33251088,31694786.612715166,36916470.480188414
34,bf16,key,ans_lane,256,96,47185920,31762252,98304,2592,31863148,31730699.757703476,36949206.79084307
34,bf16,key,ans_lane,64,360,47185920,31756680,368640,9720,32135040,31722817.175065115,36942140.13875334
34,bf16,key,ans_lane_shared,16,1440,47185920,31777576,0,38880,31816456,31694786.612715166,36916470.480188414
34,bf16,key,ans_lane_shared,256,96,47185920,31766536,0,2592,31769128,31730699.757703476,36949206.79084307
34,bf16,key,ans_lane_shared,64,360,47185920,31768788,0,9720,31778508,31722817.175065115,36942140.13875334
34,bf16,key,ans_raw,64,360,47185920,36944012,184320,6840,37135172,31722817.175065115,36942140.13875334
34,bf16,key,zstd,64,360,47185920,37101431,0,6840,37108271,31722817.175065115,36942140.13875334
34,bf16,value,ans_lane,16,1440,47185920,31860392,1474560,38880,33373832,31817443.868115872,37032611.52134252
34,bf16,value,ans_lane,256,96,47185920,31890092,98304,2592,31990988,31858528.977678236,37070439.19273906
34,bf16,value,ans_lane,64,360,47185920,31883260,368640,9720,32261620,31849306.800773285,37062008.22131216
34,bf16,value,ans_lane_shared,16,1440,47185920,31910208,0,38880,31949088,31817443.868115872,37032611.52134252
34,bf16,value,ans_lane_shared,256,96,47185920,31899072,0,2592,31901664,31858528.977678236,37070439.19273906
34,bf16,value,ans_lane_shared,64,360,47185920,31901192,0,9720,31910912,31849306.800773285,37062008.22131216
34,bf16,value,ans_raw,64,360,47185920,37063912,184320,6840,37255072,31849306.800773285,37062008.22131216
34,bf16,value,zstd,64,360,47185920,37258084,0,6840,37264924,31849306.800773285,37062008.22131216
34,fp8_e4m3_sat,key,ans_lane,16,1440,23592960,19491684,737280,27360,20256324,19473363.939153496,19473363.939153496
34,fp8_e4m3_sat,key,ans_lane,256,96,23592960,19510104,49152,1824,19561080,19497557.335001897,19497557.335001897
34,fp8_e4m3_sat,key,ans_lane,64,360,23592960,19505228,184320,6840,19696388,19491437.635446504,19491437.635446504
34,fp8_e4m3_sat,key,ans_lane_shared,16,1440,23592960,19521168,0,27360,19548528,19473363.939153496,19473363.939153496
34,fp8_e4m3_sat,key,ans_lane_shared,256,96,23592960,19515748,0,1824,19517572,19497557.335001897,19497557.335001897
34,fp8_e4m3_sat,key,ans_lane_shared,64,360,23592960,19516740,0,6840,19523580,19491437.635446504,19491437.635446504
34,fp8_e4m3_sat,key,zstd,64,360,23592960,19617321,0,6840,19624161,19491437.635446504,19491437.635446504
34,fp8_e4m3_sat,value,ans_lane,16,1440,23592960,19630808,737280,27360,20395448,19612659.933787636,19612659.933787636
34,fp8_e4m3_sat,value,ans_lane,256,96,23592960,19655820,49152,1824,19706796,19643828.9290561,19643828.9290561
34,fp8_e4m3_sat,value,ans_lane,64,360,23592960,19649372,184320,6840,19840532,19636012.543020524,19636012.543020524
34,fp8_e4m3_sat,value,ans_lane_shared,16,1440,23592960,19674168,0,27360,19701528,19612659.933787636,19612659.933787636
34,fp8_e4m3_sat,value,ans_lane_shared,256,96,23592960,19668776,0,1824,19670600,19643828.9290561,19643828.9290561
34,fp8_e4m3_sat,value,ans_lane_shared,64,360,23592960,19669780,0,6840,19676620,19636012.543020524,19636012.543020524
34,fp8_e4m3_sat,value,zstd,64,360,23592960,19786766,0,6840,19793606,19636012.543020524,19636012.543020524
34,native,convolution,ans_lane,,24,1572864,1062084,24576,648,1087308,1060857.316810139,1234746.8127302905
34,native,convolution,ans_lane_shared,,24,1572864,1063660,0,648,1064308,1060857.316810139,1234746.8127302905
34,native,convolution,zstd,,24,1572864,1241751,0,456,1242207,1060857.316810139,1234746.8127302905
34,native,recurrent,ans_lane,,24,50331648,42992540,49152,1032,43042724,42976198.99540951,47133990.57086267
34,native,recurrent,ans_lane_shared,,24,50331648,43003120,0,1032,43004152,42976198.99540951,47133990.57086267
34,native,recurrent,zstd,,24,50331648,47247304,0,456,47247760,42976198.99540951,47133990.57086267
35,bf16,key,ans_lane,16,2240,73400320,49373128,2293760,60480,51727368,49306220.35054025,57429491.27642045
35,bf16,key,ans_lane,256,144,73400320,49410792,147456,3888,49562136,49361775.09159046,57480187.9329912
35,bf16,key,ans_lane,64,560,73400320,49402224,573440,15120,49990784,49349583.30871393,57469233.00496383
35,bf16,key,ans_lane_shared,16,2240,73400320,49434864,0,60480,49495344,49306220.35054025,57429491.27642045
35,bf16,key,ans_lane_shared,256,144,73400320,49417624,0,3888,49421512,49361775.09159046,57480187.9329912
35,bf16,key,ans_lane_shared,64,560,73400320,49421104,0,15120,49436224,49349583.30871393,57469233.00496383
35,bf16,key,ans_raw,64,560,73400320,57472168,286720,10640,57769528,49349583.30871393,57469233.00496383
35,bf16,key,zstd,64,560,73400320,57716999,0,10640,57727639,49349583.30871393,57469233.00496383
35,bf16,value,ans_lane,16,2240,73400320,49564168,2293760,60480,51918408,49497371.4001158,57610253.379404046
35,bf16,value,ans_lane,256,144,73400320,49610560,147456,3888,49761904,49561494.92764092,57669218.38698438
35,bf16,value,ans_lane,64,560,73400320,49599288,573440,15120,50187848,49546527.105686575,57655570.15516521
35,bf16,value,ans_lane_shared,16,2240,73400320,49641608,0,60480,49702088,49497371.4001158,57610253.379404046
35,bf16,value,ans_lane_shared,256,144,73400320,49624260,0,3888,49628148,49561494.92764092,57669218.38698438
35,bf16,value,ans_lane_shared,64,560,73400320,49627736,0,15120,49642856,49546527.105686575,57655570.15516521
35,bf16,value,ans_raw,64,560,73400320,57658536,286720,10640,57955896,49546527.105686575,57655570.15516521
35,bf16,value,zstd,64,560,73400320,57959609,0,10640,57970249,49546527.105686575,57655570.15516521
35,fp8_e4m3_sat,key,ans_lane,16,2240,36700160,30320272,1146880,42560,31509712,30291647.51419597,30291647.51419597
35,fp8_e4m3_sat,key,ans_lane,256,144,36700160,30348132,73728,2736,30424596,30328638.69888773,30328638.69888773
35,fp8_e4m3_sat,key,ans_lane,64,560,36700160,30340832,286720,10640,30638192,30319336.917252596,30319336.917252596
35,fp8_e4m3_sat,key,ans_lane_shared,16,2240,36700160,30365516,0,42560,30408076,30291647.51419597,30291647.51419597
35,fp8_e4m3_sat,key,ans_lane_shared,256,144,36700160,30357156,0,2736,30359892,30328638.69888773,30328638.69888773
35,fp8_e4m3_sat,key,ans_lane_shared,64,560,36700160,30358856,0,10640,30369496,30319336.917252596,30319336.917252596
35,fp8_e4m3_sat,key,zstd,64,560,36700160,30514245,0,10640,30524885,30319336.917252596,30319336.917252596
35,fp8_e4m3_sat,value,ans_lane,16,2240,36700160,30544008,1146880,42560,31733448,30515846.67174713,30515846.67174713
35,fp8_e4m3_sat,value,ans_lane,256,144,36700160,30583128,73728,2736,30659592,30564522.76258822,30564522.76258822
35,fp8_e4m3_sat,value,ans_lane,64,560,36700160,30572328,286720,10640,30869688,30551576.294301976,30551576.294301976
35,fp8_e4m3_sat,value,ans_lane_shared,16,2240,36700160,30611432,0,42560,30653992,30515846.67174713,30515846.67174713
35,fp8_e4m3_sat,value,ans_lane_shared,256,144,36700160,30603124,0,2736,30605860,30564522.76258822,30564522.76258822
35,fp8_e4m3_sat,value,ans_lane_shared,64,560,36700160,30604800,0,10640,30615440,30551576.294301976,30551576.294301976
35,fp8_e4m3_sat,value,zstd,64,560,36700160,30785293,0,10640,30795933,30551576.294301976,30551576.294301976
35,native,convolution,ans_lane,,24,1572864,1066616,24576,648,1091840,1065391.8847030587,1238679.072644409
35,native,convolution,ans_lane_shared,,24,1572864,1070612,0,648,1071260,1065391.8847030587,1238679.072644409
35,native,convolution,zstd,,24,1572864,1245660,0,456,1246116,1065391.8847030587,1238679.072644409
35,native,recurrent,ans_lane,,24,50331648,42988876,49152,1032,43039060,42972530.818352126,47133424.18294284
35,native,recurrent,ans_lane_shared,,24,50331648,43008240,0,1032,43009272,42972530.818352126,47133424.18294284
35,native,recurrent,zstd,,24,50331648,47240915,0,456,47241371,42972530.818352126,47133424.18294284
36,bf16,key,ans_lane,16,1376,45088768,30318772,1409024,37152,31764948,30277609.764388017,35268425.90885478
36,bf16,key,ans_lane,256,88,45088768,30341904,90112,2376,30434392,30311777.201576985,35299601.356398225
36,bf16,key,ans_lane,64,344,45088768,30336712,352256,9288,30698256,30304307.129636068,35292879.20222318
36,bf16,key,ans_lane_shared,16,1376,45088768,30357020,0,37152,30394172,30277609.764388017,35268425.90885478
36,bf16,key,ans_lane_shared,256,88,45088768,30346348,0,2376,30348724,30311777.201576985,35299601.356398225
36,bf16,key,ans_lane_shared,64,344,45088768,30348448,0,9288,30357736,30304307.129636068,35292879.20222318
36,bf16,key,ans_raw,64,344,45088768,35294684,176128,6536,35477348,30304307.129636068,35292879.20222318
36,bf16,key,zstd,64,344,45088768,35444245,0,6536,35450781,30304307.129636068,35292879.20222318
36,bf16,value,ans_lane,16,1376,45088768,30442652,1409024,37152,31888828,30401529.6434028,35384896.511019774
36,bf16,value,ans_lane,256,88,45088768,30470380,90112,2376,30562868,30440206.766041946,35420486.446161605
36,bf16,value,ans_lane,64,344,45088768,30463440,352256,9288,30824984,30430935.43110265,35412018.36850764
36,bf16,value,ans_lane_shared,16,1376,45088768,30488956,0,37152,30526108,30401529.6434028,35384896.511019774
36,bf16,value,ans_lane_shared,256,88,45088768,30478320,0,2376,30480696,30440206.766041946,35420486.446161605
36,bf16,value,ans_lane_shared,64,344,45088768,30480492,0,9288,30489780,30430935.43110265,35412018.36850764
36,bf16,value,ans_raw,64,344,45088768,35413820,176128,6536,35596484,30430935.43110265,35412018.36850764
36,bf16,value,zstd,64,344,45088768,35599759,0,6536,35606295,30430935.43110265,35412018.36850764
36,fp8_e4m3_sat,key,ans_lane,16,1376,22544384,18612716,704512,26144,19343372,18595179.68945997,18595179.68945997
36,fp8_e4m3_sat,key,ans_lane,256,88,22544384,18629828,45056,1672,18676556,18617851.57935702,18617851.57935702
36,fp8_e4m3_sat,key,ans_lane,64,344,22544384,18625408,176128,6536,18808072,18612194.79767895,18612194.79767895
36,fp8_e4m3_sat,key,ans_lane_shared,16,1376,22544384,18640776,0,26144,18666920,18595179.68945997,18595179.68945997
36,fp8_e4m3_sat,key,ans_lane_shared,256,88,22544384,18635588,0,1672,18637260,18617851.57935702,18617851.57935702
36,fp8_e4m3_sat,key,ans_lane_shared,64,344,22544384,18636632,0,6536,18643168,18612194.79767895,18612194.79767895
36,fp8_e4m3_sat,key,zstd,64,344,22544384,18731493,0,6536,18738029,18612194.79767895,18612194.79767895
36,fp8_e4m3_sat,value,ans_lane,16,1376,22544384,18757500,704512,26144,19488156,18740211.42506362,18740211.42506362
36,fp8_e4m3_sat,value,ans_lane,256,88,22544384,18780812,45056,1672,18827540,18769363.70036154,18769363.70036154
36,fp8_e4m3_sat,value,ans_lane,64,344,22544384,18774096,176128,6536,18956760,18761353.653362803,18761353.653362803
36,fp8_e4m3_sat,value,ans_lane_shared,16,1376,22544384,18797804,0,26144,18823948,18740211.42506362,18740211.42506362
36,fp8_e4m3_sat,value,ans_lane_shared,256,88,22544384,18792736,0,1672,18794408,18769363.70036154,18769363.70036154
36,fp8_e4m3_sat,value,ans_lane_shared,64,344,22544384,18793728,0,6536,18800264,18761353.653362803,18761353.653362803
36,fp8_e4m3_sat,value,zstd,64,344,22544384,18905420,0,6536,18911956,18761353.653362803,18761353.653362803
36,native,convolution,ans_lane,,24,1572864,1065072,24576,648,1090296,1063838.0578474777,1237229.4235264165
36,native,convolution,ans_lane_shared,,24,1572864,1068248,0,648,1068896,1063838.0578474777,1237229.4235264165
36,native,convolution,zstd,,24,1572864,1244237,0,456,1244693,1063838.0578474777,1237229.4235264165
36,native,recurrent,ans_lane,,24,50331648,43017896,49152,1032,43068080,43001553.109969944,47155178.423410125
36,native,recurrent,ans_lane_shared,,24,50331648,43040116,0,1032,43041148,43001553.109969944,47155178.423410125
36,native,recurrent,zstd,,24,50331648,47244594,0,456,47245050,43001553.109969944,47155178.423410125
37,bf16,key,ans_lane,16,96,3145728,2115364,98304,2592,2216260,2112501.045219867,2460555.3222850035
37,bf16,key,ans_lane,256,8,3145728,2116932,8192,216,2125340,2114817.9632515027,2462683.683987434
37,bf16,key,ans_lane,64,24,3145728,2116612,24576,648,2141836,2114348.8221186767,2462253.313538776
37,bf16,key,ans_lane_shared,16,96,3145728,2117976,0,2592,2120568,2112501.045219867,2460555.3222850035
37,bf16,key,ans_lane_shared,256,8,3145728,2117288,0,216,2117504,2114817.9632515027,2462683.683987434
37,bf16,key,ans_lane_shared,64,24,3145728,2117420,0,648,2118068,2114348.8221186767,2462253.313538776
37,bf16,key,ans_raw,64,24,3145728,2462372,12288,456,2475116,2114348.8221186767,2462253.313538776
37,bf16,key,zstd,64,24,3145728,2472775,0,456,2473231,2114348.8221186767,2462253.313538776
37,bf16,value,ans_lane,16,96,3145728,2124340,98304,2592,2225236,2121496.345484941,2469129.485172912
37,bf16,value,ans_lane,256,8,3145728,2126384,8192,216,2134792,2124259.2151014283,2471676.7331331265
37,bf16,value,ans_lane,64,24,3145728,2125852,24576,648,2151076,2123595.7481932635,2471065.319247287
37,bf16,value,ans_lane_shared,16,96,3145728,2127916,0,2592,2130508,2121496.345484941,2469129.485172912
37,bf16,value,ans_lane_shared,256,8,3145728,2127164,0,216,2127380,2124259.2151014283,2471676.7331331265
37,bf16,value,ans_lane_shared,64,24,3145728,2127304,0,648,2127952,2123595.7481932635,2471065.319247287
37,bf16,value,ans_raw,64,24,3145728,2471192,12288,456,2483936,2123595.7481932635,2471065.319247287
37,bf16,value,zstd,64,24,3145728,2484171,0,456,2484627,2123595.7481932635,2471065.319247287
37,fp8_e4m3_sat,key,ans_lane,16,96,1572864,1298808,49152,1824,1349784,1297591.478981082,1297591.478981082
37,fp8_e4m3_sat,key,ans_lane,256,8,1572864,1299996,4096,152,1304244,1299148.8716852777,1299148.8716852777
37,fp8_e4m3_sat,key,ans_lane,64,24,1572864,1299708,12288,456,1312452,1298785.6188065396,1298785.6188065396
37,fp8_e4m3_sat,key,ans_lane_shared,16,96,1572864,1300776,0,1824,1302600,1297591.478981082,1297591.478981082
37,fp8_e4m3_sat,key,ans_lane_shared,256,8,1572864,1300420,0,152,1300572,1299148.8716852777,1299148.8716852777
37,fp8_e4m3_sat,key,ans_lane_shared,64,24,1572864,1300480,0,456,1300936,1298785.6188065396,1298785.6188065396
37,fp8_e4m3_sat,key,zstd,64,24,1572864,1307138,0,456,1307594,1298785.6188065396,1298785.6188065396
37,fp8_e4m3_sat,value,ans_lane,16,96,1572864,1309468,49152,1824,1360444,1308260.2649319947,1308260.2649319947
37,fp8_e4m3_sat,value,ans_lane,256,8,1572864,1311164,4096,152,1315412,1310357.4118839484,1310357.4118839484
37,fp8_e4m3_sat,value,ans_lane,64,24,1572864,1310652,12288,456,1323396,1309768.04065124,1309768.04065124
37,fp8_e4m3_sat,value,ans_lane_shared,16,96,1572864,1312572,0,1824,1314396,1308260.2649319947,1308260.2649319947
37,fp8_e4m3_sat,value,ans_lane_shared,256,8,1572864,1312236,0,152,1312388,1310357.4118839484,1310357.4118839484
37,fp8_e4m3_sat,value,ans_lane_shared,64,24,1572864,1312292,0,456,1312748,1309768.04065124,1309768.04065124
37,fp8_e4m3_sat,value,zstd,64,24,1572864,1319705,0,456,1320161,1309768.04065124,1309768.04065124
37,native,convolution,ans_lane,,24,1572864,1065460,24576,648,1090684,1064233.073992342,1237767.405107523
37,native,convolution,ans_lane_shared,,24,1572864,1068048,0,648,1068696,1064233.073992342,1237767.405107523
37,native,convolution,zstd,,24,1572864,1244943,0,456,1245399,1064233.073992342,1237767.405107523
37,native,recurrent,ans_lane,,24,50331648,43007252,49152,1032,43057436,42990874.20625862,47147247.64973882
37,native,recurrent,ans_lane_shared,,24,50331648,43024944,0,1032,43025976,42990874.20625862,47147247.64973882
37,native,recurrent,zstd,,24,50331648,47249476,0,456,47249932,42990874.20625862,47147247.64973882
39,bf16,key,ans_lane,16,1728,56623104,38079304,1769472,46656,39895432,38027780.82720514,44295917.4863465
39,bf16,key,ans_lane,256,112,56623104,38108616,114688,3024,38226328,38070799.307671554,44335204.826885276
39,bf16,key,ans_lane,64,432,56623104,38101980,442368,11664,38556012,38061305.597182564,44326660.12451373
39,bf16,key,ans_lane_shared,16,1728,56623104,38127108,0,46656,38173764,38027780.82720514,44295917.4863465
39,bf16,key,ans_lane_shared,256,112,56623104,38113808,0,3024,38116832,38070799.307671554,44335204.826885276
39,bf16,key,ans_lane_shared,64,432,56623104,38116428,0,11664,38128092,38061305.597182564,44326660.12451373
39,bf16,key,ans_raw,64,432,56623104,44328916,221184,8208,44558308,38061305.597182564,44326660.12451373
39,bf16,key,zstd,64,432,56623104,44517779,0,8208,44525987,38061305.597182564,44326660.12451373
39,bf16,value,ans_lane,16,1728,56623104,38234380,1769472,46656,40050508,38182834.891703494,44441133.52289941
39,bf16,value,ans_lane,256,112,56623104,38270216,114688,3024,38387928,38232353.380222164,44486628.68125294
39,bf16,value,ans_lane,64,432,56623104,38260908,442368,11664,38714940,38220189.76476448,44475555.94495575
39,bf16,value,ans_lane_shared,16,1728,56623104,38294200,0,46656,38340856,38182834.891703494,44441133.52289941
39,bf16,value,ans_lane_shared,256,112,56623104,38280940,0,3024,38283964,38232353.380222164,44486628.68125294
39,bf16,value,ans_lane_shared,64,432,56623104,38283536,0,11664,38295200,38220189.76476448,44475555.94495575
39,bf16,value,ans_raw,64,432,56623104,44477812,221184,8208,44707204,38220189.76476448,44475555.94495575
39,bf16,value,zstd,64,432,56623104,44710639,0,8208,44718847,38220189.76476448,44475555.94495575
39,fp8_e4m3_sat,key,ans_lane,16,1728,28311552,23379588,884736,32832,24297156,23357516.974571344,23357516.974571344
39,fp8_e4m3_sat,key,ans_lane,256,112,28311552,23401444,57344,2128,23460916,23386383.493226167,23386383.493226167
39,fp8_e4m3_sat,key,ans_lane,64,432,28311552,23395636,221184,8208,23625028,23379053.12242485,23379053.12242485
39,fp8_e4m3_sat,key,ans_lane_shared,16,1728,28311552,23415068,0,32832,23447900,23357516.974571344,23357516.974571344
39,fp8_e4m3_sat,key,ans_lane_shared,256,112,28311552,23408552,0,2128,23410680,23386383.493226167,23386383.493226167
39,fp8_e4m3_sat,key,ans_lane_shared,64,432,28311552,23409820,0,8208,23418028,23379053.12242485,23379053.12242485
39,fp8_e4m3_sat,key,zstd,64,432,28311552,23528749,0,8208,23536957,23379053.12242485,23379053.12242485
39,fp8_e4m3_sat,value,ans_lane,16,1728,28311552,23559732,884736,32832,24477300,23538009.8772028,23538009.8772028
39,fp8_e4m3_sat,value,ans_lane,256,112,28311552,23589900,57344,2128,23649372,23575489.00958439,23575489.00958439
39,fp8_e4m3_sat,value,ans_lane,64,432,28311552,23580840,221184,8208,23810232,23564824.257122695,23564824.257122695
39,fp8_e4m3_sat,value,ans_lane_shared,16,1728,28311552,23612480,0,32832,23645312,23538009.8772028,23538009.8772028
39,fp8_e4m3_sat,value,ans_lane_shared,256,112,28311552,23605928,0,2128,23608056,23575489.00958439,23575489.00958439
39,fp8_e4m3_sat,value,ans_lane_shared,64,432,28311552,23607212,0,8208,23615420,23564824.257122695,23564824.257122695
39,fp8_e4m3_sat,value,zstd,64,432,28311552,23744717,0,8208,23752925,23564824.257122695,23564824.257122695
39,native,convolution,ans_lane,,24,1572864,1064208,24576,648,1089432,1062985.1217073428,1236599.208769048
39,native,convolution,ans_lane_shared,,24,1572864,1066956,0,648,1067604,1062985.1217073428,1236599.208769048
39,native,convolution,zstd,,24,1572864,1243875,0,456,1244331,1062985.1217073428,1236599.208769048
39,native,recurrent,ans_lane,,24,50331648,42988140,49152,1032,43038324,42971768.313651934,47131751.04797773
39,native,recurrent,ans_lane_shared,,24,50331648,43003072,0,1032,43004104,42971768.313651934,47131751.04797773
39,native,recurrent,zstd,,24,50331648,47240055,0,456,47240511,42971768.313651934,47131751.04797773
4,bf16,key,ans_lane,16,544,17825792,11990108,557056,14688,12561852,11973913.56431891,13946397.54425597
4,bf16,key,ans_lane,256,40,17825792,11999284,40960,1080,12041324,11987348.89154919,13958630.738332368
4,bf16,key,ans_lane,64,136,17825792,11997292,139264,3672,12140228,11984489.015333932,13956077.504394965
4,bf16,key,ans_lane_shared,16,544,17825792,12004856,0,14688,12019544,11973913.56431891,13946397.54425597
4,bf16,key,ans_lane_shared,256,40,17825792,12000652,0,1080,12001732,11987348.89154919,13958630.738332368
4,bf16,key,ans_lane_shared,64,136,17825792,12001424,0,3672,12005096,11984489.015333932,13956077.504394965
4,bf16,key,ans_raw,64,136,17825792,13956784,69632,2584,14029000,11984489.015333932,13956077.504394965
4,bf16,key,zstd,64,136,17825792,14016561,0,2584,14019145,11984489.015333932,13956077.504394965
4,bf16,value,ans_lane,16,544,17825792,12023948,557056,14688,12595692,12007677.890907038,13979239.36787971
4,bf16,value,ans_lane,256,40,17825792,12035548,40960,1080,12077588,12023582.09733875,13993862.47034702
4,bf16,value,ans_lane,64,136,17825792,12032528,139264,3672,12175464,12019700.445813932,13990328.993175484
4,bf16,value,ans_lane_shared,16,544,17825792,12041204,0,14688,12055892,12007677.890907038,13979239.36787971
4,bf16,value,ans_lane_shared,256,40,17825792,12037024,0,1080,12038104,12023582.09733875,13993862.47034702
4,bf16,value,ans_lane_shared,64,136,17825792,12037820,0,3672,12041492,12019700.445813932,13990328.993175484
4,bf16,value,ans_raw,64,136,17825792,13991044,69632,2584,14063260,12019700.445813932,13990328.993175484
4,bf16,value,zstd,64,136,17825792,14065521,0,2584,14068105,12019700.445813932,13990328.993175484
4,fp8_e4m3_sat,key,ans_lane,16,544,8912896,7362832,278528,10336,7651696,7355938.216254298,7355938.216254298
4,fp8_e4m3_sat,key,ans_lane,256,40,8912896,7369608,20480,760,7390848,7364899.376515867,7364899.376515867
4,fp8_e4m3_sat,key,ans_lane,64,136,8912896,7367860,69632,2584,7440076,7362713.154341936,7362713.154341936
4,fp8_e4m3_sat,key,ans_lane_shared,16,544,8912896,7372912,0,10336,7383248,7355938.216254298,7355938.216254298
4,fp8_e4m3_sat,key,ans_lane_shared,256,40,8912896,7370884,0,760,7371644,7364899.376515867,7364899.376515867
4,fp8_e4m3_sat,key,ans_lane_shared,64,136,8912896,7371268,0,2584,7373852,7362713.154341936,7362713.154341936
4,fp8_e4m3_sat,key,zstd,64,136,8912896,7409729,0,2584,7412313,7362713.154341936,7362713.154341936
4,fp8_e4m3_sat,value,ans_lane,16,544,8912896,7404532,278528,10336,7693396,7397668.17618154,7397668.17618154
4,fp8_e4m3_sat,value,ans_lane,256,40,8912896,7414392,20480,760,7435632,7409852.68007006,7409852.68007006
4,fp8_e4m3_sat,value,ans_lane,64,136,8912896,7411456,69632,2584,7483672,7406401.1928156745,7406401.1928156745
4,fp8_e4m3_sat,value,ans_lane_shared,16,544,8912896,7417740,0,10336,7428076,7397668.17618154,7397668.17618154
4,fp8_e4m3_sat,value,ans_lane_shared,256,40,8912896,7415752,0,760,7416512,7409852.68007006,7409852.68007006
4,fp8_e4m3_sat,value,ans_lane_shared,64,136,8912896,7416132,0,2584,7418716,7406401.1928156745,7406401.1928156745
4,fp8_e4m3_sat,value,zstd,64,136,8912896,7463962,0,2584,7466546,7406401.1928156745,7406401.1928156745
4,native,convolution,ans_lane,,24,1572864,1063640,24576,648,1088864,1062421.0535646607,1235964.995810041
4,native,convolution,ans_lane_shared,,24,1572864,1065356,0,648,1066004,1062421.0535646607,1235964.995810041
4,native,convolution,zstd,,24,1572864,1243083,0,456,1243539,1062421.0535646607,1235964.995810041
4,native,recurrent,ans_lane,,24,50331648,43019444,49152,1032,43069628,43003094.41900619,47152786.89262635
4,native,recurrent,ans_lane_shared,,24,50331648,43033280,0,1032,43034312,43003094.41900619,47152786.89262635
4,native,recurrent,zstd,,24,50331648,47251145,0,456,47251601,43003094.41900619,47152786.89262635
40,bf16,key,ans_lane,16,928,30408704,20455240,950272,25056,21430568,20427487.34087925,23792515.197009996
40,bf16,key,ans_lane,256,64,30408704,20470724,65536,1728,20537988,20450379.20927518,23813386.814825747
40,bf16,key,ans_lane,64,232,30408704,20467236,237568,6264,20711068,20445431.497137003,23808946.155726586
40,bf16,key,ans_lane_shared,16,928,30408704,20480944,0,25056,20506000,20427487.34087925,23792515.197009996
40,bf16,key,ans_lane_shared,256,64,30408704,20473840,0,1728,20475568,20450379.20927518,23813386.814825747
40,bf16,key,ans_lane_shared,64,232,30408704,20475196,0,6264,20481460,20445431.497137003,23808946.155726586
40,bf16,key,ans_raw,64,232,30408704,23810180,118784,4408,23933372,20445431.497137003,23808946.155726586
40,bf16,key,zstd,64,232,30408704,23912287,0,4408,23916695,20445431.497137003,23808946.155726586
40,bf16,value,ans_lane,16,928,30408704,20538460,950272,25056,21513788,20510761.0023047,23870709.328474768
40,bf16,value,ans_lane,256,64,30408704,20557020,65536,1728,20624284,20536658.920860134,23894495.416912414
40,bf16,value,ans_lane,64,232,30408704,20552612,237568,6264,20796444,20530736.964395374,23889112.23010219
40,bf16,value,ans_lane_shared,16,928,30408704,20571284,0,25056,20596340,20510761.0023047,23870709.328474768
40,bf16,value,ans_lane_shared,256,64,30408704,20564108,0,1728,20565836,20536658.920860134,23894495.416912414
40,bf16,value,ans_lane_shared,64,232,30408704,20565448,0,6264,20571712,20530736.964395374,23889112.23010219
40,bf16,value,ans_raw,64,232,30408704,23890332,118784,4408,24013524,20530736.964395374,23889112.23010219
40,bf16,value,zstd,64,232,30408704,24014410,0,4408,24018818,20530736.964395374,23889112.23010219
40,fp8_e4m3_sat,key,ans_lane,16,928,15204352,12560088,475136,17632,13052856,12548235.183333563,12548235.183333563
40,fp8_e4m3_sat,key,ans_lane,256,64,15204352,12571668,32768,1216,12605652,12563605.03450989,12563605.03450989
40,fp8_e4m3_sat,key,ans_lane,64,232,15204352,12568600,118784,4408,12691792,12559733.988319777,12559733.988319777
40,fp8_e4m3_sat,key,ans_lane_shared,16,928,15204352,12579108,0,17632,12596740,12548235.183333563,12548235.183333563
40,fp8_e4m3_sat,key,ans_lane_shared,256,64,15204352,12575632,0,1216,12576848,12563605.03450989,12563605.03450989
40,fp8_e4m3_sat,key,ans_lane_shared,64,232,15204352,12576296,0,4408,12580704,12559733.988319777,12559733.988319777
40,fp8_e4m3_sat,key,zstd,64,232,15204352,12640601,0,4408,12645009,12559733.988319777,12559733.988319777
40,fp8_e4m3_sat,value,ans_lane,16,928,15204352,12657156,475136,17632,13149924,12645536.468795108,12645536.468795108
40,fp8_e4m3_sat,value,ans_lane,256,64,15204352,12672704,32768,1216,12706688,12664965.32315445,12664965.32315445
40,fp8_e4m3_sat,value,ans_lane,64,232,15204352,12668496,118784,4408,12791688,12659892.552789185,12659892.552789185
40,fp8_e4m3_sat,value,ans_lane_shared,16,928,15204352,12686448,0,17632,12704080,12645536.468795108,12645536.468795108
40,fp8_e4m3_sat,value,ans_lane_shared,256,64,15204352,12682912,0,1216,12684128,12664965.32315445,12664965.32315445
40,fp8_e4m3_sat,value,ans_lane_shared,64,232,15204352,12683596,0,4408,12688004,12659892.552789185,12659892.552789185
40,fp8_e4m3_sat,value,zstd,64,232,15204352,12756575,0,4408,12760983,12659892.552789185,12659892.552789185
40,native,convolution,ans_lane,,24,1572864,1064432,24576,648,1089656,1063210.6619010791,1236586.6638468248
40,native,convolution,ans_lane_shared,,24,1572864,1067452,0,648,1068100,1063210.6619010791,1236586.6638468248
40,native,convolution,zstd,,24,1572864,1243606,0,456,1244062,1063210.6619010791,1236586.6638468248
40,native,recurrent,ans_lane,,24,50331648,43040156,49152,1032,43090340,43023808.33611073,47169781.157789715
40,native,recurrent,ans_lane_shared,,24,50331648,43064020,0,1032,43065052,43023808.33611073,47169781.157789715
40,native,recurrent,zstd,,24,50331648,47244688,0,456,47245144,43023808.33611073,47169781.157789715
41,bf16,key,ans_lane,16,832,27262976,18335592,851968,22464,19210024,18310792.4086183,21328413.960688908
41,bf16,key,ans_lane,256,56,27262976,18349440,57344,1512,18408296,18331232.580562875,21347057.293716338
41,bf16,key,ans_lane,64,208,27262976,18346360,212992,5616,18564968,18326818.665830072,21343110.447981298
41,bf16,key,ans_lane_shared,16,832,27262976,18358536,0,22464,18381000,18310792.4086183,21328413.960688908
41,bf16,key,ans_lane_shared,256,56,27262976,18352108,0,1512,18353620,18331232.580562875,21347057.293716338
41,bf16,key,ans_lane_shared,64,208,27262976,18353308,0,5616,18358924,18326818.665830072,21343110.447981298
41,bf16,key,ans_raw,64,208,27262976,21344208,106496,3952,21454656,18326818.665830072,21343110.447981298
41,bf16,key,zstd,64,208,27262976,21435360,0,3952,21439312,18326818.665830072,21343110.447981298
41,bf16,value,ans_lane,16,832,27262976,18406240,851968,22464,19280672,18381324.203207694,21394551.8576202
41,bf16,value,ans_lane,256,56,27262976,18422948,57344,1512,18481804,18404697.45139216,21416040.037887003
41,bf16,value,ans_lane,64,208,27262976,18419068,212992,5616,18637676,18399432.656979,21411233.731342956
41,bf16,value,ans_lane_shared,16,832,27262976,18433956,0,22464,18456420,18381324.203207694,21394551.8576202
41,bf16,value,ans_lane_shared,256,56,27262976,18427552,0,1512,18429064,18404697.45139216,21416040.037887003
41,bf16,value,ans_lane_shared,64,208,27262976,18428820,0,5616,18434436,18399432.656979,21411233.731342956
41,bf16,value,ans_raw,64,208,27262976,21412320,106496,3952,21522768,18399432.656979,21411233.731342956
41,bf16,value,zstd,64,208,27262976,21525141,0,3952,21529093,18399432.656979,21411233.731342956
41,fp8_e4m3_sat,key,ans_lane,16,832,13631488,11256740,425984,15808,11698532,11246103.902188545,11246103.902188545
41,fp8_e4m3_sat,key,ans_lane,256,56,13631488,11266980,28672,1064,11296716,11259714.355314076,11259714.355314076
41,fp8_e4m3_sat,key,ans_lane,64,208,13631488,11264376,106496,3952,11374824,11256365.682779813,11256365.682779813
41,fp8_e4m3_sat,key,ans_lane_shared,16,832,13631488,11273432,0,15808,11289240,11246103.902188545,11246103.902188545
41,fp8_e4m3_sat,key,ans_lane_shared,256,56,13631488,11270372,0,1064,11271436,11259714.355314076,11259714.355314076
41,fp8_e4m3_sat,key,ans_lane_shared,64,208,13631488,11270984,0,3952,11274936,11256365.682779813,11256365.682779813
41,fp8_e4m3_sat,key,zstd,64,208,13631488,11328498,0,3952,11332450,11256365.682779813,11256365.682779813
41,fp8_e4m3_sat,value,ans_lane,16,832,13631488,11340712,425984,15808,11782504,11330261.168936308,11330261.168936308
41,fp8_e4m3_sat,value,ans_lane,256,56,13631488,11354884,28672,1064,11384620,11347945.54571286,11347945.54571286
41,fp8_e4m3_sat,value,ans_lane,64,208,13631488,11351120,106496,3952,11461568,11343408.91885916,11343408.91885916
41,fp8_e4m3_sat,value,ans_lane_shared,16,832,13631488,11364656,0,15808,11380464,11330261.168936308,11330261.168936308
41,fp8_e4m3_sat,value,ans_lane_shared,256,56,13631488,11361476,0,1064,11362540,11347945.54571286,11347945.54571286
41,fp8_e4m3_sat,value,ans_lane_shared,64,208,13631488,11362084,0,3952,11366036,11343408.91885916,11343408.91885916
41,fp8_e4m3_sat,value,zstd,64,208,13631488,11430369,0,3952,11434321,11343408.91885916,11343408.91885916
41,native,convolution,ans_lane,,24,1572864,1065180,24576,648,1090404,1063947.949451588,1237363.5446256741
41,native,convolution,ans_lane_shared,,24,1572864,1067860,0,648,1068508,1063947.949451588,1237363.5446256741
41,native,convolution,zstd,,24,1572864,1244411,0,456,1244867,1063947.949451588,1237363.5446256741
41,native,recurrent,ans_lane,,24,50331648,43068472,49152,1032,43118656,43052157.130308434,47189781.78776571
41,native,recurrent,ans_lane_shared,,24,50331648,43106084,0,1032,43107116,43052157.130308434,47189781.78776571
41,native,recurrent,zstd,,24,50331648,47257439,0,456,47257895,43052157.130308434,47189781.78776571
43,bf16,key,ans_lane,16,1600,52428800,35254144,1638400,43200,36935744,35206362.37097471,41010259.31899187
43,bf16,key,ans_lane,256,104,52428800,35281096,106496,2808,35390400,35246081.7163539,41046497.61795075
43,bf16,key,ans_lane,64,400,52428800,35275232,409600,10800,35695632,35237562.091756,41038859.3818378
43,bf16,key,ans_lane_shared,16,1600,52428800,35298912,0,43200,35342112,35206362.37097471,41010259.31899187
43,bf16,key,ans_lane_shared,256,104,52428800,35286564,0,2808,35289372,35246081.7163539,41046497.61795075
43,bf16,key,ans_lane_shared,64,400,52428800,35289024,0,10800,35299824,35237562.091756,41038859.3818378
43,bf16,key,ans_raw,64,400,52428800,41040992,204800,7600,41253392,35237562.091756,41038859.3818378
43,bf16,key,zstd,64,400,52428800,41217679,0,7600,41225279,35237562.091756,41038859.3818378
43,bf16,value,ans_lane,16,1600,52428800,35400512,1638400,43200,37082112,35352569.11990248,41147499.73015926
43,bf16,value,ans_lane,256,104,52428800,35432340,106496,2808,35541644,35397264.4235962,41188682.37471509
43,bf16,value,ans_lane,64,400,52428800,35424580,409600,10800,35844980,35386859.979467615,41179167.98126943
43,bf16,value,ans_lane_shared,16,1600,52428800,35453524,0,43200,35496724,35352569.11990248,41147499.73015926
43,bf16,value,ans_lane_shared,256,104,52428800,35441144,0,2808,35443952,35397264.4235962,41188682.37471509
43,bf16,value,ans_lane_shared,64,400,52428800,35443592,0,10800,35454392,35386859.979467615,41179167.98126943
43,bf16,value,ans_raw,64,400,52428800,41181284,204800,7600,41393684,35386859.979467615,41179167.98126943
43,bf16,value,zstd,64,400,52428800,41396187,0,7600,41403787,35386859.979467615,41179167.98126943
43,fp8_e4m3_sat,key,ans_lane,16,1600,26214400,21640540,819200,30400,22490140,21620168.39232235,21620168.39232235
43,fp8_e4m3_sat,key,ans_lane,256,104,26214400,21660652,53248,1976,21715876,21646704.950748276,21646704.950748276
43,fp8_e4m3_sat,key,ans_lane,64,400,26214400,21655540,204800,7600,21867940,21640192.785207614,21640192.785207614
43,fp8_e4m3_sat,key,ans_lane_shared,16,1600,26214400,21673576,0,30400,21703976,21620168.39232235,21620168.39232235
43,fp8_e4m3_sat,key,ans_lane_shared,256,104,26214400,21667640,0,1976,21669616,21646704.950748276,21646704.950748276
43,fp8_e4m3_sat,key,ans_lane_shared,64,400,26214400,21668816,0,7600,21676416,21640192.785207614,21640192.785207614
43,fp8_e4m3_sat,key,zstd,64,400,26214400,21777722,0,7600,21785322,21640192.785207614,21640192.785207614
43,fp8_e4m3_sat,value,ans_lane,16,1600,26214400,21812976,819200,30400,22662576,21792882.57476039,21792882.57476039
43,fp8_e4m3_sat,value,ans_lane,256,104,26214400,21839776,53248,1976,21895000,21826427.16614014,21826427.16614014
43,fp8_e4m3_sat,value,ans_lane,64,400,26214400,21832352,204800,7600,22044752,21817520.505639635,21817520.505639635
43,fp8_e4m3_sat,value,ans_lane_shared,16,1600,26214400,21858892,0,30400,21889292,21792882.57476039,21792882.57476039
43,fp8_e4m3_sat,value,ans_lane_shared,256,104,26214400,21852932,0,1976,21854908,21826427.16614014,21826427.16614014
43,fp8_e4m3_sat,value,ans_lane_shared,64,400,26214400,21854144,0,7600,21861744,21817520.505639635,21817520.505639635
43,fp8_e4m3_sat,value,zstd,64,400,26214400,21984014,0,7600,21991614,21817520.505639635,21817520.505639635
43,native,convolution,ans_lane,,24,1572864,1062716,24576,648,1087940,1061486.32673508,1235131.1403277717
43,native,convolution,ans_lane_shared,,24,1572864,1064572,0,648,1065220,1061486.32673508,1235131.1403277717
43,native,convolution,zstd,,24,1572864,1242214,0,456,1242670,1061486.32673508,1235131.1403277717
43,native,recurrent,ans_lane,,24,50331648,43028868,49152,1032,43079052,43012541.03837529,47160910.537830174
43,native,recurrent,ans_lane_shared,,24,50331648,43055176,0,1032,43056208,43012541.03837529,47160910.537830174
43,native,recurrent,zstd,,24,50331648,47248494,0,456,47248950,43012541.03837529,47160910.537830174
44,bf16,key,ans_lane,16,96,3145728,2115440,98304,2592,2216336,2112570.9049632647,2460699.4485833272
44,bf16,key,ans_lane,256,8,3145728,2117012,8192,216,2125420,2114896.3636653256,2462825.1062651793
44,bf16,key,ans_lane,64,24,3145728,2116688,24576,648,2141912,2114427.3347498323,2462405.2029659897
44,bf16,key,ans_lane_shared,16,96,3145728,2118116,0,2592,2120708,2112570.9049632647,2460699.4485833272
44,bf16,key,ans_lane_shared,256,8,3145728,2117372,0,216,2117588,2114896.3636653256,2462825.1062651793
44,bf16,key,ans_lane_shared,64,24,3145728,2117500,0,648,2118148,2114427.3347498323,2462405.2029659897
44,bf16,key,ans_raw,64,24,3145728,2462528,12288,456,2475272,2114427.3347498323,2462405.2029659897
44,bf16,key,zstd,64,24,3145728,2473228,0,456,2473684,2114427.3347498323,2462405.2029659897
44,bf16,value,ans_lane,16,96,3145728,2125208,98304,2592,2226104,2122323.70449109,2470039.9950229637
44,bf16,value,ans_lane,256,8,3145728,2127128,8192,216,2135536,2125019.8118281183,2472514.29632427
44,bf16,value,ans_lane,64,24,3145728,2126752,24576,648,2151976,2124487.0140459305,2472032.5586959017
44,bf16,value,ans_lane_shared,16,96,3145728,2128688,0,2592,2131280,2122323.70449109,2470039.9950229637
44,bf16,value,ans_lane_shared,256,8,3145728,2127952,0,216,2128168,2125019.8118281183,2472514.29632427
44,bf16,value,ans_lane_shared,64,24,3145728,2128084,0,648,2128732,2124487.0140459305,2472032.5586959017
44,bf16,value,ans_raw,64,24,3145728,2472152,12288,456,2484896,2124487.0140459305,2472032.5586959017
44,bf16,value,zstd,64,24,3145728,2485083,0,456,2485539,2124487.0140459305,2472032.5586959017
44,fp8_e4m3_sat,key,ans_lane,16,96,1572864,1298308,49152,1824,1349284,1297091.9497417777,1297091.9497417777
44,fp8_e4m3_sat,key,ans_lane,256,8,1572864,1299492,4096,152,1303740,1298652.9735747082,1298652.9735747082
44,fp8_e4m3_sat,key,ans_lane,64,24,1572864,1299212,12288,456,1311956,1298286.6910867023,1298286.6910867023
44,fp8_e4m3_sat,key,ans_lane_shared,16,96,1572864,1300332,0,1824,1302156,1297091.9497417777,1297091.9497417777
44,fp8_e4m3_sat,key,ans_lane_shared,256,8,1572864,1299964,0,152,1300116,1298652.9735747082,1298652.9735747082
44,fp8_e4m3_sat,key,ans_lane_shared,64,24,1572864,1300028,0,456,1300484,1298286.6910867023,1298286.6910867023
44,fp8_e4m3_sat,key,zstd,64,24,1572864,1306597,0,456,1307053,1298286.6910867023,1298286.6910867023
44,fp8_e4m3_sat,value,ans_lane,16,96,1572864,1310372,49152,1824,1361348,1309180.6728278352,1309180.6728278352
44,fp8_e4m3_sat,value,ans_lane,256,8,1572864,1311972,4096,152,1316220,1311172.7301727498,1311172.7301727498
44,fp8_e4m3_sat,value,ans_lane,64,24,1572864,1311636,12288,456,1324380,1310749.6330343334,1310749.6330343334
44,fp8_e4m3_sat,value,ans_lane_shared,16,96,1572864,1313420,0,1824,1315244,1309180.6728278352,1309180.6728278352
44,fp8_e4m3_sat,value,ans_lane_shared,256,8,1572864,1313052,0,152,1313204,1311172.7301727498,1311172.7301727498
44,fp8_e4m3_sat,value,ans_lane_shared,64,24,1572864,1313116,0,456,1313572,1310749.6330343334,1310749.6330343334
44,fp8_e4m3_sat,value,zstd,64,24,1572864,1320769,0,456,1321225,1310749.6330343334,1310749.6330343334
44,native,convolution,ans_lane,,24,1572864,1063628,24576,648,1088852,1062408.299656966,1236003.6213533757
44,native,convolution,ans_lane_shared,,24,1572864,1065296,0,648,1065944,1062408.299656966,1236003.6213533757
44,native,convolution,zstd,,24,1572864,1243135,0,456,1243591,1062408.299656966,1236003.6213533757
44,native,recurrent,ans_lane,,24,50331648,43031756,49152,1032,43081940,43015413.54073132,47162361.750572875
44,native,recurrent,ans_lane_shared,,24,50331648,43053048,0,1032,43054080,43015413.54073132,47162361.750572875
44,native,recurrent,zstd,,24,50331648,47259209,0,456,47259665,43015413.54073132,47162361.750572875
45,bf16,key,ans_lane,16,320,10485760,7051364,327680,8640,7387684,7041818.980533607,8202635.412725163
45,bf16,key,ans_lane,256,24,10485760,7056784,24576,648,7082008,7049736.078236736,8209840.375474201
45,bf16,key,ans_lane,64,80,10485760,7055564,81920,2160,7139644,7048039.636440879,8208343.273263563
45,bf16,key,ans_lane_shared,16,320,10485760,7060376,0,8640,7069016,7041818.980533607,8202635.412725163
45,bf16,key,ans_lane_shared,256,24,10485760,7057976,0,648,7058624,7049736.078236736,8209840.375474201
45,bf16,key,ans_lane_shared,64,80,10485760,7058444,0,2160,7060604,7048039.636440879,8208343.273263563
45,bf16,key,ans_raw,64,80,10485760,8208760,40960,1520,8251240,7048039.636440879,8208343.273263563
45,bf16,key,zstd,64,80,10485760,8244298,0,1520,8245818,7048039.636440879,8208343.273263563
45,bf16,value,ans_lane,16,320,10485760,7082632,327680,8640,7418952,7073062.705526841,8231581.271918731
45,bf16,value,ans_lane,256,24,10485760,7088992,24576,648,7114216,7081955.815340017,8239789.644688598
45,bf16,value,ans_lane,64,80,10485760,7087516,81920,2160,7171596,7079972.342281666,8237970.917473748
45,bf16,value,ans_lane_shared,16,320,10485760,7093880,0,8640,7102520,7073062.705526841,8231581.271918731
45,bf16,value,ans_lane_shared,256,24,10485760,7091452,0,648,7092100,7081955.815340017,8239789.644688598
45,bf16,value,ans_lane_shared,64,80,10485760,7091884,0,2160,7094044,7079972.342281666,8237970.917473748
45,bf16,value,ans_raw,64,80,10485760,8238380,40960,1520,8280860,7079972.342281666,8237970.917473748
45,bf16,value,zstd,64,80,10485760,8281265,0,1520,8282785,7079972.342281666,8237970.917473748
45,fp8_e4m3_sat,key,ans_lane,16,320,5242880,4328396,163840,6080,4498316,4324327.557791843,4324327.557791843
45,fp8_e4m3_sat,key,ans_lane,256,24,5242880,4332384,12288,456,4345128,4329586.084840329,4329586.084840329
45,fp8_e4m3_sat,key,ans_lane,64,80,5242880,4331320,40960,1520,4373800,4328245.250888714,4328245.250888714
45,fp8_e4m3_sat,key,ans_lane_shared,16,320,5242880,4335112,0,6080,4341192,4324327.557791843,4324327.557791843
45,fp8_e4m3_sat,key,ans_lane_shared,256,24,5242880,4333932,0,456,4334388,4329586.084840329,4329586.084840329
45,fp8_e4m3_sat,key,ans_lane_shared,64,80,5242880,4334164,0,1520,4335684,4328245.250888714,4328245.250888714
45,fp8_e4m3_sat,key,zstd,64,80,5242880,4355800,0,1520,4357320,4328245.250888714,4328245.250888714
45,fp8_e4m3_sat,value,ans_lane,16,320,5242880,4365844,163840,6080,4535764,4361817.008596347,4361817.008596347
45,fp8_e4m3_sat,value,ans_lane,256,24,5242880,4371248,12288,456,4383992,4368563.29434432,4368563.29434432
45,fp8_e4m3_sat,value,ans_lane,64,80,5242880,4369828,40960,1520,4412308,4366874.160785033,4366874.160785033
45,fp8_e4m3_sat,value,ans_lane_shared,16,320,5242880,4375876,0,6080,4381956,4361817.008596347,4361817.008596347
45,fp8_e4m3_sat,value,ans_lane_shared,256,24,5242880,4374680,0,456,4375136,4368563.29434432,4368563.29434432
45,fp8_e4m3_sat,value,ans_lane_shared,64,80,5242880,4374896,0,1520,4376416,4366874.160785033,4366874.160785033
45,fp8_e4m3_sat,value,zstd,64,80,5242880,4400039,0,1520,4401559,4366874.160785033,4366874.160785033
45,native,convolution,ans_lane,,24,1572864,1066304,24576,648,1091528,1065069.738108449,1238480.4811881748
45,native,convolution,ans_lane_shared,,24,1572864,1070428,0,648,1071076,1065069.738108449,1238480.4811881748
45,native,convolution,zstd,,24,1572864,1245396,0,456,1245852,1065069.738108449,1238480.4811881748
45,native,recurrent,ans_lane,,24,50331648,43018084,49152,1032,43068268,43001741.81777943,47153383.673837066
45,native,recurrent,ans_lane_shared,,24,50331648,43042168,0,1032,43043200,43001741.81777943,47153383.673837066
45,native,recurrent,zstd,,24,50331648,47253208,0,456,47253664,43001741.81777943,47153383.673837066
46,bf16,key,ans_lane,16,1056,34603008,23264212,1081344,28512,24374068,23232746.917134307,27063537.442958884
46,bf16,key,ans_lane,256,72,34603008,23281984,73728,1944,23357656,23258863.26898641,27087316.62508945
46,bf16,key,ans_lane,64,264,34603008,23278060,270336,7128,23555524,23253224.9790803,27082268.773091383
46,bf16,key,ans_lane_shared,16,1056,34603008,23293616,0,28512,23322128,23232746.917134307,27063537.442958884
46,bf16,key,ans_lane_shared,256,72,34603008,23285416,0,1944,23287360,23258863.26898641,27087316.62508945
46,bf16,key,ans_lane_shared,64,264,34603008,23287032,0,7128,23294160,23253224.9790803,27082268.773091383
46,bf16,key,ans_raw,64,264,34603008,27083660,135168,5016,27223844,23253224.9790803,27082268.773091383
46,bf16,key,zstd,64,264,34603008,27199843,0,5016,27204859,23253224.9790803,27082268.773091383
46,bf16,value,ans_lane,16,1056,34603008,23366776,1081344,28512,24476632,23335214.547771875,27160342.527385786
46,bf16,value,ans_lane,256,72,34603008,23388844,73728,1944,23464516,23365663.029139917,27188330.65024067
46,bf16,value,ans_lane,64,264,34603008,23383612,270336,7128,23661076,23358771.115006,27182056.155604728
46,bf16,value,ans_lane_shared,16,1056,34603008,23403804,0,28512,23432316,23335214.547771875,27160342.527385786
46,bf16,value,ans_lane_shared,256,72,34603008,23395632,0,1944,23397576,23365663.029139917,27188330.65024067
46,bf16,value,ans_lane_shared,64,264,34603008,23397240,0,7128,23404368,23358771.115006,27182056.155604728
46,bf16,value,ans_raw,64,264,34603008,27183432,135168,5016,27323616,23358771.115006,27182056.155604728
46,bf16,value,zstd,64,264,34603008,27326689,0,5016,27331705,23358771.115006,27182056.155604728
46,fp8_e4m3_sat,key,ans_lane,16,1056,17301504,14281444,540672,20064,14842180,14268044.359726785,14268044.359726785
46,fp8_e4m3_sat,key,ans_lane,256,72,17301504,14294880,36864,1368,14333112,14285700.13998658,14285700.13998658
46,fp8_e4m3_sat,key,ans_lane,64,264,17301504,14291348,135168,5016,14431532,14281223.470899558,14281223.470899558
46,fp8_e4m3_sat,key,ans_lane_shared,16,1056,17301504,14303092,0,20064,14323156,14268044.359726785,14268044.359726785
46,fp8_e4m3_sat,key,ans_lane_shared,256,72,17301504,14299204,0,1368,14300572,14285700.13998658,14285700.13998658
46,fp8_e4m3_sat,key,ans_lane_shared,64,264,17301504,14300004,0,5016,14305020,14281223.470899558,14281223.470899558
46,fp8_e4m3_sat,key,zstd,64,264,17301504,14372495,0,5016,14377511,14281223.470899558,14281223.470899558
46,fp8_e4m3_sat,value,ans_lane,16,1056,17301504,14398072,540672,20064,14958808,14384837.378334993,14384837.378334993
46,fp8_e4m3_sat,value,ans_lane,256,72,17301504,14417076,36864,1368,14455308,14408296.614461284,14408296.614461284
46,fp8_e4m3_sat,value,ans_lane,64,264,17301504,14412064,135168,5016,14552248,14402280.960125472,14402280.960125472
46,fp8_e4m3_sat,value,ans_lane_shared,16,1056,17301504,14431088,0,20064,14451152,14384837.378334993,14384837.378334993
46,fp8_e4m3_sat,value,ans_lane_shared,256,72,17301504,14427176,0,1368,14428544,14408296.614461284,14408296.614461284
46,fp8_e4m3_sat,value,ans_lane_shared,64,264,17301504,14427920,0,5016,14432936,14402280.960125472,14402280.960125472
46,fp8_e4m3_sat,value,zstd,64,264,17301504,14512783,0,5016,14517799,14402280.960125472,14402280.960125472
46,native,convolution,ans_lane,,24,1572864,1066252,24576,648,1091476,1065021.424662543,1238402.9572940879
46,native,convolution,ans_lane_shared,,24,1572864,1070448,0,648,1071096,1065021.424662543,1238402.9572940879
46,native,convolution,zstd,,24,1572864,1245495,0,456,1245951,1065021.424662543,1238402.9572940879
46,native,recurrent,ans_lane,,24,50331648,43010456,49152,1032,43060640,42994109.70097321,47148755.31426507
46,native,recurrent,ans_lane_shared,,24,50331648,43030180,0,1032,43031212,42994109.70097321,47148755.31426507
46,native,recurrent,zstd,,24,50331648,47235475,0,456,47235931,42994109.70097321,47148755.31426507
47,bf16,key,ans_lane,16,640,20971520,14099988,655360,17280,14772628,14080887.932464447,16402174.557431001
47,bf16,key,ans_lane,256,40,20971520,14110756,40960,1080,14152796,14096751.147302113,16416634.058865754
47,bf16,key,ans_lane,64,160,20971520,14108340,163840,4320,14276500,14093278.780861476,16413508.475345526
47,bf16,key,ans_lane_shared,16,640,20971520,14118048,0,17280,14135328,14080887.932464447,16402174.557431001
47,bf16,key,ans_lane_shared,256,40,20971520,14113036,0,1080,14114116,14096751.147302113,16416634.058865754
47,bf16,key,ans_lane_shared,64,160,20971520,14114036,0,4320,14118356,14093278.780861476,16413508.475345526
47,bf16,key,ans_raw,64,160,20971520,16414332,81920,3040,16499292,14093278.780861476,16413508.475345526
47,bf16,key,zstd,64,160,20971520,16484882,0,3040,16487922,14093278.780861476,16413508.475345526
47,bf16,value,ans_lane,16,640,20971520,14168080,655360,17280,14840720,14148991.860020002,16465813.599858755
47,bf16,value,ans_lane,256,40,20971520,14180844,40960,1080,14222884,14166808.74139287,16482197.914637914
47,bf16,value,ans_lane,64,160,20971520,14177516,163840,4320,14345676,14162418.318654712,16478192.879648225
47,bf16,value,ans_lane_shared,16,640,20971520,14191372,0,17280,14208652,14148991.860020002,16465813.599858755
47,bf16,value,ans_lane_shared,256,40,20971520,14186404,0,1080,14187484,14166808.74139287,16482197.914637914
47,bf16,value,ans_lane_shared,64,160,20971520,14187392,0,4320,14191712,14162418.318654712,16478192.879648225
47,bf16,value,ans_raw,64,160,20971520,16479028,81920,3040,16563988,14162418.318654712,16478192.879648225
47,bf16,value,zstd,64,160,20971520,16564300,0,3040,16567340,14162418.318654712,16478192.879648225
47,fp8_e4m3_sat,key,ans_lane,16,640,10485760,8650852,327680,12160,8990692,8642635.512876496,8642635.512876496
47,fp8_e4m3_sat,key,ans_lane,256,40,10485760,8658728,20480,760,8679968,8653147.528566968,8653147.528566968
47,fp8_e4m3_sat,key,ans_lane,64,160,10485760,8656736,81920,3040,8741696,8650573.337113474,8650573.337113474
47,fp8_e4m3_sat,key,ans_lane_shared,16,640,10485760,8664260,0,12160,8676420,8642635.512876496,8642635.512876496
47,fp8_e4m3_sat,key,ans_lane_shared,256,40,10485760,8661796,0,760,8662556,8653147.528566968,8653147.528566968
47,fp8_e4m3_sat,key,ans_lane_shared,64,160,10485760,8662296,0,3040,8665336,8650573.337113474,8650573.337113474
47,fp8_e4m3_sat,key,zstd,64,160,10485760,8705699,0,3040,8708739,8650573.337113474,8650573.337113474
47,fp8_e4m3_sat,value,ans_lane,16,640,10485760,8733036,327680,12160,9072876,8724966.556694873,8724966.556694873
47,fp8_e4m3_sat,value,ans_lane,256,40,10485760,8743576,20480,760,8764816,8738237.771797804,8738237.771797804
47,fp8_e4m3_sat,value,ans_lane,64,160,10485760,8740380,81920,3040,8825340,8734417.085386984,8734417.085386984
47,fp8_e4m3_sat,value,ans_lane_shared,16,640,10485760,8753828,0,12160,8765988,8724966.556694873,8724966.556694873
47,fp8_e4m3_sat,value,ans_lane_shared,256,40,10485760,8751412,0,760,8752172,8738237.771797804,8738237.771797804
47,fp8_e4m3_sat,value,ans_lane_shared,64,160,10485760,8751892,0,3040,8754932,8734417.085386984,8734417.085386984
47,fp8_e4m3_sat,value,zstd,64,160,10485760,8800442,0,3040,8803482,8734417.085386984,8734417.085386984
47,native,convolution,ans_lane,,24,1572864,1064320,24576,648,1089544,1063100.0614167731,1236620.781655307
47,native,convolution,ans_lane_shared,,24,1572864,1066412,0,648,1067060,1063100.0614167731,1236620.781655307
47,native,convolution,zstd,,24,1572864,1243796,0,456,1244252,1063100.0614167731,1236620.781655307
47,native,recurrent,ans_lane,,24,50331648,42998152,49152,1032,43048336,42981807.87333791,47139122.929849125
47,native,recurrent,ans_lane_shared,,24,50331648,43007576,0,1032,43008608,42981807.87333791,47139122.929849125
47,native,recurrent,zstd,,24,50331648,47238274,0,456,47238730,42981807.87333791,47139122.929849125
48,bf16,key,ans_lane,16,10784,353370112,237613688,11042816,291168,248947672,237291868.57900447,276407626.3831935
48,bf16,key,ans_lane,256,680,353370112,237795844,696320,18360,238510524,237560043.15622512,276652231.82078993
48,bf16,key,ans_lane,64,2696,353370112,237754800,2760704,72792,240588296,237501227.43491197,276599419.69124275
48,bf16,key,ans_lane_shared,16,10784,353370112,237916396,0,291168,238207564,237291868.57900447,276407626.3831935
48,bf16,key,ans_lane_shared,256,680,353370112,237832688,0,18360,237851048,237560043.15622512,276652231.82078993
48,bf16,key,ans_lane_shared,64,2696,353370112,237849452,0,72792,237922244,237501227.43491197,276599419.69124275
48,bf16,key,ans_raw,64,2696,353370112,276613444,1380352,51224,278045020,237501227.43491197,276599419.69124275
48,bf16,key,zstd,64,2696,353370112,277809544,0,51224,277860768,237501227.43491197,276599419.69124275
48,bf16,value,ans_lane,16,10784,353370112,238637712,11042816,291168,249971696,238315499.76246035,277371728.53251696
48,bf16,value,ans_lane,256,680,353370112,238860428,696320,18360,239575108,238624196.4641361,277655625.2910861
48,bf16,value,ans_lane,64,2696,353370112,238803312,2760704,72792,241636808,238549144.77130598,277587106.70815784
48,bf16,value,ans_lane_shared,16,10784,353370112,239014836,0,291168,239306004,238315499.76246035,277371728.53251696
48,bf16,value,ans_lane_shared,256,680,353370112,238931480,0,18360,238949840,238624196.4641361,277655625.2910861
48,bf16,value,ans_lane_shared,64,2696,353370112,238948096,0,72792,239020888,238549144.77130598,277587106.70815784
48,bf16,value,ans_raw,64,2696,353370112,277601136,1380352,51224,279032712,238549144.77130598,277587106.70815784
48,bf16,value,zstd,64,2696,353370112,279050017,0,51224,279101241,238549144.77130598,277587106.70815784
48,fp8_e4m3_sat,key,ans_lane,16,10784,176685056,145801128,5521408,204896,151527432,145663476.07970497,145663476.07970497
48,fp8_e4m3_sat,key,ans_lane,256,680,176685056,145935956,348160,12920,146297036,145841978.47263747,145841978.47263747
48,fp8_e4m3_sat,key,ans_lane,64,2696,176685056,145900628,1380352,51224,147332204,145797068.32422224,145797068.32422224
48,fp8_e4m3_sat,key,ans_lane_shared,16,10784,176685056,146024072,0,204896,146228968,145663476.07970497,145663476.07970497
48,fp8_e4m3_sat,key,ans_lane_shared,256,680,176685056,145983772,0,12920,145996692,145841978.47263747,145841978.47263747
48,fp8_e4m3_sat,key,ans_lane_shared,64,2696,176685056,145991840,0,51224,146043064,145797068.32422224,145797068.32422224
48,fp8_e4m3_sat,key,zstd,64,2696,176685056,146727497,0,51224,146778721,145797068.32422224,145797068.32422224
48,fp8_e4m3_sat,value,ans_lane,16,10784,176685056,147065756,5521408,204896,152792060,146930285.04816833,146930285.04816833
48,fp8_e4m3_sat,value,ans_lane,256,680,176685056,147254476,348160,12920,147615556,147164967.48574537,147164967.48574537
48,fp8_e4m3_sat,value,ans_lane,64,2696,176685056,147198736,1380352,51224,148630312,147098924.22337395,147098924.22337395
48,fp8_e4m3_sat,value,ans_lane_shared,16,10784,176685056,147402108,0,204896,147607004,146930285.04816833,146930285.04816833
48,fp8_e4m3_sat,value,ans_lane_shared,256,680,176685056,147361788,0,12920,147374708,147164967.48574537,147164967.48574537
48,fp8_e4m3_sat,value,ans_lane_shared,64,2696,176685056,147369816,0,51224,147421040,147098924.22337395,147098924.22337395
48,fp8_e4m3_sat,value,zstd,64,2696,176685056,148220658,0,51224,148271882,147098924.22337395,147098924.22337395
48,native,convolution,ans_lane,,24,1572864,1064144,24576,648,1089368,1062904.429114996,1236597.0770788987
48,native,convolution,ans_lane_shared,,24,1572864,1066248,0,648,1066896,1062904.429114996,1236597.0770788987
48,native,convolution,zstd,,24,1572864,1243888,0,456,1244344,1062904.429114996,1236597.0770788987
48,native,recurrent,ans_lane,,24,50331648,42999700,49152,1032,43049884,42983357.87540578,47140990.926252045
48,native,recurrent,ans_lane_shared,,24,50331648,43011192,0,1032,43012224,42983357.87540578,47140990.926252045
48,native,recurrent,zstd,,24,50331648,47235078,0,456,47235534,42983357.87540578,47140990.926252045
49,bf16,key,ans_lane,16,1088,35651584,23972916,1114112,29376,25116404,23940487.710221667,27887404.561434843
49,bf16,key,ans_lane,256,72,35651584,23991160,73728,1944,24066832,23967343.2710113,27911938.513859704
49,bf16,key,ans_lane,64,272,35651584,23987156,278528,7344,24273028,23961547.56995488,27906713.5062809
49,bf16,key,ans_lane_shared,16,1088,35651584,24003184,0,29376,24032560,23940487.710221667,27887404.561434843
49,bf16,key,ans_lane_shared,256,72,35651584,23994820,0,1944,23996764,23967343.2710113,27911938.513859704
49,bf16,key,ans_lane_shared,64,272,35651584,23996428,0,7344,24003772,23961547.56995488,27906713.5062809
49,bf16,key,ans_raw,64,272,35651584,27908112,139264,5168,28052544,23961547.56995488,27906713.5062809
49,bf16,key,zstd,64,272,35651584,28028269,0,5168,28033437,23961547.56995488,27906713.5062809
49,bf16,value,ans_lane,16,1088,35651584,24075008,1114112,29376,25218496,24042555.645295303,27983094.558180176
49,bf16,value,ans_lane,256,72,35651584,24097628,73728,1944,24173300,24073774.441784907,28011858.779096305
49,bf16,value,ans_lane,64,272,35651584,24092372,278528,7344,24378244,24066725.23634834,28005399.184553627
49,bf16,value,ans_lane_shared,16,1088,35651584,24113232,0,29376,24142608,24042555.645295303,27983094.558180176
49,bf16,value,ans_lane_shared,256,72,35651584,24104836,0,1944,24106780,24073774.441784907,28011858.779096305
49,bf16,value,ans_lane_shared,64,272,35651584,24106500,0,7344,24113844,24066725.23634834,28005399.184553627
49,bf16,value,ans_raw,64,272,35651584,28006816,139264,5168,28151248,24066725.23634834,28005399.184553627
49,bf16,value,zstd,64,272,35651584,28152539,0,5168,28157707,24066725.23634834,28005399.184553627
49,fp8_e4m3_sat,key,ans_lane,16,1088,17825792,14714376,557056,20672,15292104,14700509.351286232,14700509.351286232
49,fp8_e4m3_sat,key,ans_lane,256,72,17825792,14727796,36864,1368,14766028,14718312.23171826,14718312.23171826
49,fp8_e4m3_sat,key,ans_lane,64,272,17825792,14724384,139264,5168,14868816,14713932.038401773,14713932.038401773
49,fp8_e4m3_sat,key,ans_lane_shared,16,1088,17825792,14736396,0,20672,14757068,14700509.351286232,14700509.351286232
49,fp8_e4m3_sat,key,ans_lane_shared,256,72,17825792,14732296,0,1368,14733664,14718312.23171826,14718312.23171826
49,fp8_e4m3_sat,key,ans_lane_shared,64,272,17825792,14733084,0,5168,14738252,14713932.038401773,14713932.038401773
49,fp8_e4m3_sat,key,zstd,64,272,17825792,14807782,0,5168,14812950,14713932.038401773,14713932.038401773
49,fp8_e4m3_sat,value,ans_lane,16,1088,17825792,14836716,557056,20672,15414444,14823030.77238728,14823030.77238728
49,fp8_e4m3_sat,value,ans_lane,256,72,17825792,14855880,36864,1368,14894112,14846829.662167804,14846829.662167804
49,fp8_e4m3_sat,value,ans_lane,64,272,17825792,14850856,139264,5168,14995288,14840805.259738736,14840805.259738736
49,fp8_e4m3_sat,value,ans_lane_shared,16,1088,17825792,14870900,0,20672,14891572,14823030.77238728,14823030.77238728
49,fp8_e4m3_sat,value,ans_lane_shared,256,72,17825792,14866844,0,1368,14868212,14846829.662167804,14846829.662167804
49,fp8_e4m3_sat,value,ans_lane_shared,64,272,17825792,14867620,0,5168,14872788,14840805.259738736,14840805.259738736
49,fp8_e4m3_sat,value,zstd,64,272,17825792,14954538,0,5168,14959706,14840805.259738736,14840805.259738736
49,native,convolution,ans_lane,,24,1572864,1062772,24576,648,1087996,1061548.1376092958,1235140.5958713808
49,native,convolution,ans_lane_shared,,24,1572864,1064716,0,648,1065364,1061548.1376092958,1235140.5958713808
49,native,convolution,zstd,,24,1572864,1242245,0,456,1242701,1061548.1376092958,1235140.5958713808
49,native,recurrent,ans_lane,,24,50331648,42982688,49152,1032,43032872,42966325.28699088,47129305.18109389
49,native,recurrent,ans_lane_shared,,24,50331648,43002268,0,1032,43003300,42966325.28699088,47129305.18109389
49,native,recurrent,zstd,,24,50331648,47249633,0,456,47250089,42966325.28699088,47129305.18109389
5,bf16,key,ans_lane,16,1248,40894464,27498832,1277952,33696,28810480,27461624.80524777,31986706.75213891
5,bf16,key,ans_lane,256,80,40894464,27520116,81920,2160,27604196,27492856.88476964,32015164.44946196
5,bf16,key,ans_lane,64,312,40894464,27515400,319488,8424,27843312,27486096.301931158,32009106.328533452
5,bf16,key,ans_lane_shared,16,1248,40894464,27532448,0,33696,27566144,27461624.80524777,31986706.75213891
5,bf16,key,ans_lane_shared,256,80,40894464,27522876,0,2160,27525036,27492856.88476964,32015164.44946196
5,bf16,key,ans_lane_shared,64,312,40894464,27524756,0,8424,27533180,27486096.301931158,32009106.328533452
5,bf16,key,ans_raw,64,312,40894464,32010724,159744,5928,32176396,27486096.301931158,32009106.328533452
5,bf16,key,zstd,64,312,40894464,32147770,0,5928,32153698,27486096.301931158,32009106.328533452
5,bf16,value,ans_lane,16,1248,40894464,27585296,1277952,33696,28896944,27548017.411215127,32070974.405681793
5,bf16,value,ans_lane,256,80,40894464,27610312,81920,2160,27694392,27582970.072829556,32103114.919050932
5,bf16,value,ans_lane,64,312,40894464,27604364,319488,8424,27932276,27574932.8941145,32095790.620424725
5,bf16,value,ans_lane_shared,16,1248,40894464,27623276,0,33696,27656972,27548017.411215127,32070974.405681793
5,bf16,value,ans_lane_shared,256,80,40894464,27613600,0,2160,27615760,27582970.072829556,32103114.919050932
5,bf16,value,ans_lane_shared,64,312,40894464,27615468,0,8424,27623892,27574932.8941145,32095790.620424725
5,bf16,value,ans_raw,64,312,40894464,32097464,159744,5928,32263136,27574932.8941145,32095790.620424725
5,bf16,value,zstd,64,312,40894464,32266887,0,5928,32272815,27574932.8941145,32095790.620424725
5,fp8_e4m3_sat,key,ans_lane,16,1248,20447232,16883400,638976,23712,17546088,16867494.26927324,16867494.26927324
5,fp8_e4m3_sat,key,ans_lane,256,80,20447232,16899204,40960,1520,16941684,16888423.06483869,16888423.06483869
5,fp8_e4m3_sat,key,ans_lane,64,312,20447232,16895096,159744,5928,17060768,16883253.559062336,16883253.559062336
5,fp8_e4m3_sat,key,ans_lane_shared,16,1248,20447232,16906352,0,23712,16930064,16867494.26927324,16867494.26927324
5,fp8_e4m3_sat,key,ans_lane_shared,256,80,20447232,16901628,0,1520,16903148,16888423.06483869,16888423.06483869
5,fp8_e4m3_sat,key,ans_lane_shared,64,312,20447232,16902568,0,5928,16908496,16883253.559062336,16883253.559062336
5,fp8_e4m3_sat,key,zstd,64,312,20447232,16991596,0,5928,16997524,16883253.559062336,16883253.559062336
5,fp8_e4m3_sat,value,ans_lane,16,1248,20447232,16989396,638976,23712,17652084,16973600.60608341,16973600.60608341
5,fp8_e4m3_sat,value,ans_lane,256,80,20447232,17009940,40960,1520,17052420,16999567.99716357,16999567.99716357
5,fp8_e4m3_sat,value,ans_lane,64,312,20447232,17004440,159744,5928,17170112,16992831.134168457,16992831.134168457
5,fp8_e4m3_sat,value,ans_lane_shared,16,1248,20447232,17017684,0,23712,17041396,16973600.60608341,16973600.60608341
5,fp8_e4m3_sat,value,ans_lane_shared,256,80,20447232,17013036,0,1520,17014556,16999567.99716357,16999567.99716357
5,fp8_e4m3_sat,value,ans_lane_shared,64,312,20447232,17013972,0,5928,17019900,16992831.134168457,16992831.134168457
5,fp8_e4m3_sat,value,zstd,64,312,20447232,17124951,0,5928,17130879,16992831.134168457,16992831.134168457
5,native,convolution,ans_lane,,24,1572864,1064432,24576,648,1089656,1063203.8834602842,1236758.8135968032
5,native,convolution,ans_lane_shared,,24,1572864,1066688,0,648,1067336,1063203.8834602842,1236758.8135968032
5,native,convolution,zstd,,24,1572864,1243756,0,456,1244212,1063203.8834602842,1236758.8135968032
5,native,recurrent,ans_lane,,24,50331648,43059808,49152,1032,43109992,43043466.29840311,47183684.352728814
5,native,recurrent,ans_lane_shared,,24,50331648,43089700,0,1032,43090732,43043466.29840311,47183684.352728814
5,native,recurrent,zstd,,24,50331648,47257751,0,456,47258207,43043466.29840311,47183684.352728814
50,bf16,key,ans_lane,16,1440,47185920,31736692,1474560,38880,33250132,31693697.318764187,36913843.2558946
50,bf16,key,ans_lane,256,96,47185920,31761148,98304,2592,31862044,31729620.934127353,36946607.537308455
50,bf16,key,ans_lane,64,360,47185920,31755512,368640,9720,32133872,31721639.260371584,36939468.7075047
50,bf16,key,ans_lane_shared,16,1440,47185920,31777028,0,38880,31815908,31693697.318764187,36913843.2558946
50,bf16,key,ans_lane_shared,256,96,47185920,31765788,0,2592,31768380,31729620.934127353,36946607.537308455
50,bf16,key,ans_lane_shared,64,360,47185920,31767968,0,9720,31777688,31721639.260371584,36939468.7075047
50,bf16,key,ans_raw,64,360,47185920,36941384,184320,6840,37132544,31721639.260371584,36939468.7075047
50,bf16,key,zstd,64,360,47185920,37099904,0,6840,37106744,31721639.260371584,36939468.7075047
50,bf16,value,ans_lane,16,1440,47185920,31865852,1474560,38880,33379292,31822760.26018408,37037423.51052152
50,bf16,value,ans_lane,256,96,47185920,31896164,98304,2592,31997060,31864616.00646258,37075961.57878502
50,bf16,value,ans_lane,64,360,47185920,31888256,368640,9720,32266616,31854317.271317884,37066566.51611365
50,bf16,value,ans_lane_shared,16,1440,47185920,31917384,0,38880,31956264,31822760.26018408,37037423.51052152
50,bf16,value,ans_lane_shared,256,96,47185920,31906220,0,2592,31908812,31864616.00646258,37075961.57878502
50,bf16,value,ans_lane_shared,64,360,47185920,31908428,0,9720,31918148,31854317.271317884,37066566.51611365
50,bf16,value,ans_raw,64,360,47185920,37068444,184320,6840,37259604,31854317.271317884,37066566.51611365
50,bf16,value,zstd,64,360,47185920,37261832,0,6840,37268672,31854317.271317884,37066566.51611365
50,fp8_e4m3_sat,key,ans_lane,16,1440,23592960,19490120,737280,27360,20254760,19471799.412449956,19471799.412449956
50,fp8_e4m3_sat,key,ans_lane,256,96,23592960,19508520,49152,1824,19559496,19495947.66712633,19495947.66712633
50,fp8_e4m3_sat,key,ans_lane,64,360,23592960,19503420,184320,6840,19694580,19489642.695898056,19489642.695898056
50,fp8_e4m3_sat,key,ans_lane_shared,16,1440,23592960,19519996,0,27360,19547356,19471799.412449956,19471799.412449956
50,fp8_e4m3_sat,key,ans_lane_shared,256,96,23592960,19514520,0,1824,19516344,19495947.66712633,19495947.66712633
50,fp8_e4m3_sat,key,ans_lane_shared,64,360,23592960,19515572,0,6840,19522412,19489642.695898056,19489642.695898056
50,fp8_e4m3_sat,key,zstd,64,360,23592960,19615185,0,6840,19622025,19489642.695898056,19489642.695898056
50,fp8_e4m3_sat,value,ans_lane,16,1440,23592960,19636948,737280,27360,20401588,19618773.35755114,19618773.35755114
50,fp8_e4m3_sat,value,ans_lane,256,96,23592960,19663060,49152,1824,19714036,19651043.65449184,19651043.65449184
50,fp8_e4m3_sat,value,ans_lane,64,360,23592960,19655028,184320,6840,19846188,19641679.896237064,19641679.896237064
50,fp8_e4m3_sat,value,ans_lane_shared,16,1440,23592960,19683584,0,27360,19710944,19618773.35755114,19618773.35755114
50,fp8_e4m3_sat,value,ans_lane_shared,256,96,23592960,19678164,0,1824,19679988,19651043.65449184,19651043.65449184
50,fp8_e4m3_sat,value,ans_lane_shared,64,360,23592960,19679232,0,6840,19686072,19641679.896237064,19641679.896237064
50,fp8_e4m3_sat,value,zstd,64,360,23592960,19790700,0,6840,19797540,19641679.896237064,19641679.896237064
50,native,convolution,ans_lane,,24,1572864,1066044,24576,648,1091268,1064816.4620055084,1238089.597045113
50,native,convolution,ans_lane_shared,,24,1572864,1071080,0,648,1071728,1064816.4620055084,1238089.597045113
50,native,convolution,zstd,,24,1572864,1244880,0,456,1245336,1064816.4620055084,1238089.597045113
50,native,recurrent,ans_lane,,24,50331648,42997296,49152,1032,43047480,42980965.81277564,47141027.40988585
50,native,recurrent,ans_lane_shared,,24,50331648,43013828,0,1032,43014860,42980965.81277564,47141027.40988585
50,native,recurrent,zstd,,24,50331648,47238234,0,456,47238690,42980965.81277564,47141027.40988585
51,bf16,key,ans_lane,16,3200,104857600,70507356,3276800,86400,73870556,70411878.10359566,82017955.97695228
51,bf16,key,ans_lane,256,200,104857600,70561636,204800,5400,70771836,70491665.37307413,82090748.81235968
51,bf16,key,ans_lane,64,800,104857600,70549220,819200,21600,71390020,70473948.52082989,82074842.00224176
51,bf16,key,ans_lane_shared,16,3200,104857600,70596092,0,86400,70682492,70411878.10359566,82017955.97695228
51,bf16,key,ans_lane_shared,256,200,104857600,70571320,0,5400,70576720,70491665.37307413,82090748.81235968
51,bf16,key,ans_lane_shared,64,800,104857600,70576328,0,21600,70597928,70473948.52082989,82074842.00224176
51,bf16,key,ans_raw,64,800,104857600,82079036,409600,15200,82503836,70473948.52082989,82074842.00224176
51,bf16,key,zstd,64,800,104857600,82434173,0,15200,82449373,70473948.52082989,82074842.00224176
51,bf16,value,ans_lane,16,3200,104857600,70807492,3276800,86400,74170692,70711984.17371048,82301045.84398438
51,bf16,value,ans_lane,256,200,104857600,70873512,204800,5400,71083712,70803420.6844595,82385109.95966752
51,bf16,value,ans_lane,64,800,104857600,70857068,819200,21600,71697868,70781656.8318248,82365292.61407822
51,bf16,value,ans_lane_shared,16,3200,104857600,70917836,0,86400,71004236,70711984.17371048,82301045.84398438
51,bf16,value,ans_lane_shared,256,200,104857600,70893112,0,5400,70898512,70803420.6844595,82385109.95966752
51,bf16,value,ans_lane_shared,64,800,104857600,70897892,0,21600,70919492,70781656.8318248,82365292.61407822
51,bf16,value,ans_raw,64,800,104857600,82369452,409600,15200,82794252,70781656.8318248,82365292.61407822
51,bf16,value,zstd,64,800,104857600,82800715,0,15200,82815915,70781656.8318248,82365292.61407822
51,fp8_e4m3_sat,key,ans_lane,16,3200,52428800,43284588,1638400,60800,44983788,43243873.17149749,43243873.17149749
51,fp8_e4m3_sat,key,ans_lane,256,200,52428800,43324876,102400,3800,43431076,43297108.6700394,43297108.6700394
51,fp8_e4m3_sat,key,ans_lane,64,800,52428800,43314216,409600,15200,43739016,43283527.66259972,43283527.66259972
51,fp8_e4m3_sat,key,ans_lane_shared,16,3200,52428800,43349844,0,60800,43410644,43243873.17149749,43243873.17149749
51,fp8_e4m3_sat,key,ans_lane_shared,256,200,52428800,43337816,0,3800,43341616,43297108.6700394,43297108.6700394
51,fp8_e4m3_sat,key,ans_lane_shared,64,800,52428800,43340220,0,15200,43355420,43283527.66259972,43283527.66259972
51,fp8_e4m3_sat,key,zstd,64,800,52428800,43560657,0,15200,43575857,43283527.66259972,43283527.66259972
51,fp8_e4m3_sat,value,ans_lane,16,3200,52428800,43633392,1638400,60800,45332592,43593231.73763837,43593231.73763837
51,fp8_e4m3_sat,value,ans_lane,256,200,52428800,43689496,102400,3800,43795696,43663002.18871061,43663002.18871061
51,fp8_e4m3_sat,value,ans_lane,64,800,52428800,43673612,409600,15200,44098412,43644034.35489128,43644034.35489128
51,fp8_e4m3_sat,value,ans_lane_shared,16,3200,52428800,43731860,0,60800,43792660,43593231.73763837,43593231.73763837
51,fp8_e4m3_sat,value,ans_lane_shared,256,200,52428800,43719888,0,3800,43723688,43663002.18871061,43663002.18871061
51,fp8_e4m3_sat,value,ans_lane_shared,64,800,52428800,43722292,0,15200,43737492,43644034.35489128,43644034.35489128
51,fp8_e4m3_sat,value,zstd,64,800,52428800,43977098,0,15200,43992298,43644034.35489128,43644034.35489128
51,native,convolution,ans_lane,,24,1572864,1067592,24576,648,1092816,1066368.421178386,1239516.2214118382
51,native,convolution,ans_lane_shared,,24,1572864,1075288,0,648,1075936,1066368.421178386,1239516.2214118382
51,native,convolution,zstd,,24,1572864,1246261,0,456,1246717,1066368.421178386,1239516.2214118382
51,native,recurrent,ans_lane,,24,50331648,43002180,49152,1032,43052364,42985831.14158564,47141444.90931409
51,native,recurrent,ans_lane_shared,,24,50331648,43025088,0,1032,43026120,42985831.14158564,47141444.90931409
51,native,recurrent,zstd,,24,50331648,47236722,0,456,47237178,42985831.14158564,47141444.90931409
52,bf16,key,ans_lane,16,128,4194304,2820716,131072,3456,2955244,2816876.971519664,3281066.1010106653
52,bf16,key,ans_lane,256,8,4194304,2822800,8192,216,2831208,2819994.4793977397,3283922.610459263
52,bf16,key,ans_lane,64,32,4194304,2822352,32768,864,2855984,2819325.225576524,3283316.1587022375
52,bf16,key,ans_lane_shared,16,128,4194304,2824224,0,3456,2827680,2816876.971519664,3281066.1010106653
52,bf16,key,ans_lane_shared,256,8,4194304,2823256,0,216,2823472,2819994.4793977397,3283922.610459263
52,bf16,key,ans_lane_shared,64,32,4194304,2823464,0,864,2824328,2819325.225576524,3283316.1587022375
52,bf16,key,ans_raw,64,32,4194304,3283472,16384,608,3300464,2819325.225576524,3283316.1587022375
52,bf16,key,zstd,64,32,4194304,3297470,0,608,3298078,2819325.225576524,3283316.1587022375
52,bf16,value,ans_lane,16,128,4194304,2826848,131072,3456,2961376,2823000.3848217274,3286216.492847846
52,bf16,value,ans_lane,256,8,4194304,2829484,8192,216,2837892,2826667.0114160487,3289599.4927220433
52,bf16,value,ans_lane,64,32,4194304,2828840,32768,864,2862472,2825804.1748742326,3288814.6758690737
52,bf16,value,ans_lane_shared,16,128,4194304,2837808,0,3456,2841264,2823000.3848217274,3286216.492847846
52,bf16,value,ans_lane_shared,256,8,4194304,2836816,0,216,2837032,2826667.0114160487,3289599.4927220433
52,bf16,value,ans_lane_shared,64,32,4194304,2836996,0,864,2837860,2825804.1748742326,3288814.6758690737
52,bf16,value,ans_raw,64,32,4194304,3288976,16384,608,3305968,2825804.1748742326,3288814.6758690737
52,bf16,value,zstd,64,32,4194304,3306799,0,608,3307407,2825804.1748742326,3288814.6758690737
52,fp8_e4m3_sat,key,ans_lane,16,128,2097152,1731860,65536,2432,1799828,1730241.7900294345,1730241.7900294345
52,fp8_e4m3_sat,key,ans_lane,256,8,2097152,1733388,4096,152,1737636,1732274.8367062833,1732274.8367062833
52,fp8_e4m3_sat,key,ans_lane,64,32,2097152,1733020,16384,608,1750012,1731791.0325393612,1731791.0325393612
52,fp8_e4m3_sat,key,ans_lane_shared,16,128,2097152,1734488,0,2432,1736920,1730241.7900294345,1730241.7900294345
52,fp8_e4m3_sat,key,ans_lane_shared,256,8,2097152,1733992,0,152,1734144,1732274.8367062833,1732274.8367062833
52,fp8_e4m3_sat,key,ans_lane_shared,64,32,2097152,1734088,0,608,1734696,1731791.0325393612,1731791.0325393612
52,fp8_e4m3_sat,key,zstd,64,32,2097152,1742947,0,608,1743555,1731791.0325393612,1731791.0325393612
52,fp8_e4m3_sat,value,ans_lane,16,128,2097152,1746208,65536,2432,1814176,1744600.91416176,1744600.91416176
52,fp8_e4m3_sat,value,ans_lane,256,8,2097152,1748488,4096,152,1752736,1747419.622012773,1747419.622012773
52,fp8_e4m3_sat,value,ans_lane,64,32,2097152,1747856,16384,608,1764848,1746669.5303261918,1746669.5303261918
52,fp8_e4m3_sat,value,ans_lane_shared,16,128,2097152,1750440,0,2432,1752872,1744600.91416176,1744600.91416176
52,fp8_e4m3_sat,value,ans_lane_shared,256,8,2097152,1749984,0,152,1750136,1747419.622012773,1747419.622012773
52,fp8_e4m3_sat,value,ans_lane_shared,64,32,2097152,1750080,0,608,1750688,1746669.5303261918,1746669.5303261918
52,fp8_e4m3_sat,value,zstd,64,32,2097152,1759828,0,608,1760436,1746669.5303261918,1746669.5303261918
52,native,convolution,ans_lane,,24,1572864,1065252,24576,648,1090476,1064034.9271714846,1237393.8971046568
52,native,convolution,ans_lane_shared,,24,1572864,1068572,0,648,1069220,1064034.9271714846,1237393.8971046568
52,native,convolution,zstd,,24,1572864,1244483,0,456,1244939,1064034.9271714846,1237393.8971046568
52,native,recurrent,ans_lane,,24,50331648,42986196,49152,1032,43036380,42969858.105732195,47129897.567961656
52,native,recurrent,ans_lane_shared,,24,50331648,43001880,0,1032,43002912,42969858.105732195,47129897.567961656
52,native,recurrent,zstd,,24,50331648,47237200,0,456,47237656,42969858.105732195,47129897.567961656
53,bf16,key,ans_lane,16,1472,48234496,32431996,1507328,39744,33979068,32388051.002495512,37727351.668978676
53,bf16,key,ans_lane,256,96,48234496,32456652,98304,2592,32557548,32424451.104940087,37760531.25792753
53,bf16,key,ans_lane,64,368,48234496,32451188,376832,9936,32837956,32416564.734221254,37753453.63924101
53,bf16,key,ans_lane_shared,16,1472,48234496,32472852,0,39744,32512596,32388051.002495512,37727351.668978676
53,bf16,key,ans_lane_shared,256,96,48234496,32461464,0,2592,32464056,32424451.104940087,37760531.25792753
53,bf16,key,ans_lane_shared,64,368,48234496,32463716,0,9936,32473652,32416564.734221254,37753453.63924101
53,bf16,key,ans_raw,64,368,48234496,37755368,188416,6992,37950776,32416564.734221254,37753453.63924101
53,bf16,key,zstd,64,368,48234496,37918068,0,6992,37925060,32416564.734221254,37753453.63924101
53,bf16,value,ans_lane,16,1472,48234496,32567036,1507328,39744,34114108,32523051.819225594,37855036.75287402
53,bf16,value,ans_lane,256,96,48234496,32596552,98304,2592,32697448,32564277.568485312,37892971.22907226
53,bf16,value,ans_lane,64,368,48234496,32589376,376832,9936,32976144,32554674.433008444,37884203.181296304
53,bf16,value,ans_lane_shared,16,1472,48234496,32616624,0,39744,32656368,32523051.819225594,37855036.75287402
53,bf16,value,ans_lane_shared,256,96,48234496,32605272,0,2592,32607864,32564277.568485312,37892971.22907226
53,bf16,value,ans_lane_shared,64,368,48234496,32607608,0,9936,32617544,32554674.433008444,37884203.181296304
53,bf16,value,ans_raw,64,368,48234496,37886168,188416,6992,38081576,32554674.433008444,37884203.181296304
53,bf16,value,zstd,64,368,48234496,38084771,0,6992,38091763,32554674.433008444,37884203.181296304
53,fp8_e4m3_sat,key,ans_lane,16,1472,24117248,19908896,753664,27968,20690528,19890138.78236849,19890138.78236849
53,fp8_e4m3_sat,key,ans_lane,256,96,24117248,19927192,49152,1824,19978168,19914377.917434566,19914377.917434566
53,fp8_e4m3_sat,key,ans_lane,64,368,24117248,19922480,188416,6992,20117888,19908354.969383635,19908354.969383635
53,fp8_e4m3_sat,key,ans_lane_shared,16,1472,24117248,19939020,0,27968,19966988,19890138.78236849,19890138.78236849
53,fp8_e4m3_sat,key,ans_lane_shared,256,96,24117248,19933504,0,1824,19935328,19914377.917434566,19914377.917434566
53,fp8_e4m3_sat,key,ans_lane_shared,64,368,24117248,19934580,0,6992,19941572,19908354.969383635,19908354.969383635
53,fp8_e4m3_sat,key,zstd,64,368,24117248,20035293,0,6992,20042285,19908354.969383635,19908354.969383635
53,fp8_e4m3_sat,value,ans_lane,16,1472,24117248,20067860,753664,27968,20849492,20049415.638206843,20049415.638206843
53,fp8_e4m3_sat,value,ans_lane,256,96,24117248,20092748,49152,1824,20143724,20080548.596924618,20080548.596924618
53,fp8_e4m3_sat,value,ans_lane,64,368,24117248,20085880,188416,6992,20281288,20072285.782020245,20072285.782020245
53,fp8_e4m3_sat,value,ans_lane_shared,16,1472,24117248,20112128,0,27968,20140096,20049415.638206843,20049415.638206843
53,fp8_e4m3_sat,value,ans_lane_shared,256,96,24117248,20106540,0,1824,20108364,20080548.596924618,20080548.596924618
53,fp8_e4m3_sat,value,ans_lane_shared,64,368,24117248,20107660,0,6992,20114652,20072285.782020245,20072285.782020245
53,fp8_e4m3_sat,value,zstd,64,368,24117248,20226269,0,6992,20233261,20072285.782020245,20072285.782020245
53,native,convolution,ans_lane,,24,1572864,1063608,24576,648,1088832,1062390.6982549615,1235998.6080783384
53,native,convolution,ans_lane_shared,,24,1572864,1065904,0,648,1066552,1062390.6982549615,1235998.6080783384
53,native,convolution,zstd,,24,1572864,1243135,0,456,1243591,1062390.6982549615,1235998.6080783384
53,native,recurrent,ans_lane,,24,50331648,43004504,49152,1032,43054688,42988141.07942301,47143159.922753766
53,native,recurrent,ans_lane_shared,,24,50331648,43014492,0,1032,43015524,42988141.07942301,47143159.922753766
53,native,recurrent,zstd,,24,50331648,47238729,0,456,47239185,42988141.07942301,47143159.922753766
54,bf16,key,ans_lane,16,1600,52428800,35242096,1638400,43200,36923696,35194362.45203454,40998309.59367497
54,bf16,key,ans_lane,256,104,52428800,35269104,106496,2808,35378408,35234086.61196257,41034524.80942201
54,bf16,key,ans_lane,64,400,52428800,35263108,409600,10800,35683508,35225444.90676098,41026766.1303076
54,bf16,key,ans_lane_shared,16,1600,52428800,35287056,0,43200,35330256,35194362.45203454,40998309.59367497
54,bf16,key,ans_lane_shared,256,104,52428800,35274660,0,2808,35277468,35234086.61196257,41034524.80942201
54,bf16,key,ans_lane_shared,64,400,52428800,35277044,0,10800,35287844,35225444.90676098,41026766.1303076
54,bf16,key,ans_raw,64,400,52428800,41028860,204800,7600,41241260,35225444.90676098,41026766.1303076
54,bf16,key,zstd,64,400,52428800,41207187,0,7600,41214787,35225444.90676098,41026766.1303076
54,bf16,value,ans_lane,16,1600,52428800,35406868,1638400,43200,37088468,35359063.27518705,41153884.776049666
54,bf16,value,ans_lane,256,104,52428800,35439148,106496,2808,35548452,35404042.32801843,41195264.98778156
54,bf16,value,ans_lane,64,400,52428800,35431316,409600,10800,35851716,35393646.2455233,41185755.768429756
54,bf16,value,ans_lane_shared,16,1600,52428800,35461756,0,43200,35504956,35359063.27518705,41153884.776049666
54,bf16,value,ans_lane_shared,256,104,52428800,35449416,0,2808,35452224,35404042.32801843,41195264.98778156
54,bf16,value,ans_lane_shared,64,400,52428800,35451820,0,10800,35462620,35393646.2455233,41185755.768429756
54,bf16,value,ans_raw,64,400,52428800,41187832,204800,7600,41400232,35393646.2455233,41185755.768429756
54,bf16,value,zstd,64,400,52428800,41403040,0,7600,41410640,35393646.2455233,41185755.768429756
54,fp8_e4m3_sat,key,ans_lane,16,1600,26214400,21623124,819200,30400,22472724,21602744.38735333,21602744.38735333
54,fp8_e4m3_sat,key,ans_lane,256,104,26214400,21643072,53248,1976,21698296,21629133.758654192,21629133.758654192
54,fp8_e4m3_sat,key,ans_lane,64,400,26214400,21637904,204800,7600,21850304,21622505.903934218,21622505.903934218
54,fp8_e4m3_sat,key,ans_lane_shared,16,1600,26214400,21656292,0,30400,21686692,21602744.38735333,21602744.38735333
54,fp8_e4m3_sat,key,ans_lane_shared,256,104,26214400,21650284,0,1976,21652260,21629133.758654192,21629133.758654192
54,fp8_e4m3_sat,key,ans_lane_shared,64,400,26214400,21651476,0,7600,21659076,21622505.903934218,21622505.903934218
54,fp8_e4m3_sat,key,zstd,64,400,26214400,21759846,0,7600,21767446,21622505.903934218,21622505.903934218
54,fp8_e4m3_sat,value,ans_lane,16,1600,26214400,21819816,819200,30400,22669416,21799759.729672898,21799759.729672898
54,fp8_e4m3_sat,value,ans_lane,256,104,26214400,21846836,53248,1976,21902060,21833553.941534866,21833553.941534866
54,fp8_e4m3_sat,value,ans_lane,64,400,26214400,21839588,204800,7600,22051988,21824732.64756891,21824732.64756891
54,fp8_e4m3_sat,value,ans_lane_shared,16,1600,26214400,21868716,0,30400,21899116,21799759.729672898,21799759.729672898
54,fp8_e4m3_sat,value,ans_lane_shared,256,104,26214400,21862776,0,1976,21864752,21833553.941534866,21833553.941534866
54,fp8_e4m3_sat,value,ans_lane_shared,64,400,26214400,21863948,0,7600,21871548,21824732.64756891,21824732.64756891
54,fp8_e4m3_sat,value,zstd,64,400,26214400,21991671,0,7600,21999271,21824732.64756891,21824732.64756891
54,native,convolution,ans_lane,,24,1572864,1063296,24576,648,1088520,1062076.8890095714,1235746.4027103728
54,native,convolution,ans_lane_shared,,24,1572864,1065404,0,648,1066052,1062076.8890095714,1235746.4027103728
54,native,convolution,zstd,,24,1572864,1243059,0,456,1243515,1062076.8890095714,1235746.4027103728
54,native,recurrent,ans_lane,,24,50331648,43011320,49152,1032,43061504,42994965.95814593,47149778.3991089
54,native,recurrent,ans_lane_shared,,24,50331648,43035376,0,1032,43036408,42994965.95814593,47149778.3991089
54,native,recurrent,zstd,,24,50331648,47249116,0,456,47249572,42994965.95814593,47149778.3991089
55,bf16,key,ans_lane,16,320,10485760,7045820,327680,8640,7382140,7036286.382488142,8197182.233529494
55,bf16,key,ans_lane,256,24,10485760,7051140,24576,648,7076364,7044126.001914193,8204352.721615028
55,bf16,key,ans_lane,64,80,10485760,7050012,81920,2160,7134092,7042483.2233231645,8202872.96845663
55,bf16,key,ans_lane_shared,16,320,10485760,7054972,0,8640,7063612,7036286.382488142,8197182.233529494
55,bf16,key,ans_lane_shared,256,24,10485760,7052532,0,648,7053180,7044126.001914193,8204352.721615028
55,bf16,key,ans_lane_shared,64,80,10485760,7052972,0,2160,7055132,7042483.2233231645,8202872.96845663
55,bf16,key,ans_raw,64,80,10485760,8203280,40960,1520,8245760,7042483.2233231645,8202872.96845663
55,bf16,key,zstd,64,80,10485760,8239138,0,1520,8240658,7042483.2233231645,8202872.96845663
55,bf16,value,ans_lane,16,320,10485760,7079396,327680,8640,7415716,7069850.192644954,8228678.954938777
55,bf16,value,ans_lane,256,24,10485760,7085728,24576,648,7110952,7078677.4198571965,8236800.276937645
55,bf16,value,ans_lane,64,80,10485760,7084220,81920,2160,7168300,7076697.316275769,8234989.744026416
55,bf16,value,ans_lane_shared,16,320,10485760,7090520,0,8640,7099160,7069850.192644954,8228678.954938777
55,bf16,value,ans_lane_shared,256,24,10485760,7088056,0,648,7088704,7078677.4198571965,8236800.276937645
55,bf16,value,ans_lane_shared,64,80,10485760,7088520,0,2160,7090680,7076697.316275769,8234989.744026416
55,bf16,value,ans_raw,64,80,10485760,8235400,40960,1520,8277880,7076697.316275769,8234989.744026416
55,bf16,value,zstd,64,80,10485760,8278294,0,1520,8279814,7076697.316275769,8234989.744026416
55,fp8_e4m3_sat,key,ans_lane,16,320,5242880,4320644,163840,6080,4490564,4316538.249375184,4316538.249375184
55,fp8_e4m3_sat,key,ans_lane,256,24,5242880,4324512,12288,456,4337256,4321709.635027809,4321709.635027809
55,fp8_e4m3_sat,key,ans_lane,64,80,5242880,4323576,40960,1520,4366056,4320488.883789535,4320488.883789535
55,fp8_e4m3_sat,key,ans_lane_shared,16,320,5242880,4327324,0,6080,4333404,4316538.249375184,4316538.249375184
55,fp8_e4m3_sat,key,ans_lane_shared,256,24,5242880,4326148,0,456,4326604,4321709.635027809,4321709.635027809
55,fp8_e4m3_sat,key,ans_lane_shared,64,80,5242880,4326376,0,1520,4327896,4320488.883789535,4320488.883789535
55,fp8_e4m3_sat,key,zstd,64,80,5242880,4347683,0,1520,4349203,4320488.883789535,4320488.883789535
55,fp8_e4m3_sat,value,ans_lane,16,320,5242880,4362216,163840,6080,4532136,4358221.238307354,4358221.238307354
55,fp8_e4m3_sat,value,ans_lane,256,24,5242880,4367496,12288,456,4380240,4364822.790469163,4364822.790469163
55,fp8_e4m3_sat,value,ans_lane,64,80,5242880,4366120,40960,1520,4408600,4363149.685256808,4363149.685256808
55,fp8_e4m3_sat,value,ans_lane_shared,16,320,5242880,4372100,0,6080,4378180,4358221.238307354,4358221.238307354
55,fp8_e4m3_sat,value,ans_lane_shared,256,24,5242880,4370916,0,456,4371372,4364822.790469163,4364822.790469163
55,fp8_e4m3_sat,value,ans_lane_shared,64,80,5242880,4371144,0,1520,4372664,4363149.685256808,4363149.685256808
55,fp8_e4m3_sat,value,zstd,64,80,5242880,4396233,0,1520,4397753,4363149.685256808,4363149.685256808
55,native,convolution,ans_lane,,24,1572864,1066540,24576,648,1091764,1065316.4097590419,1238783.861817181
55,native,convolution,ans_lane_shared,,24,1572864,1072524,0,648,1073172,1065316.4097590419,1238783.861817181
55,native,convolution,zstd,,24,1572864,1245727,0,456,1246183,1065316.4097590419,1238783.861817181
55,native,recurrent,ans_lane,,24,50331648,42985944,49152,1032,43036128,42969590.30353321,47130893.829708755
55,native,recurrent,ans_lane_shared,,24,50331648,42999004,0,1032,43000036,42969590.30353321,47130893.829708755
55,native,recurrent,zstd,,24,50331648,47233470,0,456,47233926,42969590.30353321,47130893.829708755
56,bf16,key,ans_lane,16,128,4194304,2821240,131072,3456,2955768,2817425.247403916,3281534.4771424006
56,bf16,key,ans_lane,256,8,4194304,2823440,8192,216,2831848,2820623.7820001645,3284474.212439306
56,bf16,key,ans_lane,64,32,4194304,2822968,32768,864,2856600,2819945.5806501787,3283860.0683769616
56,bf16,key,ans_lane_shared,16,128,4194304,2824892,0,3456,2828348,2817425.247403916,3281534.4771424006
56,bf16,key,ans_lane_shared,256,8,4194304,2823896,0,216,2824112,2820623.7820001645,3284474.212439306
56,bf16,key,ans_lane_shared,64,32,4194304,2824092,0,864,2824956,2819945.5806501787,3283860.0683769616
56,bf16,key,ans_raw,64,32,4194304,3284024,16384,608,3301016,2819945.5806501787,3283860.0683769616
56,bf16,key,zstd,64,32,4194304,3298270,0,608,3298878,2819945.5806501787,3283860.0683769616
56,bf16,value,ans_lane,16,128,4194304,2826032,131072,3456,2960560,2822209.0816323827,3285376.108701398
56,bf16,value,ans_lane,256,8,4194304,2828668,8192,216,2837076,2825846.801617314,3288724.780358866
56,bf16,value,ans_lane,64,32,4194304,2828012,32768,864,2861644,2824981.0601102873,3287935.9532439183
56,bf16,value,ans_lane_shared,16,128,4194304,2837664,0,3456,2841120,2822209.0816323827,3285376.108701398
56,bf16,value,ans_lane_shared,256,8,4194304,2836700,0,216,2836916,2825846.801617314,3288724.780358866
56,bf16,value,ans_lane_shared,64,32,4194304,2836896,0,864,2837760,2824981.0601102873,3287935.9532439183
56,bf16,value,ans_raw,64,32,4194304,3288100,16384,608,3305092,2824981.0601102873,3287935.9532439183
56,bf16,value,zstd,64,32,4194304,3305639,0,608,3306247,2824981.0601102873,3287935.9532439183
56,fp8_e4m3_sat,key,ans_lane,16,128,2097152,1732420,65536,2432,1800388,1730781.420379588,1730781.420379588
56,fp8_e4m3_sat,key,ans_lane,256,8,2097152,1734008,4096,152,1738256,1732893.9866650114,1732893.9866650114
56,fp8_e4m3_sat,key,ans_lane,64,32,2097152,1733648,16384,608,1750640,1732424.2801876788,1732424.2801876788
56,fp8_e4m3_sat,key,ans_lane_shared,16,128,2097152,1735024,0,2432,1737456,1730781.420379588,1730781.420379588
56,fp8_e4m3_sat,key,ans_lane_shared,256,8,2097152,1734540,0,152,1734692,1732893.9866650114,1732893.9866650114
56,fp8_e4m3_sat,key,ans_lane_shared,64,32,2097152,1734628,0,608,1735236,1732424.2801876788,1732424.2801876788
56,fp8_e4m3_sat,key,zstd,64,32,2097152,1743479,0,608,1744087,1732424.2801876788,1732424.2801876788
56,fp8_e4m3_sat,value,ans_lane,16,128,2097152,1744600,65536,2432,1812568,1743017.3028181912,1743017.3028181912
56,fp8_e4m3_sat,value,ans_lane,256,8,2097152,1746956,4096,152,1751204,1745883.2958518332,1745883.2958518332
56,fp8_e4m3_sat,value,ans_lane,64,32,2097152,1746284,16384,608,1763276,1745101.9346880196,1745101.9346880196
56,fp8_e4m3_sat,value,ans_lane_shared,16,128,2097152,1749776,0,2432,1752208,1743017.3028181912,1743017.3028181912
56,fp8_e4m3_sat,value,ans_lane_shared,256,8,2097152,1749284,0,152,1749436,1745883.2958518332,1745883.2958518332
56,fp8_e4m3_sat,value,ans_lane_shared,64,32,2097152,1749360,0,608,1749968,1745101.9346880196,1745101.9346880196
56,fp8_e4m3_sat,value,zstd,64,32,2097152,1758312,0,608,1758920,1745101.9346880196,1745101.9346880196
56,native,convolution,ans_lane,,24,1572864,1066284,24576,648,1091508,1065045.797402659,1238515.983527888
56,native,convolution,ans_lane_shared,,24,1572864,1069968,0,648,1070616,1065045.797402659,1238515.983527888
56,native,convolution,zstd,,24,1572864,1245495,0,456,1245951,1065045.797402659,1238515.983527888
56,native,recurrent,ans_lane,,24,50331648,43077140,49152,1032,43127324,43060806.246370226,47197182.93083433
56,native,recurrent,ans_lane_shared,,24,50331648,43122868,0,1032,43123900,43060806.246370226,47197182.93083433
56,native,recurrent,zstd,,24,50331648,47254842,0,456,47255298,43060806.246370226,47197182.93083433
57,bf16,key,ans_lane,16,2240,73400320,49362216,2293760,60480,51716456,49295409.71905051,57419466.93116442
57,bf16,key,ans_lane,256,144,73400320,49399948,147456,3888,49551292,49350928.97592429,57470130.04473932
57,bf16,key,ans_lane,64,560,73400320,49391564,573440,15120,49980124,49338888.36658597,57459310.19693267
57,bf16,key,ans_lane_shared,16,2240,73400320,49424600,0,60480,49485080,49295409.71905051,57419466.93116442
57,bf16,key,ans_lane_shared,256,144,73400320,49407344,0,3888,49411232,49350928.97592429,57470130.04473932
57,bf16,key,ans_lane_shared,64,560,73400320,49410800,0,15120,49425920,49338888.36658597,57459310.19693267
57,bf16,key,ans_raw,64,560,73400320,57462216,286720,10640,57759576,49338888.36658597,57459310.19693267
57,bf16,key,zstd,64,560,73400320,57708552,0,10640,57719192,49338888.36658597,57459310.19693267
57,bf16,value,ans_lane,16,2240,73400320,49574632,2293760,60480,51928872,49507814.14145169,57620721.178654246
57,bf16,value,ans_lane,256,144,73400320,49620308,147456,3888,49771652,49571229.56238764,57679094.334062696
57,bf16,value,ans_lane,64,560,73400320,49608628,573440,15120,50197188,49555810.50186517,57664976.836135745
57,bf16,value,ans_lane_shared,16,2240,73400320,49653352,0,60480,49713832,49507814.14145169,57620721.178654246
57,bf16,value,ans_lane_shared,256,144,73400320,49635908,0,3888,49639796,49571229.56238764,57679094.334062696
57,bf16,value,ans_lane_shared,64,560,73400320,49639368,0,15120,49654488,49555810.50186517,57664976.836135745
57,bf16,value,ans_raw,64,560,73400320,57667860,286720,10640,57965220,49555810.50186517,57664976.836135745
57,bf16,value,zstd,64,560,73400320,57968392,0,10640,57979032,49555810.50186517,57664976.836135745
57,fp8_e4m3_sat,key,ans_lane,16,2240,36700160,30299236,1146880,42560,31488676,30270707.1398796,30270707.1398796
57,fp8_e4m3_sat,key,ans_lane,256,144,36700160,30326912,73728,2736,30403376,30307430.100129854,30307430.100129854
57,fp8_e4m3_sat,key,ans_lane,64,560,36700160,30319848,286720,10640,30617208,30298363.73709738,30298363.73709738
57,fp8_e4m3_sat,key,ans_lane_shared,16,2240,36700160,30344576,0,42560,30387136,30270707.1398796,30270707.1398796
57,fp8_e4m3_sat,key,ans_lane_shared,256,144,36700160,30336312,0,2736,30339048,30307430.100129854,30307430.100129854
57,fp8_e4m3_sat,key,ans_lane_shared,64,560,36700160,30338020,0,10640,30348660,30298363.73709738,30298363.73709738
57,fp8_e4m3_sat,key,zstd,64,560,36700160,30492844,0,10640,30503484,30298363.73709738,30298363.73709738
57,fp8_e4m3_sat,value,ans_lane,16,2240,36700160,30554344,1146880,42560,31743784,30526199.17913079,30526199.17913079
57,fp8_e4m3_sat,value,ans_lane,256,144,36700160,30592676,73728,2736,30669140,30574115.44752901,30574115.44752901
57,fp8_e4m3_sat,value,ans_lane,64,560,36700160,30581324,286720,10640,30878684,30560602.99390803,30560602.99390803
57,fp8_e4m3_sat,value,ans_lane_shared,16,2240,36700160,30624924,0,42560,30667484,30526199.17913079,30526199.17913079
57,fp8_e4m3_sat,value,ans_lane_shared,256,144,36700160,30616632,0,2736,30619368,30574115.44752901,30574115.44752901
57,fp8_e4m3_sat,value,ans_lane_shared,64,560,36700160,30618260,0,10640,30628900,30560602.99390803,30560602.99390803
57,fp8_e4m3_sat,value,zstd,64,560,36700160,30792708,0,10640,30803348,30560602.99390803,30560602.99390803
57,native,convolution,ans_lane,,24,1572864,1068088,24576,648,1093312,1066854.324185172,1239963.9233315082
57,native,convolution,ans_lane_shared,,24,1572864,1075860,0,648,1076508,1066854.324185172,1239963.9233315082
57,native,convolution,zstd,,24,1572864,1246732,0,456,1247188,1066854.324185172,1239963.9233315082
57,native,recurrent,ans_lane,,24,50331648,42991224,49152,1032,43041408,42974880.984330736,47135043.30506187
57,native,recurrent,ans_lane_shared,,24,50331648,43009000,0,1032,43010032,42974880.984330736,47135043.30506187
57,native,recurrent,zstd,,24,50331648,47245339,0,456,47245795,42974880.984330736,47135043.30506187
58,bf16,key,ans_lane,16,1120,36700160,24678748,1146880,30240,25855868,24645316.79278741,28707187.56260828
58,bf16,key,ans_lane,256,72,36700160,24697700,73728,1944,24773372,24673192.409880977,28732621.25939573
58,bf16,key,ans_lane,64,280,36700160,24693464,286720,7560,24987744,24667133.15618154,28727174.249544103
58,bf16,key,ans_lane_shared,16,1120,36700160,24710236,0,30240,24740476,24645316.79278741,28707187.56260828
58,bf16,key,ans_lane_shared,256,72,36700160,24701692,0,1944,24703636,24673192.409880977,28732621.25939573
58,bf16,key,ans_lane_shared,64,280,36700160,24703432,0,7560,24710992,24667133.15618154,28727174.249544103
58,bf16,key,ans_raw,64,280,36700160,28728644,143360,5320,28877324,24667133.15618154,28727174.249544103
58,bf16,key,zstd,64,280,36700160,28852356,0,5320,28857676,24667133.15618154,28727174.249544103
58,bf16,value,ans_lane,16,1120,36700160,24787416,1146880,30240,25964536,24753871.138038974,28809711.45182132
58,bf16,value,ans_lane,256,72,36700160,24809968,73728,1944,24885640,24785440.982152764,28838748.19652348
58,bf16,value,ans_lane,64,280,36700160,24803972,286720,7560,25098252,24777599.80339778,28831581.43687918
58,bf16,value,ans_lane_shared,16,1120,36700160,24827100,0,30240,24857340,24753871.138038974,28809711.45182132
58,bf16,value,ans_lane_shared,256,72,36700160,24818476,0,1944,24820420,24785440.982152764,28838748.19652348
58,bf16,value,ans_lane_shared,64,280,36700160,24820228,0,7560,24827788,24777599.80339778,28831581.43687918
58,bf16,value,ans_raw,64,280,36700160,28833036,143360,5320,28981716,24777599.80339778,28831581.43687918
58,bf16,value,zstd,64,280,36700160,28982650,0,5320,28987970,24777599.80339778,28831581.43687918
58,fp8_e4m3_sat,key,ans_lane,16,1120,18350080,15148072,573440,21280,15742792,15133874.11590041,15133874.11590041
58,fp8_e4m3_sat,key,ans_lane,256,72,18350080,15162124,36864,1368,15200356,15152393.628035102,15152393.628035102
58,fp8_e4m3_sat,key,ans_lane,64,280,18350080,15158436,143360,5320,15307116,15147688.986760192,15147688.986760192
58,fp8_e4m3_sat,key,ans_lane_shared,16,1120,18350080,15171324,0,21280,15192604,15133874.11590041,15133874.11590041
58,fp8_e4m3_sat,key,ans_lane_shared,256,72,18350080,15167172,0,1368,15168540,15152393.628035102,15152393.628035102
58,fp8_e4m3_sat,key,ans_lane_shared,64,280,18350080,15167988,0,5320,15173308,15147688.986760192,15147688.986760192
58,fp8_e4m3_sat,key,zstd,64,280,18350080,15244964,0,5320,15250284,15147688.986760192,15147688.986760192
58,fp8_e4m3_sat,value,ans_lane,16,1120,18350080,15275704,573440,21280,15870424,15261605.169194601,15261605.169194601
58,fp8_e4m3_sat,value,ans_lane,256,72,18350080,15294740,36864,1368,15332972,15285456.401212655,15285456.401212655
58,fp8_e4m3_sat,value,ans_lane,64,280,18350080,15288972,143360,5320,15437652,15278623.582926417,15278623.582926417
58,fp8_e4m3_sat,value,ans_lane_shared,16,1120,18350080,15311840,0,21280,15333120,15261605.169194601,15261605.169194601
58,fp8_e4m3_sat,value,ans_lane_shared,256,72,18350080,15307652,0,1368,15309020,15285456.401212655,15285456.401212655
58,fp8_e4m3_sat,value,ans_lane_shared,64,280,18350080,15308480,0,5320,15313800,15278623.582926417,15278623.582926417
58,fp8_e4m3_sat,value,zstd,64,280,18350080,15394857,0,5320,15400177,15278623.582926417,15278623.582926417
58,native,convolution,ans_lane,,24,1572864,1065312,24576,648,1090536,1064085.9212898267,1237369.363596335
58,native,convolution,ans_lane_shared,,24,1572864,1068016,0,648,1068664,1064085.9212898267,1237369.363596335
58,native,convolution,zstd,,24,1572864,1244455,0,456,1244911,1064085.9212898267,1237369.363596335
58,native,recurrent,ans_lane,,24,50331648,43044748,49152,1032,43094932,43028413.77391381,47174396.96918699
58,native,recurrent,ans_lane_shared,,24,50331648,43079892,0,1032,43080924,43028413.77391381,47174396.96918699
58,native,recurrent,zstd,,24,50331648,47255980,0,456,47256436,43028413.77391381,47174396.96918699
59,bf16,key,ans_lane,16,192,6291456,4232288,196608,5184,4434080,4226549.951727363,4922729.588151372
59,bf16,key,ans_lane,256,16,6291456,4235428,16384,432,4252244,4231199.125143037,4926960.659387223
59,bf16,key,ans_lane,64,48,6291456,4234768,49152,1296,4285216,4230263.685488767,4926124.90066588
59,bf16,key,ans_lane_shared,16,192,6291456,4237604,0,5184,4242788,4226549.951727363,4922729.588151372
59,bf16,key,ans_lane_shared,256,16,6291456,4236160,0,432,4236592,4231199.125143037,4926960.659387223
59,bf16,key,ans_lane_shared,64,48,6291456,4236416,0,1296,4237712,4230263.685488767,4926124.90066588
59,bf16,key,ans_raw,64,48,6291456,4926368,24576,912,4951856,4230263.685488767,4926124.90066588
59,bf16,key,zstd,64,48,6291456,4947539,0,912,4948451,4230263.685488767,4926124.90066588
59,bf16,value,ans_lane,16,192,6291456,4252424,196608,5184,4454216,4246654.65855987,4942271.979382149
59,bf16,value,ans_lane,256,16,6291456,4256288,16384,432,4273104,4252041.529662242,4947225.941565981
59,bf16,value,ans_lane,64,48,6291456,4255248,49152,1296,4305696,4250731.024960862,4946030.634705347
59,bf16,value,ans_lane_shared,16,192,6291456,4260616,0,5184,4265800,4246654.65855987,4942271.979382149
59,bf16,value,ans_lane_shared,256,16,6291456,4259136,0,432,4259568,4252041.529662242,4947225.941565981
59,bf16,value,ans_lane_shared,64,48,6291456,4259392,0,1296,4260688,4250731.024960862,4946030.634705347
59,bf16,value,ans_raw,64,48,6291456,4946276,24576,912,4971764,4250731.024960862,4946030.634705347
59,bf16,value,zstd,64,48,6291456,4971434,0,912,4972346,4250731.024960862,4946030.634705347
59,fp8_e4m3_sat,key,ans_lane,16,192,3145728,2599540,98304,3648,2701492,2597106.2379770633,2597106.2379770633
59,fp8_e4m3_sat,key,ans_lane,256,16,3145728,2601896,8192,304,2610392,2600215.0461508743,2600215.0461508743
59,fp8_e4m3_sat,key,ans_lane,64,48,3145728,2601296,24576,912,2626784,2599459.1341286027,2599459.1341286027
59,fp8_e4m3_sat,key,ans_lane_shared,16,192,3145728,2603512,0,3648,2607160,2597106.2379770633,2597106.2379770633
59,fp8_e4m3_sat,key,ans_lane_shared,256,16,3145728,2602824,0,304,2603128,2600215.0461508743,2600215.0461508743
59,fp8_e4m3_sat,key,ans_lane_shared,64,48,3145728,2602932,0,912,2603844,2599459.1341286027,2599459.1341286027
59,fp8_e4m3_sat,key,zstd,64,48,3145728,2616227,0,912,2617139,2599459.1341286027,2599459.1341286027
59,fp8_e4m3_sat,value,ans_lane,16,192,3145728,2621680,98304,3648,2723632,2619277.798394337,2619277.798394337
59,fp8_e4m3_sat,value,ans_lane,256,16,3145728,2625024,8192,304,2633520,2623394.862954199,2623394.862954199
59,fp8_e4m3_sat,value,ans_lane,64,48,3145728,2624000,24576,912,2649488,2622221.673204865,2622221.673204865
59,fp8_e4m3_sat,value,ans_lane_shared,16,192,3145728,2629624,0,3648,2633272,2619277.798394337,2619277.798394337
59,fp8_e4m3_sat,value,ans_lane_shared,256,16,3145728,2628932,0,304,2629236,2623394.862954199,2623394.862954199
59,fp8_e4m3_sat,value,ans_lane_shared,64,48,3145728,2629064,0,912,2629976,2622221.673204865,2622221.673204865
59,fp8_e4m3_sat,value,zstd,64,48,3145728,2641600,0,912,2642512,2622221.673204865,2622221.673204865
59,native,convolution,ans_lane,,24,1572864,1066308,24576,648,1091532,1065092.3201979895,1238327.8965227285
59,native,convolution,ans_lane_shared,,24,1572864,1072176,0,648,1072824,1065092.3201979895,1238327.8965227285
59,native,convolution,zstd,,24,1572864,1245119,0,456,1245575,1065092.3201979895,1238327.8965227285
59,native,recurrent,ans_lane,,24,50331648,43018772,49152,1032,43068956,43002414.4817959,47154644.667535834
59,native,recurrent,ans_lane_shared,,24,50331648,43047096,0,1032,43048128,43002414.4817959,47154644.667535834
59,native,recurrent,zstd,,24,50331648,47246723,0,456,47247179,43002414.4817959,47154644.667535834
6,bf16,key,ans_lane,16,800,26214400,17619916,819200,21600,18460716,17596136.8419184,20497504.055505868
6,bf16,key,ans_lane,256,56,26214400,17633548,57344,1512,17692404,17616006.27168626,20515579.70498518
6,bf16,key,ans_lane,64,200,26214400,17630532,204800,5400,17840732,17611701.252699804,20511732.982457995
6,bf16,key,ans_lane_shared,16,800,26214400,17641784,0,21600,17663384,17596136.8419184,20497504.055505868
6,bf16,key,ans_lane_shared,256,56,26214400,17635604,0,1512,17637116,17616006.27168626,20515579.70498518
6,bf16,key,ans_lane_shared,64,200,26214400,17636812,0,5400,17642212,17611701.252699804,20511732.982457995
6,bf16,key,ans_raw,64,200,26214400,20512756,102400,3800,20618956,17611701.252699804,20511732.982457995
6,bf16,key,zstd,64,200,26214400,20600249,0,3800,20604049,17611701.252699804,20511732.982457995
6,bf16,value,ans_lane,16,800,26214400,17683252,819200,21600,18524052,17659339.765726507,20559311.274248313
6,bf16,value,ans_lane,256,56,26214400,17699376,57344,1512,17758232,17681774.541587327,20579917.962050624
6,bf16,value,ans_lane,64,200,26214400,17695564,204800,5400,17905764,17676709.38954974,20575312.08745771
6,bf16,value,ans_lane_shared,16,800,26214400,17707568,0,21600,17729168,17659339.765726507,20559311.274248313
6,bf16,value,ans_lane_shared,256,56,26214400,17701360,0,1512,17702872,17681774.541587327,20579917.962050624
6,bf16,value,ans_lane_shared,64,200,26214400,17702508,0,5400,17707908,17676709.38954974,20575312.08745771
6,bf16,value,ans_raw,64,200,26214400,20576356,102400,3800,20682556,17676709.38954974,20575312.08745771
6,bf16,value,zstd,64,200,26214400,20685226,0,3800,20689026,17676709.38954974,20575312.08745771
6,fp8_e4m3_sat,key,ans_lane,16,800,13107200,10812960,409600,15200,11237760,10802797.636593463,10802797.636593463
6,fp8_e4m3_sat,key,ans_lane,256,56,13107200,10823076,28672,1064,10852812,10816142.840884397,10816142.840884397
6,fp8_e4m3_sat,key,ans_lane,64,200,13107200,10820408,102400,3800,10926608,10812795.810453087,10812795.810453087
6,fp8_e4m3_sat,key,ans_lane_shared,16,800,13107200,10828140,0,15200,10843340,10802797.636593463,10802797.636593463
6,fp8_e4m3_sat,key,ans_lane_shared,256,56,13107200,10825116,0,1064,10826180,10816142.840884397,10816142.840884397
6,fp8_e4m3_sat,key,ans_lane_shared,64,200,13107200,10825696,0,3800,10829496,10812795.810453087,10812795.810453087
6,fp8_e4m3_sat,key,zstd,64,200,13107200,10881505,0,3800,10885305,10812795.810453087,10812795.810453087
6,fp8_e4m3_sat,value,ans_lane,16,800,13107200,10890848,409600,15200,11315648,10880726.420520442,10880726.420520442
6,fp8_e4m3_sat,value,ans_lane,256,56,13107200,10904152,28672,1064,10933888,10897490.601227956,10897490.601227956
6,fp8_e4m3_sat,value,ans_lane,64,200,13107200,10900600,102400,3800,11006800,10893165.942787407,10893165.942787407
6,fp8_e4m3_sat,value,ans_lane_shared,16,800,13107200,10908820,0,15200,10924020,10880726.420520442,10880726.420520442
6,fp8_e4m3_sat,value,ans_lane_shared,256,56,13107200,10905856,0,1064,10906920,10897490.601227956,10897490.601227956
6,fp8_e4m3_sat,value,ans_lane_shared,64,200,13107200,10906436,0,3800,10910236,10893165.942787407,10893165.942787407
6,fp8_e4m3_sat,value,zstd,64,200,13107200,10977737,0,3800,10981537,10893165.942787407,10893165.942787407
6,native,convolution,ans_lane,,24,1572864,1065172,24576,648,1090396,1063931.423490144,1237453.424977833
6,native,convolution,ans_lane_shared,,24,1572864,1067580,0,648,1068228,1063931.423490144,1237453.424977833
6,native,convolution,zstd,,24,1572864,1244684,0,456,1245140,1063931.423490144,1237453.424977833
6,native,recurrent,ans_lane,,24,50331648,43004480,49152,1032,43054664,42988115.474001825,47144640.47002693
6,native,recurrent,ans_lane_shared,,24,50331648,43020536,0,1032,43021568,42988115.474001825,47144640.47002693
6,native,recurrent,zstd,,24,50331648,47252448,0,456,47252904,42988115.474001825,47144640.47002693
60,bf16,key,ans_lane,16,224,7340032,4947324,229376,6048,5182748,4940639.717164798,5751872.82559319
60,bf16,key,ans_lane,256,16,7340032,4951096,16384,432,4967912,4946176.635282848,5756928.237029174
60,bf16,key,ans_lane,64,56,7340032,4950312,57344,1512,5009168,4945032.518910317,5755891.5696182
60,bf16,key,ans_lane_shared,16,224,7340032,4954976,0,6048,4961024,4940639.717164798,5751872.82559319
60,bf16,key,ans_lane_shared,256,16,7340032,4953280,0,432,4953712,4946176.635282848,5756928.237029174
60,bf16,key,ans_lane_shared,64,56,7340032,4953600,0,1512,4955112,4945032.518910317,5755891.5696182
60,bf16,key,ans_raw,64,56,7340032,5756176,28672,1064,5785912,4945032.518910317,5755891.5696182
60,bf16,key,zstd,64,56,7340032,5778980,0,1064,5780044,4945032.518910317,5755891.5696182
60,bf16,value,ans_lane,16,224,7340032,4946640,229376,6048,5182064,4939955.551349675,5752125.283640367
60,bf16,value,ans_lane,256,16,7340032,4951104,16384,432,4967920,4946187.963115028,5757852.606787686
60,bf16,value,ans_lane,64,56,7340032,4950116,57344,1512,5008972,4944826.8955314215,5756617.036546959
60,bf16,value,ans_lane_shared,16,224,7340032,4955996,0,6048,4962044,4939955.551349675,5752125.283640367
60,bf16,value,ans_lane_shared,256,16,7340032,4954256,0,432,4954688,4946187.963115028,5757852.606787686
60,bf16,value,ans_lane_shared,64,56,7340032,4954604,0,1512,4956116,4944826.8955314215,5756617.036546959
60,bf16,value,ans_raw,64,56,7340032,5756912,28672,1064,5786648,4944826.8955314215,5756617.036546959
60,bf16,value,zstd,64,56,7340032,5786932,0,1064,5787996,4944826.8955314215,5756617.036546959
60,fp8_e4m3_sat,key,ans_lane,16,224,3670016,3047532,114688,4256,3166476,3044738.112749185,3044738.112749185
60,fp8_e4m3_sat,key,ans_lane,256,16,3670016,3050292,8192,304,3058788,3048393.16098388,3048393.16098388
60,fp8_e4m3_sat,key,ans_lane,64,56,3670016,3049672,28672,1064,3079408,3047559.31498079,3047559.31498079
60,fp8_e4m3_sat,key,ans_lane_shared,16,224,3670016,3053552,0,4256,3057808,3044738.112749185,3044738.112749185
60,fp8_e4m3_sat,key,ans_lane_shared,256,16,3670016,3052732,0,304,3053036,3048393.16098388,3048393.16098388
60,fp8_e4m3_sat,key,ans_lane_shared,64,56,3670016,3052884,0,1064,3053948,3047559.31498079,3047559.31498079
60,fp8_e4m3_sat,key,zstd,64,56,3670016,3068681,0,1064,3069745,3047559.31498079,3047559.31498079
60,fp8_e4m3_sat,value,ans_lane,16,224,3670016,3047040,114688,4256,3165984,3044236.1265949123,3044236.1265949123
60,fp8_e4m3_sat,value,ans_lane,256,16,3670016,3050752,8192,304,3059248,3048927.1946178046,3048927.1946178046
60,fp8_e4m3_sat,value,ans_lane,64,56,3670016,3049788,28672,1064,3079524,3047733.826181994,3047733.826181994
60,fp8_e4m3_sat,value,ans_lane_shared,16,224,3670016,3055396,0,4256,3059652,3044236.1265949123,3044236.1265949123
60,fp8_e4m3_sat,value,ans_lane_shared,256,16,3670016,3054596,0,304,3054900,3048927.1946178046,3048927.1946178046
60,fp8_e4m3_sat,value,ans_lane_shared,64,56,3670016,3054776,0,1064,3055840,3047733.826181994,3047733.826181994
60,fp8_e4m3_sat,value,zstd,64,56,3670016,3070101,0,1064,3071165,3047733.826181994,3047733.826181994
60,native,convolution,ans_lane,,24,1572864,1064728,24576,648,1089952,1063492.7503629997,1236877.5618839355
60,native,convolution,ans_lane_shared,,24,1572864,1067576,0,648,1068224,1063492.7503629997,1236877.5618839355
60,native,convolution,zstd,,24,1572864,1243834,0,456,1244290,1063492.7503629997,1236877.5618839355
60,native,recurrent,ans_lane,,24,50331648,42945024,49152,1032,42995208,42928650.62459982,47105810.65680505
60,native,recurrent,ans_lane_shared,,24,50331648,42967884,0,1032,42968916,42928650.62459982,47105810.65680505
60,native,recurrent,zstd,,24,50331648,47214368,0,456,47214824,42928650.62459982,47105810.65680505
61,bf16,key,ans_lane,16,3200,104857600,70517420,3276800,86400,73880620,70422021.51630908,82028095.8152241
61,bf16,key,ans_lane,256,200,104857600,70571572,204800,5400,70781772,70501634.53081192,82100625.57034682
61,bf16,key,ans_lane,64,800,104857600,70559268,819200,21600,71400068,70484020.7442322,82084874.10622315
61,bf16,key,ans_lane_shared,16,3200,104857600,70606152,0,86400,70692552,70422021.51630908,82028095.8152241
61,bf16,key,ans_lane_shared,256,200,104857600,70581356,0,5400,70586756,70501634.53081192,82100625.57034682
61,bf16,key,ans_lane_shared,64,800,104857600,70586420,0,21600,70608020,70484020.7442322,82084874.10622315
61,bf16,key,ans_raw,64,800,104857600,82089072,409600,15200,82513872,70484020.7442322,82084874.10622315
61,bf16,key,zstd,64,800,104857600,82442178,0,15200,82457378,70484020.7442322,82084874.10622315
61,bf16,value,ans_lane,16,3200,104857600,70820368,3276800,86400,74183568,70724653.93627238,82312974.21633114
61,bf16,value,ans_lane,256,200,104857600,70886360,204800,5400,71096560,70816274.09624055,82397251.10501267
61,bf16,value,ans_lane,64,800,104857600,70869824,819200,21600,71710624,70794361.388848,82377241.41768827
61,bf16,value,ans_lane_shared,16,3200,104857600,70935612,0,86400,71022012,70724653.93627238,82312974.21633114
61,bf16,value,ans_lane_shared,256,200,104857600,70910924,0,5400,70916324,70816274.09624055,82397251.10501267
61,bf16,value,ans_lane_shared,64,800,104857600,70915788,0,21600,70937388,70794361.388848,82377241.41768827
61,bf16,value,ans_raw,64,800,104857600,82381416,409600,15200,82806216,70794361.388848,82377241.41768827
61,bf16,value,zstd,64,800,104857600,82811754,0,15200,82826954,70794361.388848,82377241.41768827
61,fp8_e4m3_sat,key,ans_lane,16,3200,52428800,43297992,1638400,60800,44997192,43257177.10346827,43257177.10346827
61,fp8_e4m3_sat,key,ans_lane,256,200,52428800,43338204,102400,3800,43444404,43310469.44148697,43310469.44148697
61,fp8_e4m3_sat,key,ans_lane,64,800,52428800,43327688,409600,15200,43752488,43297043.71457705,43297043.71457705
61,fp8_e4m3_sat,key,ans_lane_shared,16,3200,52428800,43363392,0,60800,43424192,43257177.10346827,43257177.10346827
61,fp8_e4m3_sat,key,ans_lane_shared,256,200,52428800,43351432,0,3800,43355232,43310469.44148697,43310469.44148697
61,fp8_e4m3_sat,key,ans_lane_shared,64,800,52428800,43353852,0,15200,43369052,43297043.71457705,43297043.71457705
61,fp8_e4m3_sat,key,zstd,64,800,52428800,43575021,0,15200,43590221,43297043.71457705,43297043.71457705
61,fp8_e4m3_sat,value,ans_lane,16,3200,52428800,43645180,1638400,60800,45344380,43604917.871904254,43604917.871904254
61,fp8_e4m3_sat,value,ans_lane,256,200,52428800,43701240,102400,3800,43807440,43674695.95530366,43674695.95530366
61,fp8_e4m3_sat,value,ans_lane,64,800,52428800,43685264,409600,15200,44110064,43655688.42284425,43655688.42284425
61,fp8_e4m3_sat,value,ans_lane_shared,16,3200,52428800,43750624,0,60800,43811424,43604917.871904254,43604917.871904254
61,fp8_e4m3_sat,value,ans_lane_shared,256,200,52428800,43738564,0,3800,43742364,43674695.95530366,43674695.95530366
61,fp8_e4m3_sat,value,ans_lane_shared,64,800,52428800,43740940,0,15200,43756140,43655688.42284425,43655688.42284425
61,fp8_e4m3_sat,value,zstd,64,800,52428800,43988122,0,15200,44003322,43655688.42284425,43655688.42284425
61,native,convolution,ans_lane,,24,1572864,1065388,24576,648,1090612,1064156.4615662503,1237565.5438870888
61,native,convolution,ans_lane_shared,,24,1572864,1068760,0,648,1069408,1064156.4615662503,1237565.5438870888
61,native,convolution,zstd,,24,1572864,1244672,0,456,1245128,1064156.4615662503,1237565.5438870888
61,native,recurrent,ans_lane,,24,50331648,43026684,49152,1032,43076868,43010330.94591711,47161660.659005105
61,native,recurrent,ans_lane_shared,,24,50331648,43054428,0,1032,43055460,43010330.94591711,47161660.659005105
61,native,recurrent,zstd,,24,50331648,47241611,0,456,47242067,43010330.94591711,47161660.659005105
62,bf16,key,ans_lane,16,3168,103809024,69797428,3244032,85536,73126996,69702968.88136978,81192204.53917378
62,bf16,key,ans_lane,256,200,103809024,69851224,204800,5400,70061424,69781951.55610836,81264216.65534948
62,bf16,key,ans_lane,64,792,103809024,69839028,811008,21384,70671420,69764518.48240134,81248574.66434968
62,bf16,key,ans_lane_shared,16,3168,103809024,69886652,0,85536,69972188,69702968.88136978,81192204.53917378
62,bf16,key,ans_lane_shared,256,200,103809024,69862160,0,5400,69867560,69781951.55610836,81264216.65534948
62,bf16,key,ans_lane_shared,64,792,103809024,69867020,0,21384,69888404,69764518.48240134,81248574.66434968
62,bf16,key,ans_raw,64,792,103809024,81252736,405504,15048,81673288,69764518.48240134,81248574.66434968
62,bf16,key,zstd,64,792,103809024,81603080,0,15048,81618128,69764518.48240134,81248574.66434968
62,bf16,value,ans_lane,16,3168,103809024,70107796,3244032,85536,73437364,70013333.82435831,81487121.09680773
62,bf16,value,ans_lane,256,200,103809024,70172548,204800,5400,70382748,70103143.70945926,81569681.9680641
62,bf16,value,ans_lane,64,792,103809024,70156932,811008,21384,70989324,70082239.8780304,81550607.42669791
62,bf16,value,ans_lane_shared,16,3168,103809024,70218076,0,85536,70303612,70013333.82435831,81487121.09680773
62,bf16,value,ans_lane_shared,256,200,103809024,70193476,0,5400,70198876,70103143.70945926,81569681.9680641
62,bf16,value,ans_lane_shared,64,792,103809024,70198360,0,21384,70219744,70082239.8780304,81550607.42669791
62,bf16,value,ans_raw,64,792,103809024,81554744,405504,15048,81975296,70082239.8780304,81550607.42669791
62,bf16,value,zstd,64,792,103809024,81981514,0,15048,81996562,70082239.8780304,81550607.42669791
62,fp8_e4m3_sat,key,ans_lane,16,3168,51904512,42837808,1622016,60192,44520016,42797444.31203462,42797444.31203462
62,fp8_e4m3_sat,key,ans_lane,256,200,51904512,42877396,102400,3800,42983596,42849881.96858089,42849881.96858089
62,fp8_e4m3_sat,key,ans_lane,64,792,51904512,42867048,405504,15048,43287600,42836689.8722325,42836689.8722325
62,fp8_e4m3_sat,key,ans_lane_shared,16,3168,51904512,42903556,0,60192,42963748,42797444.31203462,42797444.31203462
62,fp8_e4m3_sat,key,ans_lane_shared,256,200,51904512,42891684,0,3800,42895484,42849881.96858089,42849881.96858089
62,fp8_e4m3_sat,key,ans_lane_shared,64,792,51904512,42894088,0,15048,42909136,42836689.8722325,42836689.8722325
62,fp8_e4m3_sat,key,zstd,64,792,51904512,43110838,0,15048,43125886,42836689.8722325,42836689.8722325
62,fp8_e4m3_sat,value,ans_lane,16,3168,51904512,43206684,1622016,60192,44888892,43166902.534840345,43166902.534840345
62,fp8_e4m3_sat,value,ans_lane,256,200,51904512,43261004,102400,3800,43367204,43234753.900949284,43234753.900949284
62,fp8_e4m3_sat,value,ans_lane,64,792,51904512,43246292,405504,15048,43666844,43216990.38747044,43216990.38747044
62,fp8_e4m3_sat,value,ans_lane_shared,16,3168,51904512,43305864,0,60192,43366056,43166902.534840345,43166902.534840345
62,fp8_e4m3_sat,value,ans_lane_shared,256,200,51904512,43294116,0,3800,43297916,43234753.900949284,43234753.900949284
62,fp8_e4m3_sat,value,ans_lane_shared,64,792,51904512,43296488,0,15048,43311536,43216990.38747044,43216990.38747044
62,fp8_e4m3_sat,value,zstd,64,792,51904512,43547103,0,15048,43562151,43216990.38747044,43216990.38747044
62,native,convolution,ans_lane,,24,1572864,1064332,24576,648,1089556,1063110.4734069712,1236507.6092118449
62,native,convolution,ans_lane_shared,,24,1572864,1066688,0,648,1067336,1063110.4734069712,1236507.6092118449
62,native,convolution,zstd,,24,1572864,1243588,0,456,1244044,1063110.4734069712,1236507.6092118449
62,native,recurrent,ans_lane,,24,50331648,42990784,49152,1032,43040968,42974435.256807216,47132921.94581442
62,native,recurrent,ans_lane_shared,,24,50331648,43002184,0,1032,43003216,42974435.256807216,47132921.94581442
62,native,recurrent,zstd,,24,50331648,47242631,0,456,47243087,42974435.256807216,47132921.94581442
63,bf16,key,ans_lane,16,960,31457280,21154624,983040,25920,22163584,21126005.222829226,24607026.393861234
63,bf16,key,ans_lane,256,64,31457280,21170912,65536,1728,21238176,21149898.70581729,24628818.659561973
63,bf16,key,ans_lane,64,240,31457280,21167272,245760,6480,21419512,21144702.17694421,24624150.90046727
63,bf16,key,ans_lane_shared,16,960,31457280,21181912,0,25920,21207832,21126005.222829226,24607026.393861234
63,bf16,key,ans_lane_shared,256,64,31457280,21174524,0,1728,21176252,21149898.70581729,24628818.659561973
63,bf16,key,ans_lane_shared,64,240,31457280,21175996,0,6480,21182476,21144702.17694421,24624150.90046727
63,bf16,key,ans_raw,64,240,31457280,24625376,122880,4560,24752816,21144702.17694421,24624150.90046727
63,bf16,key,zstd,64,240,31457280,24731163,0,4560,24735723,21144702.17694421,24624150.90046727
63,bf16,value,ans_lane,16,960,31457280,21245748,983040,25920,22254708,21216994.134408846,24693507.54634026
63,bf16,value,ans_lane,256,64,31457280,21265192,65536,1728,21332456,21244141.390737858,24718500.69277775
63,bf16,value,ans_lane,64,240,31457280,21260748,245760,6480,21512988,21238109.170907676,24712983.687518552
63,bf16,value,ans_lane_shared,16,960,31457280,21279716,0,25920,21305636,21216994.134408846,24693507.54634026
63,bf16,value,ans_lane_shared,256,64,31457280,21272300,0,1728,21274028,21244141.390737858,24718500.69277775
63,bf16,value,ans_lane_shared,64,240,31457280,21273764,0,6480,21280244,21238109.170907676,24712983.687518552
63,bf16,value,ans_raw,64,240,31457280,24714240,122880,4560,24841680,21238109.170907676,24712983.687518552
63,bf16,value,zstd,64,240,31457280,24843338,0,4560,24847898,21238109.170907676,24712983.687518552
63,fp8_e4m3_sat,key,ans_lane,16,960,15728640,12981716,491520,18240,13491476,12969453.500692105,12969453.500692105
63,fp8_e4m3_sat,key,ans_lane,256,64,15728640,12993768,32768,1216,13027752,12985407.584253239,12985407.584253239
63,fp8_e4m3_sat,key,ans_lane,64,240,15728640,12990660,122880,4560,13118100,12981464.166427754,12981464.166427754
63,fp8_e4m3_sat,key,ans_lane_shared,16,960,15728640,13002024,0,18240,13020264,12969453.500692105,12969453.500692105
63,fp8_e4m3_sat,key,ans_lane_shared,256,64,15728640,12998400,0,1216,12999616,12985407.584253239,12985407.584253239
63,fp8_e4m3_sat,key,ans_lane_shared,64,240,15728640,12999132,0,4560,13003692,12981464.166427754,12981464.166427754
63,fp8_e4m3_sat,key,zstd,64,240,15728640,13064744,0,4560,13069304,12981464.166427754,12981464.166427754
63,fp8_e4m3_sat,value,ans_lane,16,960,15728640,13093624,491520,18240,13603384,13081628.920200648,13081628.920200648
63,fp8_e4m3_sat,value,ans_lane,256,64,15728640,13110080,32768,1216,13144064,13102076.886510717,13102076.886510717
63,fp8_e4m3_sat,value,ans_lane,64,240,15728640,13105868,122880,4560,13233308,13096981.969149867,13096981.969149867
63,fp8_e4m3_sat,value,ans_lane_shared,16,960,15728640,13124444,0,18240,13142684,13081628.920200648,13081628.920200648
63,fp8_e4m3_sat,value,ans_lane_shared,256,64,15728640,13120856,0,1216,13122072,13102076.886510717,13102076.886510717
63,fp8_e4m3_sat,value,ans_lane_shared,64,240,15728640,13121572,0,4560,13126132,13096981.969149867,13096981.969149867
63,fp8_e4m3_sat,value,zstd,64,240,15728640,13196275,0,4560,13200835,13096981.969149867,13096981.969149867
63,native,convolution,ans_lane,,24,1572864,1064456,24576,648,1089680,1063219.0044141824,1236665.6069542111
63,native,convolution,ans_lane_shared,,24,1572864,1066888,0,648,1067536,1063219.0044141824,1236665.6069542111
63,native,convolution,zstd,,24,1572864,1244044,0,456,1244500,1063219.0044141824,1236665.6069542111
63,native,recurrent,ans_lane,,24,50331648,42963844,49152,1032,43014028,42947469.40258621,47113005.6785293
63,native,recurrent,ans_lane_shared,,24,50331648,42979556,0,1032,42980588,42947469.40258621,47113005.6785293
63,native,recurrent,zstd,,24,50331648,47234830,0,456,47235286,42947469.40258621,47113005.6785293
65,bf16,key,ans_lane,16,736,24117248,16221560,753664,19872,16995096,16199617.498638678,18868746.824116215
65,bf16,key,ans_lane,256,48,24117248,16234020,49152,1296,16284468,16217923.72360058,18885432.526392553
65,bf16,key,ans_lane,64,184,24117248,16231236,188416,4968,16424620,16213947.088883018,18881873.112320703
65,bf16,key,ans_lane_shared,16,736,24117248,16242344,0,19872,16262216,16199617.498638678,18868746.824116215
65,bf16,key,ans_lane_shared,256,48,24117248,16236676,0,1296,16237972,16217923.72360058,18885432.526392553
65,bf16,key,ans_lane_shared,64,184,24117248,16237780,0,4968,16242748,16213947.088883018,18881873.112320703
65,bf16,key,ans_raw,64,184,24117248,18882832,94208,3496,18980536,16213947.088883018,18881873.112320703
65,bf16,key,zstd,64,184,24117248,18963540,0,3496,18967036,16213947.088883018,18881873.112320703
65,bf16,value,ans_lane,16,736,24117248,16293876,753664,19872,17067412,16271917.190070406,18936467.21438048
65,bf16,value,ans_lane,256,48,24117248,16308976,49152,1296,16359424,16292851.761359006,18955703.354868
65,bf16,value,ans_lane,64,184,24117248,16305432,188416,4968,16498816,16288089.91599406,18951375.408294935
65,bf16,value,ans_lane_shared,16,736,24117248,16321416,0,19872,16341288,16271917.190070406,18936467.21438048
65,bf16,value,ans_lane_shared,256,48,24117248,16315692,0,1296,16316988,16292851.761359006,18955703.354868
65,bf16,value,ans_lane_shared,64,184,24117248,16316812,0,4968,16321780,16288089.91599406,18951375.408294935
65,bf16,value,ans_raw,64,184,24117248,18952328,94208,3496,19050032,16288089.91599406,18951375.408294935
65,bf16,value,zstd,64,184,24117248,19050890,0,3496,19054386,16288089.91599406,18951375.408294935
65,fp8_e4m3_sat,key,ans_lane,16,736,12058624,9957692,376832,13984,10348508,9948248.559952026,9948248.559952026
65,fp8_e4m3_sat,key,ans_lane,256,48,12058624,9966800,24576,912,9992288,9960397.759225452,9960397.759225452
65,fp8_e4m3_sat,key,ans_lane,64,184,12058624,9964416,94208,3496,10062120,9957362.734893093,9957362.734893093
65,fp8_e4m3_sat,key,ans_lane_shared,16,736,12058624,9972980,0,13984,9986964,9948248.559952026,9948248.559952026
65,fp8_e4m3_sat,key,ans_lane_shared,256,48,12058624,9970248,0,912,9971160,9960397.759225452,9960397.759225452
65,fp8_e4m3_sat,key,ans_lane_shared,64,184,12058624,9970800,0,3496,9974296,9957362.734893093,9957362.734893093
65,fp8_e4m3_sat,key,zstd,64,184,12058624,10021418,0,3496,10024914,9957362.734893093,9957362.734893093
65,fp8_e4m3_sat,value,ans_lane,16,736,12058624,10044348,376832,13984,10435164,10035100.792406294,10035100.792406294
65,fp8_e4m3_sat,value,ans_lane,256,48,12058624,10057156,24576,912,10082644,10051060.789791858,10051060.789791858
65,fp8_e4m3_sat,value,ans_lane,64,184,12058624,10053748,94208,3496,10151452,10046964.440958207,10046964.440958207
65,fp8_e4m3_sat,value,ans_lane_shared,16,736,12058624,10069936,0,13984,10083920,10035100.792406294,10035100.792406294
65,fp8_e4m3_sat,value,ans_lane_shared,256,48,12058624,10067184,0,912,10068096,10051060.789791858,10051060.789791858
65,fp8_e4m3_sat,value,ans_lane_shared,64,184,12058624,10067732,0,3496,10071228,10046964.440958207,10046964.440958207
65,fp8_e4m3_sat,value,zstd,64,184,12058624,10122823,0,3496,10126319,10046964.440958207,10046964.440958207
65,native,convolution,ans_lane,,24,1572864,1067292,24576,648,1092516,1066080.4491332802,1239348.7291163623
65,native,convolution,ans_lane_shared,,24,1572864,1073908,0,648,1074556,1066080.4491332802,1239348.7291163623
65,native,convolution,zstd,,24,1572864,1246493,0,456,1246949,1066080.4491332802,1239348.7291163623
65,native,recurrent,ans_lane,,24,50331648,42995448,49152,1032,43045632,42979085.08711429,47139842.68321034
65,native,recurrent,ans_lane_shared,,24,50331648,43011016,0,1032,43012048,42979085.08711429,47139842.68321034
65,native,recurrent,zstd,,24,50331648,47242497,0,456,47242953,42979085.08711429,47139842.68321034
66,bf16,key,ans_lane,16,640,20971520,14101272,655360,17280,14773912,14082186.29686977,16403751.703388026
66,bf16,key,ans_lane,256,40,20971520,14112064,40960,1080,14154104,14098095.16238507,16418264.544107974
66,bf16,key,ans_lane,64,160,20971520,14109620,163840,4320,14277780,14094574.944374653,16415114.131103357
66,bf16,key,ans_lane_shared,16,640,20971520,14119256,0,17280,14136536,14082186.29686977,16403751.703388026
66,bf16,key,ans_lane_shared,256,40,20971520,14114288,0,1080,14115368,14098095.16238507,16418264.544107974
66,bf16,key,ans_lane_shared,64,160,20971520,14115272,0,4320,14119592,14094574.944374653,16415114.131103357
66,bf16,key,ans_raw,64,160,20971520,16415944,81920,3040,16500904,14094574.944374653,16415114.131103357
66,bf16,key,zstd,64,160,20971520,16487618,0,3040,16490658,14094574.944374653,16415114.131103357
66,bf16,value,ans_lane,16,640,20971520,14165024,655360,17280,14837664,14145956.01860415,16464201.525333975
66,bf16,value,ans_lane,256,40,20971520,14177752,40960,1080,14219792,14163739.575093824,16480600.558274765
66,bf16,value,ans_lane,64,160,20971520,14174712,163840,4320,14342872,14159641.295366423,16476853.266266188
66,bf16,value,ans_lane_shared,16,640,20971520,14187668,0,17280,14204948,14145956.01860415,16464201.525333975
66,bf16,value,ans_lane_shared,256,40,20971520,14182720,0,1080,14183800,14163739.575093824,16480600.558274765
66,bf16,value,ans_lane_shared,64,160,20971520,14183672,0,4320,14187992,14159641.295366423,16476853.266266188
66,bf16,value,ans_raw,64,160,20971520,16477696,81920,3040,16562656,14159641.295366423,16476853.266266188
66,bf16,value,zstd,64,160,20971520,16563639,0,3040,16566679,14159641.295366423,16476853.266266188
66,fp8_e4m3_sat,key,ans_lane,16,640,10485760,8653680,327680,12160,8993520,8645546.8538545,8645546.8538545
66,fp8_e4m3_sat,key,ans_lane,256,40,10485760,8661772,20480,760,8683012,8656204.109147854,8656204.109147854
66,fp8_e4m3_sat,key,ans_lane,64,160,10485760,8659620,81920,3040,8744580,8653501.313054962,8653501.313054962
66,fp8_e4m3_sat,key,ans_lane_shared,16,640,10485760,8667036,0,12160,8679196,8645546.8538545,8645546.8538545
66,fp8_e4m3_sat,key,ans_lane_shared,256,40,10485760,8664656,0,760,8665416,8656204.109147854,8656204.109147854
66,fp8_e4m3_sat,key,ans_lane_shared,64,160,10485760,8665120,0,3040,8668160,8653501.313054962,8653501.313054962
66,fp8_e4m3_sat,key,zstd,64,160,10485760,8708857,0,3040,8711897,8653501.313054962,8653501.313054962
66,fp8_e4m3_sat,value,ans_lane,16,640,10485760,8731136,327680,12160,9070976,8723028.9041813,8723028.9041813
66,fp8_e4m3_sat,value,ans_lane,256,40,10485760,8741472,20480,760,8762712,8736169.21003295,8736169.21003295
66,fp8_e4m3_sat,value,ans_lane,64,160,10485760,8738628,81920,3040,8823588,8732725.912220748,8732725.912220748
66,fp8_e4m3_sat,value,ans_lane_shared,16,640,10485760,8751444,0,12160,8763604,8723028.9041813,8723028.9041813
66,fp8_e4m3_sat,value,ans_lane_shared,256,40,10485760,8749056,0,760,8749816,8736169.21003295,8736169.21003295
66,fp8_e4m3_sat,value,ans_lane_shared,64,160,10485760,8749544,0,3040,8752584,8732725.912220748,8732725.912220748
66,fp8_e4m3_sat,value,zstd,64,160,10485760,8798947,0,3040,8801987,8732725.912220748,8732725.912220748
66,native,convolution,ans_lane,,24,1572864,1066232,24576,648,1091456,1065000.3302926298,1238252.9775374322
66,native,convolution,ans_lane_shared,,24,1572864,1069520,0,648,1070168,1065000.3302926298,1238252.9775374322
66,native,convolution,zstd,,24,1572864,1245364,0,456,1245820,1065000.3302926298,1238252.9775374322
66,native,recurrent,ans_lane,,24,50331648,42984244,49152,1032,43034428,42967890.616596624,47129343.05261635
66,native,recurrent,ans_lane_shared,,24,50331648,42999500,0,1032,43000532,42967890.616596624,47129343.05261635
66,native,recurrent,zstd,,24,50331648,47244662,0,456,47245118,42967890.616596624,47129343.05261635
67,bf16,key,ans_lane,16,960,31457280,21155884,983040,25920,22164844,21127248.723230686,24609155.77385913
67,bf16,key,ans_lane,256,64,31457280,21171912,65536,1728,21239176,21150925.73389937,24630745.58900632
67,bf16,key,ans_lane,64,240,31457280,21168308,245760,6480,21420548,21145785.049645387,24626137.04698185
67,bf16,key,ans_lane_shared,16,960,31457280,21183040,0,25920,21208960,21127248.723230686,24609155.77385913
67,bf16,key,ans_lane_shared,256,64,31457280,21175636,0,1728,21177364,21150925.73389937,24630745.58900632
67,bf16,key,ans_lane_shared,64,240,31457280,21177072,0,6480,21183552,21145785.049645387,24626137.04698185
67,bf16,key,ans_raw,64,240,31457280,24627392,122880,4560,24754832,21145785.049645387,24626137.04698185
67,bf16,key,zstd,64,240,31457280,24732910,0,4560,24737470,21145785.049645387,24626137.04698185
67,bf16,value,ans_lane,16,960,31457280,21249304,983040,25920,22258264,21220650.375697177,24696070.489885755
67,bf16,value,ans_lane,256,64,31457280,21269456,65536,1728,21336720,21248412.101278856,24721612.38505716
67,bf16,value,ans_lane,64,240,31457280,21264216,245760,6480,21516456,21241614.36554482,24715373.204275534
67,bf16,value,ans_lane_shared,16,960,31457280,21284668,0,25920,21310588,21220650.375697177,24696070.489885755
67,bf16,value,ans_lane_shared,256,64,31457280,21277308,0,1728,21279036,21248412.101278856,24721612.38505716
67,bf16,value,ans_lane_shared,64,240,31457280,21278760,0,6480,21285240,21241614.36554482,24715373.204275534
67,bf16,value,ans_raw,64,240,31457280,24716612,122880,4560,24844052,21241614.36554482,24715373.204275534
67,bf16,value,zstd,64,240,31457280,24845043,0,4560,24849603,21241614.36554482,24715373.204275534
67,fp8_e4m3_sat,key,ans_lane,16,960,15728640,12985724,491520,18240,13495484,12973461.968234261,12973461.968234261
67,fp8_e4m3_sat,key,ans_lane,256,64,15728640,12997536,32768,1216,13031520,12989165.668314649,12989165.668314649
67,fp8_e4m3_sat,key,ans_lane,64,240,15728640,12994536,122880,4560,13121976,12985302.31756434,12985302.31756434
67,fp8_e4m3_sat,key,ans_lane_shared,16,960,15728640,13006068,0,18240,13024308,12973461.968234261,12973461.968234261
67,fp8_e4m3_sat,key,ans_lane_shared,256,64,15728640,13002500,0,1216,13003716,12989165.668314649,12989165.668314649
67,fp8_e4m3_sat,key,ans_lane_shared,64,240,15728640,13003220,0,4560,13007780,12985302.31756434,12985302.31756434
67,fp8_e4m3_sat,key,zstd,64,240,15728640,13068492,0,4560,13073052,12985302.31756434,12985302.31756434
67,fp8_e4m3_sat,value,ans_lane,16,960,15728640,13096092,491520,18240,13605852,13084040.729883429,13084040.729883429
67,fp8_e4m3_sat,value,ans_lane,256,64,15728640,13113200,32768,1216,13147184,13105197.308787303,13105197.308787303
67,fp8_e4m3_sat,value,ans_lane,64,240,15728640,13108048,122880,4560,13235488,13099156.635707604,13099156.635707604
67,fp8_e4m3_sat,value,ans_lane_shared,16,960,15728640,13128648,0,18240,13146888,13084040.729883429,13084040.729883429
67,fp8_e4m3_sat,value,ans_lane_shared,256,64,15728640,13124992,0,1216,13126208,13105197.308787303,13105197.308787303
67,fp8_e4m3_sat,value,ans_lane_shared,64,240,15728640,13125696,0,4560,13130256,13099156.635707604,13099156.635707604
67,fp8_e4m3_sat,value,zstd,64,240,15728640,13198705,0,4560,13203265,13099156.635707604,13099156.635707604
67,native,convolution,ans_lane,,24,1572864,1067448,24576,648,1092672,1066240.5675659662,1239307.805762379
67,native,convolution,ans_lane_shared,,24,1572864,1071556,0,648,1072204,1066240.5675659662,1239307.805762379
67,native,convolution,zstd,,24,1572864,1246303,0,456,1246759,1066240.5675659662,1239307.805762379
67,native,recurrent,ans_lane,,24,50331648,43046456,49152,1032,43096640,43030101.706339315,47174425.0169033
67,native,recurrent,ans_lane_shared,,24,50331648,43075300,0,1032,43076332,43030101.706339315,47174425.0169033
67,native,recurrent,zstd,,24,50331648,47251011,0,456,47251467,43030101.706339315,47174425.0169033
7,bf16,key,ans_lane,16,3360,110100480,74023156,3440640,90720,77554516,73922978.7299339,86109950.16144946
7,bf16,key,ans_lane,256,216,110100480,74080272,221184,5832,74307288,74006798.85093525,86186309.8483108
7,bf16,key,ans_lane,64,840,110100480,74067328,860160,22680,74950168,73988365.18493444,86169794.1486471
7,bf16,key,ans_lane_shared,16,3360,110100480,74114456,0,90720,74205176,73922978.7299339,86109950.16144946
7,bf16,key,ans_lane_shared,256,216,110100480,74088556,0,5832,74094388,74006798.85093525,86186309.8483108
7,bf16,key,ans_lane_shared,64,840,110100480,74093704,0,22680,74116384,73988365.18493444,86169794.1486471
7,bf16,key,ans_raw,64,840,110100480,86174164,430080,15960,86620204,73988365.18493444,86169794.1486471
7,bf16,key,zstd,64,840,110100480,86541226,0,15960,86557186,73988365.18493444,86169794.1486471
7,bf16,value,ans_lane,16,3360,110100480,74284260,3440640,90720,77815620,74184027.72804378,86359673.6015138
7,bf16,value,ans_lane,256,216,110100480,74354320,221184,5832,74581336,74280667.21203609,86448408.48454951
7,bf16,value,ans_lane,64,840,110100480,74336240,860160,22680,75219080,74257047.73892282,86426919.96184798
7,bf16,value,ans_lane_shared,16,3360,110100480,74389908,0,90720,74480628,74184027.72804378,86359673.6015138
7,bf16,value,ans_lane_shared,256,216,110100480,74363872,0,5832,74369704,74280667.21203609,86448408.48454951
7,bf16,value,ans_lane_shared,64,840,110100480,74369068,0,22680,74391748,74257047.73892282,86426919.96184798
7,bf16,value,ans_raw,64,840,110100480,86431288,430080,15960,86877328,74257047.73892282,86426919.96184798
7,bf16,value,zstd,64,840,110100480,86887492,0,15960,86903452,74257047.73892282,86426919.96184798
7,fp8_e4m3_sat,key,ans_lane,16,3360,55050240,45425112,1720320,63840,47209272,45382424.71317127,45382424.71317127
7,fp8_e4m3_sat,key,ans_lane,256,216,55050240,45467444,110592,4104,45582140,45438423.40454334,45438423.40454334
7,fp8_e4m3_sat,key,ans_lane,64,840,55050240,45456364,430080,15960,45902404,45424295.44768934,45424295.44768934
7,fp8_e4m3_sat,key,ans_lane_shared,16,3360,55050240,45488356,0,63840,45552196,45382424.71317127,45382424.71317127
7,fp8_e4m3_sat,key,ans_lane_shared,256,216,55050240,45475652,0,4104,45479756,45438423.40454334,45438423.40454334
7,fp8_e4m3_sat,key,ans_lane_shared,64,840,55050240,45478172,0,15960,45494132,45424295.44768934,45424295.44768934
7,fp8_e4m3_sat,key,zstd,64,840,55050240,45714051,0,15960,45730011,45424295.44768934,45424295.44768934
7,fp8_e4m3_sat,value,ans_lane,16,3360,55050240,45752748,1720320,63840,47536908,45710322.859605454,45710322.859605454
7,fp8_e4m3_sat,value,ans_lane,256,216,55050240,45811404,110592,4104,45926100,45783367.827280425,45783367.827280425
7,fp8_e4m3_sat,value,ans_lane,64,840,55050240,45794032,430080,15960,46240072,45762696.1855328,45762696.1855328
7,fp8_e4m3_sat,value,ans_lane_shared,16,3360,55050240,45833200,0,63840,45897040,45710322.859605454,45710322.859605454
7,fp8_e4m3_sat,value,ans_lane_shared,256,216,55050240,45820648,0,4104,45824752,45783367.827280425,45783367.827280425
7,fp8_e4m3_sat,value,ans_lane_shared,64,840,55050240,45823088,0,15960,45839048,45762696.1855328,45762696.1855328
7,fp8_e4m3_sat,value,zstd,64,840,55050240,46117493,0,15960,46133453,45762696.1855328,45762696.1855328
7,native,convolution,ans_lane,,24,1572864,1063288,24576,648,1088512,1062061.7297186705,1235540.2299187917
7,native,convolution,ans_lane_shared,,24,1572864,1065104,0,648,1065752,1062061.7297186705,1235540.2299187917
7,native,convolution,zstd,,24,1572864,1242547,0,456,1243003,1062061.7297186705,1235540.2299187917
7,native,recurrent,ans_lane,,24,50331648,43052588,49152,1032,43102772,43036256.55547474,47179985.00311616
7,native,recurrent,ans_lane_shared,,24,50331648,43078504,0,1032,43079536,43036256.55547474,47179985.00311616
7,native,recurrent,zstd,,24,50331648,47250151,0,456,47250607,43036256.55547474,47179985.00311616
8,bf16,key,ans_lane,16,2528,82837504,55701848,2588672,68256,58358776,55626588.87211718,64793937.22282275
8,bf16,key,ans_lane,256,160,82837504,55744600,163840,4320,55912760,55689342.69575408,64851129.42237967
8,bf16,key,ans_lane,64,632,82837504,55735260,647168,17064,56399492,55675771.51339536,64838958.10365469
8,bf16,key,ans_lane_shared,16,2528,82837504,55770592,0,68256,55838848,55626588.87211718,64793937.22282275
8,bf16,key,ans_lane_shared,256,160,82837504,55751088,0,4320,55755408,55689342.69575408,64851129.42237967
8,bf16,key,ans_lane_shared,64,632,82837504,55754956,0,17064,55772020,55675771.51339536,64838958.10365469
8,bf16,key,ans_raw,64,632,82837504,64842240,323584,12008,65177832,55675771.51339536,64838958.10365469
8,bf16,key,zstd,64,632,82837504,65118733,0,12008,65130741,55675771.51339536,64838958.10365469
8,bf16,value,ans_lane,16,2528,82837504,55890076,2588672,68256,58547004,55814565.31267915,64976903.573503904
8,bf16,value,ans_lane,256,160,82837504,55941020,163840,4320,56109180,55885631.97962162,65042181.891077004
8,bf16,value,ans_lane,64,632,82837504,55928800,647168,17064,56593032,55869175.442861035,65027193.99573331
8,bf16,value,ans_lane_shared,16,2528,82837504,55968492,0,68256,56036748,55814565.31267915,64976903.573503904
8,bf16,value,ans_lane_shared,256,160,82837504,55948916,0,4320,55953236,55885631.97962162,65042181.891077004
8,bf16,value,ans_lane_shared,64,632,82837504,55952816,0,17064,55969880,55869175.442861035,65027193.99573331
8,bf16,value,ans_raw,64,632,82837504,65030448,323584,12008,65366040,55869175.442861035,65027193.99573331
8,bf16,value,zstd,64,632,82837504,65374103,0,12008,65386111,55869175.442861035,65027193.99573331
8,fp8_e4m3_sat,key,ans_lane,16,2528,41418752,34179684,1294336,48032,35522052,34147629.52202086,34147629.52202086
8,fp8_e4m3_sat,key,ans_lane,256,160,41418752,34211124,81920,3040,34296084,34189253.167115845,34189253.167115845
8,fp8_e4m3_sat,key,ans_lane,64,632,41418752,34203184,323584,12008,34538776,34179076.41436156,34179076.41436156
8,fp8_e4m3_sat,key,ans_lane_shared,16,2528,41418752,34227684,0,48032,34275716,34147629.52202086,34147629.52202086
8,fp8_e4m3_sat,key,ans_lane_shared,256,160,41418752,34218120,0,3040,34221160,34189253.167115845,34189253.167115845
8,fp8_e4m3_sat,key,ans_lane_shared,64,632,41418752,34219948,0,12008,34231956,34179076.41436156,34179076.41436156
8,fp8_e4m3_sat,key,zstd,64,632,41418752,34397207,0,12008,34409215,34179076.41436156,34179076.41436156
8,fp8_e4m3_sat,value,ans_lane,16,2528,41418752,34424128,1294336,48032,35766496,34392194.171873905,34392194.171873905
8,fp8_e4m3_sat,value,ans_lane,256,160,41418752,34466032,81920,3040,34550992,34444953.833493605,34444953.833493605
8,fp8_e4m3_sat,value,ans_lane,64,632,41418752,34454712,323584,12008,34790304,34431176.99177754,34431176.99177754
8,fp8_e4m3_sat,value,ans_lane_shared,16,2528,41418752,34483520,0,48032,34531552,34392194.171873905,34392194.171873905
8,fp8_e4m3_sat,value,ans_lane_shared,256,160,41418752,34474096,0,3040,34477136,34444953.833493605,34444953.833493605
8,fp8_e4m3_sat,value,ans_lane_shared,64,632,41418752,34476032,0,12008,34488040,34431176.99177754,34431176.99177754
8,fp8_e4m3_sat,value,zstd,64,632,41418752,34698021,0,12008,34710029,34431176.99177754,34431176.99177754
8,native,convolution,ans_lane,,24,1572864,1062660,24576,648,1087884,1061432.3513823368,1235099.6493904307
8,native,convolution,ans_lane_shared,,24,1572864,1064388,0,648,1065036,1061432.3513823368,1235099.6493904307
8,native,convolution,zstd,,24,1572864,1242339,0,456,1242795,1061432.3513823368,1235099.6493904307
8,native,recurrent,ans_lane,,24,50331648,42980584,49152,1032,43030768,42964218.0359022,47124378.437978245
8,native,recurrent,ans_lane_shared,,24,50331648,42988472,0,1032,42989504,42964218.0359022,47124378.437978245
8,native,recurrent,zstd,,24,50331648,47241314,0,456,47241770,42964218.0359022,47124378.437978245
9,bf16,key,ans_lane,16,480,15728640,10573836,491520,12960,11078316,10559483.322771989,12300262.514065906
9,bf16,key,ans_lane,256,32,15728640,10581948,32768,864,10615580,10571422.473965837,12311153.648812568
9,bf16,key,ans_lane,64,120,15728640,10580156,122880,3240,10706276,10568864.908048073,12308851.181459002
9,bf16,key,ans_lane_shared,16,480,15728640,10586888,0,12960,10599848,10559483.322771989,12300262.514065906
9,bf16,key,ans_lane_shared,256,32,15728640,10583208,0,864,10584072,10571422.473965837,12311153.648812568
9,bf16,key,ans_lane_shared,64,120,15728640,10583952,0,3240,10587192,10568864.908048073,12308851.181459002
9,bf16,key,ans_raw,64,120,15728640,12309468,61440,2280,12373188,10568864.908048073,12308851.181459002
9,bf16,key,zstd,64,120,15728640,12362069,0,2280,12364349,10568864.908048073,12308851.181459002
9,bf16,value,ans_lane,16,480,15728640,10609332,491520,12960,11113812,10594980.38412159,12334671.07033911
9,bf16,value,ans_lane,256,32,15728640,10618476,32768,864,10652108,10607959.186365595,12346586.578651244
9,bf16,value,ans_lane,64,120,15728640,10616568,122880,3240,10742688,10605271.631841024,12344141.437516918
9,bf16,value,ans_lane_shared,16,480,15728640,10623528,0,12960,10636488,10594980.38412159,12334671.07033911
9,bf16,value,ans_lane_shared,256,32,15728640,10619828,0,864,10620692,10607959.186365595,12346586.578651244
9,bf16,value,ans_lane_shared,64,120,15728640,10620560,0,3240,10623800,10605271.631841024,12344141.437516918
9,bf16,value,ans_raw,64,120,15728640,12344756,61440,2280,12408476,10605271.631841024,12344141.437516918
9,bf16,value,zstd,64,120,15728640,12410058,0,2280,12412338,10605271.631841024,12344141.437516918
9,fp8_e4m3_sat,key,ans_lane,16,480,7864320,6487700,245760,9120,6742580,6481569.5294590825,6481569.5294590825
9,fp8_e4m3_sat,key,ans_lane,256,32,7864320,6493648,16384,608,6510640,6489481.497827886,6489481.497827886
9,fp8_e4m3_sat,key,ans_lane,64,120,7864320,6492212,61440,2280,6555932,6487617.346787648,6487617.346787648
9,fp8_e4m3_sat,key,ans_lane_shared,16,480,7864320,6496844,0,9120,6505964,6481569.5294590825,6481569.5294590825
9,fp8_e4m3_sat,key,ans_lane_shared,256,32,7864320,6495064,0,608,6495672,6489481.497827886,6489481.497827886
9,fp8_e4m3_sat,key,ans_lane_shared,64,120,7864320,6495388,0,2280,6497668,6487617.346787648,6487617.346787648
9,fp8_e4m3_sat,key,zstd,64,120,7864320,6529111,0,2280,6531391,6487617.346787648,6487617.346787648
9,fp8_e4m3_sat,value,ans_lane,16,480,7864320,6532780,245760,9120,6787660,6526720.574139177,6526720.574139177
9,fp8_e4m3_sat,value,ans_lane,256,32,7864320,6540132,16384,608,6557124,6536146.772926749,6536146.772926749
9,fp8_e4m3_sat,value,ans_lane,64,120,7864320,6538524,61440,2280,6602244,6534060.700608149,6534060.700608149
9,fp8_e4m3_sat,value,ans_lane_shared,16,480,7864320,6543252,0,9120,6552372,6526720.574139177,6526720.574139177
9,fp8_e4m3_sat,value,ans_lane_shared,256,32,7864320,6541464,0,608,6542072,6536146.772926749,6536146.772926749
9,fp8_e4m3_sat,value,ans_lane_shared,64,120,7864320,6541816,0,2280,6544096,6534060.700608149,6534060.700608149
9,fp8_e4m3_sat,value,zstd,64,120,7864320,6585389,0,2280,6587669,6534060.700608149,6534060.700608149
9,native,convolution,ans_lane,,24,1572864,1066396,24576,648,1091620,1065176.299808439,1238365.846244345
9,native,convolution,ans_lane_shared,,24,1572864,1070592,0,648,1071240,1065176.299808439,1238365.846244345
9,native,convolution,zstd,,24,1572864,1245373,0,456,1245829,1065176.299808439,1238365.846244345
9,native,recurrent,ans_lane,,24,50331648,43023700,49152,1032,43073884,43007356.78390739,47160357.39849081
9,native,recurrent,ans_lane_shared,,24,50331648,43042764,0,1032,43043796,43007356.78390739,47160357.39849081
9,native,recurrent,zstd,,24,50331648,47244993,0,456,47245449,43007356.78390739,47160357.39849081
