turn_idx,format,state_kind,codec,block_tokens,units,raw_bytes,payload_bytes,table_bytes,header_bytes,compressed_total_bytes,entropy_lane_bytes,entropy_raw_bytes
0,bf16,key,ans_lane,16,1120,36700160,24759648,1146880,30240,25936768,24726267.850804638,28781031.065131143
0,bf16,key,ans_lane,256,72,36700160,24778812,73728,1944,24854484,24754322.494949766,28806603.05777147
0,bf16,key,ans_lane,64,280,36700160,24774448,286720,7560,25068728,24748127.50109299,28801049.83400779
0,bf16,key,ans_lane_shared,16,1120,36700160,24799960,0,30240,24830200,24726267.850804638,28781031.065131143
0,bf16,key,ans_lane_shared,256,72,36700160,24791200,0,1944,24793144,24754322.494949766,28806603.05777147
0,bf16,key,ans_lane_shared,64,280,36700160,24792924,0,7560,24800484,24748127.50109299,28801049.83400779
0,bf16,key,ans_raw,64,280,36700160,28802512,143360,5320,28951192,24748127.50109299,28801049.83400779
0,bf16,key,zstd,64,280,36700160,28917693,0,5320,28923013,24748127.50109299,28801049.83400779
0,bf16,value,ans_lane,16,1120,36700160,24683192,1146880,30240,25860312,24649710.838235363,28715292.87058136
0,bf16,value,ans_lane,256,72,36700160,24704956,73728,1944,24780628,24680411.013246,28743474.924640413
0,bf16,value,ans_lane,64,280,36700160,24699488,286720,7560,24993768,24673115.539014798,28736839.097837996
0,bf16,value,ans_lane_shared,16,1120,36700160,24744632,0,30240,24774872,24649710.838235363,28715292.87058136
0,bf16,value,ans_lane_shared,256,72,36700160,24735948,0,1944,24737892,24680411.013246,28743474.924640413
0,bf16,value,ans_lane_shared,64,280,36700160,24737660,0,7560,24745220,24673115.539014798,28736839.097837996
0,bf16,value,ans_raw,64,280,36700160,28738284,143360,5320,28886964,24673115.539014798,28736839.097837996
0,bf16,value,zstd,64,280,36700160,28881928,0,5320,28887248,24673115.539014798,28736839.097837996
0,fp8_e4m3_sat,key,ans_lane,16,1120,18350080,15250788,573440,21280,15845508,15236734.27171517,15236734.27171517
0,fp8_e4m3_sat,key,ans_lane,256,72,18350080,15265024,36864,1368,15303256,15255508.399603458,15255508.399603458
0,fp8_e4m3_sat,key,ans_lane,64,280,18350080,15261248,143360,5320,15409928,15250779.130847955,15250779.130847955
0,fp8_e4m3_sat,key,ans_lane_shared,16,1120,18350080,15282612,0,21280,15303892,15236734.27171517,15236734.27171517
0,fp8_e4m3_sat,key,ans_lane_shared,256,72,18350080,15278384,0,1368,15279752,15255508.399603458,15255508.399603458
0,fp8_e4m3_sat,key,ans_lane_shared,64,280,18350080,15279268,0,5320,15284588,15250779.130847955,15250779.130847955
0,fp8_e4m3_sat,key,zstd,64,280,18350080,15355612,0,5320,15360932,15250779.130847955,15250779.130847955
0,fp8_e4m3_sat,value,ans_lane,16,1120,18350080,15167360,573440,21280,15762080,15153135.792366965,15153135.792366965
0,fp8_e4m3_sat,value,ans_lane,256,72,18350080,15184928,36864,1368,15223160,15175582.23375468,15175582.23375468
0,fp8_e4m3_sat,value,ans_lane,64,280,18350080,15179908,143360,5320,15328588,15169385.985133022,15169385.985133022
0,fp8_e4m3_sat,value,ans_lane_shared,16,1120,18350080,15231160,0,21280,15252440,15153135.792366965,15153135.792366965
0,fp8_e4m3_sat,value,ans_lane_shared,256,72,18350080,15226936,0,1368,15228304,15175582.23375468,15175582.23375468
0,fp8_e4m3_sat,value,ans_lane_shared,64,280,18350080,15227780,0,5320,15233100,15169385.985133022,15169385.985133022
0,fp8_e4m3_sat,value,zstd,64,280,18350080,15280929,0,5320,15286249,15169385.985133022,15169385.985133022
0,native,convolution,ans_lane,,24,1572864,1058668,24576,648,1083892,1057442.050384855,1231408.395181569
0,native,convolution,ans_lane_shared,,24,1572864,1060484,0,648,1061132,1057442.050384855,1231408.395181569
0,native,convolution,zstd,,24,1572864,1237996,0,456,1238452,1057442.050384855,1231408.395181569
0,native,recurrent,ans_lane,,24,50331648,42852776,49152,1032,42902960,42836363.856513634,47028441.3137462
0,native,recurrent,ans_lane_shared,,24,50331648,42902476,0,1032,42903508,42836363.856513634,47028441.3137462
0,native,recurrent,zstd,,24,50331648,47177862,0,456,47178318,42836363.856513634,47028441.3137462
1,bf16,key,ans_lane,16,64,2097152,1413076,65536,1728,1480340,1411150.1607825707,1642834.3648674095
1,bf16,key,ans_lane,256,8,2097152,1414112,8192,216,1422520,1412671.8788127848,1644215.8544213455
1,bf16,key,ans_lane,64,16,2097152,1413968,16384,432,1430784,1412459.446826484,1644023.8317850605
1,bf16,key,ans_lane_shared,16,64,2097152,1415556,0,1728,1417284,1411150.1607825707,1642834.3648674095
1,bf16,key,ans_lane_shared,256,8,2097152,1415104,0,216,1415320,1412671.8788127848,1644215.8544213455
1,bf16,key,ans_lane_shared,64,16,2097152,1415176,0,432,1415608,1412459.446826484,1644023.8317850605
1,bf16,key,ans_raw,64,16,2097152,1644100,8192,304,1652596,1412459.446826484,1644023.8317850605
1,bf16,key,zstd,64,16,2097152,1650526,0,304,1650830,1412459.446826484,1644023.8317850605
1,bf16,value,ans_lane,16,64,2097152,1408536,65536,1728,1475800,1406624.1875265231,1638839.1267409169
1,bf16,value,ans_lane,256,8,2097152,1410148,8192,216,1418556,1408702.515197126,1640749.2271540249
1,bf16,value,ans_lane,64,16,2097152,1409944,16384,432,1426760,1408429.7444293716,1640496.5285774926
1,bf16,value,ans_lane_shared,16,64,2097152,1414356,0,1728,1416084,1406624.1875265231,1638839.1267409169
1,bf16,value,ans_lane_shared,256,8,2097152,1413888,0,216,1414104,1408702.515197126,1640749.2271540249
1,bf16,value,ans_lane_shared,64,16,2097152,1413968,0,432,1414400,1408429.7444293716,1640496.5285774926
1,bf16,value,ans_raw,64,16,2097152,1640580,8192,304,1649076,1408429.7444293716,1640496.5285774926
1,bf16,value,zstd,64,16,2097152,1649232,0,304,1649536,1408429.7444293716,1640496.5285774926
1,fp8_e4m3_sat,key,ans_lane,16,64,1048576,870840,32768,1216,904824,870027.6362319565,870027.6362319565
1,fp8_e4m3_sat,key,ans_lane,256,8,1048576,871628,4096,152,875876,871070.6128507336,871070.6128507336
1,fp8_e4m3_sat,key,ans_lane,64,16,1048576,871520,8192,304,880016,870928.6571235998,870928.6571235998
1,fp8_e4m3_sat,key,ans_lane_shared,16,64,1048576,872988,0,1216,874204,870027.6362319565,870027.6362319565
1,fp8_e4m3_sat,key,ans_lane_shared,256,8,1048576,872740,0,152,872892,871070.6128507336,871070.6128507336
1,fp8_e4m3_sat,key,ans_lane_shared,64,16,1048576,872772,0,304,873076,870928.6571235998,870928.6571235998
1,fp8_e4m3_sat,key,zstd,64,16,1048576,877149,0,304,877453,870928.6571235998,870928.6571235998
1,fp8_e4m3_sat,value,ans_lane,16,64,1048576,867668,32768,1216,901652,866866.8770584073,866866.8770584073
1,fp8_e4m3_sat,value,ans_lane,256,8,1048576,869224,4096,152,873472,868665.4073520852,868665.4073520852
1,fp8_e4m3_sat,value,ans_lane,64,16,1048576,869036,8192,304,877532,868445.5208801497,868445.5208801497
1,fp8_e4m3_sat,value,ans_lane_shared,16,64,1048576,870180,0,1216,871396,866866.8770584073,866866.8770584073
1,fp8_e4m3_sat,value,ans_lane_shared,256,8,1048576,869960,0,152,870112,868665.4073520852,868665.4073520852
1,fp8_e4m3_sat,value,ans_lane_shared,64,16,1048576,869996,0,304,870300,868445.5208801497,868445.5208801497
1,fp8_e4m3_sat,value,zstd,64,16,1048576,874981,0,304,875285,868445.5208801497,868445.5208801497
1,native,convolution,ans_lane,,24,1572864,1061052,24576,648,1086276,1059813.3358373202,1233419.4054555737
1,native,convolution,ans_lane_shared,,24,1572864,1062844,0,648,1063492,1059813.3358373202,1233419.4054555737
1,native,convolution,zstd,,24,1572864,1240177,0,456,1240633,1059813.3358373202,1233419.4054555737
1,native,recurrent,ans_lane,,24,50331648,42933672,49152,1032,42983856,42917308.41602489,47092147.75727557
1,native,recurrent,ans_lane_shared,,24,50331648,42947744,0,1032,42948776,42917308.41602489,47092147.75727557
1,native,recurrent,zstd,,24,50331648,47213398,0,456,47213854,42917308.41602489,47092147.75727557
10,bf16,key,ans_lane,16,32,1048576,705716,32768,864,739348,704766.5074323391,820541.552716786
10,bf16,key,ans_lane,256,8,1048576,706156,8192,216,714564,705399.2332441207,821123.4240604064
10,bf16,key,ans_lane,64,8,1048576,706156,8192,216,714564,705399.2332441207,821123.4240604064
10,bf16,key,ans_lane_shared,16,32,1048576,706880,0,864,707744,704766.5074323391,820541.552716786
10,bf16,key,ans_lane_shared,256,8,1048576,706684,0,216,706900,705399.2332441207,821123.4240604064
10,bf16,key,ans_lane_shared,64,8,1048576,706684,0,216,706900,705399.2332441207,821123.4240604064
10,bf16,key,ans_raw,64,8,1048576,821168,4096,152,825416,705399.2332441207,821123.4240604064
10,bf16,key,zstd,64,8,1048576,824450,0,152,824602,705399.2332441207,821123.4240604064
10,bf16,value,ans_lane,16,32,1048576,706204,32768,864,739836,705261.9084411825,821426.1506692943
10,bf16,value,ans_lane,256,8,1048576,706648,8192,216,715056,705894.0720059555,822011.9542011834
10,bf16,value,ans_lane,64,8,1048576,706648,8192,216,715056,705894.0720059555,822011.9542011834
10,bf16,value,ans_lane_shared,16,32,1048576,708164,0,864,709028,705261.9084411825,821426.1506692943
10,bf16,value,ans_lane_shared,256,8,1048576,707972,0,216,708188,705894.0720059555,822011.9542011834
10,bf16,value,ans_lane_shared,64,8,1048576,707972,0,216,708188,705894.0720059555,822011.9542011834
10,bf16,value,ans_raw,64,8,1048576,822048,4096,152,826296,705894.0720059555,822011.9542011834
10,bf16,value,zstd,64,8,1048576,826311,0,152,826463,705894.0720059555,822011.9542011834
10,fp8_e4m3_sat,key,ans_lane,16,32,524288,434564,16384,608,451556,434174.33349129744,434174.33349129744
10,fp8_e4m3_sat,key,ans_lane,256,8,524288,434896,4096,152,439144,434599.93151546834,434599.93151546834
10,fp8_e4m3_sat,key,ans_lane,64,8,524288,434896,4096,152,439144,434599.93151546834,434599.93151546834
10,fp8_e4m3_sat,key,ans_lane_shared,16,32,524288,435532,0,608,436140,434174.33349129744,434174.33349129744
10,fp8_e4m3_sat,key,ans_lane_shared,256,8,524288,435436,0,152,435588,434599.93151546834,434599.93151546834
10,fp8_e4m3_sat,key,ans_lane_shared,64,8,524288,435436,0,152,435588,434599.93151546834,434599.93151546834
10,fp8_e4m3_sat,key,zstd,64,8,524288,437643,0,152,437795,434599.93151546834,434599.93151546834
10,fp8_e4m3_sat,value,ans_lane,16,32,524288,434848,16384,608,451840,434431.0309925891,434431.0309925891
10,fp8_e4m3_sat,value,ans_lane,256,8,524288,435184,4096,152,439432,434878.43505909515,434878.43505909515
10,fp8_e4m3_sat,value,ans_lane,64,8,524288,435184,4096,152,439432,434878.43505909515,434878.43505909515
10,fp8_e4m3_sat,value,ans_lane_shared,16,32,524288,435980,0,608,436588,434431.0309925891,434431.0309925891
10,fp8_e4m3_sat,value,ans_lane_shared,256,8,524288,435888,0,152,436040,434878.43505909515,434878.43505909515
10,fp8_e4m3_sat,value,ans_lane_shared,64,8,524288,435888,0,152,436040,434878.43505909515,434878.43505909515
10,fp8_e4m3_sat,value,zstd,64,8,524288,438300,0,152,438452,434878.43505909515,434878.43505909515
10,native,convolution,ans_lane,,24,1572864,1062404,24576,648,1087628,1061177.9898460936,1234811.9434665537
10,native,convolution,ans_lane_shared,,24,1572864,1064632,0,648,1065280,1061177.9898460936,1234811.9434665537
10,native,convolution,zstd,,24,1572864,1241761,0,456,1242217,1061177.9898460936,1234811.9434665537
10,native,recurrent,ans_lane,,24,50331648,43007500,49152,1032,43057684,42991148.653590776,47145738.44893057
10,native,recurrent,ans_lane_shared,,24,50331648,43023264,0,1032,43024296,42991148.653590776,47145738.44893057
10,native,recurrent,zstd,,24,50331648,47243947,0,456,47244403,42991148.653590776,47145738.44893057
11,bf16,key,ans_lane,16,640,20971520,14120692,655360,17280,14793332,14101680.022512967,16419695.202831747
11,bf16,key,ans_lane,256,40,20971520,14131248,40960,1080,14173288,14117287.272622533,16433902.922063448
11,bf16,key,ans_lane,64,160,20971520,14128936,163840,4320,14297096,14113931.334540853,16430896.57671765
11,bf16,key,ans_lane_shared,16,640,20971520,14140128,0,17280,14157408,14101680.022512967,16419695.202831747
11,bf16,key,ans_lane_shared,256,40,20971520,14135172,0,1080,14136252,14117287.272622533,16433902.922063448
11,bf16,key,ans_lane_shared,64,160,20971520,14136156,0,4320,14140476,14113931.334540853,16430896.57671765
11,bf16,key,ans_raw,64,160,20971520,16431716,81920,3040,16516676,14113931.334540853,16430896.57671765
11,bf16,key,zstd,64,160,20971520,16498614,0,3040,16501654,14113931.334540853,16430896.57671765
11,bf16,value,ans_lane,16,640,20971520,14127028,655360,17280,14799668,14107951.075873349,16429337.068800349
11,bf16,value,ans_lane,256,40,20971520,14139624,40960,1080,14181664,14125596.301724011,16445559.564586436
11,bf16,value,ans_lane,64,160,20971520,14136524,163840,4320,14304684,14121429.333366523,16441769.427262465
11,bf16,value,ans_lane_shared,16,640,20971520,14151404,0,17280,14168684,14107951.075873349,16429337.068800349
11,bf16,value,ans_lane_shared,256,40,20971520,14146448,0,1080,14147528,14125596.301724011,16445559.564586436
11,bf16,value,ans_lane_shared,64,160,20971520,14147444,0,4320,14151764,14121429.333366523,16441769.427262465
11,bf16,value,ans_raw,64,160,20971520,16442596,81920,3040,16527556,14121429.333366523,16441769.427262465
11,bf16,value,zstd,64,160,20971520,16524764,0,3040,16527804,14121429.333366523,16441769.427262465
11,fp8_e4m3_sat,key,ans_lane,16,640,10485760,8683680,327680,12160,9023520,8675709.274835931,8675709.274835931
11,fp8_e4m3_sat,key,ans_lane,256,40,10485760,8691120,20480,760,8712360,8685755.752116896,8685755.752116896
11,fp8_e4m3_sat,key,ans_lane,64,160,10485760,8689300,81920,3040,8774260,8683393.999169543,8683393.999169543
11,fp8_e4m3_sat,key,ans_lane_shared,16,640,10485760,8697800,0,12160,8709960,8675709.274835931,8675709.274835931
11,fp8_e4m3_sat,key,ans_lane_shared,256,40,10485760,8695432,0,760,8696192,8685755.752116896,8685755.752116896
11,fp8_e4m3_sat,key,ans_lane_shared,64,160,10485760,8695900,0,3040,8698940,8683393.999169543,8683393.999169543
11,fp8_e4m3_sat,key,zstd,64,160,10485760,8742435,0,3040,8745475,8683393.999169543,8683393.999169543
11,fp8_e4m3_sat,value,ans_lane,16,640,10485760,8690636,327680,12160,9030476,8682448.282523744,8682448.282523744
11,fp8_e4m3_sat,value,ans_lane,256,40,10485760,8700652,20480,760,8721892,8695202.957955161,8695202.957955161
11,fp8_e4m3_sat,value,ans_lane,64,160,10485760,8697824,81920,3040,8782784,8691773.918218426,8691773.918218426
11,fp8_e4m3_sat,value,ans_lane_shared,16,640,10485760,8712184,0,12160,8724344,8682448.282523744,8682448.282523744
11,fp8_e4m3_sat,value,ans_lane_shared,256,40,10485760,8709800,0,760,8710560,8695202.957955161,8695202.957955161
11,fp8_e4m3_sat,value,ans_lane_shared,64,160,10485760,8710288,0,3040,8713328,8691773.918218426,8691773.918218426
11,fp8_e4m3_sat,value,zstd,64,160,10485760,8757125,0,3040,8760165,8691773.918218426,8691773.918218426
11,native,convolution,ans_lane,,24,1572864,1063356,24576,648,1088580,1062127.8257172925,1235819.0327360763
11,native,convolution,ans_lane_shared,,24,1572864,1064940,0,648,1065588,1062127.8257172925,1235819.0327360763
11,native,convolution,zstd,,24,1572864,1242698,0,456,1243154,1062127.8257172925,1235819.0327360763
11,native,recurrent,ans_lane,,24,50331648,42948748,49152,1032,42998932,42932365.87738872,47099400.111194886
11,native,recurrent,ans_lane_shared,,24,50331648,42965980,0,1032,42967012,42932365.87738872,47099400.111194886
11,native,recurrent,zstd,,24,50331648,47217643,0,456,47218099,42932365.87738872,47099400.111194886
12,bf16,key,ans_lane,16,96,3145728,2117400,98304,2592,2218296,2114553.0298084277,2461859.4775134944
12,bf16,key,ans_lane,256,8,3145728,2118976,8192,216,2127384,2116851.341877356,2463983.8411010336
12,bf16,key,ans_lane,64,24,3145728,2118656,24576,648,2143880,2116390.9128451287,2463557.9307693397
12,bf16,key,ans_lane_shared,16,96,3145728,2120776,0,2592,2123368,2114553.0298084277,2461859.4775134944
12,bf16,key,ans_lane_shared,256,8,3145728,2120072,0,216,2120288,2116851.341877356,2463983.8411010336
12,bf16,key,ans_lane_shared,64,24,3145728,2120188,0,648,2120836,2116390.9128451287,2463557.9307693397
12,bf16,key,ans_raw,64,24,3145728,2463688,12288,456,2476432,2116390.9128451287,2463557.9307693397
12,bf16,key,zstd,64,24,3145728,2473381,0,456,2473837,2116390.9128451287,2463557.9307693397
12,bf16,value,ans_lane,16,96,3145728,2115576,98304,2592,2216472,2112696.0833116993,2460811.433941991
12,bf16,value,ans_lane,256,8,3145728,2117624,8192,216,2126032,2115487.227935098,2463359.2943182895
12,bf16,value,ans_lane,64,24,3145728,2117140,24576,648,2142364,2114865.801170834,2462802.7020151657
12,bf16,value,ans_lane_shared,16,96,3145728,2124544,0,2592,2127136,2112696.0833116993,2460811.433941991
12,bf16,value,ans_lane_shared,256,8,3145728,2123820,0,216,2124036,2115487.227935098,2463359.2943182895
12,bf16,value,ans_lane_shared,64,24,3145728,2123932,0,648,2124580,2114865.801170834,2462802.7020151657
12,bf16,value,ans_raw,64,24,3145728,2462924,12288,456,2475668,2114865.801170834,2462802.7020151657
12,bf16,value,zstd,64,24,3145728,2475794,0,456,2476250,2114865.801170834,2462802.7020151657
12,fp8_e4m3_sat,key,ans_lane,16,96,1572864,1303772,49152,1824,1354748,1302587.1967851708,1302587.1967851708
12,fp8_e4m3_sat,key,ans_lane,256,8,1572864,1304944,4096,152,1309192,1304147.833739187,1304147.833739187
12,fp8_e4m3_sat,key,ans_lane,64,24,1572864,1304668,12288,456,1317412,1303803.0192519522,1303803.0192519522
12,fp8_e4m3_sat,key,ans_lane_shared,16,96,1572864,1306528,0,1824,1308352,1302587.1967851708,1302587.1967851708
12,fp8_e4m3_sat,key,ans_lane_shared,256,8,1572864,1306160,0,152,1306312,1304147.833739187,1304147.833739187
12,fp8_e4m3_sat,key,ans_lane_shared,64,24,1572864,1306228,0,456,1306684,1303803.0192519522,1303803.0192519522
12,fp8_e4m3_sat,key,zstd,64,24,1572864,1312947,0,456,1313403,1303803.0192519522,1303803.0192519522
12,fp8_e4m3_sat,value,ans_lane,16,96,1572864,1304480,49152,1824,1355456,1303252.3245806429,1303252.3245806429
12,fp8_e4m3_sat,value,ans_lane,256,8,1572864,1306292,4096,152,1310540,1305459.7027078294,1305459.7027078294
12,fp8_e4m3_sat,value,ans_lane,64,24,1572864,1305776,12288,456,1318520,1304854.570029465,1304854.570029465
12,fp8_e4m3_sat,value,ans_lane_shared,16,96,1572864,1308244,0,1824,1310068,1303252.3245806429,1303252.3245806429
12,fp8_e4m3_sat,value,ans_lane_shared,256,8,1572864,1307880,0,152,1308032,1305459.7027078294,1305459.7027078294
12,fp8_e4m3_sat,value,ans_lane_shared,64,24,1572864,1307944,0,456,1308400,1304854.570029465,1304854.570029465
12,fp8_e4m3_sat,value,zstd,64,24,1572864,1314850,0,456,1315306,1304854.570029465,1304854.570029465
12,native,convolution,ans_lane,,24,1572864,1062836,24576,648,1088060,1061613.4917491411,1235259.726911611
12,native,convolution,ans_lane_shared,,24,1572864,1064724,0,648,1065372,1061613.4917491411,1235259.726911611
12,native,convolution,zstd,,24,1572864,1242135,0,456,1242591,1061613.4917491411,1235259.726911611
12,native,recurrent,ans_lane,,24,50331648,43002640,49152,1032,43052824,42986311.42891845,47141627.58006954
12,native,recurrent,ans_lane_shared,,24,50331648,43026536,0,1032,43027568,42986311.42891845,47141627.58006954
12,native,recurrent,zstd,,24,50331648,47235743,0,456,47236199,42986311.42891845,47141627.58006954
13,bf16,key,ans_lane,16,96,3145728,2117004,98304,2592,2217900,2114143.9640768357,2461949.9434590354
13,bf16,key,ans_lane,256,8,3145728,2118708,8192,216,2127116,2116577.069166243,2464176.256659223
13,bf16,key,ans_lane,64,24,3145728,2118308,24576,648,2143532,2116052.438138546,2463708.366136628
13,bf16,key,ans_lane_shared,16,96,3145728,2120072,0,2592,2122664,2114143.9640768357,2461949.9434590354
13,bf16,key,ans_lane_shared,256,8,3145728,2119352,0,216,2119568,2116577.069166243,2464176.256659223
13,bf16,key,ans_lane_shared,64,24,3145728,2119476,0,648,2120124,2116052.438138546,2463708.366136628
13,bf16,key,ans_raw,64,24,3145728,2463844,12288,456,2476588,2116052.438138546,2463708.366136628
13,bf16,key,zstd,64,24,3145728,2473931,0,456,2474387,2116052.438138546,2463708.366136628
13,bf16,value,ans_lane,16,96,3145728,2114840,98304,2592,2215736,2111961.3161946293,2459915.4872062244
13,bf16,value,ans_lane,256,8,3145728,2116968,8192,216,2125376,2114825.811643695,2462553.398552216
13,bf16,value,ans_lane,64,24,3145728,2116288,24576,648,2141512,2114012.3736657877,2461813.482952602
13,bf16,value,ans_lane_shared,16,96,3145728,2123516,0,2592,2126108,2111961.3161946293,2459915.4872062244
13,bf16,value,ans_lane_shared,256,8,3145728,2122800,0,216,2123016,2114825.811643695,2462553.398552216
13,bf16,value,ans_lane_shared,64,24,3145728,2122940,0,648,2123588,2114012.3736657877,2461813.482952602
13,bf16,value,ans_raw,64,24,3145728,2461944,12288,456,2474688,2114012.3736657877,2461813.482952602
13,bf16,value,zstd,64,24,3145728,2474977,0,456,2475433,2114012.3736657877,2461813.482952602
13,fp8_e4m3_sat,key,ans_lane,16,96,1572864,1302412,49152,1824,1353388,1301213.5834967017,1301213.5834967017
13,fp8_e4m3_sat,key,ans_lane,256,8,1572864,1303708,4096,152,1307956,1302894.916724866,1302894.916724866
13,fp8_e4m3_sat,key,ans_lane,64,24,1572864,1303336,12288,456,1316080,1302451.5306782224,1302451.5306782224
13,fp8_e4m3_sat,key,ans_lane_shared,16,96,1572864,1304728,0,1824,1306552,1301213.5834967017,1301213.5834967017
13,fp8_e4m3_sat,key,ans_lane_shared,256,8,1572864,1304360,0,152,1304512,1302894.916724866,1302894.916724866
13,fp8_e4m3_sat,key,ans_lane_shared,64,24,1572864,1304420,0,456,1304876,1302451.5306782224,1302451.5306782224
13,fp8_e4m3_sat,key,zstd,64,24,1572864,1311200,0,456,1311656,1302451.5306782224,1302451.5306782224
13,fp8_e4m3_sat,value,ans_lane,16,96,1572864,1303828,49152,1824,1354804,1302602.4833815366,1302602.4833815366
13,fp8_e4m3_sat,value,ans_lane,256,8,1572864,1305708,4096,152,1309956,1304879.1835389265,1304879.1835389265
13,fp8_e4m3_sat,value,ans_lane,64,24,1572864,1305008,12288,456,1317752,1304093.3152419103,1304093.3152419103
13,fp8_e4m3_sat,value,ans_lane_shared,16,96,1572864,1307416,0,1824,1309240,1302602.4833815366,1302602.4833815366
13,fp8_e4m3_sat,value,ans_lane_shared,256,8,1572864,1307056,0,152,1307208,1304879.1835389265,1304879.1835389265
13,fp8_e4m3_sat,value,ans_lane_shared,64,24,1572864,1307120,0,456,1307576,1304093.3152419103,1304093.3152419103
13,fp8_e4m3_sat,value,zstd,64,24,1572864,1314093,0,456,1314549,1304093.3152419103,1304093.3152419103
13,native,convolution,ans_lane,,24,1572864,1062688,24576,648,1087912,1061456.8931969823,1234915.1417885073
13,native,convolution,ans_lane_shared,,24,1572864,1064300,0,648,1064948,1061456.8931969823,1234915.1417885073
13,native,convolution,zstd,,24,1572864,1241828,0,456,1242284,1061456.8931969823,1234915.1417885073
13,native,recurrent,ans_lane,,24,50331648,42966396,49152,1032,43016580,42950029.97784466,47116642.2617928
13,native,recurrent,ans_lane_shared,,24,50331648,42981980,0,1032,42983012,42950029.97784466,47116642.2617928
13,native,recurrent,zstd,,24,50331648,47221122,0,456,47221578,42950029.97784466,47116642.2617928
14,bf16,key,ans_lane,16,640,20971520,14126076,655360,17280,14798716,14107057.508300548,16425086.103434533
14,bf16,key,ans_lane,256,40,20971520,14136912,40960,1080,14178952,14122939.185399832,16439546.857425103
14,bf16,key,ans_lane,64,160,20971520,14134572,163840,4320,14302732,14119547.996586954,16436511.86154776
14,bf16,key,ans_lane_shared,16,640,20971520,14145308,0,17280,14162588,14107057.508300548,16425086.103434533
14,bf16,key,ans_lane_shared,256,40,20971520,14140348,0,1080,14141428,14122939.185399832,16439546.857425103
14,bf16,key,ans_lane_shared,64,160,20971520,14141332,0,4320,14145652,14119547.996586954,16436511.86154776
14,bf16,key,ans_raw,64,160,20971520,16437316,81920,3040,16522276,14119547.996586954,16436511.86154776
14,bf16,key,zstd,64,160,20971520,16504270,0,3040,16507310,14119547.996586954,16436511.86154776
14,bf16,value,ans_lane,16,640,20971520,14124700,655360,17280,14797340,14105577.599006895,16426786.84772241
14,bf16,value,ans_lane,256,40,20971520,14138144,40960,1080,14180184,14124128.837207546,16443838.781797847
14,bf16,value,ans_lane,64,160,20971520,14134808,163840,4320,14302968,14119711.344308935,16439814.684496881
14,bf16,value,ans_lane_shared,16,640,20971520,14149148,0,17280,14166428,14105577.599006895,16426786.84772241
14,bf16,value,ans_lane_shared,256,40,20971520,14144228,0,1080,14145308,14124128.837207546,16443838.781797847
14,bf16,value,ans_lane_shared,64,160,20971520,14145176,0,4320,14149496,14119711.344308935,16439814.684496881
14,bf16,value,ans_raw,64,160,20971520,16440656,81920,3040,16525616,14119711.344308935,16439814.684496881
14,bf16,value,zstd,64,160,20971520,16523432,0,3040,16526472,14119711.344308935,16439814.684496881
14,fp8_e4m3_sat,key,ans_lane,16,640,10485760,8688208,327680,12160,9028048,8680266.540154502,8680266.540154502
14,fp8_e4m3_sat,key,ans_lane,256,40,10485760,8696040,20480,760,8717280,8690656.861513956,8690656.861513956
14,fp8_e4m3_sat,key,ans_lane,64,160,10485760,8694156,81920,3040,8779116,8688206.226023419,8688206.226023419
14,fp8_e4m3_sat,key,ans_lane_shared,16,640,10485760,8702132,0,12160,8714292,8680266.540154502,8680266.540154502
14,fp8_e4m3_sat,key,ans_lane_shared,256,40,10485760,8699724,0,760,8700484,8690656.861513956,8690656.861513956
14,fp8_e4m3_sat,key,ans_lane_shared,64,160,10485760,8700224,0,3040,8703264,8688206.226023419,8688206.226023419
14,fp8_e4m3_sat,key,zstd,64,160,10485760,8746631,0,3040,8749671,8688206.226023419,8688206.226023419
14,fp8_e4m3_sat,value,ans_lane,16,640,10485760,8688856,327680,12160,9028696,8680652.659043884,8680652.659043884
14,fp8_e4m3_sat,value,ans_lane,256,40,10485760,8699996,20480,760,8721236,8694590.869331595,8694590.869331595
14,fp8_e4m3_sat,value,ans_lane,64,160,10485760,8696888,81920,3040,8781848,8690830.192813253,8690830.192813253
14,fp8_e4m3_sat,value,ans_lane_shared,16,640,10485760,8710500,0,12160,8722660,8680652.659043884,8680652.659043884
14,fp8_e4m3_sat,value,ans_lane_shared,256,40,10485760,8708076,0,760,8708836,8694590.869331595,8694590.869331595
14,fp8_e4m3_sat,value,ans_lane_shared,64,160,10485760,8708552,0,3040,8711592,8690830.192813253,8690830.192813253
14,fp8_e4m3_sat,value,zstd,64,160,10485760,8756230,0,3040,8759270,8690830.192813253,8690830.192813253
14,native,convolution,ans_lane,,24,1572864,1063180,24576,648,1088404,1061952.703814635,1235537.4282620596
14,native,convolution,ans_lane_shared,,24,1572864,1065496,0,648,1066144,1061952.703814635,1235537.4282620596
14,native,convolution,zstd,,24,1572864,1242421,0,456,1242877,1061952.703814635,1235537.4282620596
14,native,recurrent,ans_lane,,24,50331648,43010212,49152,1032,43060396,42993837.07240731,47149658.87875576
14,native,recurrent,ans_lane_shared,,24,50331648,43023868,0,1032,43024900,42993837.07240731,47149658.87875576
14,native,recurrent,zstd,,24,50331648,47233597,0,456,47234053,42993837.07240731,47149658.87875576
15,bf16,key,ans_lane,16,640,20971520,14126100,655360,17280,14798740,14107045.028804703,16424316.933053276
15,bf16,key,ans_lane,256,40,20971520,14136780,40960,1080,14178820,14122807.885955267,16438673.64872909
15,bf16,key,ans_lane,64,160,20971520,14134404,163840,4320,14302564,14119393.501319403,16435615.396374188
15,bf16,key,ans_lane_shared,16,640,20971520,14145208,0,17280,14162488,14107045.028804703,16424316.933053276
15,bf16,key,ans_lane_shared,256,40,20971520,14140256,0,1080,14141336,14122807.885955267,16438673.64872909
15,bf16,key,ans_lane_shared,64,160,20971520,14141232,0,4320,14145552,14119393.501319403,16435615.396374188
15,bf16,key,ans_raw,64,160,20971520,16436460,81920,3040,16521420,14119393.501319403,16435615.396374188
15,bf16,key,zstd,64,160,20971520,16503320,0,3040,16506360,14119393.501319403,16435615.396374188
15,bf16,value,ans_lane,16,640,20971520,14128140,655360,17280,14800780,14108984.948299846,16431241.897108756
15,bf16,value,ans_lane,256,40,20971520,14141300,40960,1080,14183340,14127268.71880941,16448040.766501043
15,bf16,value,ans_lane,64,160,20971520,14138276,163840,4320,14306436,14123141.15372489,16444282.628263062
15,bf16,value,ans_lane_shared,16,640,20971520,14151560,0,17280,14168840,14108984.948299846,16431241.897108756
15,bf16,value,ans_lane_shared,256,40,20971520,14146540,0,1080,14147620,14127268.71880941,16448040.766501043
15,bf16,value,ans_lane_shared,64,160,20971520,14147500,0,4320,14151820,14123141.15372489,16444282.628263062
15,bf16,value,ans_raw,64,160,20971520,16445156,81920,3040,16530116,14123141.15372489,16444282.628263062
15,bf16,value,zstd,64,160,20971520,16528134,0,3040,16531174,14123141.15372489,16444282.628263062
15,fp8_e4m3_sat,key,ans_lane,16,640,10485760,8689312,327680,12160,9029152,8681344.603522759,8681344.603522759
15,fp8_e4m3_sat,key,ans_lane,256,40,10485760,8697136,20480,760,8718376,8691753.90349995,8691753.90349995
15,fp8_e4m3_sat,key,ans_lane,64,160,10485760,8695224,81920,3040,8780184,8689272.178932311,8689272.178932311
15,fp8_e4m3_sat,key,ans_lane_shared,16,640,10485760,8703332,0,12160,8715492,8681344.603522759,8681344.603522759
15,fp8_e4m3_sat,key,ans_lane_shared,256,40,10485760,8700888,0,760,8701648,8691753.90349995,8691753.90349995
15,fp8_e4m3_sat,key,ans_lane_shared,64,160,10485760,8701376,0,3040,8704416,8689272.178932311,8689272.178932311
15,fp8_e4m3_sat,key,zstd,64,160,10485760,8747602,0,3040,8750642,8689272.178932311,8689272.178932311
15,fp8_e4m3_sat,value,ans_lane,16,640,10485760,8691720,327680,12160,9031560,8683586.881478932,8683586.881478932
15,fp8_e4m3_sat,value,ans_lane,256,40,10485760,8702672,20480,760,8723912,8697223.51308375,8697223.51308375
15,fp8_e4m3_sat,value,ans_lane,64,160,10485760,8699908,81920,3040,8784868,8693844.734435773,8693844.734435773
15,fp8_e4m3_sat,value,ans_lane_shared,16,640,10485760,8712004,0,12160,8724164,8683586.881478932,8683586.881478932
15,fp8_e4m3_sat,value,ans_lane_shared,256,40,10485760,8709600,0,760,8710360,8697223.51308375,8697223.51308375
15,fp8_e4m3_sat,value,ans_lane_shared,64,160,10485760,8710064,0,3040,8713104,8693844.734435773,8693844.734435773
15,fp8_e4m3_sat,value,zstd,64,160,10485760,8759810,0,3040,8762850,8693844.734435773,8693844.734435773
15,native,convolution,ans_lane,,24,1572864,1063736,24576,648,1088960,1062518.581155715,1235986.6803457837
15,native,convolution,ans_lane_shared,,24,1572864,1065988,0,648,1066636,1062518.581155715,1235986.6803457837
15,native,convolution,zstd,,24,1572864,1243052,0,456,1243508,1062518.581155715,1235986.6803457837
15,native,recurrent,ans_lane,,24,50331648,42968352,49152,1032,43018536,42951986.91897864,47115542.402257174
15,native,recurrent,ans_lane_shared,,24,50331648,42977576,0,1032,42978608,42951986.91897864,47115542.402257174
15,native,recurrent,zstd,,24,50331648,47222458,0,456,47222914,42951986.91897864,47115542.402257174
16,bf16,key,ans_lane,16,64,2097152,1409868,65536,1728,1477132,1407968.573111458,1639787.162483886
16,bf16,key,ans_lane,256,8,2097152,1410884,8192,216,1419292,1409440.499014582,1641131.0336242043
16,bf16,key,ans_lane,64,16,2097152,1410724,16384,432,1427540,1409209.8605217454,1640925.3738221352
16,bf16,key,ans_lane_shared,16,64,2097152,1411916,0,1728,1413644,1407968.573111458,1639787.162483886
16,bf16,key,ans_lane_shared,256,8,2097152,1411448,0,216,1411664,1409440.499014582,1641131.0336242043
16,bf16,key,ans_lane_shared,64,16,2097152,1411520,0,432,1411952,1409209.8605217454,1640925.3738221352
16,bf16,key,ans_raw,64,16,2097152,1641016,8192,304,1649512,1409209.8605217454,1640925.3738221352
16,bf16,key,zstd,64,16,2097152,1647700,0,304,1648004,1409209.8605217454,1640925.3738221352
16,bf16,value,ans_lane,16,64,2097152,1410564,65536,1728,1477828,1408623.5889466251,1640519.0729069381
16,bf16,value,ans_lane,256,8,2097152,1411944,8192,216,1420352,1410494.2741605246,1642235.2504745275
16,bf16,value,ans_lane,64,16,2097152,1411588,16384,432,1428404,1410066.6967819189,1641850.306390495
16,bf16,value,ans_lane_shared,16,64,2097152,1416412,0,1728,1418140,1408623.5889466251,1640519.0729069381
16,bf16,value,ans_lane_shared,256,8,2097152,1415952,0,216,1416168,1410494.2741605246,1642235.2504745275
16,bf16,value,ans_lane_shared,64,16,2097152,1416008,0,432,1416440,1410066.6967819189,1641850.306390495
16,bf16,value,ans_raw,64,16,2097152,1641940,8192,304,1650436,1410066.6967819189,1641850.306390495
16,bf16,value,zstd,64,16,2097152,1650418,0,304,1650722,1410066.6967819189,1641850.306390495
16,fp8_e4m3_sat,key,ans_lane,16,64,1048576,867132,32768,1216,901116,866323.1612373859,866323.1612373859
16,fp8_e4m3_sat,key,ans_lane,256,8,1048576,867848,4096,152,872096,867295.6756707676,867295.6756707676
16,fp8_e4m3_sat,key,ans_lane,64,16,1048576,867708,8192,304,876204,867121.1894468954,867121.1894468954
16,fp8_e4m3_sat,key,ans_lane_shared,16,64,1048576,868620,0,1216,869836,866323.1612373859,866323.1612373859
16,fp8_e4m3_sat,key,ans_lane_shared,256,8,1048576,868408,0,152,868560,867295.6756707676,867295.6756707676
16,fp8_e4m3_sat,key,ans_lane_shared,64,16,1048576,868436,0,304,868740,867121.1894468954,867121.1894468954
16,fp8_e4m3_sat,key,zstd,64,16,1048576,872979,0,304,873283,867121.1894468954,867121.1894468954
16,fp8_e4m3_sat,value,ans_lane,16,64,1048576,869372,32768,1216,903356,868547.1094456981,868547.1094456981
16,fp8_e4m3_sat,value,ans_lane,256,8,1048576,870608,4096,152,874856,870039.4414758531,870039.4414758531
16,fp8_e4m3_sat,value,ans_lane,64,16,1048576,870204,8192,304,878700,869595.5718821106,869595.5718821106
16,fp8_e4m3_sat,value,ans_lane_shared,16,64,1048576,871804,0,1216,873020,868547.1094456981,868547.1094456981
16,fp8_e4m3_sat,value,ans_lane_shared,256,8,1048576,871580,0,152,871732,870039.4414758531,870039.4414758531
16,fp8_e4m3_sat,value,ans_lane_shared,64,16,1048576,871612,0,304,871916,869595.5718821106,869595.5718821106
16,fp8_e4m3_sat,value,zstd,64,16,1048576,876264,0,304,876568,869595.5718821106,869595.5718821106
16,native,convolution,ans_lane,,24,1572864,1062200,24576,648,1087424,1060980.518896521,1234530.3728502966
16,native,convolution,ans_lane_shared,,24,1572864,1065236,0,648,1065884,1060980.518896521,1234530.3728502966
16,native,convolution,zstd,,24,1572864,1237889,0,456,1238345,1060980.518896521,1234530.3728502966
16,native,recurrent,ans_lane,,24,50331648,42962880,49152,1032,43013064,42946520.49789591,47111745.825303555
16,native,recurrent,ans_lane_shared,,24,50331648,42976636,0,1032,42977668,42946520.49789591,47111745.825303555
16,native,recurrent,zstd,,24,50331648,47231778,0,456,47232234,42946520.49789591,47111745.825303555
17,bf16,key,ans_lane,16,96,3145728,2118196,98304,2592,2219092,2115314.8433573116,2462742.1151719736
17,bf16,key,ans_lane,256,8,3145728,2119792,8192,216,2128200,2117675.2250692956,2464895.5864382954
17,bf16,key,ans_lane,64,24,3145728,2119472,24576,648,2144696,2117203.732876415,2464472.2286037346
17,bf16,key,ans_lane_shared,16,96,3145728,2121080,0,2592,2123672,2115314.8433573116,2462742.1151719736
17,bf16,key,ans_lane_shared,256,8,3145728,2120352,0,216,2120568,2117675.2250692956,2464895.5864382954
17,bf16,key,ans_lane_shared,64,24,3145728,2120480,0,648,2121128,2117203.732876415,2464472.2286037346
17,bf16,key,ans_raw,64,24,3145728,2464600,12288,456,2477344,2117203.732876415,2464472.2286037346
17,bf16,key,zstd,64,24,3145728,2474608,0,456,2475064,2117203.732876415,2464472.2286037346
17,bf16,value,ans_lane,16,96,3145728,2115368,98304,2592,2216264,2112474.929542386,2460556.900721323
17,bf16,value,ans_lane,256,8,3145728,2117180,8192,216,2125588,2115047.1308303126,2462939.7547568646
17,bf16,value,ans_lane,64,24,3145728,2116828,24576,648,2142052,2114549.814161397,2462480.3017642917
17,bf16,value,ans_lane_shared,16,96,3145728,2123672,0,2592,2126264,2112474.929542386,2460556.900721323
17,bf16,value,ans_lane_shared,256,8,3145728,2122944,0,216,2123160,2115047.1308303126,2462939.7547568646
17,bf16,value,ans_lane_shared,64,24,3145728,2123092,0,648,2123740,2114549.814161397,2462480.3017642917
17,bf16,value,ans_raw,64,24,3145728,2462608,12288,456,2475352,2114549.814161397,2462480.3017642917
17,bf16,value,zstd,64,24,3145728,2475432,0,456,2475888,2114549.814161397,2462480.3017642917
17,fp8_e4m3_sat,key,ans_lane,16,96,1572864,1303284,49152,1824,1354260,1302086.9494245055,1302086.9494245055
17,fp8_e4m3_sat,key,ans_lane,256,8,1572864,1304488,4096,152,1308736,1303680.2151533335,1303680.2151533335
17,fp8_e4m3_sat,key,ans_lane,64,24,1572864,1304224,12288,456,1316968,1303334.510061585,1303334.510061585
17,fp8_e4m3_sat,key,ans_lane_shared,16,96,1572864,1305420,0,1824,1307244,1302086.9494245055,1302086.9494245055
17,fp8_e4m3_sat,key,ans_lane_shared,256,8,1572864,1305076,0,152,1305228,1303680.2151533335,1303680.2151533335
17,fp8_e4m3_sat,key,ans_lane_shared,64,24,1572864,1305124,0,456,1305580,1303334.510061585,1303334.510061585
17,fp8_e4m3_sat,key,zstd,64,24,1572864,1312086,0,456,1312542,1303334.510061585,1303334.510061585
17,fp8_e4m3_sat,value,ans_lane,16,96,1572864,1304460,49152,1824,1355436,1303231.094248879,1303231.094248879
17,fp8_e4m3_sat,value,ans_lane,256,8,1572864,1305952,4096,152,1310200,1305123.896865018,1305123.896865018
17,fp8_e4m3_sat,value,ans_lane,64,24,1572864,1305628,12288,456,1318372,1304725.9489803305,1304725.9489803305
17,fp8_e4m3_sat,value,ans_lane_shared,16,96,1572864,1307504,0,1824,1309328,1303231.094248879,1303231.094248879
17,fp8_e4m3_sat,value,ans_lane_shared,256,8,1572864,1307152,0,152,1307304,1305123.896865018,1305123.896865018
17,fp8_e4m3_sat,value,ans_lane_shared,64,24,1572864,1307212,0,456,1307668,1304725.9489803305,1304725.9489803305
17,fp8_e4m3_sat,value,zstd,64,24,1572864,1314664,0,456,1315120,1304725.9489803305,1304725.9489803305
17,native,convolution,ans_lane,,24,1572864,1062260,24576,648,1087484,1061026.8778473965,1234593.7011312498
17,native,convolution,ans_lane_shared,,24,1572864,1065192,0,648,1065840,1061026.8778473965,1234593.7011312498
17,native,convolution,zstd,,24,1572864,1241485,0,456,1241941,1061026.8778473965,1234593.7011312498
17,native,recurrent,ans_lane,,24,50331648,42923452,49152,1032,42973636,42907079.76768064,47087167.57153111
17,native,recurrent,ans_lane_shared,,24,50331648,42934680,0,1032,42935712,42907079.76768064,47087167.57153111
17,native,recurrent,zstd,,24,50331648,47204752,0,456,47205208,42907079.76768064,47087167.57153111
18,bf16,key,ans_lane,16,672,22020096,14839724,688128,18144,15545996,14819720.404228076,17252609.677271206
18,bf16,key,ans_lane,256,48,22020096,14850864,49152,1296,14901312,14836133.943407869,17267582.469008625
18,bf16,key,ans_lane,64,168,22020096,14848568,172032,4536,15025136,14832760.579398839,17264538.951985028
18,bf16,key,ans_lane_shared,16,672,22020096,14860036,0,18144,14878180,14819720.404228076,17252609.677271206
18,bf16,key,ans_lane_shared,256,48,22020096,14854828,0,1296,14856124,14836133.943407869,17267582.469008625
18,bf16,key,ans_lane_shared,64,168,22020096,14855836,0,4536,14860372,14832760.579398839,17264538.951985028
18,bf16,key,ans_raw,64,168,22020096,17265416,86016,3192,17354624,14832760.579398839,17264538.951985028
18,bf16,key,zstd,64,168,22020096,17335918,0,3192,17339110,14832760.579398839,17264538.951985028
18,bf16,value,ans_lane,16,672,22020096,14833036,688128,18144,15539308,14812989.990241375,17250406.69541828
18,bf16,value,ans_lane,256,48,22020096,14847096,49152,1296,14897544,14832314.727132518,17268200.323474612
18,bf16,value,ans_lane,64,168,22020096,14843792,172032,4536,15020360,14827958.433981158,17264236.02350249
18,bf16,value,ans_lane_shared,16,672,22020096,14857436,0,18144,14875580,14812989.990241375,17250406.69541828
18,bf16,value,ans_lane_shared,256,48,22020096,14852240,0,1296,14853536,14832314.727132518,17268200.323474612
18,bf16,value,ans_lane_shared,64,168,22020096,14853188,0,4536,14857724,14827958.433981158,17264236.02350249
18,bf16,value,ans_raw,64,168,22020096,17265072,86016,3192,17354280,14827958.433981158,17264236.02350249
18,bf16,value,zstd,64,168,22020096,17353096,0,3192,17356288,14827958.433981158,17264236.02350249
18,fp8_e4m3_sat,key,ans_lane,16,672,11010048,9131888,344064,12768,9488720,9123510.652268179,9123510.652268179
18,fp8_e4m3_sat,key,ans_lane,256,48,11010048,9139952,24576,912,9165440,9134273.906995386,9134273.906995386
18,fp8_e4m3_sat,key,ans_lane,64,168,11010048,9138092,86016,3192,9227300,9131871.756794594,9131871.756794594
18,fp8_e4m3_sat,key,ans_lane_shared,16,672,11010048,9146680,0,12768,9159448,9123510.652268179,9123510.652268179
18,fp8_e4m3_sat,key,ans_lane_shared,256,48,11010048,9144188,0,912,9145100,9134273.906995386,9134273.906995386
18,fp8_e4m3_sat,key,ans_lane_shared,64,168,11010048,9144696,0,3192,9147888,9131871.756794594,9131871.756794594
18,fp8_e4m3_sat,key,zstd,64,168,11010048,9193863,0,3192,9197055,9131871.756794594,9131871.756794594
18,fp8_e4m3_sat,value,ans_lane,16,672,11010048,9125480,344064,12768,9482312,9116901.194398869,9116901.194398869
18,fp8_e4m3_sat,value,ans_lane,256,48,11010048,9136984,24576,912,9162472,9131266.6617916,9131266.6617916
18,fp8_e4m3_sat,value,ans_lane,64,168,11010048,9133964,86016,3192,9223172,9127643.47757906,9127643.47757906
18,fp8_e4m3_sat,value,ans_lane_shared,16,672,11010048,9146224,0,12768,9158992,9116901.194398869,9116901.194398869
18,fp8_e4m3_sat,value,ans_lane_shared,256,48,11010048,9143732,0,912,9144644,9131266.6617916,9131266.6617916
18,fp8_e4m3_sat,value,ans_lane_shared,64,168,11010048,9144236,0,3192,9147428,9127643.47757906,9127643.47757906
18,fp8_e4m3_sat,value,zstd,64,168,11010048,9197151,0,3192,9200343,9127643.47757906,9127643.47757906
18,native,convolution,ans_lane,,24,1572864,1062320,24576,648,1087544,1061101.4799370645,1234824.281489506
18,native,convolution,ans_lane_shared,,24,1572864,1063896,0,648,1064544,1061101.4799370645,1234824.281489506
18,native,convolution,zstd,,24,1572864,1241698,0,456,1242154,1061101.4799370645,1234824.281489506
18,native,recurrent,ans_lane,,24,50331648,42963540,49152,1032,43013724,42947164.72916026,47113254.2737213
18,native,recurrent,ans_lane_shared,,24,50331648,42975564,0,1032,42976596,42947164.72916026,47113254.2737213
18,native,recurrent,zstd,,24,50331648,47227357,0,456,47227813,42947164.72916026,47113254.2737213
19,bf16,key,ans_lane,16,672,22020096,14825836,688128,18144,15532108,14805915.962306632,17240406.397772506
19,bf16,key,ans_lane,256,48,22020096,14837104,49152,1296,14887552,14822400.425147213,17255452.314573634
19,bf16,key,ans_lane,64,168,22020096,14834832,172032,4536,15011400,14819042.987615874,17252428.366255015
19,bf16,key,ans_lane_shared,16,672,22020096,14845364,0,18144,14863508,14805915.962306632,17240406.397772506
19,bf16,key,ans_lane_shared,256,48,22020096,14840204,0,1296,14841500,14822400.425147213,17255452.314573634
19,bf16,key,ans_lane_shared,64,168,22020096,14841208,0,4536,14845744,14819042.987615874,17252428.366255015
19,bf16,key,ans_raw,64,168,22020096,17253316,86016,3192,17342524,14819042.987615874,17252428.366255015
19,bf16,key,zstd,64,168,22020096,17324873,0,3192,17328065,14819042.987615874,17252428.366255015
19,bf16,value,ans_lane,16,672,22020096,14836772,688128,18144,15543044,14816708.0143962,17254103.033144478
19,bf16,value,ans_lane,256,48,22020096,14849884,49152,1296,14900332,14835091.850956067,17270980.756705903
19,bf16,value,ans_lane,64,168,22020096,14846720,172032,4536,15023288,14830879.21386043,17267147.220647044
19,bf16,value,ans_lane_shared,16,672,22020096,14860368,0,18144,14878512,14816708.0143962,17254103.033144478
19,bf16,value,ans_lane_shared,256,48,22020096,14855236,0,1296,14856532,14835091.850956067,17270980.756705903
19,bf16,value,ans_lane_shared,64,168,22020096,14856224,0,4536,14860760,14830879.21386043,17267147.220647044
19,bf16,value,ans_raw,64,168,22020096,17268052,86016,3192,17357260,14830879.21386043,17267147.220647044
19,bf16,value,zstd,64,168,22020096,17355746,0,3192,17358938,14830879.21386043,17267147.220647044
19,fp8_e4m3_sat,key,ans_lane,16,672,11010048,9114664,344064,12768,9471496,9106291.901820937,9106291.901820937
19,fp8_e4m3_sat,key,ans_lane,256,48,11010048,9122464,24576,912,9147952,9116779.939082716,9116779.939082716
19,fp8_e4m3_sat,key,ans_lane,64,168,11010048,9120760,86016,3192,9209968,9114515.955843009,9114515.955843009
19,fp8_e4m3_sat,key,ans_lane_shared,16,672,11010048,9128424,0,12768,9141192,9106291.901820937,9106291.901820937
19,fp8_e4m3_sat,key,ans_lane_shared,256,48,11010048,9125920,0,912,9126832,9116779.939082716,9116779.939082716
19,fp8_e4m3_sat,key,ans_lane_shared,64,168,11010048,9126392,0,3192,9129584,9114515.955843009,9114515.955843009
19,fp8_e4m3_sat,key,zstd,64,168,11010048,9175636,0,3192,9178828,9114515.955843009,9114515.955843009
19,fp8_e4m3_sat,value,ans_lane,16,672,11010048,9127304,344064,12768,9484136,9118698.561890736,9118698.561890736
19,fp8_e4m3_sat,value,ans_lane,256,48,11010048,9137768,24576,912,9163256,9132023.741572997,9132023.741572997
19,fp8_e4m3_sat,value,ans_lane,64,168,11010048,9134924,86016,3192,9224132,9128529.059653422,9128529.059653422
19,fp8_e4m3_sat,value,ans_lane_shared,16,672,11010048,9147336,0,12768,9160104,9118698.561890736,9118698.561890736
19,fp8_e4m3_sat,value,ans_lane_shared,256,48,11010048,9144844,0,912,9145756,9132023.741572997,9132023.741572997
19,fp8_e4m3_sat,value,ans_lane_shared,64,168,11010048,9145332,0,3192,9148524,9128529.059653422,9128529.059653422
19,fp8_e4m3_sat,value,zstd,64,168,11010048,9197620,0,3192,9200812,9128529.059653422,9128529.059653422
19,native,convolution,ans_lane,,24,1572864,1061336,24576,648,1086560,1060098.832902472,1233735.9169124647
19,native,convolution,ans_lane_shared,,24,1572864,1062864,0,648,1063512,1060098.832902472,1233735.9169124647
19,native,convolution,zstd,,24,1572864,1240607,0,456,1241063,1060098.832902472,1233735.9169124647
19,native,recurrent,ans_lane,,24,50331648,42958416,49152,1032,43008600,42942066.6514042,47109760.7032623
19,native,recurrent,ans_lane_shared,,24,50331648,42968492,0,1032,42969524,42942066.6514042,47109760.7032623
19,native,recurrent,zstd,,24,50331648,47220344,0,456,47220800,42942066.6514042,47109760.7032623
2,bf16,key,ans_lane,16,96,3145728,2120524,98304,2592,2221420,2117669.542638188,2464999.0936992792
2,bf16,key,ans_lane,256,8,3145728,2122116,8192,216,2130524,2119996.3466275753,2467136.1350539415
2,bf16,key,ans_lane,64,24,3145728,2121824,24576,648,2147048,2119559.5417593196,2466733.1653038473
2,bf16,key,ans_lane_shared,16,96,3145728,2123852,0,2592,2126444,2117669.542638188,2464999.0936992792
2,bf16,key,ans_lane_shared,256,8,3145728,2123112,0,216,2123328,2119996.3466275753,2467136.1350539415
2,bf16,key,ans_lane_shared,64,24,3145728,2123248,0,648,2123896,2119559.5417593196,2466733.1653038473
2,bf16,key,ans_raw,64,24,3145728,2466868,12288,456,2479612,2119559.5417593196,2466733.1653038473
2,bf16,key,zstd,64,24,3145728,2476615,0,456,2477071,2119559.5417593196,2466733.1653038473
2,bf16,value,ans_lane,16,96,3145728,2114144,98304,2592,2215040,2111274.849145326,2459443.9563266523
2,bf16,value,ans_lane,256,8,3145728,2116056,8192,216,2124464,2113924.051986728,2461887.81444083
2,bf16,value,ans_lane,64,24,3145728,2115712,24576,648,2140936,2113443.980788456,2461446.8892704393
2,bf16,value,ans_lane_shared,16,96,3145728,2122272,0,2592,2124864,2111274.849145326,2459443.9563266523
2,bf16,value,ans_lane_shared,256,8,3145728,2121580,0,216,2121796,2113924.051986728,2461887.81444083
2,bf16,value,ans_lane_shared,64,24,3145728,2121696,0,648,2122344,2113443.980788456,2461446.8892704393
2,bf16,value,ans_raw,64,24,3145728,2461564,12288,456,2474308,2113443.980788456,2461446.8892704393
2,bf16,value,zstd,64,24,3145728,2474268,0,456,2474724,2113443.980788456,2461446.8892704393
2,fp8_e4m3_sat,key,ans_lane,16,96,1572864,1306236,49152,1824,1357212,1305032.1599556396,1305032.1599556396
2,fp8_e4m3_sat,key,ans_lane,256,8,1572864,1307444,4096,152,1311692,1306631.1752295052,1306631.1752295052
2,fp8_e4m3_sat,key,ans_lane,64,24,1572864,1307196,12288,456,1319940,1306314.6113568072,1306314.6113568072
2,fp8_e4m3_sat,key,ans_lane_shared,16,96,1572864,1308864,0,1824,1310688,1305032.1599556396,1305032.1599556396
2,fp8_e4m3_sat,key,ans_lane_shared,256,8,1572864,1308520,0,152,1308672,1306631.1752295052,1306631.1752295052
2,fp8_e4m3_sat,key,ans_lane_shared,64,24,1572864,1308564,0,456,1309020,1306314.6113568072,1306314.6113568072
2,fp8_e4m3_sat,key,zstd,64,24,1572864,1315481,0,456,1315937,1306314.6113568072,1306314.6113568072
2,fp8_e4m3_sat,value,ans_lane,16,96,1572864,1303044,49152,1824,1354020,1301815.8570376453,1301815.8570376453
2,fp8_e4m3_sat,value,ans_lane,256,8,1572864,1304536,4096,152,1308784,1303723.0908317838,1303723.0908317838
2,fp8_e4m3_sat,value,ans_lane,64,24,1572864,1304264,12288,456,1317008,1303366.1502283458,1303366.1502283458
2,fp8_e4m3_sat,value,ans_lane_shared,16,96,1572864,1306060,0,1824,1307884,1301815.8570376453,1301815.8570376453
2,fp8_e4m3_sat,value,ans_lane_shared,256,8,1572864,1305700,0,152,1305852,1303723.0908317838,1303723.0908317838
2,fp8_e4m3_sat,value,ans_lane_shared,64,24,1572864,1305772,0,456,1306228,1303366.1502283458,1303366.1502283458
2,fp8_e4m3_sat,value,zstd,64,24,1572864,1313509,0,456,1313965,1303366.1502283458,1303366.1502283458
2,native,convolution,ans_lane,,24,1572864,1062676,24576,648,1087900,1061455.48619849,1235287.8495524563
2,native,convolution,ans_lane_shared,,24,1572864,1065060,0,648,1065708,1061455.48619849,1235287.8495524563
2,native,convolution,zstd,,24,1572864,1242054,0,456,1242510,1061455.48619849,1235287.8495524563
2,native,recurrent,ans_lane,,24,50331648,42949444,49152,1032,42999628,42933058.431104295,47107025.59837334
2,native,recurrent,ans_lane_shared,,24,50331648,42964312,0,1032,42965344,42933058.431104295,47107025.59837334
2,native,recurrent,zstd,,24,50331648,47199407,0,456,47199863,42933058.431104295,47107025.59837334
20,bf16,key,ans_lane,16,672,22020096,14832796,688128,18144,15539068,14812792.977835463,17245075.136821844
20,bf16,key,ans_lane,256,48,22020096,14843668,49152,1296,14894116,14828930.317514706,17259837.361586608
20,bf16,key,ans_lane,64,168,22020096,14841508,172032,4536,15018076,14825705.800487198,17256913.635963183
20,bf16,key,ans_lane_shared,16,672,22020096,14853024,0,18144,14871168,14812792.977835463,17245075.136821844
20,bf16,key,ans_lane_shared,256,48,22020096,14847844,0,1296,14849140,14828930.317514706,17259837.361586608
20,bf16,key,ans_lane_shared,64,168,22020096,14848828,0,4536,14853364,14825705.800487198,17256913.635963183
20,bf16,key,ans_raw,64,168,22020096,17257776,86016,3192,17346984,14825705.800487198,17256913.635963183
20,bf16,key,zstd,64,168,22020096,17327325,0,3192,17330517,14825705.800487198,17256913.635963183
20,bf16,value,ans_lane,16,672,22020096,14843936,688128,18144,15550208,14823883.523847235,17260763.86609832
20,bf16,value,ans_lane,256,48,22020096,14856820,49152,1296,14907268,14842045.29298318,17277478.472192235
20,bf16,value,ans_lane,64,168,22020096,14854100,172032,4536,15030668,14838249.745881528,17274005.883678768
20,bf16,value,ans_lane_shared,16,672,22020096,14868404,0,18144,14886548,14823883.523847235,17260763.86609832
20,bf16,value,ans_lane_shared,256,48,22020096,14863196,0,1296,14864492,14842045.29298318,17277478.472192235
20,bf16,value,ans_lane_shared,64,168,22020096,14864204,0,4536,14868740,14838249.745881528,17274005.883678768
20,bf16,value,ans_raw,64,168,22020096,17274880,86016,3192,17364088,14838249.745881528,17274005.883678768
20,bf16,value,zstd,64,168,22020096,17361623,0,3192,17364815,14838249.745881528,17274005.883678768
20,fp8_e4m3_sat,key,ans_lane,16,672,11010048,9128620,344064,12768,9485452,9120316.466744754,9120316.466744754
20,fp8_e4m3_sat,key,ans_lane,256,48,11010048,9136340,24576,912,9161828,9130720.036312891,9130720.036312891
20,fp8_e4m3_sat,key,ans_lane,64,168,11010048,9134728,86016,3192,9223936,9128558.280108038,9128558.280108038
20,fp8_e4m3_sat,key,ans_lane_shared,16,672,11010048,9143600,0,12768,9156368,9120316.466744754,9120316.466744754
20,fp8_e4m3_sat,key,ans_lane_shared,256,48,11010048,9141120,0,912,9142032,9130720.036312891,9130720.036312891
20,fp8_e4m3_sat,key,ans_lane_shared,64,168,11010048,9141600,0,3192,9144792,9128558.280108038,9128558.280108038
20,fp8_e4m3_sat,key,zstd,64,168,11010048,9191071,0,3192,9194263,9128558.280108038,9128558.280108038
20,fp8_e4m3_sat,value,ans_lane,16,672,11010048,9134476,344064,12768,9491308,9125856.119112452,9125856.119112452
20,fp8_e4m3_sat,value,ans_lane,256,48,11010048,9144488,24576,912,9169976,9138704.066553937,9138704.066553937
20,fp8_e4m3_sat,value,ans_lane,64,168,11010048,9142084,86016,3192,9231292,9135712.91413252,9135712.91413252
20,fp8_e4m3_sat,value,ans_lane_shared,16,672,11010048,9155000,0,12768,9167768,9125856.119112452,9125856.119112452
20,fp8_e4m3_sat,value,ans_lane_shared,256,48,11010048,9152512,0,912,9153424,9138704.066553937,9138704.066553937
20,fp8_e4m3_sat,value,ans_lane_shared,64,168,11010048,9152984,0,3192,9156176,9135712.91413252,9135712.91413252
20,fp8_e4m3_sat,value,zstd,64,168,11010048,9206447,0,3192,9209639,9135712.91413252,9135712.91413252
20,native,convolution,ans_lane,,24,1572864,1060376,24576,648,1085600,1059146.726806344,1232906.7622646736
20,native,convolution,ans_lane_shared,,24,1572864,1061948,0,648,1062596,1059146.726806344,1232906.7622646736
20,native,convolution,zstd,,24,1572864,1239564,0,456,1240020,1059146.726806344,1232906.7622646736
20,native,recurrent,ans_lane,,24,50331648,42952264,49152,1032,43002448,42935905.422279805,47103955.6845364
20,native,recurrent,ans_lane_shared,,24,50331648,42966200,0,1032,42967232,42935905.422279805,47103955.6845364
20,native,recurrent,zstd,,24,50331648,47229529,0,456,47229985,42935905.422279805,47103955.6845364
21,bf16,key,ans_lane,16,704,23068672,15534824,720896,19008,16274728,15513812.929463128,18062884.276970282
21,bf16,key,ans_lane,256,48,23068672,15546232,49152,1296,15596680,15530847.88767632,18078483.82140717
21,bf16,key,ans_lane,64,176,23068672,15543896,180224,4752,15728872,15527375.09512097,18075340.708636023
21,bf16,key,ans_lane_shared,16,704,23068672,15554976,0,19008,15573984,15513812.929463128,18062884.276970282
21,bf16,key,ans_lane_shared,256,48,23068672,15549544,0,1296,15550840,15530847.88767632,18078483.82140717
21,bf16,key,ans_lane_shared,64,176,23068672,15550548,0,4752,15555300,15527375.09512097,18075340.708636023
21,bf16,key,ans_raw,64,176,23068672,18076220,90112,3344,18169676,15527375.09512097,18075340.708636023
21,bf16,key,zstd,64,176,23068672,18150580,0,3344,18153924,15527375.09512097,18075340.708636023
21,bf16,value,ans_lane,16,704,23068672,15546936,720896,19008,16286840,15525872.16290737,18078840.395522054
21,bf16,value,ans_lane,256,48,23068672,15560328,49152,1296,15610776,15544870.68343028,18096285.057875976
21,bf16,value,ans_lane,64,176,23068672,15557392,180224,4752,15742368,15540815.678211616,18092583.147019252
21,bf16,value,ans_lane_shared,16,704,23068672,15572252,0,19008,15591260,15525872.16290737,18078840.395522054
21,bf16,value,ans_lane_shared,256,48,23068672,15566828,0,1296,15568124,15544870.68343028,18096285.057875976
21,bf16,value,ans_lane_shared,64,176,23068672,15567872,0,4752,15572624,15540815.678211616,18092583.147019252
21,bf16,value,ans_raw,64,176,23068672,18093492,90112,3344,18186948,15540815.678211616,18092583.147019252
21,bf16,value,zstd,64,176,23068672,18183926,0,3344,18187270,15540815.678211616,18092583.147019252
21,fp8_e4m3_sat,key,ans_lane,16,704,11534336,9553356,360448,13376,9927180,9544628.711353164,9544628.711353164
21,fp8_e4m3_sat,key,ans_lane,256,48,11534336,9561536,24576,912,9587024,9555603.697130509,9555603.697130509
21,fp8_e4m3_sat,key,ans_lane,64,176,11534336,9559772,90112,3344,9653228,9553222.238307036,9553222.238307036
21,fp8_e4m3_sat,key,ans_lane_shared,16,704,11534336,9567760,0,13376,9581136,9544628.711353164,9544628.711353164
21,fp8_e4m3_sat,key,ans_lane_shared,256,48,11534336,9565176,0,912,9566088,9555603.697130509,9555603.697130509
21,fp8_e4m3_sat,key,ans_lane_shared,64,176,11534336,9565684,0,3344,9569028,9553222.238307036,9553222.238307036
21,fp8_e4m3_sat,key,zstd,64,176,11534336,9617660,0,3344,9621004,9553222.238307036,9553222.238307036
21,fp8_e4m3_sat,value,ans_lane,16,704,11534336,9565292,360448,13376,9939116,9556292.594352981,9556292.594352981
21,fp8_e4m3_sat,value,ans_lane,256,48,11534336,9575872,24576,912,9601360,9569850.00529195,9569850.00529195
21,fp8_e4m3_sat,value,ans_lane,64,176,11534336,9573432,90112,3344,9666888,9566782.2687702,9566782.2687702
21,fp8_e4m3_sat,value,ans_lane_shared,16,704,11534336,9586896,0,13376,9600272,9556292.594352981,9556292.594352981
21,fp8_e4m3_sat,value,ans_lane_shared,256,48,11534336,9584308,0,912,9585220,9569850.00529195,9569850.00529195
21,fp8_e4m3_sat,value,ans_lane_shared,64,176,11534336,9584820,0,3344,9588164,9566782.2687702,9566782.2687702
21,fp8_e4m3_sat,value,zstd,64,176,11534336,9640553,0,3344,9643897,9566782.2687702,9566782.2687702
21,native,convolution,ans_lane,,24,1572864,1063656,24576,648,1088880,1062437.3273317353,1235879.209410568
21,native,convolution,ans_lane_shared,,24,1572864,1065636,0,648,1066284,1062437.3273317353,1235879.209410568
21,native,convolution,zstd,,24,1572864,1242713,0,456,1243169,1062437.3273317353,1235879.209410568
21,native,recurrent,ans_lane,,24,50331648,43051272,49152,1032,43101456,43034935.91933828,47177528.0081378
21,native,recurrent,ans_lane_shared,,24,50331648,43079476,0,1032,43080508,43034935.91933828,47177528.0081378
21,native,recurrent,zstd,,24,50331648,47240055,0,456,47240511,43034935.91933828,47177528.0081378
22,bf16,key,ans_lane,16,192,6291456,4234488,196608,5184,4436280,4228755.17529637,4924174.983942997
22,bf16,key,ans_lane,256,16,6291456,4237708,16384,432,4254524,4233481.0646980535,4928448.966147447
22,bf16,key,ans_lane,64,48,6291456,4237060,49152,1296,4287508,4232533.466131797,4927611.957667692
22,bf16,key,ans_lane_shared,16,192,6291456,4240228,0,5184,4245412,4228755.17529637,4924174.983942997
22,bf16,key,ans_lane_shared,256,16,6291456,4238784,0,432,4239216,4233481.0646980535,4928448.966147447
22,bf16,key,ans_lane_shared,64,48,6291456,4239036,0,1296,4240332,4232533.466131797,4927611.957667692
22,bf16,key,ans_raw,64,48,6291456,4927868,24576,912,4953356,4232533.466131797,4927611.957667692
22,bf16,key,zstd,64,48,6291456,4948228,0,912,4949140,4232533.466131797,4927611.957667692
22,bf16,value,ans_lane,16,192,6291456,4243492,196608,5184,4445284,4237721.287187267,4933546.088425882
22,bf16,value,ans_lane,256,16,6291456,4247300,16384,432,4264116,4243052.325500686,4938446.613089239
22,bf16,value,ans_lane,64,48,6291456,4246300,49152,1296,4296748,4241769.570523498,4937278.453453212
22,bf16,value,ans_lane_shared,16,192,6291456,4250892,0,5184,4256076,4237721.287187267,4933546.088425882
22,bf16,value,ans_lane_shared,256,16,6291456,4249416,0,432,4249848,4243052.325500686,4938446.613089239
22,bf16,value,ans_lane_shared,64,48,6291456,4249668,0,1296,4250964,4241769.570523498,4937278.453453212
22,bf16,value,ans_raw,64,48,6291456,4937532,24576,912,4963020,4241769.570523498,4937278.453453212
22,bf16,value,zstd,64,48,6291456,4962559,0,912,4963471,4241769.570523498,4937278.453453212
22,fp8_e4m3_sat,key,ans_lane,16,192,3145728,2605028,98304,3648,2706980,2602610.3376062373,2602610.3376062373
22,fp8_e4m3_sat,key,ans_lane,256,16,3145728,2607356,8192,304,2615852,2605725.2396080624,2605725.2396080624
22,fp8_e4m3_sat,key,ans_lane,64,48,3145728,2606804,24576,912,2632292,2605024.003773406,2605024.003773406
22,fp8_e4m3_sat,key,ans_lane_shared,16,192,3145728,2609252,0,3648,2612900,2602610.3376062373,2602610.3376062373
22,fp8_e4m3_sat,key,ans_lane_shared,256,16,3145728,2608552,0,304,2608856,2605725.2396080624,2605725.2396080624
22,fp8_e4m3_sat,key,ans_lane_shared,64,48,3145728,2608664,0,912,2609576,2605024.003773406,2605024.003773406
22,fp8_e4m3_sat,key,zstd,64,48,3145728,2622258,0,912,2623170,2605024.003773406,2605024.003773406
22,fp8_e4m3_sat,value,ans_lane,16,192,3145728,2611484,98304,3648,2713436,2609029.4313791473,2609029.4313791473
22,fp8_e4m3_sat,value,ans_lane,256,16,3145728,2614680,8192,304,2623176,2613020.224820953,2613020.224820953
22,fp8_e4m3_sat,value,ans_lane,64,48,3145728,2613668,24576,912,2639156,2611849.600426806,2611849.600426806
22,fp8_e4m3_sat,value,ans_lane_shared,16,192,3145728,2618024,0,3648,2621672,2609029.4313791473,2609029.4313791473
22,fp8_e4m3_sat,value,ans_lane_shared,256,16,3145728,2617316,0,304,2617620,2613020.224820953,2613020.224820953
22,fp8_e4m3_sat,value,ans_lane_shared,64,48,3145728,2617432,0,912,2618344,2611849.600426806,2611849.600426806
22,fp8_e4m3_sat,value,zstd,64,48,3145728,2631760,0,912,2632672,2611849.600426806,2611849.600426806
22,native,convolution,ans_lane,,24,1572864,1063068,24576,648,1088292,1061834.6154890615,1235443.5129685742
22,native,convolution,ans_lane_shared,,24,1572864,1065492,0,648,1066140,1061834.6154890615,1235443.5129685742
22,native,convolution,zstd,,24,1572864,1242409,0,456,1242865,1061834.6154890615,1235443.5129685742
22,native,recurrent,ans_lane,,24,50331648,42947988,49152,1032,42998172,42931641.84663253,47102027.42251768
22,native,recurrent,ans_lane_shared,,24,50331648,42961200,0,1032,42962232,42931641.84663253,47102027.42251768
22,native,recurrent,zstd,,24,50331648,47222228,0,456,47222684,42931641.84663253,47102027.42251768
23,bf16,key,ans_lane,16,768,25165824,16952244,786432,20736,17759412,16929345.69198743,19710984.68915434
23,bf16,key,ans_lane,256,48,25165824,16964900,49152,1296,17015348,16948125.43350278,19728157.468810152
23,bf16,key,ans_lane,64,192,25165824,16962128,196608,5184,17163920,16944106.906377524,19724522.785563793
23,bf16,key,ans_lane_shared,16,768,25165824,16974236,0,20736,16994972,16929345.69198743,19710984.68915434
23,bf16,key,ans_lane_shared,256,48,25165824,16968348,0,1296,16969644,16948125.43350278,19728157.468810152
23,bf16,key,ans_lane_shared,64,192,25165824,16969548,0,5184,16974732,16944106.906377524,19724522.785563793
23,bf16,key,ans_raw,64,192,25165824,19725512,98304,3648,19827464,16944106.906377524,19724522.785563793
23,bf16,key,zstd,64,192,25165824,19807026,0,3648,19810674,16944106.906377524,19724522.785563793
23,bf16,value,ans_lane,16,768,25165824,16956800,786432,20736,17763968,16933858.065905776,19719726.862621624
23,bf16,value,ans_lane,256,48,25165824,16972248,49152,1296,17022696,16955421.84123778,19739528.13370636
23,bf16,value,ans_lane,64,192,25165824,16968548,196608,5184,17170340,16950455.18584456,19734996.774905197
23,bf16,value,ans_lane_shared,16,768,25165824,16984180,0,20736,17004916,16933858.065905776,19719726.862621624
23,bf16,value,ans_lane_shared,256,48,25165824,16978220,0,1296,16979516,16955421.84123778,19739528.13370636
23,bf16,value,ans_lane_shared,64,192,25165824,16979360,0,5184,16984544,16950455.18584456,19734996.774905197
23,bf16,value,ans_raw,64,192,25165824,19735996,98304,3648,19837948,16950455.18584456,19734996.774905197
23,bf16,value,zstd,64,192,25165824,19835182,0,3648,19838830,16950455.18584456,19734996.774905197
23,fp8_e4m3_sat,key,ans_lane,16,768,12582912,10424456,393216,14592,10832264,10414849.260934332,10414849.260934332
23,fp8_e4m3_sat,key,ans_lane,256,48,12582912,10433484,24576,912,10458972,10427018.835375184,10427018.835375184
23,fp8_e4m3_sat,key,ans_lane,64,192,12582912,10431304,98304,3648,10533256,10424180.868438527,10424180.868438527
23,fp8_e4m3_sat,key,ans_lane_shared,16,768,12582912,10440148,0,14592,10454740,10414849.260934332,10414849.260934332
23,fp8_e4m3_sat,key,ans_lane_shared,256,48,12582912,10437284,0,912,10438196,10427018.835375184,10427018.835375184
23,fp8_e4m3_sat,key,ans_lane_shared,64,192,12582912,10437872,0,3648,10441520,10424180.868438527,10424180.868438527
23,fp8_e4m3_sat,key,zstd,64,192,12582912,10493848,0,3648,10497496,10424180.868438527,10424180.868438527
23,fp8_e4m3_sat,value,ans_lane,16,768,12582912,10433028,393216,14592,10840836,10423160.340571046,10423160.340571046
23,fp8_e4m3_sat,value,ans_lane,256,48,12582912,10445396,24576,912,10470884,10438866.897283424,10438866.897283424
23,fp8_e4m3_sat,value,ans_lane,64,192,12582912,10442136,98304,3648,10544088,10434838.80828959,10434838.80828959
23,fp8_e4m3_sat,value,ans_lane_shared,16,768,12582912,10456168,0,14592,10470760,10423160.340571046,10423160.340571046
23,fp8_e4m3_sat,value,ans_lane_shared,256,48,12582912,10453252,0,912,10454164,10438866.897283424,10438866.897283424
23,fp8_e4m3_sat,value,ans_lane_shared,64,192,12582912,10453856,0,3648,10457504,10434838.80828959,10434838.80828959
23,fp8_e4m3_sat,value,zstd,64,192,12582912,10514572,0,3648,10518220,10434838.80828959,10434838.80828959
23,native,convolution,ans_lane,,24,1572864,1065960,24576,648,1091184,1064737.5635523675,1238000.3445277663
23,native,convolution,ans_lane_shared,,24,1572864,1070468,0,648,1071116,1064737.5635523675,1238000.3445277663
23,native,convolution,zstd,,24,1572864,1241419,0,456,1241875,1064737.5635523675,1238000.3445277663
23,native,recurrent,ans_lane,,24,50331648,42975680,49152,1032,43025864,42959332.754548326,47118981.02073723
23,native,recurrent,ans_lane_shared,,24,50331648,42991080,0,1032,42992112,42959332.754548326,47118981.02073723
23,native,recurrent,zstd,,24,50331648,47223844,0,456,47224300,42959332.754548326,47118981.02073723
24,bf16,key,ans_lane,16,768,25165824,16946336,786432,20736,17753504,16923396.93770647,19705189.409516454
24,bf16,key,ans_lane,256,48,25165824,16958984,49152,1296,17009432,16942206.194122728,19722381.98093803
24,bf16,key,ans_lane,64,192,25165824,16956268,196608,5184,17158060,16938267.00987783,19718816.609718695
24,bf16,key,ans_lane_shared,16,768,25165824,16968128,0,20736,16988864,16923396.93770647,19705189.409516454
24,bf16,key,ans_lane_shared,256,48,25165824,16962132,0,1296,16963428,16942206.194122728,19722381.98093803
24,bf16,key,ans_lane_shared,64,192,25165824,16963332,0,5184,16968516,16938267.00987783,19718816.609718695
24,bf16,key,ans_raw,64,192,25165824,19719832,98304,3648,19821784,16938267.00987783,19718816.609718695
24,bf16,key,zstd,64,192,25165824,19801553,0,3648,19805201,16938267.00987783,19718816.609718695
24,bf16,value,ans_lane,16,768,25165824,16957296,786432,20736,17764464,16934222.101296462,19720288.427563477
24,bf16,value,ans_lane,256,48,25165824,16973316,49152,1296,17023764,16956478.031714886,19740724.31050295
24,bf16,value,ans_lane,64,192,25165824,16969752,196608,5184,17171544,16951615.67222367,19736288.302513056
24,bf16,value,ans_lane_shared,16,768,25165824,16985408,0,20736,17006144,16934222.101296462,19720288.427563477
24,bf16,value,ans_lane_shared,256,48,25165824,16979356,0,1296,16980652,16956478.031714886,19740724.31050295
24,bf16,value,ans_lane_shared,64,192,25165824,16980552,0,5184,16985736,16951615.67222367,19736288.302513056
24,bf16,value,ans_raw,64,192,25165824,19737288,98304,3648,19839240,16951615.67222367,19736288.302513056
24,bf16,value,zstd,64,192,25165824,19836339,0,3648,19839987,16951615.67222367,19736288.302513056
24,fp8_e4m3_sat,key,ans_lane,16,768,12582912,10419780,393216,14592,10827588,10410175.871071272,10410175.871071272
24,fp8_e4m3_sat,key,ans_lane,256,48,12582912,10428868,24576,912,10454356,10422376.330834692,10422376.330834692
24,fp8_e4m3_sat,key,ans_lane,64,192,12582912,10426776,98304,3648,10528728,10419625.48768691,10419625.48768691
24,fp8_e4m3_sat,key,ans_lane_shared,16,768,12582912,10435212,0,14592,10449804,10410175.871071272,10410175.871071272
24,fp8_e4m3_sat,key,ans_lane_shared,256,48,12582912,10432280,0,912,10433192,10422376.330834692,10422376.330834692
24,fp8_e4m3_sat,key,ans_lane_shared,64,192,12582912,10432840,0,3648,10436488,10419625.48768691,10419625.48768691
24,fp8_e4m3_sat,key,zstd,64,192,12582912,10489123,0,3648,10492771,10419625.48768691,10419625.48768691
24,fp8_e4m3_sat,value,ans_lane,16,768,12582912,10432416,393216,14592,10840224,10422552.885591416,10422552.885591416
24,fp8_e4m3_sat,value,ans_lane,256,48,12582912,10445788,24576,912,10471276,10439253.432239568,10439253.432239568
24,fp8_e4m3_sat,value,ans_lane,64,192,12582912,10442504,98304,3648,10544456,10435218.369327145,10435218.369327145
24,fp8_e4m3_sat,value,ans_lane_shared,16,768,12582912,10456596,0,14592,10471188,10422552.885591416,10422552.885591416
24,fp8_e4m3_sat,value,ans_lane_shared,256,48,12582912,10453740,0,912,10454652,10439253.432239568,10439253.432239568
24,fp8_e4m3_sat,value,ans_lane_shared,64,192,12582912,10454320,0,3648,10457968,10435218.369327145,10435218.369327145
24,fp8_e4m3_sat,value,zstd,64,192,12582912,10514783,0,3648,10518431,10435218.369327145,10435218.369327145
24,native,convolution,ans_lane,,24,1572864,1062408,24576,648,1087632,1061173.4766912437,1234825.6827152765
24,native,convolution,ans_lane_shared,,24,1572864,1064728,0,648,1065376,1061173.4766912437,1234825.6827152765
24,native,convolution,zstd,,24,1572864,1241862,0,456,1242318,1061173.4766912437,1234825.6827152765
24,native,recurrent,ans_lane,,24,50331648,43028084,49152,1032,43078268,43011740.17411304,47161217.46332129
24,native,recurrent,ans_lane_shared,,24,50331648,43057544,0,1032,43058576,43011740.17411304,47161217.46332129
24,native,recurrent,zstd,,24,50331648,47234809,0,456,47235265,43011740.17411304,47161217.46332129
25,bf16,key,ans_lane,16,864,28311552,19066576,884736,23328,19974640,19040850.28538398,22169764.12685769
25,bf16,key,ans_lane,256,56,28311552,19080952,57344,1512,19139808,19062073.631142363,22189178.972733553
25,bf16,key,ans_lane,64,216,28311552,19077896,221184,5832,19304912,19057587.079798907,22185121.8236095
25,bf16,key,ans_lane_shared,16,864,28311552,19092456,0,23328,19115784,19040850.28538398,22169764.12685769
25,bf16,key,ans_lane_shared,256,56,28311552,19085732,0,1512,19087244,19062073.631142363,22189178.972733553
25,bf16,key,ans_lane_shared,64,216,28311552,19087072,0,5832,19092904,19057587.079798907,22185121.8236095
25,bf16,key,ans_raw,64,216,28311552,22186244,110592,4104,22300940,19057587.079798907,22185121.8236095
25,bf16,key,zstd,64,216,28311552,22277314,0,4104,22281418,19057587.079798907,22185121.8236095
25,bf16,value,ans_lane,16,864,28311552,19079768,884736,23328,19987832,19053972.35664228,22187180.03091707
25,bf16,value,ans_lane,256,56,28311552,19096296,57344,1512,19155152,19077361.858474985,22208711.69150137
25,bf16,value,ans_lane,64,216,28311552,19092492,221184,5832,19319508,19072126.44996432,22203931.089527834
25,bf16,value,ans_lane_shared,16,864,28311552,19109816,0,23328,19133144,19053972.35664228,22187180.03091707
25,bf16,value,ans_lane_shared,256,56,28311552,19103072,0,1512,19104584,19077361.858474985,22208711.69150137
25,bf16,value,ans_lane_shared,64,216,28311552,19104364,0,5832,19110196,19072126.44996432,22203931.089527834
25,bf16,value,ans_raw,64,216,28311552,22205056,110592,4104,22319752,19072126.44996432,22203931.089527834
25,bf16,value,zstd,64,216,28311552,22317656,0,4104,22321760,19072126.44996432,22203931.089527834
25,fp8_e4m3_sat,key,ans_lane,16,864,14155776,11725304,442368,16416,12184088,11714496.755809465,11714496.755809465
25,fp8_e4m3_sat,key,ans_lane,256,56,14155776,11735580,28672,1064,11765316,11728281.895039741,11728281.895039741
25,fp8_e4m3_sat,key,ans_lane,64,216,14155776,11733124,110592,4104,11847820,11725096.95002128,11725096.95002128
25,fp8_e4m3_sat,key,ans_lane_shared,16,864,14155776,11744212,0,16416,11760628,11714496.755809465,11714496.755809465
25,fp8_e4m3_sat,key,ans_lane_shared,256,56,14155776,11740992,0,1064,11742056,11728281.895039741,11728281.895039741
25,fp8_e4m3_sat,key,ans_lane_shared,64,216,14155776,11741656,0,4104,11745760,11725096.95002128,11725096.95002128
25,fp8_e4m3_sat,key,zstd,64,216,14155776,11803750,0,4104,11807854,11725096.95002128,11725096.95002128
25,fp8_e4m3_sat,value,ans_lane,16,864,14155776,11737824,442368,16416,12196608,11726730.92181402,11726730.92181402
25,fp8_e4m3_sat,value,ans_lane,256,56,14155776,11750808,28672,1064,11780544,11743426.250116775,11743426.250116775
25,fp8_e4m3_sat,value,ans_lane,64,216,14155776,11747432,110592,4104,11862128,11739250.920164654,11739250.920164654
25,fp8_e4m3_sat,value,ans_lane_shared,16,864,14155776,11762628,0,16416,11779044,11726730.92181402,11726730.92181402
25,fp8_e4m3_sat,value,ans_lane_shared,256,56,14155776,11759372,0,1064,11760436,11743426.250116775,11743426.250116775
25,fp8_e4m3_sat,value,ans_lane_shared,64,216,14155776,11760024,0,4104,11764128,11739250.920164654,11739250.920164654
25,fp8_e4m3_sat,value,zstd,64,216,14155776,11829742,0,4104,11833846,11739250.920164654,11739250.920164654
25,native,convolution,ans_lane,,24,1572864,1061656,24576,648,1086880,1060427.4341361534,1234089.651683347
25,native,convolution,ans_lane_shared,,24,1572864,1063252,0,648,1063900,1060427.4341361534,1234089.651683347
25,native,convolution,zstd,,24,1572864,1241008,0,456,1241464,1060427.4341361534,1234089.651683347
25,native,recurrent,ans_lane,,24,50331648,42969596,49152,1032,43019780,42953223.83149449,47118782.70550096
25,native,recurrent,ans_lane_shared,,24,50331648,42982172,0,1032,42983204,42953223.83149449,47118782.70550096
25,native,recurrent,zstd,,24,50331648,47217852,0,456,47218308,42953223.83149449,47118782.70550096
26,bf16,key,ans_lane,16,64,2097152,1412172,65536,1728,1479436,1410275.9033143742,1641833.4898723064
26,bf16,key,ans_lane,256,8,2097152,1413184,8192,216,1421592,1411751.2041114916,1643188.4323178416
26,bf16,key,ans_lane,64,16,2097152,1413056,16384,432,1429872,1411541.3402851275,1642994.8556864627
26,bf16,key,ans_lane_shared,16,64,2097152,1414676,0,1728,1416404,1410275.9033143742,1641833.4898723064
26,bf16,key,ans_lane_shared,256,8,2097152,1414204,0,216,1414420,1411751.2041114916,1643188.4323178416
26,bf16,key,ans_lane_shared,64,16,2097152,1414276,0,432,1414708,1411541.3402851275,1642994.8556864627
26,bf16,key,ans_raw,64,16,2097152,1643080,8192,304,1651576,1411541.3402851275,1642994.8556864627
26,bf16,key,zstd,64,16,2097152,1649603,0,304,1649907,1411541.3402851275,1642994.8556864627
26,bf16,value,ans_lane,16,64,2097152,1410532,65536,1728,1477796,1408621.5471092847,1640671.3755559942
26,bf16,value,ans_lane,256,8,2097152,1411664,8192,216,1420072,1410216.8748231833,1642143.660141379
26,bf16,value,ans_lane,64,16,2097152,1411472,16384,432,1428288,1409963.7046724514,1641909.3711477506
26,bf16,value,ans_lane_shared,16,64,2097152,1416780,0,1728,1418508,1408621.5471092847,1640671.3755559942
26,bf16,value,ans_lane_shared,256,8,2097152,1416336,0,216,1416552,1410216.8748231833,1642143.660141379
26,bf16,value,ans_lane_shared,64,16,2097152,1416400,0,432,1416832,1409963.7046724514,1641909.3711477506
26,bf16,value,ans_raw,64,16,2097152,1642000,8192,304,1650496,1409963.7046724514,1641909.3711477506
26,bf16,value,zstd,64,16,2097152,1650517,0,304,1650821,1409963.7046724514,1641909.3711477506
26,fp8_e4m3_sat,key,ans_lane,16,64,1048576,869684,32768,1216,903668,868888.8038116115,868888.8038116115
26,fp8_e4m3_sat,key,ans_lane,256,8,1048576,870424,4096,152,874672,869871.4197590498,869871.4197590498
26,fp8_e4m3_sat,key,ans_lane,64,16,1048576,870312,8192,304,878808,869731.4431403499,869731.4431403499
26,fp8_e4m3_sat,key,ans_lane_shared,16,64,1048576,871848,0,1216,873064,868888.8038116115,868888.8038116115
26,fp8_e4m3_sat,key,ans_lane_shared,256,8,1048576,871620,0,152,871772,869871.4197590498,869871.4197590498
26,fp8_e4m3_sat,key,ans_lane_shared,64,16,1048576,871660,0,304,871964,869731.4431403499,869731.4431403499
26,fp8_e4m3_sat,key,zstd,64,16,1048576,875965,0,304,876269,869731.4431403499,869731.4431403499
26,fp8_e4m3_sat,value,ans_lane,16,64,1048576,869552,32768,1216,903536,868729.1191683535,868729.1191683535
26,fp8_e4m3_sat,value,ans_lane,256,8,1048576,870496,4096,152,874744,869933.1304326484,869933.1304326484
26,fp8_e4m3_sat,value,ans_lane,64,16,1048576,870336,8192,304,878832,869722.5457270823,869722.5457270823
26,fp8_e4m3_sat,value,ans_lane_shared,16,64,1048576,872404,0,1216,873620,868729.1191683535,868729.1191683535
26,fp8_e4m3_sat,value,ans_lane_shared,256,8,1048576,872172,0,152,872324,869933.1304326484,869933.1304326484
26,fp8_e4m3_sat,value,ans_lane_shared,64,16,1048576,872212,0,304,872516,869722.5457270823,869722.5457270823
26,fp8_e4m3_sat,value,zstd,64,16,1048576,876476,0,304,876780,869722.5457270823,869722.5457270823
26,native,convolution,ans_lane,,24,1572864,1063452,24576,648,1088676,1062217.3598077013,1235712.4338174919
26,native,convolution,ans_lane_shared,,24,1572864,1066668,0,648,1067316,1062217.3598077013,1235712.4338174919
26,native,convolution,zstd,,24,1572864,1242582,0,456,1243038,1062217.3598077013,1235712.4338174919
26,native,recurrent,ans_lane,,24,50331648,42952512,49152,1032,43002696,42936130.50268174,47106862.24359234
26,native,recurrent,ans_lane_shared,,24,50331648,42966948,0,1032,42967980,42936130.50268174,47106862.24359234
26,native,recurrent,zstd,,24,50331648,47208729,0,456,47209185,42936130.50268174,47106862.24359234
27,bf16,key,ans_lane,16,832,27262976,18360708,851968,22464,19235140,18335930.23475405,21348108.944001686
27,bf16,key,ans_lane,256,56,27262976,18374352,57344,1512,18433208,18356138.532810215,21366609.30844615
27,bf16,key,ans_lane,64,208,27262976,18371428,212992,5616,18590036,18351876.086281955,21362742.046391092
27,bf16,key,ans_lane_shared,16,832,27262976,18384816,0,22464,18407280,18335930.23475405,21348108.944001686
27,bf16,key,ans_lane_shared,256,56,27262976,18378344,0,1512,18379856,18356138.532810215,21366609.30844615
27,bf16,key,ans_lane_shared,64,208,27262976,18379572,0,5616,18385188,18351876.086281955,21362742.046391092
27,bf16,key,ans_raw,64,208,27262976,21363844,106496,3952,21474292,18351876.086281955,21362742.046391092
27,bf16,key,zstd,64,208,27262976,21451373,0,3952,21455325,18351876.086281955,21362742.046391092
27,bf16,value,ans_lane,16,832,27262976,18377564,851968,22464,19251996,18352844.221298013,21370179.362841364
27,bf16,value,ans_lane,256,56,27262976,18393212,57344,1512,18452068,18374941.099061083,21390507.469849635
27,bf16,value,ans_lane,64,208,27262976,18389612,212992,5616,18608220,18370029.577527754,21386014.957643088
27,bf16,value,ans_lane_shared,16,832,27262976,18407588,0,22464,18430052,18352844.221298013,21370179.362841364
27,bf16,value,ans_lane_shared,256,56,27262976,18401236,0,1512,18402748,18374941.099061083,21390507.469849635
27,bf16,value,ans_lane_shared,64,208,27262976,18402500,0,5616,18408116,18370029.577527754,21386014.957643088
27,bf16,value,ans_raw,64,208,27262976,21387096,106496,3952,21497544,18370029.577527754,21386014.957643088
27,bf16,value,zstd,64,208,27262976,21494377,0,3952,21498329,18370029.577527754,21386014.957643088
27,fp8_e4m3_sat,key,ans_lane,16,832,13631488,11291784,425984,15808,11733576,11281383.002547901,11281383.002547901
27,fp8_e4m3_sat,key,ans_lane,256,56,13631488,11301440,28672,1064,11331176,11294425.22187459,11294425.22187459
27,fp8_e4m3_sat,key,ans_lane,64,208,13631488,11299220,106496,3952,11409668,11291508.315226305,11291508.315226305
27,fp8_e4m3_sat,key,ans_lane_shared,16,832,13631488,11308984,0,15808,11324792,11281383.002547901,11281383.002547901
27,fp8_e4m3_sat,key,ans_lane_shared,256,56,13631488,11305812,0,1064,11306876,11294425.22187459,11294425.22187459
27,fp8_e4m3_sat,key,ans_lane_shared,64,208,13631488,11306444,0,3952,11310396,11291508.315226305,11291508.315226305
27,fp8_e4m3_sat,key,zstd,64,208,13631488,11367436,0,3952,11371388,11291508.315226305,11291508.315226305
27,fp8_e4m3_sat,value,ans_lane,16,832,13631488,11306080,425984,15808,11747872,11295419.606075918,11295419.606075918
27,fp8_e4m3_sat,value,ans_lane,256,56,13631488,11317932,28672,1064,11347668,11310787.428709732,11310787.428709732
27,fp8_e4m3_sat,value,ans_lane,64,208,13631488,11314896,106496,3952,11425344,11307019.480864707,11307019.480864707
27,fp8_e4m3_sat,value,ans_lane_shared,16,832,13631488,11331156,0,15808,11346964,11295419.606075918,11295419.606075918
27,fp8_e4m3_sat,value,ans_lane_shared,256,56,13631488,11328044,0,1064,11329108,11310787.428709732,11310787.428709732
27,fp8_e4m3_sat,value,ans_lane_shared,64,208,13631488,11328632,0,3952,11332584,11307019.480864707,11307019.480864707
27,fp8_e4m3_sat,value,zstd,64,208,13631488,11394642,0,3952,11398594,11307019.480864707,11307019.480864707
27,native,convolution,ans_lane,,24,1572864,1062756,24576,648,1087980,1061535.838990583,1235270.8770735064
27,native,convolution,ans_lane_shared,,24,1572864,1064752,0,648,1065400,1061535.838990583,1235270.8770735064
27,native,convolution,zstd,,24,1572864,1242311,0,456,1242767,1061535.838990583,1235270.8770735064
27,native,recurrent,ans_lane,,24,50331648,42975428,49152,1032,43025612,42959072.781981684,47121745.90718501
27,native,recurrent,ans_lane_shared,,24,50331648,42990088,0,1032,42991120,42959072.781981684,47121745.90718501
27,native,recurrent,zstd,,24,50331648,47224532,0,456,47224988,42959072.781981684,47121745.90718501
28,bf16,key,ans_lane,16,32,1048576,705768,32768,864,739400,704807.9165231778,820632.8847361732
28,bf16,key,ans_lane,256,8,1048576,706164,8192,216,714572,705403.4406892395,821180.2681578398
28,bf16,key,ans_lane,64,8,1048576,706164,8192,216,714572,705403.4406892395,821180.2681578398
28,bf16,key,ans_lane_shared,16,32,1048576,706880,0,864,707744,704807.9165231778,820632.8847361732
28,bf16,key,ans_lane_shared,256,8,1048576,706680,0,216,706896,705403.4406892395,821180.2681578398
28,bf16,key,ans_lane_shared,64,8,1048576,706680,0,216,706896,705403.4406892395,821180.2681578398
28,bf16,key,ans_raw,64,8,1048576,821224,4096,152,825472,705403.4406892395,821180.2681578398
28,bf16,key,zstd,64,8,1048576,824500,0,152,824652,705403.4406892395,821180.2681578398
28,bf16,value,ans_lane,16,32,1048576,706488,32768,864,740120,705505.9646413634,821650.5642165702
28,bf16,value,ans_lane,256,8,1048576,706920,8192,216,715328,706167.6170233808,822264.0903833004
28,bf16,value,ans_lane,64,8,1048576,706920,8192,216,715328,706167.6170233808,822264.0903833004
28,bf16,value,ans_lane_shared,16,32,1048576,708620,0,864,709484,705505.9646413634,821650.5642165702
28,bf16,value,ans_lane_shared,256,8,1048576,708424,0,216,708640,706167.6170233808,822264.0903833004
28,bf16,value,ans_lane_shared,64,8,1048576,708424,0,216,708640,706167.6170233808,822264.0903833004
28,bf16,value,ans_raw,64,8,1048576,822304,4096,152,826552,706167.6170233808,822264.0903833004
28,bf16,value,zstd,64,8,1048576,826668,0,152,826820,706167.6170233808,822264.0903833004
28,fp8_e4m3_sat,key,ans_lane,16,32,524288,434604,16384,608,451596,434212.21395106043,434212.21395106043
28,fp8_e4m3_sat,key,ans_lane,256,8,524288,434892,4096,152,439140,434596.158443505,434596.158443505
28,fp8_e4m3_sat,key,ans_lane,64,8,524288,434892,4096,152,439140,434596.158443505,434596.158443505
28,fp8_e4m3_sat,key,ans_lane_shared,16,32,524288,435528,0,608,436136,434212.21395106043,434212.21395106043
28,fp8_e4m3_sat,key,ans_lane_shared,256,8,524288,435436,0,152,435588,434596.158443505,434596.158443505
28,fp8_e4m3_sat,key,ans_lane_shared,64,8,524288,435436,0,152,435588,434596.158443505,434596.158443505
28,fp8_e4m3_sat,key,zstd,64,8,524288,437637,0,152,437789,434596.158443505,434596.158443505
28,fp8_e4m3_sat,value,ans_lane,16,32,524288,435020,16384,608,452012,434607.7548664734,434607.7548664734
28,fp8_e4m3_sat,value,ans_lane,256,8,524288,435400,4096,152,439648,435093.71935835027,435093.71935835027
28,fp8_e4m3_sat,value,ans_lane,64,8,524288,435400,4096,152,439648,435093.71935835027,435093.71935835027
28,fp8_e4m3_sat,value,ans_lane_shared,16,32,524288,436396,0,608,437004,434607.7548664734,434607.7548664734
28,fp8_e4m3_sat,value,ans_lane_shared,256,8,524288,436304,0,152,436456,435093.71935835027,435093.71935835027
28,fp8_e4m3_sat,value,ans_lane_shared,64,8,524288,436304,0,152,436456,435093.71935835027,435093.71935835027
28,fp8_e4m3_sat,value,zstd,64,8,524288,438426,0,152,438578,435093.71935835027,435093.71935835027
28,native,convolution,ans_lane,,24,1572864,1065520,24576,648,1090744,1064290.9700647003,1237666.1583080932
28,native,convolution,ans_lane_shared,,24,1572864,1069060,0,648,1069708,1064290.9700647003,1237666.1583080932
28,native,convolution,zstd,,24,1572864,1244682,0,456,1245138,1064290.9700647003,1237666.1583080932
28,native,recurrent,ans_lane,,24,50331648,43093184,49152,1032,43143368,43076853.53275492,47210117.619432874
28,native,recurrent,ans_lane_shared,,24,50331648,43141848,0,1032,43142880,43076853.53275492,47210117.619432874
28,native,recurrent,zstd,,24,50331648,47259858,0,456,47260314,43076853.53275492,47210117.619432874
29,bf16,key,ans_lane,16,384,12582912,8471208,393216,10368,8874792,8459755.15380983,9850225.274548383
29,bf16,key,ans_lane,256,24,12582912,8477568,24576,648,8502792,8469183.189948233,9858834.040916508
29,bf16,key,ans_lane,64,96,12582912,8476156,98304,2592,8577052,8467140.122031577,9857003.168898437
29,bf16,key,ans_lane_shared,16,384,12582912,8482444,0,10368,8492812,8459755.15380983,9850225.274548383
29,bf16,key,ans_lane_shared,256,24,12582912,8479440,0,648,8480088,8469183.189948233,9858834.040916508
29,bf16,key,ans_lane_shared,64,96,12582912,8480072,0,2592,8482664,8467140.122031577,9857003.168898437
29,bf16,key,ans_raw,64,96,12582912,9857516,49152,1824,9908492,8467140.122031577,9857003.168898437
29,bf16,key,zstd,64,96,12582912,9897919,0,1824,9899743,8467140.122031577,9857003.168898437
29,bf16,value,ans_lane,16,384,12582912,8477936,393216,10368,8881520,8466485.779081294,9859328.821498834
29,bf16,value,ans_lane,256,24,12582912,8487032,24576,648,8512256,8478618.585400404,9870447.777687272
29,bf16,value,ans_lane,64,96,12582912,8483652,98304,2592,8584548,8474616.838103486,9866816.104100721
29,bf16,value,ans_lane_shared,16,384,12582912,8492876,0,10368,8503244,8466485.779081294,9859328.821498834
29,bf16,value,ans_lane_shared,256,24,12582912,8489964,0,648,8490612,8478618.585400404,9870447.777687272
29,bf16,value,ans_lane_shared,64,96,12582912,8490548,0,2592,8493140,8474616.838103486,9866816.104100721
29,bf16,value,ans_raw,64,96,12582912,9867296,49152,1824,9918272,8474616.838103486,9866816.104100721
29,bf16,value,zstd,64,96,12582912,9917426,0,1824,9919250,8474616.838103486,9866816.104100721
29,fp8_e4m3_sat,key,ans_lane,16,384,6291456,5208588,196608,7296,5412492,5203795.574104166,5203795.574104166
29,fp8_e4m3_sat,key,ans_lane,256,24,6291456,5213292,12288,456,5226036,5210049.478306006,5210049.478306006
29,fp8_e4m3_sat,key,ans_lane,64,96,6291456,5212068,49152,1824,5263044,5208502.63363464,5208502.63363464
29,fp8_e4m3_sat,key,ans_lane_shared,16,384,6291456,5216780,0,7296,5224076,5203795.574104166,5203795.574104166
29,fp8_e4m3_sat,key,ans_lane_shared,256,24,6291456,5215324,0,456,5215780,5210049.478306006,5210049.478306006
29,fp8_e4m3_sat,key,ans_lane_shared,64,96,6291456,5215612,0,1824,5217436,5208502.63363464,5208502.63363464
29,fp8_e4m3_sat,key,zstd,64,96,6291456,5243421,0,1824,5245245,5208502.63363464,5208502.63363464
29,fp8_e4m3_sat,value,ans_lane,16,384,6291456,5213924,196608,7296,5417828,5209012.780175891,5209012.780175891
29,fp8_e4m3_sat,value,ans_lane,256,24,6291456,5222012,12288,456,5234756,5218765.387007366,5218765.387007366
29,fp8_e4m3_sat,value,ans_lane,64,96,6291456,5218372,49152,1824,5269348,5214743.946025103,5214743.946025103
29,fp8_e4m3_sat,value,ans_lane_shared,16,384,6291456,5227240,0,7296,5234536,5209012.780175891,5209012.780175891
29,fp8_e4m3_sat,value,ans_lane_shared,256,24,6291456,5225796,0,456,5226252,5218765.387007366,5218765.387007366
29,fp8_e4m3_sat,value,ans_lane_shared,64,96,6291456,5226076,0,1824,5227900,5214743.946025103,5214743.946025103
29,fp8_e4m3_sat,value,zstd,64,96,6291456,5254880,0,1824,5256704,5214743.946025103,5214743.946025103
29,native,convolution,ans_lane,,24,1572864,1061340,24576,648,1086564,1060111.2343210066,1233706.786936954
29,native,convolution,ans_lane_shared,,24,1572864,1063424,0,648,1064072,1060111.2343210066,1233706.786936954
29,native,convolution,zstd,,24,1572864,1240383,0,456,1240839,1060111.2343210066,1233706.786936954
29,native,recurrent,ans_lane,,24,50331648,42936640,49152,1032,42986824,42920284.94454584,47093267.666566804
29,native,recurrent,ans_lane_shared,,24,50331648,42958240,0,1032,42959272,42920284.94454584,47093267.666566804
29,native,recurrent,zstd,,24,50331648,47204559,0,456,47205015,42920284.94454584,47093267.666566804
3,bf16,key,ans_lane,16,32,1048576,706440,32768,864,740072,705471.4222688805,821418.8406890195
3,bf16,key,ans_lane,256,8,1048576,706844,8192,216,715252,706091.2409677424,821985.6131364629
3,bf16,key,ans_lane,64,8,1048576,706844,8192,216,715252,706091.2409677424,821985.6131364629
3,bf16,key,ans_lane_shared,16,32,1048576,707496,0,864,708360,705471.4222688805,821418.8406890195
3,bf16,key,ans_lane_shared,256,8,1048576,707308,0,216,707524,706091.2409677424,821985.6131364629
3,bf16,key,ans_lane_shared,64,8,1048576,707308,0,216,707524,706091.2409677424,821985.6131364629
3,bf16,key,ans_raw,64,8,1048576,822028,4096,152,826276,706091.2409677424,821985.6131364629
3,bf16,key,zstd,64,8,1048576,825268,0,152,825420,706091.2409677424,821985.6131364629
3,bf16,value,ans_lane,16,32,1048576,705460,32768,864,739092,704512.7990863486,820512.0837194283
3,bf16,value,ans_lane,256,8,1048576,705980,8192,216,714388,705226.8857023638,821169.8989733631
3,bf16,value,ans_lane,64,8,1048576,705980,8192,216,714388,705226.8857023638,821169.8989733631
3,bf16,value,ans_lane_shared,16,32,1048576,707260,0,864,708124,704512.7990863486,820512.0837194283
3,bf16,value,ans_lane_shared,256,8,1048576,707072,0,216,707288,705226.8857023638,821169.8989733631
3,bf16,value,ans_lane_shared,64,8,1048576,707072,0,216,707288,705226.8857023638,821169.8989733631
3,bf16,value,ans_raw,64,8,1048576,821208,4096,152,825456,705226.8857023638,821169.8989733631
3,bf16,value,zstd,64,8,1048576,825430,0,152,825582,705226.8857023638,821169.8989733631
3,fp8_e4m3_sat,key,ans_lane,16,32,524288,435284,16384,608,452276,434876.76827601227,434876.76827601227
3,fp8_e4m3_sat,key,ans_lane,256,8,524288,435584,4096,152,439832,435290.2579573068,435290.2579573068
3,fp8_e4m3_sat,key,ans_lane,64,8,524288,435584,4096,152,439832,435290.2579573068,435290.2579573068
3,fp8_e4m3_sat,key,ans_lane_shared,16,32,524288,436176,0,608,436784,434876.76827601227,434876.76827601227
3,fp8_e4m3_sat,key,ans_lane_shared,256,8,524288,436080,0,152,436232,435290.2579573068,435290.2579573068
3,fp8_e4m3_sat,key,ans_lane_shared,64,8,524288,436080,0,152,436232,435290.2579573068,435290.2579573068
3,fp8_e4m3_sat,key,zstd,64,8,524288,438329,0,152,438481,435290.2579573068,435290.2579573068
3,fp8_e4m3_sat,value,ans_lane,16,32,524288,434232,16384,608,451224,433821.2678755196,433821.2678755196
3,fp8_e4m3_sat,value,ans_lane,256,8,524288,434688,4096,152,438936,434388.868038454,434388.868038454
3,fp8_e4m3_sat,value,ans_lane,64,8,524288,434688,4096,152,438936,434388.868038454,434388.868038454
3,fp8_e4m3_sat,value,ans_lane_shared,16,32,524288,435216,0,608,435824,433821.2678755196,433821.2678755196
3,fp8_e4m3_sat,value,ans_lane_shared,256,8,524288,435128,0,152,435280,434388.868038454,434388.868038454
3,fp8_e4m3_sat,value,ans_lane_shared,64,8,524288,435128,0,152,435280,434388.868038454,434388.868038454
3,fp8_e4m3_sat,value,zstd,64,8,524288,437785,0,152,437937,434388.868038454,434388.868038454
3,native,convolution,ans_lane,,24,1572864,1061316,24576,648,1086540,1060083.5099210609,1233845.2025493
3,native,convolution,ans_lane_shared,,24,1572864,1062916,0,648,1063564,1060083.5099210609,1233845.2025493
3,native,convolution,zstd,,24,1572864,1240524,0,456,1240980,1060083.5099210609,1233845.2025493
3,native,recurrent,ans_lane,,24,50331648,42938276,49152,1032,42988460,42921899.198688336,47093426.05065943
3,native,recurrent,ans_lane_shared,,24,50331648,42950700,0,1032,42951732,42921899.198688336,47093426.05065943
3,native,recurrent,zstd,,24,50331648,47221662,0,456,47222118,42921899.198688336,47093426.05065943
30,bf16,key,ans_lane,16,352,11534336,7767356,360448,9504,8137308,7756882.856925147,9031509.062750598
30,bf16,key,ans_lane,256,24,11534336,7773128,24576,648,7798352,7765391.5551472,9039335.22728214
30,bf16,key,ans_lane,64,88,11534336,7771912,90112,2376,7864400,7763601.712428553,9037701.488055032
30,bf16,key,ans_lane_shared,16,352,11534336,7777912,0,9504,7787416,7756882.856925147,9031509.062750598
30,bf16,key,ans_lane_shared,256,24,11534336,7775192,0,648,7775840,7765391.5551472,9039335.22728214
30,bf16,key,ans_lane_shared,64,88,11534336,7775724,0,2376,7778100,7763601.712428553,9037701.488055032
30,bf16,key,ans_raw,64,88,11534336,9038164,45056,1672,9084892,7763601.712428553,9037701.488055032
30,bf16,key,zstd,64,88,11534336,9075066,0,1672,9076738,7763601.712428553,9037701.488055032
30,bf16,value,ans_lane,16,352,11534336,7733104,360448,9504,8103056,7722582.707516081,8998837.153189523
30,bf16,value,ans_lane,256,24,11534336,7740012,24576,648,7765236,7732230.232920215,9007741.470001215
30,bf16,value,ans_lane,64,88,11534336,7738424,90112,2376,7830912,7730069.838249655,9005764.92925928
30,bf16,value,ans_lane_shared,16,352,11534336,7786128,0,9504,7795632,7722582.707516081,8998837.153189523
30,bf16,value,ans_lane_shared,256,24,11534336,7783400,0,648,7784048,7732230.232920215,9007741.470001215
30,bf16,value,ans_lane_shared,64,88,11534336,7783948,0,2376,7786324,7730069.838249655,9005764.92925928
30,bf16,value,ans_raw,64,88,11534336,9006244,45056,1672,9052972,7730069.838249655,9005764.92925928
30,bf16,value,zstd,64,88,11534336,9052536,0,1672,9054208,7730069.838249655,9005764.92925928
30,fp8_e4m3_sat,key,ans_lane,16,352,5767168,4776884,180224,6688,4963796,4772484.849109921,4772484.849109921
30,fp8_e4m3_sat,key,ans_lane,256,24,5767168,4781056,12288,456,4793800,4778090.860888398,4778090.860888398
30,fp8_e4m3_sat,key,ans_lane,64,88,5767168,4780076,45056,1672,4826804,4776805.274203856,4776805.274203856
30,fp8_e4m3_sat,key,ans_lane_shared,16,352,5767168,4784452,0,6688,4791140,4772484.849109921,4772484.849109921
30,fp8_e4m3_sat,key,ans_lane_shared,256,24,5767168,4783116,0,456,4783572,4778090.860888398,4778090.860888398
30,fp8_e4m3_sat,key,ans_lane_shared,64,88,5767168,4783392,0,1672,4785064,4776805.274203856,4776805.274203856
30,fp8_e4m3_sat,key,zstd,64,88,5767168,4808906,0,1672,4810578,4776805.274203856,4776805.274203856
30,fp8_e4m3_sat,value,ans_lane,16,352,5767168,4779316,180224,6688,4966228,4774801.578165342,4774801.578165342
30,fp8_e4m3_sat,value,ans_lane,256,24,5767168,4784772,12288,456,4797516,4781773.737481756,4781773.737481756
30,fp8_e4m3_sat,value,ans_lane,64,88,5767168,4783368,45056,1672,4830096,4780030.1574761085,4780030.1574761085
30,fp8_e4m3_sat,value,ans_lane_shared,16,352,5767168,4792000,0,6688,4798688,4774801.578165342,4774801.578165342
30,fp8_e4m3_sat,value,ans_lane_shared,256,24,5767168,4790688,0,456,4791144,4781773.737481756,4781773.737481756
30,fp8_e4m3_sat,value,ans_lane_shared,64,88,5767168,4790936,0,1672,4792608,4780030.1574761085,4780030.1574761085
30,fp8_e4m3_sat,value,zstd,64,88,5767168,4817124,0,1672,4818796,4780030.1574761085,4780030.1574761085
30,native,convolution,ans_lane,,24,1572864,1061944,24576,648,1087168,1060706.636832186,1234498.7185147214
30,native,convolution,ans_lane_shared,,24,1572864,1063564,0,648,1064212,1060706.636832186,1234498.7185147214
30,native,convolution,zstd,,24,1572864,1241511,0,456,1241967,1060706.636832186,1234498.7185147214
30,native,recurrent,ans_lane,,24,50331648,42939860,49152,1032,42990044,42923484.93510644,47095091.619867146
30,native,recurrent,ans_lane_shared,,24,50331648,42953448,0,1032,42954480,42923484.93510644,47095091.619867146
30,native,recurrent,zstd,,24,50331648,47211423,0,456,47211879,42923484.93510644,47095091.619867146
31,bf16,key,ans_lane,16,800,26214400,17661052,819200,21600,18501852,17637285.144207288,20533136.25960639
31,bf16,key,ans_lane,256,56,26214400,17674236,57344,1512,17733092,17656699.343432836,20550913.537532564
31,bf16,key,ans_lane,64,200,26214400,17671528,204800,5400,17881728,17652713.064873755,20547295.383554637
31,bf16,key,ans_lane_shared,16,800,26214400,17683844,0,21600,17705444,17637285.144207288,20533136.25960639
31,bf16,key,ans_lane_shared,256,56,26214400,17677668,0,1512,17679180,17656699.343432836,20550913.537532564
31,bf16,key,ans_lane_shared,64,200,26214400,17678840,0,5400,17684240,17652713.064873755,20547295.383554637
31,bf16,key,ans_raw,64,200,26214400,20548364,102400,3800,20654564,17652713.064873755,20547295.383554637
31,bf16,key,zstd,64,200,26214400,20632695,0,3800,20636495,17652713.064873755,20547295.383554637
31,bf16,value,ans_lane,16,800,26214400,17671196,819200,21600,18511996,17647390.679926157,20547478.195825364
31,bf16,value,ans_lane,256,56,26214400,17686072,57344,1512,17744928,17668505.578075368,20566862.75438536
31,bf16,value,ans_lane,64,200,26214400,17682800,204800,5400,17893000,17663933.50998526,20562694.580842316
31,bf16,value,ans_lane_shared,16,800,26214400,17699588,0,21600,17721188,17647390.679926157,20547478.195825364
31,bf16,value,ans_lane_shared,256,56,26214400,17693472,0,1512,17694984,17668505.578075368,20566862.75438536
31,bf16,value,ans_lane_shared,64,200,26214400,17694688,0,5400,17700088,17663933.50998526,20562694.580842316
31,bf16,value,ans_raw,64,200,26214400,20563740,102400,3800,20669940,17663933.50998526,20562694.580842316
31,bf16,value,zstd,64,200,26214400,20666512,0,3800,20670312,17663933.50998526,20562694.580842316
31,fp8_e4m3_sat,key,ans_lane,16,800,13107200,10862712,409600,15200,11287512,10852682.035538903,10852682.035538903
31,fp8_e4m3_sat,key,ans_lane,256,56,13107200,10872000,28672,1064,10901736,10865204.424191797,10865204.424191797
31,fp8_e4m3_sat,key,ans_lane,64,200,13107200,10869860,102400,3800,10976060,10862414.228872523,10862414.228872523
31,fp8_e4m3_sat,key,ans_lane_shared,16,800,13107200,10878720,0,15200,10893920,10852682.035538903,10852682.035538903
31,fp8_e4m3_sat,key,ans_lane_shared,256,56,13107200,10875720,0,1064,10876784,10865204.424191797,10865204.424191797
31,fp8_e4m3_sat,key,ans_lane_shared,64,200,13107200,10876280,0,3800,10880080,10862414.228872523,10862414.228872523
31,fp8_e4m3_sat,key,zstd,64,200,13107200,10935222,0,3800,10939022,10862414.228872523,10862414.228872523
31,fp8_e4m3_sat,value,ans_lane,16,800,13107200,10871828,409600,15200,11296628,10861516.934289057,10861516.934289057
31,fp8_e4m3_sat,value,ans_lane,256,56,13107200,10883032,28672,1064,10912768,10876171.16504958,10876171.16504958
31,fp8_e4m3_sat,value,ans_lane,64,200,13107200,10880276,102400,3800,10986476,10872651.77737496,10872651.77737496
31,fp8_e4m3_sat,value,ans_lane_shared,16,800,13107200,10895208,0,15200,10910408,10861516.934289057,10861516.934289057
31,fp8_e4m3_sat,value,ans_lane_shared,256,56,13107200,10892268,0,1064,10893332,10876171.16504958,10876171.16504958
31,fp8_e4m3_sat,value,ans_lane_shared,64,200,13107200,10892816,0,3800,10896616,10872651.77737496,10872651.77737496
31,fp8_e4m3_sat,value,zstd,64,200,13107200,10956415,0,3800,10960215,10872651.77737496,10872651.77737496
31,native,convolution,ans_lane,,24,1572864,1063016,24576,648,1088240,1061784.8562482065,1235431.5451333558
31,native,convolution,ans_lane_shared,,24,1572864,1065076,0,648,1065724,1061784.8562482065,1235431.5451333558
31,native,convolution,zstd,,24,1572864,1242386,0,456,1242842,1061784.8562482065,1235431.5451333558
31,native,recurrent,ans_lane,,24,50331648,42975248,49152,1032,43025432,42958895.41229901,47121598.298633
31,native,recurrent,ans_lane_shared,,24,50331648,42987812,0,1032,42988844,42958895.41229901,47121598.298633
31,native,recurrent,zstd,,24,50331648,47216317,0,456,47216773,42958895.41229901,47121598.298633
32,bf16,key,ans_lane,16,64,2097152,1412824,65536,1728,1480088,1410928.7774303213,1642456.8096243953
32,bf16,key,ans_lane,256,8,2097152,1413816,8192,216,1422224,1412376.7599397167,1643791.5464041654
32,bf16,key,ans_lane,64,16,2097152,1413692,16384,432,1430508,1412173.88155132,1643608.9481793568
32,bf16,key,ans_lane_shared,16,64,2097152,1415172,0,1728,1416900,1410928.7774303213,1642456.8096243953
32,bf16,key,ans_lane_shared,256,8,2097152,1414712,0,216,1414928,1412376.7599397167,1643791.5464041654
32,bf16,key,ans_lane_shared,64,16,2097152,1414776,0,432,1415208,1412173.88155132,1643608.9481793568
32,bf16,key,ans_raw,64,16,2097152,1643688,8192,304,1652184,1412173.88155132,1643608.9481793568
32,bf16,key,zstd,64,16,2097152,1650133,0,304,1650437,1412173.88155132,1643608.9481793568
32,bf16,value,ans_lane,16,64,2097152,1410016,65536,1728,1477280,1408102.045672694,1640303.9980781956
32,bf16,value,ans_lane,256,8,2097152,1411120,8192,216,1419528,1409671.4478809286,1641756.217454923
32,bf16,value,ans_lane,64,16,2097152,1410940,16384,432,1427756,1409413.5795431177,1641517.9098311071
32,bf16,value,ans_lane_shared,16,64,2097152,1416260,0,1728,1417988,1408102.045672694,1640303.9980781956
32,bf16,value,ans_lane_shared,256,8,2097152,1415804,0,216,1416020,1409671.4478809286,1641756.217454923
32,bf16,value,ans_lane_shared,64,16,2097152,1415872,0,432,1416304,1409413.5795431177,1641517.9098311071
32,bf16,value,ans_raw,64,16,2097152,1641604,8192,304,1650100,1409413.5795431177,1641517.9098311071
32,bf16,value,zstd,64,16,2097152,1650195,0,304,1650499,1409413.5795431177,1641517.9098311071
32,fp8_e4m3_sat,key,ans_lane,16,64,1048576,870716,32768,1216,904700,869930.0868467778,869930.0868467778
32,fp8_e4m3_sat,key,ans_lane,256,8,1048576,871396,4096,152,875644,870840.2543681,870840.2543681
32,fp8_e4m3_sat,key,ans_lane,64,16,1048576,871284,8192,304,879780,870703.4891054928,870703.4891054928
32,fp8_e4m3_sat,key,ans_lane_shared,16,64,1048576,872704,0,1216,873920,869930.0868467778,869930.0868467778
32,fp8_e4m3_sat,key,ans_lane_shared,256,8,1048576,872460,0,152,872612,870840.2543681,870840.2543681
32,fp8_e4m3_sat,key,ans_lane_shared,64,16,1048576,872496,0,304,872800,870703.4891054928,870703.4891054928
32,fp8_e4m3_sat,key,zstd,64,16,1048576,876837,0,304,877141,870703.4891054928,870703.4891054928
32,fp8_e4m3_sat,value,ans_lane,16,64,1048576,869096,32768,1216,903080,868250.5105186198,868250.5105186198
32,fp8_e4m3_sat,value,ans_lane,256,8,1048576,869980,4096,152,874228,869406.3155575213,869406.3155575213
32,fp8_e4m3_sat,value,ans_lane,64,16,1048576,869828,8192,304,878324,869210.7576487396,869210.7576487396
32,fp8_e4m3_sat,value,ans_lane_shared,16,64,1048576,871880,0,1216,873096,868250.5105186198,868250.5105186198
32,fp8_e4m3_sat,value,ans_lane_shared,256,8,1048576,871660,0,152,871812,869406.3155575213,869406.3155575213
32,fp8_e4m3_sat,value,ans_lane_shared,64,16,1048576,871696,0,304,872000,869210.7576487396,869210.7576487396
32,fp8_e4m3_sat,value,zstd,64,16,1048576,875959,0,304,876263,869210.7576487396,869210.7576487396
32,native,convolution,ans_lane,,24,1572864,1062524,24576,648,1087748,1061290.9659687274,1234820.800673006
32,native,convolution,ans_lane_shared,,24,1572864,1064360,0,648,1065008,1061290.9659687274,1234820.800673006
32,native,convolution,zstd,,24,1572864,1241865,0,456,1242321,1061290.9659687274,1234820.800673006
32,native,recurrent,ans_lane,,24,50331648,42991576,49152,1032,43041760,42975229.068003714,47134725.56019214
32,native,recurrent,ans_lane_shared,,24,50331648,43015804,0,1032,43016836,42975229.068003714,47134725.56019214
32,native,recurrent,zstd,,24,50331648,47234216,0,456,47234672,42975229.068003714,47134725.56019214
33,bf16,key,ans_lane,16,64,2097152,1411856,65536,1728,1479120,1409952.4065182207,1641466.2089534418
33,bf16,key,ans_lane,256,8,2097152,1412812,8192,216,1421220,1411377.409209884,1642769.7013332576
33,bf16,key,ans_lane,64,16,2097152,1412660,16384,432,1429476,1411146.7670791291,1642565.124951497
33,bf16,key,ans_lane_shared,16,64,2097152,1413876,0,1728,1415604,1409952.4065182207,1641466.2089534418
33,bf16,key,ans_lane_shared,256,8,2097152,1413424,0,216,1413640,1411377.409209884,1642769.7013332576
33,bf16,key,ans_lane_shared,64,16,2097152,1413484,0,432,1413916,1411146.7670791291,1642565.124951497
33,bf16,key,ans_raw,64,16,2097152,1642648,8192,304,1651144,1411146.7670791291,1642565.124951497
33,bf16,key,zstd,64,16,2097152,1649184,0,304,1649488,1411146.7670791291,1642565.124951497
33,bf16,value,ans_lane,16,64,2097152,1411060,65536,1728,1478324,1409133.3284081405,1641095.9719939346
33,bf16,value,ans_lane,256,8,2097152,1412572,8192,216,1420980,1411125.2901189143,1642933.3317558838
33,bf16,value,ans_lane,64,16,2097152,1411984,16384,432,1428800,1410473.88626215,1642338.3801851738
33,bf16,value,ans_lane_shared,16,64,2097152,1417212,0,1728,1418940,1409133.3284081405,1641095.9719939346
33,bf16,value,ans_lane_shared,256,8,2097152,1416736,0,216,1416952,1411125.2901189143,1642933.3317558838
33,bf16,value,ans_lane_shared,64,16,2097152,1416808,0,432,1417240,1410473.88626215,1642338.3801851738
33,bf16,value,ans_raw,64,16,2097152,1642420,8192,304,1650916,1410473.88626215,1642338.3801851738
33,bf16,value,zstd,64,16,2097152,1650925,0,304,1651229,1410473.88626215,1642338.3801851738
33,fp8_e4m3_sat,key,ans_lane,16,64,1048576,869148,32768,1216,903132,868346.0024014092,868346.0024014092
33,fp8_e4m3_sat,key,ans_lane,256,8,1048576,869860,4096,152,874108,869307.3983667652,869307.3983667652
33,fp8_e4m3_sat,key,ans_lane,64,16,1048576,869716,8192,304,878212,869123.5360241414,869123.5360241414
33,fp8_e4m3_sat,key,ans_lane_shared,16,64,1048576,870716,0,1216,871932,868346.0024014092,868346.0024014092
33,fp8_e4m3_sat,key,ans_lane_shared,256,8,1048576,870488,0,152,870640,869307.3983667652,869307.3983667652
33,fp8_e4m3_sat,key,ans_lane_shared,64,16,1048576,870520,0,304,870824,869123.5360241414,869123.5360241414
33,fp8_e4m3_sat,key,zstd,64,16,1048576,875077,0,304,875381,869123.5360241414,869123.5360241414
33,fp8_e4m3_sat,value,ans_lane,16,64,1048576,870040,32768,1216,904024,869215.1544918331,869215.1544918331
33,fp8_e4m3_sat,value,ans_lane,256,8,1048576,871468,4096,152,875716,870902.2356716773,870902.2356716773
33,fp8_e4m3_sat,value,ans_lane,64,16,1048576,870772,8192,304,879268,870157.3495231604,870157.3495231604
33,fp8_e4m3_sat,value,ans_lane_shared,16,64,1048576,872820,0,1216,874036,869215.1544918331,869215.1544918331
33,fp8_e4m3_sat,value,ans_lane_shared,256,8,1048576,872592,0,152,872744,870902.2356716773,870902.2356716773
33,fp8_e4m3_sat,value,ans_lane_shared,64,16,1048576,872624,0,304,872928,870157.3495231604,870157.3495231604
33,fp8_e4m3_sat,value,zstd,64,16,1048576,876663,0,304,876967,870157.3495231604,870157.3495231604
33,native,convolution,ans_lane,,24,1572864,1062632,24576,648,1087856,1061399.254798258,1235175.3276725751
33,native,convolution,ans_lane_shared,,24,1572864,1064484,0,648,1065132,1061399.254798258,1235175.3276725751
33,native,convolution,zstd,,24,1572864,1242102,0,456,1242558,1061399.254798258,1235175.3276725751
33,native,recurrent,ans_lane,,24,50331648,42951384,49152,1032,43001568,42935041.10102051,47102941.92900306
33,native,recurrent,ans_lane_shared,,24,50331648,42960992,0,1032,42962024,42935041.10102051,47102941.92900306
33,native,recurrent,zstd,,24,50331648,47229594,0,456,47230050,42935041.10102051,47102941.92900306
34,bf16,key,ans_lane,16,864,28311552,19071236,884736,23328,19979300,19045565.209722936,22173138.03467216
34,bf16,key,ans_lane,256,56,28311552,19085332,57344,1512,19144188,19066439.46313113,22192241.30026849
34,bf16,key,ans_lane,64,216,28311552,19082364,221184,5832,19309380,19062061.919174127,22188264.63680397
34,bf16,key,ans_lane_shared,16,864,28311552,19096500,0,23328,19119828,19045565.209722936,22173138.03467216
34,bf16,key,ans_lane_shared,256,56,28311552,19089852,0,1512,19091364,19066439.46313113,22192241.30026849
34,bf16,key,ans_lane_shared,64,216,28311552,19091164,0,5832,19096996,19062061.919174127,22188264.63680397
34,bf16,key,ans_raw,64,216,28311552,22189368,110592,4104,22304064,19062061.919174127,22188264.63680397
34,bf16,key,zstd,64,216,28311552,22279192,0,4104,22283296,19062061.919174127,22188264.63680397
34,bf16,value,ans_lane,16,864,28311552,19086384,884736,23328,19994448,19060594.996160295,22194510.64821505
34,bf16,value,ans_lane,256,56,28311552,19102704,57344,1512,19161560,19083782.044592697,22215812.98183674
34,bf16,value,ans_lane,64,216,28311552,19098776,221184,5832,19325792,19078406.92584289,22210914.10100598
34,bf16,value,ans_lane_shared,16,864,28311552,19118868,0,23328,19142196,19060594.996160295,22194510.64821505
34,bf16,value,ans_lane_shared,256,56,28311552,19112272,0,1512,19113784,19083782.044592697,22215812.98183674
34,bf16,value,ans_lane_shared,64,216,28311552,19113596,0,5832,19119428,19078406.92584289,22210914.10100598
34,bf16,value,ans_raw,64,216,28311552,22212052,110592,4104,22326748,19078406.92584289,22210914.10100598
34,bf16,value,zstd,64,216,28311552,22322210,0,4104,22326314,19078406.92584289,22210914.10100598
34,fp8_e4m3_sat,key,ans_lane,16,864,14155776,11733252,442368,16416,12192036,11722569.135132818,11722569.135132818
34,fp8_e4m3_sat,key,ans_lane,256,56,14155776,11743320,28672,1064,11773056,11736036.155039653,11736036.155039653
34,fp8_e4m3_sat,key,ans_lane,64,216,14155776,11741036,110592,4104,11855732,11733011.65779237,11733011.65779237
34,fp8_e4m3_sat,key,ans_lane_shared,16,864,14155776,11751760,0,16416,11768176,11722569.135132818,11722569.135132818
34,fp8_e4m3_sat,key,ans_lane_shared,256,56,14155776,11748572,0,1064,11749636,11736036.155039653,11736036.155039653
34,fp8_e4m3_sat,key,ans_lane_shared,64,216,14155776,11749176,0,4104,11753280,11733011.65779237,11733011.65779237
34,fp8_e4m3_sat,key,zstd,64,216,14155776,11812793,0,4104,11816897,11733011.65779237,11733011.65779237
34,fp8_e4m3_sat,value,ans_lane,16,864,14155776,11742696,442368,16416,12201480,11731655.069891129,11731655.069891129
34,fp8_e4m3_sat,value,ans_lane,256,56,14155776,11755280,28672,1064,11785016,11747855.389454564,11747855.389454564
34,fp8_e4m3_sat,value,ans_lane,64,216,14155776,11751788,110592,4104,11866484,11743570.456421992,11743570.456421992
34,fp8_e4m3_sat,value,ans_lane_shared,16,864,14155776,11770476,0,16416,11786892,11731655.069891129,11731655.069891129
34,fp8_e4m3_sat,value,ans_lane_shared,256,56,14155776,11767232,0,1064,11768296,11747855.389454564,11747855.389454564
34,fp8_e4m3_sat,value,ans_lane_shared,64,216,14155776,11767868,0,4104,11771972,11743570.456421992,11743570.456421992
34,fp8_e4m3_sat,value,zstd,64,216,14155776,11834326,0,4104,11838430,11743570.456421992,11743570.456421992
34,native,convolution,ans_lane,,24,1572864,1064696,24576,648,1089920,1063464.3783601657,1236813.9437075655
34,native,convolution,ans_lane_shared,,24,1572864,1066840,0,648,1067488,1063464.3783601657,1236813.9437075655
34,native,convolution,zstd,,24,1572864,1243968,0,456,1244424,1063464.3783601657,1236813.9437075655
34,native,recurrent,ans_lane,,24,50331648,42978600,49152,1032,43028784,42962245.44216495,47124813.78689427
34,native,recurrent,ans_lane_shared,,24,50331648,42997976,0,1032,42999008,42962245.44216495,47124813.78689427
34,native,recurrent,zstd,,24,50331648,47231809,0,456,47232265,42962245.44216495,47124813.78689427
35,bf16,key,ans_lane,16,32,1048576,706316,32768,864,739948,705362.2148574099,821196.3116468001
35,bf16,key,ans_lane,256,8,1048576,706736,8192,216,715144,705981.5791712981,821771.5458469924
35,bf16,key,ans_lane,64,8,1048576,706736,8192,216,715144,705981.5791712981,821771.5458469924
35,bf16,key,ans_lane_shared,16,32,1048576,707444,0,864,708308,705362.2148574099,821196.3116468001
35,bf16,key,ans_lane_shared,256,8,1048576,707244,0,216,707460,705981.5791712981,821771.5458469924
35,bf16,key,ans_lane_shared,64,8,1048576,707244,0,216,707460,705981.5791712981,821771.5458469924
35,bf16,key,ans_raw,64,8,1048576,821816,4096,152,826064,705981.5791712981,821771.5458469924
35,bf16,key,zstd,64,8,1048576,825099,0,152,825251,705981.5791712981,821771.5458469924
35,bf16,value,ans_lane,16,32,1048576,706624,32768,864,740256,705664.3957679324,821732.664473486
35,bf16,value,ans_lane,256,8,1048576,707108,8192,216,715516,706347.0442954075,822360.2798116175
35,bf16,value,ans_lane,64,8,1048576,707108,8192,216,715516,706347.0442954075,822360.2798116175
35,bf16,value,ans_lane_shared,16,32,1048576,708888,0,864,709752,705664.3957679324,821732.664473486
35,bf16,value,ans_lane_shared,256,8,1048576,708696,0,216,708912,706347.0442954075,822360.2798116175
35,bf16,value,ans_lane_shared,64,8,1048576,708696,0,216,708912,706347.0442954075,822360.2798116175
35,bf16,value,ans_raw,64,8,1048576,822400,4096,152,826648,706347.0442954075,822360.2798116175
35,bf16,value,zstd,64,8,1048576,826684,0,152,826836,706347.0442954075,822360.2798116175
35,fp8_e4m3_sat,key,ans_lane,16,32,524288,435020,16384,608,452012,434622.8897004373,434622.8897004373
35,fp8_e4m3_sat,key,ans_lane,256,8,524288,435320,4096,152,439568,435025.25651952915,435025.25651952915
35,fp8_e4m3_sat,key,ans_lane,64,8,524288,435320,4096,152,439568,435025.25651952915,435025.25651952915
35,fp8_e4m3_sat,key,ans_lane_shared,16,32,524288,435968,0,608,436576,434622.8897004373,434622.8897004373
35,fp8_e4m3_sat,key,ans_lane_shared,256,8,524288,435868,0,152,436020,435025.25651952915,435025.25651952915
35,fp8_e4m3_sat,key,ans_lane_shared,64,8,524288,435868,0,152,436020,435025.25651952915,435025.25651952915
35,fp8_e4m3_sat,key,zstd,64,8,524288,438053,0,152,438205,435025.25651952915,435025.25651952915
35,fp8_e4m3_sat,value,ans_lane,16,32,524288,434980,16384,608,451972,434563.8442513394,434563.8442513394
35,fp8_e4m3_sat,value,ans_lane,256,8,524288,435356,4096,152,439604,435051.4069279986,435051.4069279986
35,fp8_e4m3_sat,value,ans_lane,64,8,524288,435356,4096,152,439604,435051.4069279986,435051.4069279986
35,fp8_e4m3_sat,value,ans_lane_shared,16,32,524288,436484,0,608,437092,434563.8442513394,434563.8442513394
35,fp8_e4m3_sat,value,ans_lane_shared,256,8,524288,436384,0,152,436536,435051.4069279986,435051.4069279986
35,fp8_e4m3_sat,value,ans_lane_shared,64,8,524288,436384,0,152,436536,435051.4069279986,435051.4069279986
35,fp8_e4m3_sat,value,zstd,64,8,524288,438386,0,152,438538,435051.4069279986,435051.4069279986
35,native,convolution,ans_lane,,24,1572864,1064292,24576,648,1089516,1063060.474399989,1236446.4667852423
35,native,convolution,ans_lane_shared,,24,1572864,1067440,0,648,1068088,1063060.474399989,1236446.4667852423
35,native,convolution,zstd,,24,1572864,1243334,0,456,1243790,1063060.474399989,1236446.4667852423
35,native,recurrent,ans_lane,,24,50331648,43010756,49152,1032,43060940,42994431.76754472,47147774.80787791
35,native,recurrent,ans_lane_shared,,24,50331648,43029372,0,1032,43030404,42994431.76754472,47147774.80787791
35,native,recurrent,zstd,,24,50331648,47250210,0,456,47250666,42994431.76754472,47147774.80787791
36,bf16,key,ans_lane,16,864,28311552,19070620,884736,23328,19978684,19044884.678937986,22172799.771417983
36,bf16,key,ans_lane,256,56,28311552,19084752,57344,1512,19143608,19065867.09635671,22192015.10143276
36,bf16,key,ans_lane,64,216,28311552,19081768,221184,5832,19308784,19061481.448785707,22188043.18433786
36,bf16,key,ans_lane_shared,16,864,28311552,19095868,0,23328,19119196,19044884.678937986,22172799.771417983
36,bf16,key,ans_lane_shared,256,56,28311552,19089148,0,1512,19090660,19065867.09635671,22192015.10143276
36,bf16,key,ans_lane_shared,64,216,28311552,19090512,0,5832,19096344,19061481.448785707,22188043.18433786
36,bf16,key,ans_raw,64,216,28311552,22189180,110592,4104,22303876,19061481.448785707,22188043.18433786
36,bf16,key,zstd,64,216,28311552,22279177,0,4104,22283281,19061481.448785707,22188043.18433786
36,bf16,value,ans_lane,16,864,28311552,19089504,884736,23328,19997568,19063735.83963798,22196711.622730628
36,bf16,value,ans_lane,256,56,28311552,19105728,57344,1512,19164584,19086781.082109407,22217904.415003993
36,bf16,value,ans_lane,64,216,28311552,19101928,221184,5832,19328944,19081519.37045763,22213084.25067838
36,bf16,value,ans_lane_shared,16,864,28311552,19122544,0,23328,19145872,19063735.83963798,22196711.622730628
36,bf16,value,ans_lane_shared,256,56,28311552,19115784,0,1512,19117296,19086781.082109407,22217904.415003993
36,bf16,value,ans_lane_shared,64,216,28311552,19117108,0,5832,19122940,19081519.37045763,22213084.25067838
36,bf16,value,ans_raw,64,216,28311552,22214220,110592,4104,22328916,19081519.37045763,22213084.25067838
36,bf16,value,zstd,64,216,28311552,22324111,0,4104,22328215,19081519.37045763,22213084.25067838
36,fp8_e4m3_sat,key,ans_lane,16,864,14155776,11732312,442368,16416,12191096,11721563.670379477,11721563.670379477
36,fp8_e4m3_sat,key,ans_lane,256,56,14155776,11742440,28672,1064,11772176,11735154.376697259,11735154.376697259
36,fp8_e4m3_sat,key,ans_lane,64,216,14155776,11740064,110592,4104,11854760,11732051.84345436,11732051.84345436
36,fp8_e4m3_sat,key,ans_lane_shared,16,864,14155776,11750800,0,16416,11767216,11721563.670379477,11721563.670379477
36,fp8_e4m3_sat,key,ans_lane_shared,256,56,14155776,11747500,0,1064,11748564,11735154.376697259,11735154.376697259
36,fp8_e4m3_sat,key,ans_lane_shared,64,216,14155776,11748160,0,4104,11752264,11732051.84345436,11732051.84345436
36,fp8_e4m3_sat,key,zstd,64,216,14155776,11811434,0,4104,11815538,11732051.84345436,11732051.84345436
36,fp8_e4m3_sat,value,ans_lane,16,864,14155776,11745728,442368,16416,12204512,11734577.108914318,11734577.108914318
36,fp8_e4m3_sat,value,ans_lane,256,56,14155776,11757944,28672,1064,11787680,11750538.529544039,11750538.529544039
36,fp8_e4m3_sat,value,ans_lane,64,216,14155776,11754676,110592,4104,11869372,11746468.072032813,11746468.072032813
36,fp8_e4m3_sat,value,ans_lane_shared,16,864,14155776,11773756,0,16416,11790172,11734577.108914318,11734577.108914318
36,fp8_e4m3_sat,value,ans_lane_shared,256,56,14155776,11770476,0,1064,11771540,11750538.529544039,11750538.529544039
36,fp8_e4m3_sat,value,ans_lane_shared,64,216,14155776,11771108,0,4104,11775212,11746468.072032813,11746468.072032813
36,fp8_e4m3_sat,value,zstd,64,216,14155776,11837127,0,4104,11841231,11746468.072032813,11746468.072032813
36,native,convolution,ans_lane,,24,1572864,1063868,24576,648,1089092,1062646.4337472252,1236189.6930367895
36,native,convolution,ans_lane_shared,,24,1572864,1066360,0,648,1067008,1062646.4337472252,1236189.6930367895
36,native,convolution,zstd,,24,1572864,1243258,0,456,1243714,1062646.4337472252,1236189.6930367895
36,native,recurrent,ans_lane,,24,50331648,43023764,49152,1032,43073948,43007466.46931151,47157382.84702462
36,native,recurrent,ans_lane_shared,,24,50331648,43059000,0,1032,43060032,43007466.46931151,47157382.84702462
36,native,recurrent,zstd,,24,50331648,47233983,0,456,47234439,43007466.46931151,47157382.84702462
37,bf16,key,ans_lane,16,32,1048576,706384,32768,864,740016,705411.7098850445,821189.7976936816
37,bf16,key,ans_lane,256,8,1048576,706780,8192,216,715188,706025.8203398401,821755.5579813453
37,bf16,key,ans_lane,64,8,1048576,706780,8192,216,715188,706025.8203398401,821755.5579813453
37,bf16,key,ans_lane_shared,16,32,1048576,707492,0,864,708356,705411.7098850445,821189.7976936816
37,bf16,key,ans_lane_shared,256,8,1048576,707288,0,216,707504,706025.8203398401,821755.5579813453
37,bf16,key,ans_lane_shared,64,8,1048576,707288,0,216,707504,706025.8203398401,821755.5579813453
37,bf16,key,ans_raw,64,8,1048576,821796,4096,152,826044,706025.8203398401,821755.5579813453
37,bf16,key,zstd,64,8,1048576,825048,0,152,825200,706025.8203398401,821755.5579813453
37,bf16,value,ans_lane,16,32,1048576,706828,32768,864,740460,705860.7075786878,821906.9354008302
37,bf16,value,ans_lane,256,8,1048576,707272,8192,216,715680,706517.0374517621,822517.4592537563
37,bf16,value,ans_lane,64,8,1048576,707272,8192,216,715680,706517.0374517621,822517.4592537563
37,bf16,value,ans_lane_shared,16,32,1048576,709028,0,864,709892,705860.7075786878,821906.9354008302
37,bf16,value,ans_lane_shared,256,8,1048576,708824,0,216,709040,706517.0374517621,822517.4592537563
37,bf16,value,ans_lane_shared,64,8,1048576,708824,0,216,709040,706517.0374517621,822517.4592537563
37,bf16,value,ans_raw,64,8,1048576,822564,4096,152,826812,706517.0374517621,822517.4592537563
37,bf16,value,zstd,64,8,1048576,826855,0,152,827007,706517.0374517621,822517.4592537563
37,fp8_e4m3_sat,key,ans_lane,16,32,524288,435120,16384,608,452112,434732.71491795266,434732.71491795266
37,fp8_e4m3_sat,key,ans_lane,256,8,524288,435424,4096,152,439672,435130.22874596226,435130.22874596226
37,fp8_e4m3_sat,key,ans_lane,64,8,524288,435424,4096,152,439672,435130.22874596226,435130.22874596226
37,fp8_e4m3_sat,key,ans_lane_shared,16,32,524288,436096,0,608,436704,434732.71491795266,434732.71491795266
37,fp8_e4m3_sat,key,ans_lane_shared,256,8,524288,435996,0,152,436148,435130.22874596226,435130.22874596226
37,fp8_e4m3_sat,key,ans_lane_shared,64,8,524288,435996,0,152,436148,435130.22874596226,435130.22874596226
37,fp8_e4m3_sat,key,zstd,64,8,524288,438116,0,152,438268,435130.22874596226,435130.22874596226
37,fp8_e4m3_sat,value,ans_lane,16,32,524288,435444,16384,608,452436,435031.09636003076,435031.09636003076
37,fp8_e4m3_sat,value,ans_lane,256,8,524288,435788,4096,152,440036,435477.84826058184,435477.84826058184
37,fp8_e4m3_sat,value,ans_lane,64,8,524288,435788,4096,152,440036,435477.84826058184,435477.84826058184
37,fp8_e4m3_sat,value,ans_lane_shared,16,32,524288,436848,0,608,437456,435031.09636003076,435031.09636003076
37,fp8_e4m3_sat,value,ans_lane_shared,256,8,524288,436764,0,152,436916,435477.84826058184,435477.84826058184
37,fp8_e4m3_sat,value,ans_lane_shared,64,8,524288,436764,0,152,436916,435477.84826058184,435477.84826058184
37,fp8_e4m3_sat,value,zstd,64,8,524288,438762,0,152,438914,435477.84826058184,435477.84826058184
37,native,convolution,ans_lane,,24,1572864,1064132,24576,648,1089356,1062902.5081345758,1236378.616476144
37,native,convolution,ans_lane_shared,,24,1572864,1066636,0,648,1067284,1062902.5081345758,1236378.616476144
37,native,convolution,zstd,,24,1572864,1243452,0,456,1243908,1062902.5081345758,1236378.616476144
37,native,recurrent,ans_lane,,24,50331648,42998464,49152,1032,43048648,42982124.24417222,47136853.43895119
37,native,recurrent,ans_lane_shared,,24,50331648,43018804,0,1032,43019836,42982124.24417222,47136853.43895119
37,native,recurrent,zstd,,24,50331648,47238590,0,456,47239046,42982124.24417222,47136853.43895119
38,bf16,key,ans_lane,16,96,3145728,2118304,98304,2592,2219200,2115431.289869023,2462975.67405981
38,bf16,key,ans_lane,256,8,3145728,2119884,8192,216,2128292,2117754.853167304,2465106.8657079735
38,bf16,key,ans_lane,64,24,3145728,2119552,24576,648,2144776,2117290.802099002,2464691.6919788485
38,bf16,key,ans_lane_shared,16,96,3145728,2121352,0,2592,2123944,2115431.289869023,2462975.67405981
38,bf16,key,ans_lane_shared,256,8,3145728,2120624,0,216,2120840,2117754.853167304,2465106.8657079735
38,bf16,key,ans_lane_shared,64,24,3145728,2120776,0,648,2121424,2117290.802099002,2464691.6919788485
38,bf16,key,ans_raw,64,24,3145728,2464812,12288,456,2477556,2117290.802099002,2464691.6919788485
38,bf16,key,zstd,64,24,3145728,2474822,0,456,2475278,2117290.802099002,2464691.6919788485
38,bf16,value,ans_lane,16,96,3145728,2115916,98304,2592,2216812,2113040.63208522,2461272.2155897636
38,bf16,value,ans_lane,256,8,3145728,2117920,8192,216,2126328,2115790.8881783,2463803.809227291
38,bf16,value,ans_lane,64,24,3145728,2117480,24576,648,2142704,2115206.333101883,2463261.2267460097
38,bf16,value,ans_lane_shared,16,96,3145728,2125476,0,2592,2128068,2113040.63208522,2461272.2155897636
38,bf16,value,ans_lane_shared,256,8,3145728,2124728,0,216,2124944,2115790.8881783,2463803.809227291
38,bf16,value,ans_lane_shared,64,24,3145728,2124840,0,648,2125488,2115206.333101883,2463261.2267460097
38,bf16,value,ans_raw,64,24,3145728,2463392,12288,456,2476136,2115206.333101883,2463261.2267460097
38,bf16,value,zstd,64,24,3145728,2476190,0,456,2476646,2115206.333101883,2463261.2267460097
38,fp8_e4m3_sat,key,ans_lane,16,96,1572864,1303912,49152,1824,1354888,1302724.1825428999,1302724.1825428999
38,fp8_e4m3_sat,key,ans_lane,256,8,1572864,1305140,4096,152,1309388,1304328.5050703988,1304328.5050703988
38,fp8_e4m3_sat,key,ans_lane,64,24,1572864,1304864,12288,456,1317608,1303975.7419430732,1303975.7419430732
38,fp8_e4m3_sat,key,ans_lane_shared,16,96,1572864,1306372,0,1824,1308196,1302724.1825428999,1302724.1825428999
38,fp8_e4m3_sat,key,ans_lane_shared,256,8,1572864,1306016,0,152,1306168,1304328.5050703988,1304328.5050703988
38,fp8_e4m3_sat,key,ans_lane_shared,64,24,1572864,1306080,0,456,1306536,1303975.7419430732,1303975.7419430732
38,fp8_e4m3_sat,key,zstd,64,24,1572864,1312767,0,456,1313223,1303975.7419430732,1303975.7419430732
38,fp8_e4m3_sat,value,ans_lane,16,96,1572864,1304776,49152,1824,1355752,1303532.2421135365,1303532.2421135365
38,fp8_e4m3_sat,value,ans_lane,256,8,1572864,1306496,4096,152,1310744,1305657.98239888,1305657.98239888
38,fp8_e4m3_sat,value,ans_lane,64,24,1572864,1306052,12288,456,1318796,1305128.9991247328,1305128.9991247328
38,fp8_e4m3_sat,value,ans_lane_shared,16,96,1572864,1309020,0,1824,1310844,1303532.2421135365,1303532.2421135365
38,fp8_e4m3_sat,value,ans_lane_shared,256,8,1572864,1308672,0,152,1308824,1305657.98239888,1305657.98239888
38,fp8_e4m3_sat,value,ans_lane_shared,64,24,1572864,1308748,0,456,1309204,1305128.9991247328,1305128.9991247328
38,fp8_e4m3_sat,value,zstd,64,24,1572864,1315093,0,456,1315549,1305128.9991247328,1305128.9991247328
38,native,convolution,ans_lane,,24,1572864,1062492,24576,648,1087716,1061277.0991201112,1234909.6274606425
38,native,convolution,ans_lane_shared,,24,1572864,1064516,0,648,1065164,1061277.0991201112,1234909.6274606425
38,native,convolution,zstd,,24,1572864,1241866,0,456,1242322,1061277.0991201112,1234909.6274606425
38,native,recurrent,ans_lane,,24,50331648,43005280,49152,1032,43055464,42988936.098678805,47143179.83496215
38,native,recurrent,ans_lane_shared,,24,50331648,43032140,0,1032,43033172,42988936.098678805,47143179.83496215
38,native,recurrent,zstd,,24,50331648,47235002,0,456,47235458,42988936.098678805,47143179.83496215
39,bf16,key,ans_lane,16,864,28311552,19066748,884736,23328,19974812,19041064.12233635,22169508.95495574
39,bf16,key,ans_lane,256,56,28311552,19080824,57344,1512,19139680,19061947.18648486,22188633.771098424
39,bf16,key,ans_lane,64,216,28311552,19077884,221184,5832,19304900,19057560.919076785,22184657.180158667
39,bf16,key,ans_lane_shared,16,864,28311552,19091984,0,23328,19115312,19041064.12233635,22169508.95495574
39,bf16,key,ans_lane_shared,256,56,28311552,19085240,0,1512,19086752,19061947.18648486,22188633.771098424
39,bf16,key,ans_lane_shared,64,216,28311552,19086592,0,5832,19092424,19057560.919076785,22184657.180158667
39,bf16,key,ans_raw,64,216,28311552,22185780,110592,4104,22300476,19057560.919076785,22184657.180158667
39,bf16,key,zstd,64,216,28311552,22275812,0,4104,22279916,19057560.919076785,22184657.180158667
39,bf16,value,ans_lane,16,864,28311552,19090604,884736,23328,19998668,19064873.916375622,22197656.478793956
39,bf16,value,ans_lane,256,56,28311552,19106620,57344,1512,19165476,19087668.53549443,22218621.311153065
39,bf16,value,ans_lane,64,216,28311552,19103016,221184,5832,19330032,19082664.25443064,22214034.63875466
39,bf16,value,ans_lane_shared,16,864,28311552,19124580,0,23328,19147908,19064873.916375622,22197656.478793956
39,bf16,value,ans_lane_shared,256,56,28311552,19117924,0,1512,19119436,19087668.53549443,22218621.311153065
39,bf16,value,ans_lane_shared,64,216,28311552,19119184,0,5832,19125016,19082664.25443064,22214034.63875466
39,bf16,value,ans_raw,64,216,28311552,22215160,110592,4104,22329856,19082664.25443064,22214034.63875466
39,bf16,value,zstd,64,216,28311552,22324973,0,4104,22329077,19082664.25443064,22214034.63875466
39,fp8_e4m3_sat,key,ans_lane,16,864,14155776,11729376,442368,16416,12188160,11718613.45860491,11718613.45860491
39,fp8_e4m3_sat,key,ans_lane,256,56,14155776,11739408,28672,1064,11769144,11732117.846725773,11732117.846725773
39,fp8_e4m3_sat,key,ans_lane,64,216,14155776,11737096,110592,4104,11851792,11729090.516793467,11729090.516793467
39,fp8_e4m3_sat,key,ans_lane_shared,16,864,14155776,11747856,0,16416,11764272,11718613.45860491,11718613.45860491
39,fp8_e4m3_sat,key,ans_lane_shared,256,56,14155776,11744616,0,1064,11745680,11732117.846725773,11732117.846725773
39,fp8_e4m3_sat,key,ans_lane_shared,64,216,14155776,11745248,0,4104,11749352,11729090.516793467,11729090.516793467
39,fp8_e4m3_sat,key,zstd,64,216,14155776,11808031,0,4104,11812135,11729090.516793467,11729090.516793467
39,fp8_e4m3_sat,value,ans_lane,16,864,14155776,11746676,442368,16416,12205460,11735560.90977321,11735560.90977321
39,fp8_e4m3_sat,value,ans_lane,256,56,14155776,11758792,28672,1064,11788528,11751365.114193464,11751365.114193464
39,fp8_e4m3_sat,value,ans_lane,64,216,14155776,11755712,110592,4104,11870408,11747502.23006546,11747502.23006546
39,fp8_e4m3_sat,value,ans_lane_shared,16,864,14155776,11776016,0,16416,11792432,11735560.90977321,11735560.90977321
39,fp8_e4m3_sat,value,ans_lane_shared,256,56,14155776,11772756,0,1064,11773820,11751365.114193464,11751365.114193464
39,fp8_e4m3_sat,value,ans_lane_shared,64,216,14155776,11773384,0,4104,11777488,11747502.23006546,11747502.23006546
39,fp8_e4m3_sat,value,zstd,64,216,14155776,11838388,0,4104,11842492,11747502.23006546,11747502.23006546
39,native,convolution,ans_lane,,24,1572864,1062600,24576,648,1087824,1061391.5686399946,1235153.9335781385
39,native,convolution,ans_lane_shared,,24,1572864,1064316,0,648,1064964,1061391.5686399946,1235153.9335781385
39,native,convolution,zstd,,24,1572864,1242334,0,456,1242790,1061391.5686399946,1235153.9335781385
39,native,recurrent,ans_lane,,24,50331648,43010928,49152,1032,43061112,42994562.542332835,47148937.40538236
39,native,recurrent,ans_lane_shared,,24,50331648,43043068,0,1032,43044100,42994562.542332835,47148937.40538236
39,native,recurrent,zstd,,24,50331648,47239401,0,456,47239857,42994562.542332835,47148937.40538236
4,bf16,key,ans_lane,16,64,2097152,1413248,65536,1728,1480512,1411345.0053985072,1642993.6955799314
4,bf16,key,ans_lane,256,8,2097152,1414244,8192,216,1422652,1412807.6433665226,1644334.4495356306
4,bf16,key,ans_lane,64,16,2097152,1414104,16384,432,1430920,1412595.5606728643,1644144.2158951599
4,bf16,key,ans_lane_shared,16,64,2097152,1415452,0,1728,1417180,1411345.0053985072,1642993.6955799314
4,bf16,key,ans_lane_shared,256,8,2097152,1414996,0,216,1415212,1412807.6433665226,1644334.4495356306
4,bf16,key,ans_lane_shared,64,16,2097152,1415052,0,432,1415484,1412595.5606728643,1644144.2158951599
4,bf16,key,ans_raw,64,16,2097152,1644224,8192,304,1652720,1412595.5606728643,1644144.2158951599
4,bf16,key,zstd,64,16,2097152,1650728,0,304,1651032,1412595.5606728643,1644144.2158951599
4,bf16,value,ans_lane,16,64,2097152,1409520,65536,1728,1476784,1407629.0982085613,1639671.5559290634
4,bf16,value,ans_lane,256,8,2097152,1410640,8192,216,1419048,1409189.99508374,1641107.149787608
4,bf16,value,ans_lane,64,16,2097152,1410472,16384,432,1427288,1408960.9329850131,1640897.659602103
4,bf16,value,ans_lane_shared,16,64,2097152,1415268,0,1728,1416996,1407629.0982085613,1639671.5559290634
4,bf16,value,ans_lane_shared,256,8,2097152,1414792,0,216,1415008,1409189.99508374,1641107.149787608
4,bf16,value,ans_lane_shared,64,16,2097152,1414860,0,432,1415292,1408960.9329850131,1640897.659602103
4,bf16,value,ans_raw,64,16,2097152,1640984,8192,304,1649480,1408960.9329850131,1640897.659602103
4,bf16,value,zstd,64,16,2097152,1649556,0,304,1649860,1408960.9329850131,1640897.659602103
4,fp8_e4m3_sat,key,ans_lane,16,64,1048576,870808,32768,1216,904792,870031.233272703,870031.233272703
4,fp8_e4m3_sat,key,ans_lane,256,8,1048576,871528,4096,152,875776,870969.740622517,870969.740622517
4,fp8_e4m3_sat,key,ans_lane,64,16,1048576,871408,8192,304,879904,870828.6715191293,870828.6715191293
4,fp8_e4m3_sat,key,ans_lane_shared,16,64,1048576,872564,0,1216,873780,870031.233272703,870031.233272703
4,fp8_e4m3_sat,key,ans_lane_shared,256,8,1048576,872336,0,152,872488,870969.740622517,870969.740622517
4,fp8_e4m3_sat,key,ans_lane_shared,64,16,1048576,872368,0,304,872672,870828.6715191293,870828.6715191293
4,fp8_e4m3_sat,key,zstd,64,16,1048576,876943,0,304,877247,870828.6715191293,870828.6715191293
4,fp8_e4m3_sat,value,ans_lane,16,64,1048576,868748,32768,1216,902732,867924.4367126662,867924.4367126662
4,fp8_e4m3_sat,value,ans_lane,256,8,1048576,869596,4096,152,873844,869027.0571038664,869027.0571038664
4,fp8_e4m3_sat,value,ans_lane,64,16,1048576,869468,8192,304,877964,868861.4875022887,868861.4875022887
4,fp8_e4m3_sat,value,ans_lane_shared,16,64,1048576,870964,0,1216,872180,867924.4367126662,867924.4367126662
4,fp8_e4m3_sat,value,ans_lane_shared,256,8,1048576,870736,0,152,870888,869027.0571038664,869027.0571038664
4,fp8_e4m3_sat,value,ans_lane_shared,64,16,1048576,870768,0,304,871072,868861.4875022887,868861.4875022887
4,fp8_e4m3_sat,value,zstd,64,16,1048576,875674,0,304,875978,868861.4875022887,868861.4875022887
4,native,convolution,ans_lane,,24,1572864,1061996,24576,648,1087220,1060761.4212521126,1234523.6135554586
4,native,convolution,ans_lane_shared,,24,1572864,1063716,0,648,1064364,1060761.4212521126,1234523.6135554586
4,native,convolution,zstd,,24,1572864,1241477,0,456,1241933,1060761.4212521126,1234523.6135554586
4,native,recurrent,ans_lane,,24,50331648,43018600,49152,1032,43068784,43002241.40949496,47157387.11328446
4,native,recurrent,ans_lane_shared,,24,50331648,43060472,0,1032,43061504,43002241.40949496,47157387.11328446
4,native,recurrent,zstd,,24,50331648,47234437,0,456,47234893,43002241.40949496,47157387.11328446
40,bf16,key,ans_lane,16,32,1048576,706288,32768,864,739920,705338.3727210115,821105.3597086818
40,bf16,key,ans_lane,256,8,1048576,706720,8192,216,715128,705959.1834250551,821674.8157607189
40,bf16,key,ans_lane,64,8,1048576,706720,8192,216,715128,705959.1834250551,821674.8157607189
40,bf16,key,ans_lane_shared,16,32,1048576,707392,0,864,708256,705338.3727210115,821105.3597086818
40,bf16,key,ans_lane_shared,256,8,1048576,707200,0,216,707416,705959.1834250551,821674.8157607189
40,bf16,key,ans_lane_shared,64,8,1048576,707200,0,216,707416,705959.1834250551,821674.8157607189
40,bf16,key,ans_raw,64,8,1048576,821716,4096,152,825964,705959.1834250551,821674.8157607189
40,bf16,key,zstd,64,8,1048576,825028,0,152,825180,705959.1834250551,821674.8157607189
40,bf16,value,ans_lane,16,32,1048576,706576,32768,864,740208,705621.0335642801,821671.1739872706
40,bf16,value,ans_lane,256,8,1048576,707068,8192,216,715476,706302.0558303858,822302.3175085791
40,bf16,value,ans_lane,64,8,1048576,707068,8192,216,715476,706302.0558303858,822302.3175085791
40,bf16,value,ans_lane_shared,16,32,1048576,708724,0,864,709588,705621.0335642801,821671.1739872706
40,bf16,value,ans_lane_shared,256,8,1048576,708512,0,216,708728,706302.0558303858,822302.3175085791
40,bf16,value,ans_lane_shared,64,8,1048576,708512,0,216,708728,706302.0558303858,822302.3175085791
40,bf16,value,ans_raw,64,8,1048576,822348,4096,152,826596,706302.0558303858,822302.3175085791
40,bf16,value,zstd,64,8,1048576,826569,0,152,826721,706302.0558303858,822302.3175085791
40,fp8_e4m3_sat,key,ans_lane,16,32,524288,435096,16384,608,452088,434694.88528362254,434694.88528362254
40,fp8_e4m3_sat,key,ans_lane,256,8,524288,435392,4096,152,439640,435094.3746052233,435094.3746052233
40,fp8_e4m3_sat,key,ans_lane,64,8,524288,435392,4096,152,439640,435094.3746052233,435094.3746052233
40,fp8_e4m3_sat,key,ans_lane_shared,16,32,524288,436012,0,608,436620,434694.88528362254,434694.88528362254
40,fp8_e4m3_sat,key,ans_lane_shared,256,8,524288,435912,0,152,436064,435094.3746052233,435094.3746052233
40,fp8_e4m3_sat,key,ans_lane_shared,64,8,524288,435912,0,152,436064,435094.3746052233,435094.3746052233
40,fp8_e4m3_sat,key,zstd,64,8,524288,438065,0,152,438217,435094.3746052233,435094.3746052233
40,fp8_e4m3_sat,value,ans_lane,16,32,524288,435124,16384,608,452116,434705.0994899778,434705.0994899778
40,fp8_e4m3_sat,value,ans_lane,256,8,524288,435496,4096,152,439744,435190.2350906964,435190.2350906964
40,fp8_e4m3_sat,value,ans_lane,64,8,524288,435496,4096,152,439744,435190.2350906964,435190.2350906964
40,fp8_e4m3_sat,value,ans_lane_shared,16,32,524288,436480,0,608,437088,434705.0994899778,434705.0994899778
40,fp8_e4m3_sat,value,ans_lane_shared,256,8,524288,436384,0,152,436536,435190.2350906964,435190.2350906964
40,fp8_e4m3_sat,value,ans_lane_shared,64,8,524288,436384,0,152,436536,435190.2350906964,435190.2350906964
40,fp8_e4m3_sat,value,zstd,64,8,524288,438442,0,152,438594,435190.2350906964,435190.2350906964
40,native,convolution,ans_lane,,24,1572864,1062068,24576,648,1087292,1060838.6201293843,1234614.5386335228
40,native,convolution,ans_lane_shared,,24,1572864,1064672,0,648,1065320,1060838.6201293843,1234614.5386335228
40,native,convolution,zstd,,24,1572864,1241567,0,456,1242023,1060838.6201293843,1234614.5386335228
40,native,recurrent,ans_lane,,24,50331648,42959860,49152,1032,43010044,42943463.6946219,47107578.44287246
40,native,recurrent,ans_lane_shared,,24,50331648,42980568,0,1032,42981600,42943463.6946219,47107578.44287246
40,native,recurrent,zstd,,24,50331648,47225527,0,456,47225983,42943463.6946219,47107578.44287246
41,bf16,key,ans_lane,16,832,27262976,18357880,851968,22464,19232312,18333125.038781073,21345319.17663274
41,bf16,key,ans_lane,256,56,27262976,18371348,57344,1512,18430204,18353160.297155168,21363671.196692675
41,bf16,key,ans_lane,64,208,27262976,18368540,212992,5616,18587148,18349023.707253758,21359909.22509328
41,bf16,key,ans_lane_shared,16,832,27262976,18381844,0,22464,18404308,18333125.038781073,21345319.17663274
41,bf16,key,ans_lane_shared,256,56,27262976,18375468,0,1512,18376980,18353160.297155168,21363671.196692675
41,bf16,key,ans_lane_shared,64,208,27262976,18376708,0,5616,18382324,18349023.707253758,21359909.22509328
41,bf16,key,ans_raw,64,208,27262976,21361016,106496,3952,21471464,18349023.707253758,21359909.22509328
41,bf16,key,zstd,64,208,27262976,21448321,0,3952,21452273,18349023.707253758,21359909.22509328
41,bf16,value,ans_lane,16,832,27262976,18385368,851968,22464,19259800,18360498.610918265,21376664.469649974
41,bf16,value,ans_lane,256,56,27262976,18400560,57344,1512,18459416,18382297.197593033,21396706.695140604
41,bf16,value,ans_lane,64,208,27262976,18397088,212992,5616,18615696,18377528.86143881,21392356.596492626
41,bf16,value,ans_lane_shared,16,832,27262976,18417452,0,22464,18439916,18360498.610918265,21376664.469649974
41,bf16,value,ans_lane_shared,256,56,27262976,18410996,0,1512,18412508,18382297.197593033,21396706.695140604
41,bf16,value,ans_lane_shared,64,208,27262976,18412252,0,5616,18417868,18377528.86143881,21392356.596492626
41,bf16,value,ans_raw,64,208,27262976,21393444,106496,3952,21503892,18377528.86143881,21392356.596492626
41,bf16,value,zstd,64,208,27262976,21499428,0,3952,21503380,18377528.86143881,21392356.596492626
41,fp8_e4m3_sat,key,ans_lane,16,832,13631488,11291808,425984,15808,11733600,11281418.45785485,11281418.45785485
41,fp8_e4m3_sat,key,ans_lane,256,56,13631488,11301320,28672,1064,11331056,11294302.188118385,11294302.188118385
41,fp8_e4m3_sat,key,ans_lane,64,208,13631488,11299156,106496,3952,11409604,11291433.561432214,11291433.561432214
41,fp8_e4m3_sat,key,ans_lane_shared,16,832,13631488,11309304,0,15808,11325112,11281418.45785485,11281418.45785485
41,fp8_e4m3_sat,key,ans_lane_shared,256,56,13631488,11306180,0,1064,11307244,11294302.188118385,11294302.188118385
41,fp8_e4m3_sat,key,ans_lane_shared,64,208,13631488,11306792,0,3952,11310744,11291433.561432214,11291433.561432214
41,fp8_e4m3_sat,key,zstd,64,208,13631488,11367163,0,3952,11371115,11291433.561432214,11291433.561432214
41,fp8_e4m3_sat,value,ans_lane,16,832,13631488,11313276,425984,15808,11755068,11302612.696869945,11302612.696869945
41,fp8_e4m3_sat,value,ans_lane,256,56,13631488,11324508,28672,1064,11354244,11317340.100169487,11317340.100169487
41,fp8_e4m3_sat,value,ans_lane,64,208,13631488,11321720,106496,3952,11432168,11313802.6009768,11313802.6009768
41,fp8_e4m3_sat,value,ans_lane_shared,16,832,13631488,11340452,0,15808,11356260,11302612.696869945,11302612.696869945
41,fp8_e4m3_sat,value,ans_lane_shared,256,56,13631488,11337416,0,1064,11338480,11317340.100169487,11317340.100169487
41,fp8_e4m3_sat,value,ans_lane_shared,64,208,13631488,11338008,0,3952,11341960,11313802.6009768,11313802.6009768
41,fp8_e4m3_sat,value,zstd,64,208,13631488,11400469,0,3952,11404421,11313802.6009768,11313802.6009768
41,native,convolution,ans_lane,,24,1572864,1063168,24576,648,1088392,1061945.6322362847,1235420.7820966756
41,native,convolution,ans_lane_shared,,24,1572864,1065488,0,648,1066136,1061945.6322362847,1235420.7820966756
41,native,convolution,zstd,,24,1572864,1242295,0,456,1242751,1061945.6322362847,1235420.7820966756
41,native,recurrent,ans_lane,,24,50331648,42968700,49152,1032,43018884,42952346.88984339,47114485.80417641
41,native,recurrent,ans_lane_shared,,24,50331648,42985420,0,1032,42986452,42952346.88984339,47114485.80417641
41,native,recurrent,zstd,,24,50331648,47224437,0,456,47224893,42952346.88984339,47114485.80417641
42,bf16,key,ans_lane,16,64,2097152,1412748,65536,1728,1480012,1410841.5866734607,1642234.6280993144
42,bf16,key,ans_lane,256,8,2097152,1413748,8192,216,1422156,1412310.2586123473,1643589.7405526172
42,bf16,key,ans_lane,64,16,2097152,1413608,16384,432,1430424,1412101.5618032506,1643398.5439906945
42,bf16,key,ans_lane_shared,16,64,2097152,1414936,0,1728,1416664,1410841.5866734607,1642234.6280993144
42,bf16,key,ans_lane_shared,256,8,2097152,1414480,0,216,1414696,1412310.2586123473,1643589.7405526172
42,bf16,key,ans_lane_shared,64,16,2097152,1414536,0,432,1414968,1412101.5618032506,1643398.5439906945
42,bf16,key,ans_raw,64,16,2097152,1643488,8192,304,1651984,1412101.5618032506,1643398.5439906945
42,bf16,key,zstd,64,16,2097152,1650015,0,304,1650319,1412101.5618032506,1643398.5439906945
42,bf16,value,ans_lane,16,64,2097152,1410464,65536,1728,1477728,1408561.738033133,1640665.75157946
42,bf16,value,ans_lane,256,8,2097152,1411552,8192,216,1419960,1410109.2728996896,1642090.1333825747
42,bf16,value,ans_lane,64,16,2097152,1411396,16384,432,1428212,1409879.5517645625,1641878.8079129267
42,bf16,value,ans_lane_shared,16,64,2097152,1416616,0,1728,1418344,1408561.738033133,1640665.75157946
42,bf16,value,ans_lane_shared,256,8,2097152,1416152,0,216,1416368,1410109.2728996896,1642090.1333825747
42,bf16,value,ans_lane_shared,64,16,2097152,1416220,0,432,1416652,1409879.5517645625,1641878.8079129267
42,bf16,value,ans_raw,64,16,2097152,1641968,8192,304,1650464,1409879.5517645625,1641878.8079129267
42,bf16,value,zstd,64,16,2097152,1650524,0,304,1650828,1409879.5517645625,1641878.8079129267
42,fp8_e4m3_sat,key,ans_lane,16,64,1048576,870028,32768,1216,904012,869244.0304825093,869244.0304825093
42,fp8_e4m3_sat,key,ans_lane,256,8,1048576,870784,4096,152,875032,870228.0449018768,870228.0449018768
42,fp8_e4m3_sat,key,ans_lane,64,16,1048576,870684,8192,304,879180,870093.8285819619,870093.8285819619
42,fp8_e4m3_sat,key,ans_lane_shared,16,64,1048576,871844,0,1216,873060,869244.0304825093,869244.0304825093
42,fp8_e4m3_sat,key,ans_lane_shared,256,8,1048576,871608,0,152,871760,870228.0449018768,870228.0449018768
42,fp8_e4m3_sat,key,ans_lane_shared,64,16,1048576,871640,0,304,871944,870093.8285819619,870093.8285819619
42,fp8_e4m3_sat,key,zstd,64,16,1048576,876012,0,304,876316,870093.8285819619,870093.8285819619
42,fp8_e4m3_sat,value,ans_lane,16,64,1048576,869636,32768,1216,903620,868815.7637451376,868815.7637451376
42,fp8_e4m3_sat,value,ans_lane,256,8,1048576,870480,4096,152,874728,869907.0034737526,869907.0034737526
42,fp8_e4m3_sat,value,ans_lane,64,16,1048576,870348,8192,304,878844,869734.5511359863,869734.5511359863
42,fp8_e4m3_sat,value,ans_lane_shared,16,64,1048576,872236,0,1216,873452,868815.7637451376,868815.7637451376
42,fp8_e4m3_sat,value,ans_lane_shared,256,8,1048576,872012,0,152,872164,869907.0034737526,869907.0034737526
42,fp8_e4m3_sat,value,ans_lane_shared,64,16,1048576,872040,0,304,872344,869734.5511359863,869734.5511359863
42,fp8_e4m3_sat,value,zstd,64,16,1048576,876369,0,304,876673,869734.5511359863,869734.5511359863
42,native,convolution,ans_lane,,24,1572864,1064884,24576,648,1090108,1063649.7657881277,1237151.256793329
42,native,convolution,ans_lane_shared,,24,1572864,1068064,0,648,1068712,1063649.7657881277,1237151.256793329
42,native,convolution,zstd,,24,1572864,1244007,0,456,1244463,1063649.7657881277,1237151.256793329
42,native,recurrent,ans_lane,,24,50331648,43017708,49152,1032,43067892,43001385.795045346,47153519.96137421
42,native,recurrent,ans_lane_shared,,24,50331648,43054236,0,1032,43055268,43001385.795045346,47153519.96137421
42,native,recurrent,zstd,,24,50331648,47233463,0,456,47233919,43001385.795045346,47153519.96137421
43,bf16,key,ans_lane,16,64,2097152,1412452,65536,1728,1479716,1410567.8874052514,1642214.2091243553
43,bf16,key,ans_lane,256,8,2097152,1413432,8192,216,1421840,1411991.8450663658,1643527.122267425
43,bf16,key,ans_lane,64,16,2097152,1413272,16384,432,1430088,1411770.270532154,1643326.0386443485
43,bf16,key,ans_lane_shared,16,64,2097152,1414388,0,1728,1416116,1410567.8874052514,1642214.2091243553
43,bf16,key,ans_lane_shared,256,8,2097152,1413932,0,216,1414148,1411991.8450663658,1643527.122267425
43,bf16,key,ans_lane_shared,64,16,2097152,1413988,0,432,1414420,1411770.270532154,1643326.0386443485
43,bf16,key,ans_raw,64,16,2097152,1643408,8192,304,1651904,1411770.270532154,1643326.0386443485
43,bf16,key,zstd,64,16,2097152,1650102,0,304,1650406,1411770.270532154,1643326.0386443485
43,bf16,value,ans_lane,16,64,2097152,1411916,65536,1728,1479180,1410019.466742476,1641985.8007259166
43,bf16,value,ans_lane,256,8,2097152,1413056,8192,216,1421464,1411617.9582871483,1643463.2961212045
43,bf16,value,ans_lane,64,16,2097152,1412852,16384,432,1429668,1411342.6397816315,1643209.974160911
43,bf16,value,ans_lane_shared,16,64,2097152,1417832,0,1728,1419560,1410019.466742476,1641985.8007259166
43,bf16,value,ans_lane_shared,256,8,2097152,1417400,0,216,1417616,1411617.9582871483,1643463.2961212045
43,bf16,value,ans_lane_shared,64,16,2097152,1417460,0,432,1417892,1411342.6397816315,1643209.974160911
43,bf16,value,ans_raw,64,16,2097152,1643292,8192,304,1651788,1411342.6397816315,1643209.974160911
43,bf16,value,zstd,64,16,2097152,1651831,0,304,1652135,1411342.6397816315,1643209.974160911
43,fp8_e4m3_sat,key,ans_lane,16,64,1048576,869292,32768,1216,903276,868478.7799905468,868478.7799905468
43,fp8_e4m3_sat,key,ans_lane,256,8,1048576,869984,4096,152,874232,869425.9645303033,869425.9645303033
43,fp8_e4m3_sat,key,ans_lane,64,16,1048576,869860,8192,304,878356,869279.8589759571,869279.8589759571
43,fp8_e4m3_sat,key,ans_lane_shared,16,64,1048576,870716,0,1216,871932,868478.7799905468,868478.7799905468
43,fp8_e4m3_sat,key,ans_lane_shared,256,8,1048576,870496,0,152,870648,869425.9645303033,869425.9645303033
43,fp8_e4m3_sat,key,ans_lane_shared,64,16,1048576,870528,0,304,870832,869279.8589759571,869279.8589759571
43,fp8_e4m3_sat,key,zstd,64,16,1048576,875106,0,304,875410,869279.8589759571,869279.8589759571
43,fp8_e4m3_sat,value,ans_lane,16,64,1048576,871008,32768,1216,904992,870159.9193196122,870159.9193196122
43,fp8_e4m3_sat,value,ans_lane,256,8,1048576,871860,4096,152,876108,871289.5920223789,871289.5920223789
43,fp8_e4m3_sat,value,ans_lane,64,16,1048576,871672,8192,304,880168,871063.9458223346,871063.9458223346
43,fp8_e4m3_sat,value,ans_lane_shared,16,64,1048576,873340,0,1216,874556,870159.9193196122,870159.9193196122
43,fp8_e4m3_sat,value,ans_lane_shared,256,8,1048576,873120,0,152,873272,871289.5920223789,871289.5920223789
43,fp8_e4m3_sat,value,ans_lane_shared,64,16,1048576,873156,0,304,873460,871063.9458223346,871063.9458223346
43,fp8_e4m3_sat,value,zstd,64,16,1048576,877749,0,304,878053,871063.9458223346,871063.9458223346
43,native,convolution,ans_lane,,24,1572864,1060964,24576,648,1086188,1059749.1527770036,1233480.966911293
43,native,convolution,ans_lane_shared,,24,1572864,1062536,0,648,1063184,1059749.1527770036,1233480.966911293
43,native,convolution,zstd,,24,1572864,1240431,0,456,1240887,1059749.1527770036,1233480.966911293
43,native,recurrent,ans_lane,,24,50331648,42966536,49152,1032,43016720,42950161.44710163,47114049.383202575
43,native,recurrent,ans_lane_shared,,24,50331648,42984272,0,1032,42985304,42950161.44710163,47114049.383202575
43,native,recurrent,zstd,,24,50331648,47236206,0,456,47236662,42950161.44710163,47114049.383202575
5,bf16,key,ans_lane,16,96,3145728,2120196,98304,2592,2221092,2117341.540244393,2465040.434623875
5,bf16,key,ans_lane,256,8,3145728,2121740,8192,216,2130148,2119620.819710719,2467139.967540495
5,bf16,key,ans_lane,64,24,3145728,2121456,24576,648,2146680,2119184.391949571,2466743.2584722033
5,bf16,key,ans_lane_shared,16,96,3145728,2123236,0,2592,2125828,2117341.540244393,2465040.434623875
5,bf16,key,ans_lane_shared,256,8,3145728,2122524,0,216,2122740,2119620.819710719,2467139.967540495
5,bf16,key,ans_lane_shared,64,24,3145728,2122664,0,648,2123312,2119184.391949571,2466743.2584722033
5,bf16,key,ans_raw,64,24,3145728,2466860,12288,456,2479604,2119184.391949571,2466743.2584722033
5,bf16,key,zstd,64,24,3145728,2476662,0,456,2477118,2119184.391949571,2466743.2584722033
5,bf16,value,ans_lane,16,96,3145728,2113916,98304,2592,2214812,2111058.2642491274,2459243.714886155
5,bf16,value,ans_lane,256,8,3145728,2115628,8192,216,2124036,2113489.546132646,2461495.893454998
5,bf16,value,ans_lane,64,24,3145728,2115308,24576,648,2140532,2113029.9183747056,2461071.7381539713
5,bf16,value,ans_lane_shared,16,96,3145728,2122336,0,2592,2124928,2111058.2642491274,2459243.714886155
5,bf16,value,ans_lane_shared,256,8,3145728,2121616,0,216,2121832,2113489.546132646,2461495.893454998
5,bf16,value,ans_lane_shared,64,24,3145728,2121744,0,648,2122392,2113029.9183747056,2461071.7381539713
5,bf16,value,ans_raw,64,24,3145728,2461192,12288,456,2473936,2113029.9183747056,2461071.7381539713
5,bf16,value,zstd,64,24,3145728,2473869,0,456,2474325,2113029.9183747056,2461071.7381539713
5,fp8_e4m3_sat,key,ans_lane,16,96,1572864,1306020,49152,1824,1356996,1304825.9923232498,1304825.9923232498
5,fp8_e4m3_sat,key,ans_lane,256,8,1572864,1307160,4096,152,1311408,1306345.9501576247,1306345.9501576247
5,fp8_e4m3_sat,key,ans_lane,64,24,1572864,1306928,12288,456,1319672,1306030.3178364031,1306030.3178364031
5,fp8_e4m3_sat,key,ans_lane_shared,16,96,1572864,1308376,0,1824,1310200,1304825.9923232498,1304825.9923232498
5,fp8_e4m3_sat,key,ans_lane_shared,256,8,1572864,1308012,0,152,1308164,1306345.9501576247,1306345.9501576247
5,fp8_e4m3_sat,key,ans_lane_shared,64,24,1572864,1308072,0,456,1308528,1306030.3178364031,1306030.3178364031
5,fp8_e4m3_sat,key,zstd,64,24,1572864,1315047,0,456,1315503,1306030.3178364031,1306030.3178364031
5,fp8_e4m3_sat,value,ans_lane,16,96,1572864,1302808,49152,1824,1353784,1301571.5986925715,1301571.5986925715
5,fp8_e4m3_sat,value,ans_lane,256,8,1572864,1304068,4096,152,1308316,1303235.916218224,1303235.916218224
5,fp8_e4m3_sat,value,ans_lane,64,24,1572864,1303820,12288,456,1316564,1302903.4503569417,1302903.4503569417
5,fp8_e4m3_sat,value,ans_lane_shared,16,96,1572864,1305996,0,1824,1307820,1301571.5986925715,1301571.5986925715
5,fp8_e4m3_sat,value,ans_lane_shared,256,8,1572864,1305652,0,152,1305804,1303235.916218224,1303235.916218224
5,fp8_e4m3_sat,value,ans_lane_shared,64,24,1572864,1305712,0,456,1306168,1302903.4503569417,1302903.4503569417
5,fp8_e4m3_sat,value,zstd,64,24,1572864,1313097,0,456,1313553,1302903.4503569417,1302903.4503569417
5,native,convolution,ans_lane,,24,1572864,1062104,24576,648,1087328,1060874.8701434103,1234533.2188205726
5,native,convolution,ans_lane_shared,,24,1572864,1064340,0,648,1064988,1060874.8701434103,1234533.2188205726
5,native,convolution,zstd,,24,1572864,1241434,0,456,1241890,1060874.8701434103,1234533.2188205726
5,native,recurrent,ans_lane,,24,50331648,42931768,49152,1032,42981952,42915399.20363855,47092428.71387928
5,native,recurrent,ans_lane_shared,,24,50331648,42945364,0,1032,42946396,42915399.20363855,47092428.71387928
5,native,recurrent,zstd,,24,50331648,47203628,0,456,47204084,42915399.20363855,47092428.71387928
6,bf16,key,ans_lane,16,64,2097152,1413172,65536,1728,1480436,1411231.4067744897,1642786.7961383406
6,bf16,key,ans_lane,256,8,2097152,1414148,8192,216,1422556,1412715.9431951926,1644147.141805461
6,bf16,key,ans_lane,64,16,2097152,1414016,16384,432,1430832,1412505.999784659,1643955.0787361623
6,bf16,key,ans_lane_shared,16,64,2097152,1415412,0,1728,1417140,1411231.4067744897,1642786.7961383406
6,bf16,key,ans_lane_shared,256,8,2097152,1414936,0,216,1415152,1412715.9431951926,1644147.141805461
6,bf16,key,ans_lane_shared,64,16,2097152,1415008,0,432,1415440,1412505.999784659,1643955.0787361623
6,bf16,key,ans_raw,64,16,2097152,1644044,8192,304,1652540,1412505.999784659,1643955.0787361623
6,bf16,key,zstd,64,16,2097152,1650428,0,304,1650732,1412505.999784659,1643955.0787361623
6,bf16,value,ans_lane,16,64,2097152,1409560,65536,1728,1476824,1407644.48422998,1639763.674687321
6,bf16,value,ans_lane,256,8,2097152,1410736,8192,216,1419144,1409296.082355551,1641295.4487289959
6,bf16,value,ans_lane,64,16,2097152,1410552,16384,432,1427368,1409037.642693592,1641056.1652658163
6,bf16,value,ans_lane_shared,16,64,2097152,1415388,0,1728,1417116,1407644.48422998,1639763.674687321
6,bf16,value,ans_lane_shared,256,8,2097152,1414920,0,216,1415136,1409296.082355551,1641295.4487289959
6,bf16,value,ans_lane_shared,64,16,2097152,1414976,0,432,1415408,1409037.642693592,1641056.1652658163
6,bf16,value,ans_raw,64,16,2097152,1641136,8192,304,1649632,1409037.642693592,1641056.1652658163
6,bf16,value,zstd,64,16,2097152,1649635,0,304,1649939,1409037.642693592,1641056.1652658163
6,fp8_e4m3_sat,key,ans_lane,16,64,1048576,870580,32768,1216,904564,869786.1287649442,869786.1287649442
6,fp8_e4m3_sat,key,ans_lane,256,8,1048576,871316,4096,152,875564,870764.634427313,870764.634427313
6,fp8_e4m3_sat,key,ans_lane,64,16,1048576,871212,8192,304,879708,870631.0497365171,870631.0497365171
6,fp8_e4m3_sat,key,ans_lane_shared,16,64,1048576,872420,0,1216,873636,869786.1287649442,869786.1287649442
6,fp8_e4m3_sat,key,ans_lane_shared,256,8,1048576,872172,0,152,872324,870764.634427313,870764.634427313
6,fp8_e4m3_sat,key,ans_lane_shared,64,16,1048576,872204,0,304,872508,870631.0497365171,870631.0497365171
6,fp8_e4m3_sat,key,zstd,64,16,1048576,876766,0,304,877070,870631.0497365171,870631.0497365171
6,fp8_e4m3_sat,value,ans_lane,16,64,1048576,868624,32768,1216,902608,867813.6840148347,867813.6840148347
6,fp8_e4m3_sat,value,ans_lane,256,8,1048576,869616,4096,152,873864,869044.6171366613,869044.6171366613
6,fp8_e4m3_sat,value,ans_lane,64,16,1048576,869456,8192,304,877952,868838.3341040984,868838.3341040984
6,fp8_e4m3_sat,value,ans_lane_shared,16,64,1048576,870968,0,1216,872184,867813.6840148347,867813.6840148347
6,fp8_e4m3_sat,value,ans_lane_shared,256,8,1048576,870740,0,152,870892,869044.6171366613,869044.6171366613
6,fp8_e4m3_sat,value,ans_lane_shared,64,16,1048576,870780,0,304,871084,868838.3341040984,868838.3341040984
6,fp8_e4m3_sat,value,zstd,64,16,1048576,875609,0,304,875913,868838.3341040984,868838.3341040984
6,native,convolution,ans_lane,,24,1572864,1062344,24576,648,1087568,1061115.8726937233,1234636.4536928916
6,native,convolution,ans_lane_shared,,24,1572864,1065508,0,648,1066156,1061115.8726937233,1234636.4536928916
6,native,convolution,zstd,,24,1572864,1241304,0,456,1241760,1061115.8726937233,1234636.4536928916
6,native,recurrent,ans_lane,,24,50331648,42930356,49152,1032,42980540,42913966.3372597,47090084.69349897
6,native,recurrent,ans_lane_shared,,24,50331648,42943228,0,1032,42944260,42913966.3372597,47090084.69349897
6,native,recurrent,zstd,,24,50331648,47199539,0,456,47199995,42913966.3372597,47090084.69349897
7,bf16,key,ans_lane,16,64,2097152,1412700,65536,1728,1479964,1410766.4127211415,1642307.2643046582
7,bf16,key,ans_lane,256,8,2097152,1413704,8192,216,1422112,1412262.1514980712,1643669.5308811276
7,bf16,key,ans_lane,64,16,2097152,1413520,16384,432,1430336,1412012.3444112677,1643451.8546017022
7,bf16,key,ans_lane_shared,16,64,2097152,1415168,0,1728,1416896,1410766.4127211415,1642307.2643046582
7,bf16,key,ans_lane_shared,256,8,2097152,1414704,0,216,1414920,1412262.1514980712,1643669.5308811276
7,bf16,key,ans_lane_shared,64,16,2097152,1414768,0,432,1415200,1412012.3444112677,1643451.8546017022
7,bf16,key,ans_raw,64,16,2097152,1643536,8192,304,1652032,1412012.3444112677,1643451.8546017022
7,bf16,key,zstd,64,16,2097152,1649973,0,304,1650277,1412012.3444112677,1643451.8546017022
7,bf16,value,ans_lane,16,64,2097152,1409916,65536,1728,1477180,1408000.551219774,1640010.8667146855
7,bf16,value,ans_lane,256,8,2097152,1411604,8192,216,1420012,1410152.73200824,1641981.7263367535
7,bf16,value,ans_lane,64,16,2097152,1410848,16384,432,1427664,1409328.9858355133,1641237.3721371016
7,bf16,value,ans_lane_shared,16,64,2097152,1415772,0,1728,1417500,1408000.551219774,1640010.8667146855
7,bf16,value,ans_lane_shared,256,8,2097152,1415276,0,216,1415492,1410152.73200824,1641981.7263367535
7,bf16,value,ans_lane_shared,64,16,2097152,1415364,0,432,1415796,1409328.9858355133,1641237.3721371016
7,bf16,value,ans_raw,64,16,2097152,1641324,8192,304,1649820,1409328.9858355133,1641237.3721371016
7,bf16,value,zstd,64,16,2097152,1649950,0,304,1650254,1409328.9858355133,1641237.3721371016
7,fp8_e4m3_sat,key,ans_lane,16,64,1048576,870480,32768,1216,904464,869695.0768221752,869695.0768221752
7,fp8_e4m3_sat,key,ans_lane,256,8,1048576,871260,4096,152,875508,870708.8480665416,870708.8480665416
7,fp8_e4m3_sat,key,ans_lane,64,16,1048576,871084,8192,304,879580,870503.5271463699,870503.5271463699
7,fp8_e4m3_sat,key,ans_lane_shared,16,64,1048576,872604,0,1216,873820,869695.0768221752,869695.0768221752
7,fp8_e4m3_sat,key,ans_lane_shared,256,8,1048576,872384,0,152,872536,870708.8480665416,870708.8480665416
7,fp8_e4m3_sat,key,ans_lane_shared,64,16,1048576,872420,0,304,872724,870503.5271463699,870503.5271463699
7,fp8_e4m3_sat,key,zstd,64,16,1048576,876649,0,304,876953,870503.5271463699,870503.5271463699
7,fp8_e4m3_sat,value,ans_lane,16,64,1048576,869348,32768,1216,903332,868531.300845221,868531.300845221
7,fp8_e4m3_sat,value,ans_lane,256,8,1048576,871020,4096,152,875268,870463.8243390471,870463.8243390471
7,fp8_e4m3_sat,value,ans_lane,64,16,1048576,870108,8192,304,878604,869497.0713357053,869497.0713357053
7,fp8_e4m3_sat,value,ans_lane_shared,16,64,1048576,871820,0,1216,873036,868531.300845221,868531.300845221
7,fp8_e4m3_sat,value,ans_lane_shared,256,8,1048576,871592,0,152,871744,870463.8243390471,870463.8243390471
7,fp8_e4m3_sat,value,ans_lane_shared,64,16,1048576,871628,0,304,871932,869497.0713357053,869497.0713357053
7,fp8_e4m3_sat,value,zstd,64,16,1048576,876026,0,304,876330,869497.0713357053,869497.0713357053
7,native,convolution,ans_lane,,24,1572864,1062848,24576,648,1088072,1061623.5110332028,1235153.3494626419
7,native,convolution,ans_lane_shared,,24,1572864,1064440,0,648,1065088,1061623.5110332028,1235153.3494626419
7,native,convolution,zstd,,24,1572864,1242069,0,456,1242525,1061623.5110332028,1235153.3494626419
7,native,recurrent,ans_lane,,24,50331648,42962200,49152,1032,43012384,42945846.25443833,47114787.453742325
7,native,recurrent,ans_lane_shared,,24,50331648,42972632,0,1032,42973664,42945846.25443833,47114787.453742325
7,native,recurrent,zstd,,24,50331648,47221507,0,456,47221963,42945846.25443833,47114787.453742325
8,bf16,key,ans_lane,16,64,2097152,1412668,65536,1728,1479932,1410749.3787038939,1642212.3600310038
8,bf16,key,ans_lane,256,8,2097152,1413624,8192,216,1422032,1412180.9756363626,1643520.5955055035
8,bf16,key,ans_lane,64,16,2097152,1413496,16384,432,1430312,1411978.1832909877,1643334.1567611853
8,bf16,key,ans_lane_shared,16,64,2097152,1415076,0,1728,1416804,1410749.3787038939,1642212.3600310038
8,bf16,key,ans_lane_shared,256,8,2097152,1414632,0,216,1414848,1412180.9756363626,1643520.5955055035
8,bf16,key,ans_lane_shared,64,16,2097152,1414688,0,432,1415120,1411978.1832909877,1643334.1567611853
8,bf16,key,ans_raw,64,16,2097152,1643424,8192,304,1651920,1411978.1832909877,1643334.1567611853
8,bf16,key,zstd,64,16,2097152,1649879,0,304,1650183,1411978.1832909877,1643334.1567611853
8,bf16,value,ans_lane,16,64,2097152,1409844,65536,1728,1477108,1407926.9760855234,1640047.0360734162
8,bf16,value,ans_lane,256,8,2097152,1411368,8192,216,1419776,1409923.8760823994,1641884.2700834875
8,bf16,value,ans_lane,64,16,2097152,1411184,16384,432,1428000,1409662.2748875106,1641643.3579669476
8,bf16,value,ans_lane_shared,16,64,2097152,1415720,0,1728,1417448,1407926.9760855234,1640047.0360734162
8,bf16,value,ans_lane_shared,256,8,2097152,1415264,0,216,1415480,1409923.8760823994,1641884.2700834875
8,bf16,value,ans_lane_shared,64,16,2097152,1415316,0,432,1415748,1409662.2748875106,1641643.3579669476
8,bf16,value,ans_raw,64,16,2097152,1641720,8192,304,1650216,1409662.2748875106,1641643.3579669476
8,bf16,value,zstd,64,16,2097152,1650312,0,304,1650616,1409662.2748875106,1641643.3579669476
8,fp8_e4m3_sat,key,ans_lane,16,64,1048576,870248,32768,1216,904232,869470.8515989736,869470.8515989736
8,fp8_e4m3_sat,key,ans_lane,256,8,1048576,870996,4096,152,875244,870451.9798369629,870451.9798369629
8,fp8_e4m3_sat,key,ans_lane,64,16,1048576,870888,8192,304,879384,870300.2065928129,870300.2065928129
8,fp8_e4m3_sat,key,ans_lane_shared,16,64,1048576,872356,0,1216,873572,869470.8515989736,869470.8515989736
8,fp8_e4m3_sat,key,ans_lane_shared,256,8,1048576,872140,0,152,872292,870451.9798369629,870451.9798369629
8,fp8_e4m3_sat,key,ans_lane_shared,64,16,1048576,872180,0,304,872484,870300.2065928129,870300.2065928129
8,fp8_e4m3_sat,key,zstd,64,16,1048576,876428,0,304,876732,870300.2065928129,870300.2065928129
8,fp8_e4m3_sat,value,ans_lane,16,64,1048576,869100,32768,1216,903084,868289.2278746917,868289.2278746917
8,fp8_e4m3_sat,value,ans_lane,256,8,1048576,870544,4096,152,874792,869969.574595895,869969.574595895
8,fp8_e4m3_sat,value,ans_lane,64,16,1048576,870364,8192,304,878860,869751.8501936697,869751.8501936697
8,fp8_e4m3_sat,value,ans_lane_shared,16,64,1048576,871604,0,1216,872820,868289.2278746917,868289.2278746917
8,fp8_e4m3_sat,value,ans_lane_shared,256,8,1048576,871372,0,152,871524,869969.574595895,869969.574595895
8,fp8_e4m3_sat,value,ans_lane_shared,64,16,1048576,871400,0,304,871704,869751.8501936697,869751.8501936697
8,fp8_e4m3_sat,value,zstd,64,16,1048576,876385,0,304,876689,869751.8501936697,869751.8501936697
8,native,convolution,ans_lane,,24,1572864,1063204,24576,648,1088428,1061969.483719382,1235361.4806387343
8,native,convolution,ans_lane_shared,,24,1572864,1064656,0,648,1065304,1061969.483719382,1235361.4806387343
8,native,convolution,zstd,,24,1572864,1242298,0,456,1242754,1061969.483719382,1235361.4806387343
8,native,recurrent,ans_lane,,24,50331648,43007444,49152,1032,43057628,42991091.2456181,47148012.854193784
8,native,recurrent,ans_lane_shared,,24,50331648,43027296,0,1032,43028328,42991091.2456181,47148012.854193784
8,native,recurrent,zstd,,24,50331648,47241397,0,456,47241853,42991091.2456181,47148012.854193784
9,bf16,key,ans_lane,16,576,18874368,12723676,589824,15552,13329052,12706563.05120407,14791340.160242701
9,bf16,key,ans_lane,256,40,18874368,12733328,40960,1080,12775368,12720712.688493071,14804254.328030685
9,bf16,key,ans_lane,64,144,18874368,12731396,147456,3888,12882740,12717866.294734394,14801701.216825277
9,bf16,key,ans_lane_shared,16,576,18874368,12743104,0,15552,12758656,12706563.05120407,14791340.160242701
9,bf16,key,ans_lane_shared,256,40,18874368,12738656,0,1080,12739736,12720712.688493071,14804254.328030685
9,bf16,key,ans_lane_shared,64,144,18874368,12739528,0,3888,12743416,12717866.294734394,14801701.216825277
9,bf16,key,ans_raw,64,144,18874368,14802452,73728,2736,14878916,12717866.294734394,14801701.216825277
9,bf16,key,zstd,64,144,18874368,14862001,0,2736,14864737,12717866.294734394,14801701.216825277
9,bf16,value,ans_lane,16,576,18874368,12707748,589824,15552,13313124,12690528.21641975,14779863.486221083
9,bf16,value,ans_lane,256,40,18874368,12720140,40960,1080,12762180,12707480.492382558,14795408.331027659
9,bf16,value,ans_lane,64,144,18874368,12717340,147456,3888,12868684,12703752.281593492,14792031.273225956
9,bf16,value,ans_lane_shared,16,576,18874368,12732220,0,15552,12747772,12690528.21641975,14779863.486221083
9,bf16,value,ans_lane_shared,256,40,18874368,12727760,0,1080,12728840,12707480.492382558,14795408.331027659
9,bf16,value,ans_lane_shared,64,144,18874368,12728612,0,3888,12732500,12703752.281593492,14792031.273225956
9,bf16,value,ans_raw,64,144,18874368,14792808,73728,2736,14869272,12703752.281593492,14792031.273225956
9,bf16,value,zstd,64,144,18874368,14868030,0,2736,14870766,12703752.281593492,14792031.273225956
9,fp8_e4m3_sat,key,ans_lane,16,576,9437184,7832544,294912,10944,8138400,7825412.010760781,7825412.010760781
9,fp8_e4m3_sat,key,ans_lane,256,40,9437184,7839464,20480,760,7860704,7834625.322934373,7834625.322934373
9,fp8_e4m3_sat,key,ans_lane,64,144,9437184,7837992,73728,2736,7914456,7832625.497258217,7832625.497258217
9,fp8_e4m3_sat,key,ans_lane_shared,16,576,9437184,7847588,0,10944,7858532,7825412.010760781,7825412.010760781
9,fp8_e4m3_sat,key,ans_lane_shared,256,40,9437184,7845428,0,760,7846188,7834625.322934373,7834625.322934373
9,fp8_e4m3_sat,key,ans_lane_shared,64,144,9437184,7845824,0,2736,7848560,7832625.497258217,7832625.497258217
9,fp8_e4m3_sat,key,zstd,64,144,9437184,7886293,0,2736,7889029,7832625.497258217,7832625.497258217
9,fp8_e4m3_sat,value,ans_lane,16,576,9437184,7817368,294912,10944,8123224,7810034.400683026,7810034.400683026
9,fp8_e4m3_sat,value,ans_lane,256,40,9437184,7827812,20480,760,7849052,7822961.482468911,7822961.482468911
9,fp8_e4m3_sat,value,ans_lane,64,144,9437184,7825228,73728,2736,7901692,7819804.483132423,7819804.483132423
9,fp8_e4m3_sat,value,ans_lane_shared,16,576,9437184,7840188,0,10944,7851132,7810034.400683026,7810034.400683026
9,fp8_e4m3_sat,value,ans_lane_shared,256,40,9437184,7838008,0,760,7838768,7822961.482468911,7822961.482468911
9,fp8_e4m3_sat,value,ans_lane_shared,64,144,9437184,7838432,0,2736,7841168,7819804.483132423,7819804.483132423
9,fp8_e4m3_sat,value,zstd,64,144,9437184,7877788,0,2736,7880524,7819804.483132423,7819804.483132423
9,native,convolution,ans_lane,,24,1572864,1063372,24576,648,1088596,1062150.998530526,1235748.762538866
9,native,convolution,ans_lane_shared,,24,1572864,1065804,0,648,1066452,1062150.998530526,1235748.762538866
9,native,convolution,zstd,,24,1572864,1242580,0,456,1243036,1062150.998530526,1235748.762538866
9,native,recurrent,ans_lane,,24,50331648,42950424,49152,1032,43000608,42934078.452993326,47105683.88829056
9,native,recurrent,ans_lane_shared,,24,50331648,42962576,0,1032,42963608,42934078.452993326,47105683.88829056
9,native,recurrent,zstd,,24,50331648,47204167,0,456,47204623,42934078.452993326,47105683.88829056
